persona_id,hogar_id,vivienda_id,upm_diseno,estrato_diseno,anio,cobertura,edad,sexo_codigo,sexo,grupo_edad,factor,asiste_servicio_educativo_cuidado,razon_no_asiste_codigo,razon_no_asiste,horas_diarias_servicio,pago_mensual_servicio_pesos,pago_mensual_topado_98000,modulo_0a5_aplicable,recibio_cuidado_dentro_hogar,recibio_cuidado_otro_hogar,cuidado_otro_hogar_remunerado,pago_semanal_cuidado_externo_pesos,pago_semanal_topado_98000,necesita_mas_cuidado_modulo_0a5,complementaria_con_servicio_educativo_cuidado,cuidador_principal_parentesco_codigo,cuidador_principal_parentesco,cuidador_principal_sexo_codigo,cuidador_principal_edad,n_integrantes,n_ninos_0a5,n_adultos_18mas,barrera_economica_distancia_horario,necesidad_y_preferencia_servicio,P3_10,P3_11,P3_12,P3_14,PN_C0005,P4_16,P4_18,P4_18A,P4_19,P4_21,P4_22,P4_24,P4_25_2,cuidador_id,cuidador_cpea_codigo,cuidador_participa_mercado_laboral
00102104,001021,102,00001,0003,2022,nacional,4,2,mujer,3-5,1593,1,,,1.0,,0,1,0.0,0.0,,,0,0.0,,,,,,4,1,2,,0.0,1,,1.0,99999.0,1,2.0,00,,2.0,,,2.0,,,,
00105105,001051,105,00001,0003,2022,nacional,3,1,hombre,3-5,1593,1,,,4.0,1500.0,0,1,1.0,0.0,,,0,0.0,,1.0,Madre,2.0,32.0,5,1,2,,0.0,1,,4.0,1500.0,1,1.0,02,1.0,2.0,,,2.0,,00105102,1.0,1.0
00502107,005021,502,00005,0002,2022,nacional,3,1,hombre,3-5,1687,0,1.0,"No tiene necesidad, está pequeño",,,0,1,1.0,0.0,,,0,0.0,,1.0,Madre,2.0,23.0,7,1,3,0.0,0.0,2,1.0,,,1,1.0,03,1.0,2.0,,,2.0,,00502103,2.0,0.0
00503105,005031,503,00005,0002,2022,nacional,3,1,hombre,3-5,1687,0,1.0,"No tiene necesidad, está pequeño",,,0,1,1.0,0.0,,,0,0.0,,1.0,Madre,2.0,40.0,5,1,2,0.0,0.0,2,1.0,,,1,1.0,02,1.0,2.0,,,2.0,,00503102,2.0,0.0
00801103,008011,801,00008,0003,2022,nacional,3,2,mujer,3-5,1653,1,,,4.0,80.0,0,1,1.0,0.0,,,0,0.0,,1.0,Madre,2.0,27.0,4,2,2,,0.0,1,,4.0,80.0,1,1.0,02,1.0,2.0,,,2.0,,00801102,1.0,1.0
00801104,008011,801,00008,0003,2022,nacional,2,1,hombre,0-2,1653,0,1.0,"No tiene necesidad, está pequeño",,,0,1,1.0,0.0,,,0,0.0,,1.0,Madre,2.0,27.0,4,2,2,0.0,0.0,2,1.0,,,1,1.0,02,1.0,2.0,,,2.0,,00801102,1.0,1.0
00803104,008031,803,00008,0003,2022,nacional,3,1,hombre,3-5,1653,0,1.0,"No tiene necesidad, está pequeño",,,0,1,1.0,0.0,,,0,0.0,,1.0,Madre,2.0,29.0,6,3,1,0.0,0.0,2,1.0,,,1,1.0,01,1.0,2.0,,,2.0,,00803101,1.0,1.0
00803105,008031,803,00008,0003,2022,nacional,2,2,mujer,0-2,1653,0,1.0,"No tiene necesidad, está pequeño",,,0,1,1.0,1.0,0.0,,0,0.0,,1.0,Madre,2.0,29.0,6,3,1,0.0,0.0,2,1.0,,,1,1.0,01,1.0,1.0,2.0,,2.0,,00803101,1.0,1.0
00803106,008031,803,00008,0003,2022,nacional,0,2,mujer,0-2,1653,0,1.0,"No tiene necesidad, está pequeño",,,0,1,1.0,1.0,0.0,,0,0.0,,1.0,Madre,2.0,29.0,6,3,1,0.0,0.0,2,1.0,,,1,1.0,01,1.0,1.0,2.0,,2.0,,00803101,1.0,1.0
01002104,010021,1002,00010,0002,2022,nacional,0,1,hombre,0-2,1521,0,1.0,"No tiene necesidad, está pequeño",,,0,1,1.0,1.0,0.0,,0,0.0,,1.0,Madre,2.0,16.0,4,1,1,0.0,0.0,2,1.0,,,1,1.0,02,1.0,1.0,2.0,,2.0,,01002102,2.0,0.0
01301103,013011,1301,00013,0003,2022,nacional,0,1,hombre,0-2,1919,0,1.0,"No tiene necesidad, está pequeño",,,0,1,1.0,1.0,1.0,800.0,0,0.0,,1.0,Madre,2.0,36.0,3,1,1,0.0,0.0,2,1.0,,,1,1.0,01,1.0,1.0,1.0,800.0,2.0,,01301101,1.0,1.0
01405104,014051,1405,00014,0003,2022,nacional,3,2,mujer,3-5,1750,1,,,3.0,70.0,0,1,1.0,0.0,,,0,0.0,,1.0,Madre,2.0,32.0,4,1,1,,0.0,1,,3.0,70.0,1,1.0,01,1.0,2.0,,,2.0,,01405101,1.0,1.0
01501104,015011,1501,00015,0003,2022,nacional,0,1,hombre,0-2,1885,0,1.0,"No tiene necesidad, está pequeño",,,0,1,1.0,0.0,,,0,0.0,,3.0,Abuela,2.0,56.0,4,1,3,0.0,0.0,2,1.0,,,1,1.0,01,3.0,2.0,,,2.0,,01501101,2.0,0.0
01503106,015031,1503,00015,0003,2022,nacional,1,1,hombre,0-2,1885,0,1.0,"No tiene necesidad, está pequeño",,,0,1,1.0,0.0,,,0,0.0,,1.0,Madre,2.0,30.0,6,1,3,0.0,0.0,2,1.0,,,1,1.0,02,1.0,2.0,,,2.0,,01503102,2.0,0.0
01905107,019051,1905,00019,0002,2022,nacional,0,2,mujer,0-2,2130,0,1.0,"No tiene necesidad, está pequeño",,,0,1,1.0,0.0,,,0,0.0,,1.0,Madre,2.0,19.0,7,1,5,0.0,0.0,2,1.0,,,1,1.0,05,1.0,2.0,,,2.0,,01905105,2.0,0.0
02003103,020031,2003,00020,0002,2022,nacional,3,2,mujer,3-5,1544,1,,,3.0,100.0,0,1,1.0,0.0,,,0,0.0,,1.0,Madre,2.0,27.0,3,1,2,,0.0,1,,3.0,100.0,1,1.0,02,1.0,2.0,,,2.0,,02003102,2.0,0.0
02202104,022021,2202,00022,0004,2022,nacional,4,2,mujer,3-5,1572,1,,,3.0,0.0,0,1,1.0,0.0,,,0,0.0,,1.0,Madre,2.0,30.0,4,1,2,,0.0,1,,3.0,0.0,1,1.0,02,1.0,2.0,,,2.0,,02202102,2.0,0.0
02302110,023021,2302,00023,0004,2022,nacional,4,1,hombre,3-5,1962,1,,,3.0,0.0,0,1,1.0,0.0,,,0,0.0,,1.0,Madre,2.0,26.0,11,2,8,,0.0,1,,3.0,0.0,1,1.0,04,1.0,2.0,,,2.0,,02302104,2.0,0.0
02302111,023021,2302,00023,0004,2022,nacional,3,1,hombre,3-5,1962,0,1.0,"No tiene necesidad, está pequeño",,,0,1,1.0,0.0,,,0,0.0,,1.0,Madre,2.0,26.0,11,2,8,0.0,0.0,2,1.0,,,1,1.0,04,1.0,2.0,,,2.0,,02302104,2.0,0.0
02305105,023051,2305,00023,0004,2022,nacional,0,2,mujer,0-2,1962,0,4.0,Horarios incompatibles con madre/padre/tutor,,,0,1,1.0,1.0,0.0,,0,0.0,,1.0,Madre,2.0,30.0,5,1,2,1.0,0.0,2,4.0,,,1,1.0,02,1.0,1.0,2.0,,2.0,,02305102,1.0,1.0
02401108,024011,2401,00024,0002,2022,nacional,4,1,hombre,3-5,1777,1,,,3.0,0.0,0,1,1.0,0.0,,,0,0.0,,1.0,Madre,2.0,30.0,9,1,6,,0.0,1,,3.0,0.0,1,1.0,05,1.0,2.0,,,2.0,,02401105,2.0,0.0
02401204,024012,2401,00024,0002,2022,nacional,3,1,hombre,3-5,1777,0,1.0,"No tiene necesidad, está pequeño",,,0,1,1.0,1.0,0.0,,0,0.0,,1.0,Madre,2.0,24.0,5,2,2,0.0,0.0,2,1.0,,,1,1.0,02,1.0,1.0,2.0,,2.0,,02401202,2.0,0.0
02401205,024012,2401,00024,0002,2022,nacional,4,2,mujer,3-5,1777,1,,,3.0,0.0,0,1,1.0,1.0,0.0,,0,0.0,,1.0,Madre,2.0,24.0,5,2,2,,0.0,1,,3.0,0.0,1,1.0,02,1.0,1.0,2.0,,2.0,,02401202,2.0,0.0
02402106,024021,2402,00024,0002,2022,nacional,3,2,mujer,3-5,1777,0,1.0,"No tiene necesidad, está pequeño",,,0,1,1.0,0.0,,,0,0.0,,1.0,Madre,2.0,21.0,6,1,4,0.0,0.0,2,1.0,,,1,1.0,03,1.0,2.0,,,2.0,,02402103,2.0,0.0
02405106,024051,2405,00024,0002,2022,nacional,1,2,mujer,0-2,1777,0,1.0,"No tiene necesidad, está pequeño",,,0,1,1.0,0.0,,,0,0.0,,1.0,Madre,2.0,19.0,6,1,5,0.0,0.0,2,1.0,,,1,1.0,03,1.0,2.0,,,2.0,,02405103,2.0,0.0
02501107,025011,2501,00025,0002,2022,nacional,2,2,mujer,0-2,1391,0,4.0,Horarios incompatibles con madre/padre/tutor,,,0,1,1.0,0.0,,,0,0.0,,1.0,Madre,2.0,27.0,7,1,4,1.0,0.0,2,4.0,,,1,1.0,03,1.0,2.0,,,2.0,,02501103,1.0,1.0
02601104,026011,2601,00026,0002,2022,nacional,2,1,hombre,0-2,1724,1,,,6.0,0.0,0,1,1.0,0.0,,,0,0.0,,1.0,Madre,2.0,29.0,5,1,3,,0.0,1,,6.0,0.0,1,1.0,02,1.0,2.0,,,2.0,,02601102,1.0,1.0
02602103,026021,2602,00026,0002,2022,nacional,3,1,hombre,3-5,1724,0,1.0,"No tiene necesidad, está pequeño",,,0,1,1.0,1.0,1.0,800.0,0,0.0,,1.0,Madre,2.0,22.0,4,2,2,0.0,0.0,2,1.0,,,1,1.0,02,1.0,1.0,1.0,800.0,2.0,,02602102,1.0,1.0
02602104,026021,2602,00026,0002,2022,nacional,2,2,mujer,0-2,1724,0,1.0,"No tiene necesidad, está pequeño",,,0,1,1.0,1.0,1.0,800.0,0,0.0,,1.0,Madre,2.0,22.0,4,2,2,0.0,0.0,2,1.0,,,1,1.0,02,1.0,1.0,1.0,800.0,2.0,,02602102,1.0,1.0
02604104,026041,2604,00026,0002,2022,nacional,2,2,mujer,0-2,1724,0,1.0,"No tiene necesidad, está pequeño",,,0,1,1.0,1.0,0.0,,0,0.0,,1.0,Madre,2.0,27.0,4,1,2,0.0,0.0,2,1.0,,,1,1.0,02,1.0,1.0,2.0,,2.0,,02604102,1.0,1.0
02605106,026051,2605,00026,0002,2022,nacional,5,2,mujer,3-5,1724,1,,,3.0,500.0,0,1,1.0,0.0,,,0,0.0,,1.0,Madre,2.0,29.0,8,3,4,,0.0,1,,3.0,500.0,1,1.0,04,1.0,2.0,,,2.0,,02605104,1.0,1.0
02605107,026051,2605,00026,0002,2022,nacional,2,2,mujer,0-2,1724,0,1.0,"No tiene necesidad, está pequeño",,,0,1,1.0,0.0,,,0,0.0,,4.0,Abuelo,1.0,63.0,8,3,4,0.0,0.0,2,1.0,,,1,1.0,01,4.0,2.0,,,2.0,,02605101,2.0,0.0
02605108,026051,2605,00026,0002,2022,nacional,0,2,mujer,0-2,1724,0,1.0,"No tiene necesidad, está pequeño",,,0,1,1.0,0.0,,,0,0.0,,1.0,Madre,2.0,29.0,8,3,4,0.0,0.0,2,1.0,,,1,1.0,04,1.0,2.0,,,2.0,,02605104,1.0,1.0
02701105,027011,2701,00027,0004,2022,nacional,3,1,hombre,3-5,1674,0,1.0,"No tiene necesidad, está pequeño",,,0,1,1.0,0.0,,,0,0.0,,1.0,Madre,2.0,39.0,6,2,2,0.0,0.0,2,1.0,,,1,1.0,02,1.0,2.0,,,2.0,,02701102,2.0,0.0
02701106,027011,2701,00027,0004,2022,nacional,2,2,mujer,0-2,1674,0,1.0,"No tiene necesidad, está pequeño",,,0,1,1.0,0.0,,,0,0.0,,1.0,Madre,2.0,39.0,6,2,2,0.0,0.0,2,1.0,,,1,1.0,02,1.0,2.0,,,2.0,,02701102,2.0,0.0
02702103,027021,2702,00027,0004,2022,nacional,0,2,mujer,0-2,1674,0,1.0,"No tiene necesidad, está pequeño",,,0,1,1.0,0.0,,,0,0.0,,1.0,Madre,2.0,22.0,3,1,2,0.0,0.0,2,1.0,,,1,1.0,02,1.0,2.0,,,2.0,,02702102,2.0,0.0
02703103,027031,2703,00027,0004,2022,nacional,1,1,hombre,0-2,1674,0,1.0,"No tiene necesidad, está pequeño",,,0,1,1.0,1.0,0.0,,0,0.0,,1.0,Madre,2.0,39.0,3,1,2,0.0,0.0,2,1.0,,,1,1.0,02,1.0,1.0,2.0,,2.0,,02703102,1.0,1.0
02802103,028021,2802,00028,0004,2022,nacional,2,2,mujer,0-2,1667,0,1.0,"No tiene necesidad, está pequeño",,,0,1,1.0,0.0,,,0,0.0,,1.0,Madre,2.0,23.0,5,3,2,0.0,0.0,2,1.0,,,1,1.0,02,1.0,2.0,,,2.0,,02802102,2.0,0.0
02802104,028021,2802,00028,0004,2022,nacional,3,1,hombre,3-5,1667,0,1.0,"No tiene necesidad, está pequeño",,,0,1,1.0,0.0,,,0,0.0,,1.0,Madre,2.0,23.0,5,3,2,0.0,0.0,2,1.0,,,1,1.0,02,1.0,2.0,,,2.0,,02802102,2.0,0.0
02802105,028021,2802,00028,0004,2022,nacional,1,1,hombre,0-2,1667,0,1.0,"No tiene necesidad, está pequeño",,,0,1,1.0,0.0,,,0,0.0,,1.0,Madre,2.0,23.0,5,3,2,0.0,0.0,2,1.0,,,1,1.0,02,1.0,2.0,,,2.0,,02802102,2.0,0.0
02804103,028041,2804,00028,0004,2022,nacional,5,2,mujer,3-5,1667,1,,,3.0,2800.0,0,1,1.0,1.0,0.0,,0,0.0,,1.0,Madre,2.0,33.0,4,2,2,,0.0,1,,3.0,2800.0,1,1.0,02,1.0,1.0,2.0,,2.0,,02804102,2.0,0.0
02804104,028041,2804,00028,0004,2022,nacional,4,1,hombre,3-5,1667,1,,,3.0,3500.0,0,0,,,,,0,,,,,,,4,2,2,,,1,,3.0,3500.0,2,,,,,,,,,,,
02905105,029051,2905,00029,0002,2022,nacional,4,1,hombre,3-5,1668,1,,,3.0,0.0,0,1,1.0,0.0,,,0,0.0,,1.0,Madre,2.0,24.0,5,1,4,,0.0,1,,3.0,0.0,1,1.0,03,1.0,2.0,,,2.0,,02905103,1.0,1.0
03202105,032021,3202,00032,0001,2022,nacional,3,2,mujer,3-5,1803,0,1.0,"No tiene necesidad, está pequeño",,,0,1,0.0,0.0,,,0,0.0,,,,,,5,1,3,0.0,0.0,2,1.0,,,1,2.0,00,,2.0,,,2.0,,,,
03206104,032061,3206,00032,0001,2022,nacional,2,1,hombre,0-2,1803,0,9.0,No sabe,,,0,1,0.0,0.0,,,0,0.0,,1.0,Madre,2.0,20.0,5,2,3,,0.0,2,9.0,,,1,2.0,03,1.0,2.0,,,2.0,,03206103,2.0,0.0
03206105,032061,3206,00032,0001,2022,nacional,3,1,hombre,3-5,1803,0,9.0,No sabe,,,0,1,0.0,0.0,,,0,0.0,,1.0,Madre,2.0,20.0,5,2,3,,0.0,2,9.0,,,1,2.0,03,1.0,2.0,,,2.0,,03206103,2.0,0.0
03304104,033041,3304,00033,0001,2022,nacional,1,2,mujer,0-2,3270,0,1.0,"No tiene necesidad, está pequeño",,,0,1,1.0,0.0,,,0,0.0,,1.0,Madre,2.0,25.0,4,1,2,0.0,0.0,2,1.0,,,1,1.0,02,1.0,2.0,,,2.0,,03304102,1.0,1.0
03309106,033091,3309,00033,0001,2022,nacional,1,1,hombre,0-2,3270,0,1.0,"No tiene necesidad, está pequeño",,,0,1,1.0,0.0,,,0,0.0,,1.0,Madre,2.0,32.0,6,1,2,0.0,0.0,2,1.0,,,1,1.0,02,1.0,2.0,,,2.0,,03309102,2.0,0.0
03311104,033111,3311,00033,0001,2022,nacional,1,2,mujer,0-2,3270,0,1.0,"No tiene necesidad, está pequeño",,,0,1,1.0,0.0,,,0,0.0,,1.0,Madre,2.0,36.0,5,2,2,0.0,0.0,2,1.0,,,1,1.0,02,1.0,2.0,,,2.0,,03311102,2.0,0.0
03311105,033111,3311,00033,0001,2022,nacional,0,1,hombre,0-2,3270,0,1.0,"No tiene necesidad, está pequeño",,,0,1,1.0,0.0,,,0,0.0,,1.0,Madre,2.0,36.0,5,2,2,0.0,0.0,2,1.0,,,1,1.0,02,1.0,2.0,,,2.0,,03311102,2.0,0.0
03314103,033141,3314,00033,0001,2022,nacional,4,2,mujer,3-5,3270,1,,,3.0,80.0,0,1,1.0,0.0,,,0,0.0,,1.0,Madre,2.0,37.0,3,1,1,,0.0,1,,3.0,80.0,1,1.0,01,1.0,2.0,,,2.0,,03314101,1.0,1.0
03319105,033191,3319,00033,0001,2022,nacional,5,1,hombre,3-5,3270,1,,,3.0,0.0,0,1,1.0,0.0,,,0,0.0,,2.0,Padre,1.0,24.0,6,2,2,,0.0,1,,3.0,0.0,1,1.0,02,2.0,2.0,,,2.0,,03319102,1.0,1.0
03319106,033191,3319,00033,0001,2022,nacional,4,1,hombre,3-5,3270,0,1.0,"No tiene necesidad, está pequeño",,,0,1,1.0,0.0,,,0,0.0,,2.0,Padre,1.0,24.0,6,2,2,0.0,0.0,2,1.0,,,1,1.0,02,2.0,2.0,,,2.0,,03319102,1.0,1.0
03402104,034021,3402,00034,0001,2022,nacional,2,1,hombre,0-2,2899,0,1.0,"No tiene necesidad, está pequeño",,,0,1,1.0,0.0,,,0,0.0,,1.0,Madre,2.0,27.0,4,1,2,0.0,0.0,2,1.0,,,1,1.0,02,1.0,2.0,,,2.0,,03402102,2.0,0.0
03403103,034031,3403,00034,0001,2022,nacional,5,2,mujer,3-5,2899,1,,,3.0,450.0,0,1,1.0,0.0,,,0,0.0,,2.0,Padre,1.0,26.0,4,2,2,,0.0,1,,3.0,450.0,1,1.0,01,2.0,2.0,,,2.0,,03403101,1.0,1.0
03403104,034031,3403,00034,0001,2022,nacional,3,2,mujer,3-5,2899,0,3.0,No hay centros o quedan lejos,,,0,1,1.0,0.0,,,0,0.0,,2.0,Padre,1.0,26.0,4,2,2,1.0,0.0,2,3.0,,,1,1.0,01,2.0,2.0,,,2.0,,03403101,1.0,1.0
03404106,034041,3404,00034,0001,2022,nacional,0,2,mujer,0-2,2899,0,1.0,"No tiene necesidad, está pequeño",,,0,1,1.0,0.0,,,0,0.0,,1.0,Madre,2.0,40.0,6,1,3,0.0,0.0,2,1.0,,,1,1.0,02,1.0,2.0,,,2.0,,03404102,2.0,0.0
03407106,034071,3407,00034,0001,2022,nacional,4,2,mujer,3-5,2899,1,,,3.0,0.0,0,1,1.0,0.0,,,0,0.0,,1.0,Madre,2.0,30.0,6,1,2,,0.0,1,,3.0,0.0,1,1.0,02,1.0,2.0,,,2.0,,03407102,1.0,1.0
03410103,034101,3410,00034,0001,2022,nacional,0,1,hombre,0-2,2899,0,1.0,"No tiene necesidad, está pequeño",,,0,1,1.0,0.0,,,0,0.0,,1.0,Madre,2.0,20.0,3,1,2,0.0,0.0,2,1.0,,,1,1.0,02,1.0,2.0,,,2.0,,03410102,2.0,0.0
03411104,034111,3411,00034,0001,2022,nacional,4,2,mujer,3-5,2899,1,,,4.0,0.0,0,1,1.0,0.0,,,0,1.0,0.0,1.0,Madre,2.0,37.0,5,2,3,,0.0,1,,4.0,0.0,1,1.0,02,1.0,2.0,,,1.0,2.0,03411102,2.0,0.0
03411105,034111,3411,00034,0001,2022,nacional,0,2,mujer,0-2,2899,0,1.0,"No tiene necesidad, está pequeño",,,0,1,1.0,0.0,,,0,0.0,,1.0,Madre,2.0,37.0,5,2,3,0.0,0.0,2,1.0,,,1,1.0,02,1.0,2.0,,,2.0,,03411102,2.0,0.0
03418104,034181,3418,00034,0001,2022,nacional,4,2,mujer,3-5,2899,1,,,3.0,0.0,0,1,1.0,0.0,,,0,0.0,,1.0,Madre,2.0,25.0,5,2,2,,0.0,1,,3.0,0.0,1,1.0,02,1.0,2.0,,,2.0,,03418102,2.0,0.0
03418105,034181,3418,00034,0001,2022,nacional,0,2,mujer,0-2,2899,0,1.0,"No tiene necesidad, está pequeño",,,0,1,1.0,0.0,,,0,0.0,,1.0,Madre,2.0,25.0,5,2,2,0.0,0.0,2,1.0,,,1,1.0,02,1.0,2.0,,,2.0,,03418102,2.0,0.0
03420106,034201,3420,00034,0001,2022,nacional,2,1,hombre,0-2,2899,0,1.0,"No tiene necesidad, está pequeño",,,0,1,1.0,0.0,,,0,0.0,,1.0,Madre,2.0,21.0,8,2,4,0.0,0.0,2,1.0,,,1,1.0,05,1.0,2.0,,,2.0,,03420105,2.0,0.0
03420107,034201,3420,00034,0001,2022,nacional,0,1,hombre,0-2,2899,0,1.0,"No tiene necesidad, está pequeño",,,0,1,1.0,0.0,,,0,0.0,,1.0,Madre,2.0,21.0,8,2,4,0.0,0.0,2,1.0,,,1,1.0,05,1.0,2.0,,,2.0,,03420105,2.0,0.0
03505104,035051,3505,00035,0008,2022,nacional,0,1,hombre,0-2,6622,0,1.0,"No tiene necesidad, está pequeño",,,0,1,1.0,1.0,0.0,,0,0.0,,1.0,Madre,2.0,31.0,4,1,2,0.0,0.0,2,1.0,,,1,1.0,01,1.0,1.0,2.0,,2.0,,03505101,1.0,1.0
03601105,036011,3601,00036,0006,2022,nacional,3,1,hombre,3-5,5868,0,1.0,"No tiene necesidad, está pequeño",,,0,1,1.0,1.0,0.0,,0,0.0,,3.0,Abuela,2.0,45.0,5,1,2,0.0,0.0,2,1.0,,,1,1.0,02,3.0,1.0,2.0,,2.0,,03601102,1.0,1.0
03602104,036021,3602,00036,0006,2022,nacional,0,1,hombre,0-2,5868,0,1.0,"No tiene necesidad, está pequeño",,,0,1,1.0,0.0,,,0,0.0,,1.0,Madre,2.0,19.0,4,1,3,0.0,0.0,2,1.0,,,1,1.0,03,1.0,2.0,,,2.0,,03602103,2.0,0.0
03802103,038021,3802,00038,0007,2022,nacional,1,1,hombre,0-2,4992,0,1.0,"No tiene necesidad, está pequeño",,,0,1,1.0,1.0,0.0,,0,0.0,,1.0,Madre,1.0,34.0,3,1,2,0.0,0.0,2,1.0,,,1,1.0,01,1.0,1.0,2.0,,2.0,,03802101,1.0,1.0
04002103,040021,4002,00040,0006,2022,nacional,4,1,hombre,3-5,6322,1,,,3.0,0.0,0,1,1.0,1.0,0.0,,0,0.0,,1.0,Madre,2.0,30.0,3,1,1,,0.0,1,,3.0,0.0,1,1.0,01,1.0,1.0,2.0,,2.0,,04002101,1.0,1.0
04404104,044041,4404,00044,0007,2022,nacional,3,1,hombre,3-5,6033,0,1.0,"No tiene necesidad, está pequeño",,,0,1,1.0,0.0,,,0,0.0,,2.0,Padre,2.0,45.0,4,1,2,0.0,0.0,2,1.0,,,1,1.0,01,2.0,2.0,,,2.0,,04404101,1.0,1.0
04502103,045021,4502,00045,0007,2022,nacional,5,2,mujer,3-5,6150,1,,,7.0,4000.0,0,1,1.0,0.0,,,0,0.0,,2.0,Padre,1.0,32.0,4,2,2,,0.0,1,,7.0,4000.0,1,1.0,01,2.0,2.0,,,2.0,,04502101,1.0,1.0
04502104,045021,4502,00045,0007,2022,nacional,1,2,mujer,0-2,6150,0,1.0,"No tiene necesidad, está pequeño",,,0,1,1.0,0.0,,,0,0.0,,2.0,Padre,1.0,32.0,4,2,2,0.0,0.0,2,1.0,,,1,1.0,01,2.0,2.0,,,2.0,,04502101,1.0,1.0
05201103,052011,5201,00052,0006,2022,nacional,4,2,mujer,3-5,5274,1,,,4.0,0.0,0,1,1.0,0.0,,,0,0.0,,1.0,Madre,2.0,29.0,3,1,2,,0.0,1,,4.0,0.0,1,1.0,02,1.0,2.0,,,2.0,,05201102,1.0,1.0
05205106,052051,5205,00052,0006,2022,nacional,1,1,hombre,0-2,5274,0,1.0,"No tiene necesidad, está pequeño",,,0,1,1.0,1.0,0.0,,0,0.0,,1.0,Madre,2.0,20.0,6,1,4,0.0,0.0,2,1.0,,,1,1.0,03,1.0,1.0,2.0,,2.0,,05205103,2.0,0.0
05603104,056031,5603,00056,0006,2022,nacional,3,1,hombre,3-5,8793,0,1.0,"No tiene necesidad, está pequeño",,,0,1,1.0,0.0,,,0,0.0,,1.0,Madre,2.0,30.0,4,1,3,0.0,0.0,2,1.0,,,1,1.0,03,1.0,2.0,,,2.0,,05603103,2.0,0.0
05801103,058011,5801,00058,0007,2022,nacional,2,2,mujer,0-2,5252,0,1.0,"No tiene necesidad, está pequeño",,,0,1,1.0,0.0,,,0,0.0,,1.0,Madre,2.0,30.0,3,1,2,0.0,0.0,2,1.0,,,1,1.0,02,1.0,2.0,,,2.0,,05801102,1.0,1.0
05901103,059011,5901,00059,0007,2022,nacional,1,2,mujer,0-2,5561,0,1.0,"No tiene necesidad, está pequeño",,,0,1,1.0,0.0,,,0,0.0,,1.0,Madre,2.0,29.0,4,2,2,0.0,0.0,2,1.0,,,1,1.0,02,1.0,2.0,,,2.0,,05901102,2.0,0.0
05901104,059011,5901,00059,0007,2022,nacional,0,1,hombre,0-2,5561,0,1.0,"No tiene necesidad, está pequeño",,,0,1,1.0,0.0,,,0,0.0,,1.0,Madre,2.0,29.0,4,2,2,0.0,0.0,2,1.0,,,1,1.0,02,1.0,2.0,,,2.0,,05901102,2.0,0.0
06002104,060021,6002,00060,0007,2022,nacional,3,2,mujer,3-5,5306,1,,,5.0,0.0,0,1,1.0,0.0,,,0,0.0,,1.0,Madre,2.0,41.0,6,1,5,,0.0,1,,5.0,0.0,1,1.0,03,1.0,2.0,,,2.0,,06002103,1.0,1.0
06101104,061011,6101,00061,0008,2022,nacional,2,2,mujer,0-2,8478,0,1.0,"No tiene necesidad, está pequeño",,,0,1,1.0,0.0,,,0,0.0,,1.0,Madre,2.0,28.0,4,1,2,0.0,0.0,2,1.0,,,1,1.0,02,1.0,2.0,,,2.0,,06101102,1.0,1.0
06102103,061021,6102,00061,0008,2022,nacional,5,2,mujer,3-5,8478,1,,,4.0,0.0,0,1,1.0,0.0,,,0,0.0,,1.0,Madre,2.0,34.0,3,1,2,,0.0,1,,4.0,0.0,1,1.0,02,1.0,2.0,,,2.0,,06102102,1.0,1.0
06103106,061031,6103,00061,0008,2022,nacional,5,1,hombre,3-5,8478,1,,,4.0,0.0,0,1,1.0,0.0,,,0,0.0,,1.0,Madre,2.0,24.0,8,3,3,,0.0,1,,4.0,0.0,1,1.0,03,1.0,2.0,,,2.0,,06103103,2.0,0.0
06103107,061031,6103,00061,0008,2022,nacional,4,1,hombre,3-5,8478,0,3.0,No hay centros o quedan lejos,,,0,0,,,,,0,,,,,,,8,3,3,1.0,,2,3.0,,,2,,,,,,,,,,,
06103108,061031,6103,00061,0008,2022,nacional,1,2,mujer,0-2,8478,0,1.0,"No tiene necesidad, está pequeño",,,0,1,1.0,0.0,,,0,0.0,,1.0,Madre,2.0,24.0,8,3,3,0.0,0.0,2,1.0,,,1,1.0,03,1.0,2.0,,,2.0,,06103103,2.0,0.0
06201105,062011,6201,00062,0006,2022,nacional,1,1,hombre,0-2,6577,0,1.0,"No tiene necesidad, está pequeño",,,0,1,1.0,1.0,0.0,,0,0.0,,1.0,Madre,2.0,31.0,6,1,3,0.0,0.0,2,1.0,,,1,1.0,03,1.0,1.0,2.0,,2.0,,06201103,1.0,1.0
06203104,062031,6203,00062,0006,2022,nacional,1,2,mujer,0-2,6577,0,1.0,"No tiene necesidad, está pequeño",,,0,1,1.0,0.0,,,0,0.0,,1.0,Madre,2.0,32.0,4,1,2,0.0,0.0,2,1.0,,,1,1.0,02,1.0,2.0,,,2.0,,06203102,2.0,0.0
06304103,063041,6304,00063,0006,2022,nacional,1,2,mujer,0-2,9968,0,1.0,"No tiene necesidad, está pequeño",,,0,1,1.0,0.0,,,0,0.0,,1.0,Madre,2.0,25.0,4,2,2,0.0,0.0,2,1.0,,,1,1.0,02,1.0,2.0,,,2.0,,06304102,1.0,1.0
06304104,063041,6304,00063,0006,2022,nacional,0,2,mujer,0-2,9968,0,5.0,Enfermedad o discapacidad,,,0,1,1.0,0.0,,,0,0.0,,1.0,Madre,2.0,25.0,4,2,2,0.0,0.0,2,5.0,,,1,1.0,02,1.0,2.0,,,2.0,,06304102,1.0,1.0
06305105,063051,6305,00063,0006,2022,nacional,0,2,mujer,0-2,9968,0,1.0,"No tiene necesidad, está pequeño",,,0,1,1.0,0.0,,,0,1.0,0.0,1.0,Madre,2.0,28.0,5,1,2,0.0,0.0,2,1.0,,,1,1.0,02,1.0,2.0,,,1.0,2.0,06305102,1.0,1.0
06402105,064021,6402,00064,0006,2022,nacional,1,1,hombre,0-2,7050,0,1.0,"No tiene necesidad, está pequeño",,,0,1,1.0,1.0,0.0,,0,1.0,1.0,1.0,Madre,2.0,20.0,5,1,4,0.0,1.0,2,1.0,,,1,1.0,04,1.0,1.0,2.0,,1.0,1.0,06402104,1.0,1.0
06404103,064041,6404,00064,0006,2022,nacional,1,1,hombre,0-2,7050,0,1.0,"No tiene necesidad, está pequeño",,,0,1,1.0,0.0,,,0,0.0,,1.0,Madre,2.0,18.0,3,1,2,0.0,0.0,2,1.0,,,1,1.0,02,1.0,2.0,,,2.0,,06404102,2.0,0.0
06502106,065021,6502,00065,0008,2022,nacional,5,1,hombre,3-5,7723,1,,,4.0,0.0,0,1,1.0,0.0,,,0,0.0,,1.0,Madre,2.0,41.0,6,1,4,,0.0,1,,4.0,0.0,1,1.0,02,1.0,2.0,,,2.0,,06502102,2.0,0.0
06602108,066021,6602,00066,0005,2022,nacional,2,2,mujer,0-2,7713,0,1.0,"No tiene necesidad, está pequeño",,,0,1,1.0,0.0,,,0,0.0,,1.0,Madre,2.0,24.0,9,2,4,0.0,0.0,2,1.0,,,1,1.0,04,1.0,2.0,,,2.0,,06602104,1.0,1.0
06602109,066021,6602,00066,0005,2022,nacional,0,1,hombre,0-2,7713,0,1.0,"No tiene necesidad, está pequeño",,,0,1,1.0,0.0,,,0,0.0,,1.0,Madre,2.0,24.0,9,2,4,0.0,0.0,2,1.0,,,1,1.0,04,1.0,2.0,,,2.0,,06602104,1.0,1.0
06706103,067061,6706,00067,0005,2022,nacional,4,1,hombre,3-5,7181,0,6.0,Otra razón,,,0,1,1.0,0.0,,,0,0.0,,1.0,Madre,2.0,29.0,4,1,2,0.0,0.0,2,6.0,,,1,1.0,02,1.0,2.0,,,2.0,,06706102,1.0,1.0
06713105,067131,6713,00067,0005,2022,nacional,3,2,mujer,3-5,7181,0,1.0,"No tiene necesidad, está pequeño",,,0,1,1.0,0.0,,,0,0.0,,1.0,Madre,2.0,24.0,6,2,2,0.0,0.0,2,1.0,,,1,1.0,02,1.0,2.0,,,2.0,,06713102,2.0,0.0
06713106,067131,6713,00067,0005,2022,nacional,0,2,mujer,0-2,7181,0,1.0,"No tiene necesidad, está pequeño",,,0,1,1.0,0.0,,,0,0.0,,1.0,Madre,2.0,24.0,6,2,2,0.0,0.0,2,1.0,,,1,1.0,02,1.0,2.0,,,2.0,,06713102,2.0,0.0
06716104,067161,6716,00067,0005,2022,nacional,5,1,hombre,3-5,7181,1,,,4.0,0.0,0,1,1.0,0.0,,,0,0.0,,1.0,Madre,2.0,21.0,6,2,3,,0.0,1,,4.0,0.0,1,1.0,02,1.0,2.0,,,2.0,,06716102,2.0,0.0
06716105,067161,6716,00067,0005,2022,nacional,2,2,mujer,0-2,7181,0,1.0,"No tiene necesidad, está pequeño",,,0,1,1.0,0.0,,,0,0.0,,1.0,Madre,2.0,21.0,6,2,3,0.0,0.0,2,1.0,,,1,1.0,02,1.0,2.0,,,2.0,,06716102,2.0,0.0
06718104,067181,6718,00067,0005,2022,nacional,5,1,hombre,3-5,7181,1,,,4.0,,0,1,1.0,0.0,,,0,0.0,,1.0,Madre,2.0,48.0,6,1,5,,0.0,1,,4.0,99999.0,1,1.0,06,1.0,2.0,,,2.0,,06718106,2.0,0.0
06801104,068011,6801,00068,0007,2022,nacional,2,1,hombre,0-2,5838,0,1.0,"No tiene necesidad, está pequeño",,,0,1,1.0,0.0,,,0,0.0,,1.0,Madre,2.0,45.0,4,1,2,0.0,0.0,2,1.0,,,1,1.0,01,1.0,2.0,,,2.0,,06801101,2.0,0.0
06802102,068021,6802,00068,0007,2022,nacional,2,1,hombre,0-2,5838,0,1.0,"No tiene necesidad, está pequeño",,,0,1,1.0,1.0,0.0,,0,0.0,,1.0,Madre,2.0,29.0,4,1,2,0.0,0.0,2,1.0,,,1,1.0,04,1.0,1.0,2.0,,2.0,,06802104,1.0,1.0
06803103,068031,6803,00068,0007,2022,nacional,3,1,hombre,3-5,5838,1,,,6.0,250.0,0,1,1.0,1.0,,,0,0.0,,1.0,Madre,2.0,28.0,4,2,2,,0.0,1,,6.0,250.0,1,1.0,01,1.0,1.0,,,2.0,,06803101,1.0,1.0
06803104,068031,6803,00068,0007,2022,nacional,1,1,hombre,0-2,5838,1,,,6.0,250.0,0,1,1.0,1.0,,,0,0.0,,1.0,Madre,2.0,28.0,4,2,2,,0.0,1,,6.0,250.0,1,1.0,01,1.0,1.0,,,2.0,,06803101,1.0,1.0
06804103,068041,6804,00068,0007,2022,nacional,1,2,mujer,0-2,5838,0,1.0,"No tiene necesidad, está pequeño",,,0,1,1.0,1.0,0.0,,0,0.0,,1.0,Madre,2.0,37.0,3,1,2,0.0,0.0,2,1.0,,,1,1.0,01,1.0,1.0,2.0,,2.0,,06804101,2.0,0.0
06902106,069021,6902,00069,0005,2022,nacional,4,1,hombre,3-5,5852,1,,,4.0,0.0,0,1,1.0,0.0,,,0,0.0,,1.0,Madre,2.0,32.0,6,1,2,,0.0,1,,4.0,0.0,1,1.0,02,1.0,2.0,,,2.0,,06902102,1.0,1.0
06915103,069151,6915,00069,0005,2022,nacional,4,1,hombre,3-5,5852,1,,,5.0,3600.0,0,1,1.0,0.0,,,0,0.0,,1.0,Madre,2.0,38.0,3,1,2,,0.0,1,,5.0,3600.0,1,1.0,02,1.0,2.0,,,2.0,,06915102,2.0,0.0
06917104,069171,6917,00069,0005,2022,nacional,2,2,mujer,0-2,5852,1,,,6.0,0.0,0,1,1.0,0.0,,,0,0.0,,1.0,Madre,2.0,34.0,4,1,2,,0.0,1,,6.0,0.0,1,1.0,02,1.0,2.0,,,2.0,,06917102,1.0,1.0
07301105,073011,7301,00073,0012,2022,nacional,1,1,hombre,0-2,770,0,1.0,"No tiene necesidad, está pequeño",,,0,1,1.0,1.0,1.0,500.0,0,0.0,,1.0,Madre,2.0,38.0,5,1,3,0.0,0.0,2,1.0,,,1,1.0,01,1.0,1.0,1.0,500.0,2.0,,07301101,1.0,1.0
07501108,075011,7501,00075,0012,2022,nacional,1,2,mujer,0-2,719,0,2.0,No puede pagar los gastos escolares,,,0,1,1.0,0.0,,,0,0.0,,8.0,Otro parentesco mujer,2.0,66.0,8,1,6,1.0,0.0,2,2.0,,,1,1.0,02,8.0,2.0,,,2.0,,07501102,2.0,0.0
07503105,075031,7503,00075,0012,2022,nacional,0,1,hombre,0-2,719,0,1.0,"No tiene necesidad, está pequeño",,,0,1,1.0,1.0,0.0,,0,0.0,,1.0,Madre,2.0,23.0,5,1,2,0.0,0.0,2,1.0,,,1,1.0,02,1.0,1.0,2.0,,2.0,,07503102,1.0,1.0
07702106,077021,7702,00077,0012,2022,nacional,0,2,mujer,0-2,722,0,1.0,"No tiene necesidad, está pequeño",,,0,1,1.0,0.0,,,0,0.0,,1.0,Madre,2.0,26.0,6,1,5,0.0,0.0,2,1.0,,,1,1.0,03,1.0,2.0,,,2.0,,07702103,1.0,1.0
07801103,078011,7801,00078,0012,2022,nacional,5,2,mujer,3-5,839,1,,,3.0,0.0,0,1,1.0,0.0,,,0,0.0,,1.0,Madre,2.0,32.0,3,1,2,,0.0,1,,3.0,0.0,1,1.0,02,1.0,2.0,,,2.0,,07801102,1.0,1.0
07904107,079041,7904,00079,0012,2022,nacional,3,2,mujer,3-5,809,0,1.0,"No tiene necesidad, está pequeño",,,0,1,1.0,0.0,,,0,0.0,,1.0,Madre,2.0,18.0,8,2,3,0.0,0.0,2,1.0,,,1,1.0,03,1.0,2.0,,,2.0,,07904103,1.0,1.0
07904108,079041,7904,00079,0012,2022,nacional,1,2,mujer,0-2,809,0,1.0,"No tiene necesidad, está pequeño",,,0,1,1.0,0.0,,,0,0.0,,1.0,Madre,2.0,40.0,8,2,3,0.0,0.0,2,1.0,,,1,1.0,02,1.0,2.0,,,2.0,,07904102,2.0,0.0
08001104,080011,8001,00080,0013,2022,nacional,3,1,hombre,3-5,1189,0,1.0,"No tiene necesidad, está pequeño",,,0,1,1.0,1.0,0.0,,0,0.0,,1.0,Madre,2.0,36.0,4,1,2,0.0,0.0,2,1.0,,,1,1.0,01,1.0,1.0,2.0,,2.0,,08001101,1.0,1.0
08004104,080041,8004,00080,0013,2022,nacional,5,1,hombre,3-5,1189,1,,,3.0,0.0,0,1,1.0,1.0,0.0,,0,1.0,0.0,1.0,Madre,2.0,34.0,4,1,1,,0.0,1,,3.0,0.0,1,1.0,01,1.0,1.0,2.0,,1.0,2.0,08004101,1.0,1.0
08005104,080051,8005,00080,0013,2022,nacional,1,2,mujer,0-2,1189,1,,,9.0,0.0,0,1,1.0,1.0,0.0,,0,0.0,,1.0,Madre,2.0,30.0,4,1,2,,0.0,1,,9.0,0.0,1,1.0,01,1.0,1.0,2.0,,2.0,,08005101,1.0,1.0
08202103,082021,8202,00082,0013,2022,nacional,4,1,hombre,3-5,831,1,,,3.0,50.0,0,1,1.0,1.0,0.0,,0,0.0,,1.0,Madre,2.0,33.0,3,1,2,,0.0,1,,3.0,50.0,1,1.0,02,1.0,1.0,2.0,,2.0,,08202102,1.0,1.0
08301104,083011,8301,00083,0013,2022,nacional,1,1,hombre,0-2,1736,0,1.0,"No tiene necesidad, está pequeño",,,0,1,1.0,0.0,,,0,0.0,,1.0,Madre,2.0,34.0,4,1,2,0.0,0.0,2,1.0,,,1,1.0,02,1.0,2.0,,,2.0,,08301102,1.0,1.0
08502103,085021,8502,00085,0013,2022,nacional,0,2,mujer,0-2,1482,0,1.0,"No tiene necesidad, está pequeño",,,0,1,1.0,1.0,0.0,,0,0.0,,1.0,Madre,2.0,28.0,3,1,2,0.0,0.0,2,1.0,,,1,1.0,02,1.0,1.0,2.0,,2.0,,08502102,1.0,1.0
08601103,086011,8601,00086,0013,2022,nacional,0,1,hombre,0-2,817,0,1.0,"No tiene necesidad, está pequeño",,,0,1,1.0,1.0,0.0,,0,0.0,,1.0,Madre,2.0,22.0,3,1,2,0.0,0.0,2,1.0,,,1,1.0,02,1.0,1.0,2.0,,2.0,,08601102,1.0,1.0
08602104,086021,8602,00086,0013,2022,nacional,2,2,mujer,0-2,817,0,2.0,No puede pagar los gastos escolares,,,0,1,1.0,0.0,,,0,0.0,,1.0,Madre,2.0,29.0,4,1,2,1.0,0.0,2,2.0,,,1,1.0,02,1.0,2.0,,,2.0,,08602102,2.0,0.0
08603103,086031,8603,00086,0013,2022,nacional,4,1,hombre,3-5,817,1,,,3.0,50.0,0,1,1.0,0.0,,,0,0.0,,1.0,Madre,2.0,36.0,3,1,2,,0.0,1,,3.0,50.0,1,1.0,02,1.0,2.0,,,2.0,,08603102,2.0,0.0
08701103,087011,8701,00087,0011,2022,nacional,0,1,hombre,0-2,1158,1,,,6.0,0.0,0,1,1.0,0.0,,,0,0.0,,1.0,Madre,2.0,30.0,3,1,2,,0.0,1,,6.0,0.0,1,1.0,02,1.0,2.0,,,2.0,,08701102,1.0,1.0
08705105,087051,8705,00087,0011,2022,nacional,1,2,mujer,0-2,1158,0,1.0,"No tiene necesidad, está pequeño",,,0,1,1.0,0.0,,,0,0.0,,1.0,Madre,2.0,38.0,5,1,2,0.0,0.0,2,1.0,,,1,1.0,02,1.0,2.0,,,2.0,,08705102,1.0,1.0
08901106,089011,8901,00089,0009,2022,nacional,2,1,hombre,0-2,1857,0,1.0,"No tiene necesidad, está pequeño",,,0,1,1.0,0.0,,,0,0.0,,1.0,Madre,2.0,35.0,6,1,2,0.0,0.0,2,1.0,,,1,1.0,02,1.0,2.0,,,2.0,,08901102,2.0,0.0
08904104,089041,8904,00089,0009,2022,nacional,2,1,hombre,0-2,1857,0,1.0,"No tiene necesidad, está pequeño",,,0,1,1.0,0.0,,,0,0.0,,3.0,Abuela,2.0,47.0,5,1,3,0.0,0.0,2,1.0,,,1,1.0,05,3.0,2.0,,,2.0,,08904105,2.0,0.0
08905103,089051,8905,00089,0009,2022,nacional,2,2,mujer,0-2,1857,0,6.0,Otra razón,,,0,1,1.0,1.0,0.0,,0,0.0,,1.0,Madre,2.0,26.0,3,1,2,0.0,0.0,2,6.0,,,1,1.0,01,1.0,1.0,2.0,,2.0,,08905101,1.0,1.0
08912105,089121,8912,00089,0009,2022,nacional,0,2,mujer,0-2,1857,0,1.0,"No tiene necesidad, está pequeño",,,0,1,1.0,0.0,,,0,0.0,,1.0,Madre,2.0,32.0,5,1,2,0.0,0.0,2,1.0,,,1,1.0,02,1.0,2.0,,,2.0,,08912102,1.0,1.0
09013103,090131,9013,00090,0010,2022,nacional,2,1,hombre,0-2,1616,1,,,6.0,100.0,0,1,1.0,0.0,,,0,0.0,,1.0,Madre,2.0,39.0,3,1,2,,0.0,1,,6.0,100.0,1,1.0,02,1.0,2.0,,,2.0,,09013102,1.0,1.0
09017103,090171,9017,00090,0010,2022,nacional,5,1,hombre,3-5,1616,1,,,6.0,,0,1,1.0,0.0,,,0,0.0,,1.0,Madre,2.0,39.0,3,1,2,,0.0,1,,6.0,99999.0,1,1.0,01,1.0,2.0,,,2.0,,09017101,,
09018104,090181,9018,00090,0010,2022,nacional,3,1,hombre,3-5,1616,0,1.0,"No tiene necesidad, está pequeño",,,0,1,1.0,0.0,,,0,0.0,,1.0,Madre,2.0,31.0,4,1,2,0.0,0.0,2,1.0,,,1,1.0,02,1.0,2.0,,,2.0,,09018102,1.0,1.0
09105105,091051,9105,00091,0009,2022,nacional,5,1,hombre,3-5,1814,1,,,3.0,0.0,0,1,1.0,0.0,,,0,0.0,,1.0,Madre,2.0,36.0,6,2,2,,0.0,1,,3.0,0.0,1,1.0,02,1.0,2.0,,,2.0,,09105102,1.0,1.0
09105106,091051,9105,00091,0009,2022,nacional,3,1,hombre,3-5,1814,0,1.0,"No tiene necesidad, está pequeño",,,0,1,1.0,0.0,,,0,0.0,,1.0,Madre,2.0,36.0,6,2,2,0.0,0.0,2,1.0,,,1,1.0,02,1.0,2.0,,,2.0,,09105102,1.0,1.0
09120204,091202,9120,00091,0009,2022,nacional,4,2,mujer,3-5,1814,0,1.0,"No tiene necesidad, está pequeño",,,0,1,1.0,1.0,0.0,,0,0.0,,1.0,Madre,2.0,33.0,10,3,3,0.0,0.0,2,1.0,,,1,1.0,01,1.0,1.0,2.0,,2.0,,09120201,1.0,1.0
09120209,091202,9120,00091,0009,2022,nacional,2,1,hombre,0-2,1814,0,1.0,"No tiene necesidad, está pequeño",,,0,1,1.0,0.0,,,0,0.0,,1.0,Madre,2.0,26.0,10,3,3,0.0,0.0,2,1.0,,,1,1.0,07,1.0,2.0,,,2.0,,09120207,1.0,1.0
09120210,091202,9120,00091,0009,2022,nacional,4,2,mujer,3-5,1814,0,1.0,"No tiene necesidad, está pequeño",,,0,1,1.0,0.0,,,0,0.0,,1.0,Madre,2.0,26.0,10,3,3,0.0,0.0,2,1.0,,,1,1.0,07,1.0,2.0,,,2.0,,09120207,1.0,1.0
09201104,092011,9201,00092,0010,2022,nacional,1,1,hombre,0-2,1860,0,1.0,"No tiene necesidad, está pequeño",,,0,1,1.0,0.0,,,0,0.0,,1.0,Madre,2.0,46.0,4,1,2,0.0,0.0,2,1.0,,,1,1.0,02,1.0,2.0,,,2.0,,09201102,1.0,1.0
09203105,092031,9203,00092,0010,2022,nacional,3,1,hombre,3-5,1860,1,,,3.0,0.0,0,1,1.0,1.0,,,0,0.0,,1.0,Madre,2.0,34.0,5,1,2,,0.0,1,,3.0,0.0,1,1.0,02,1.0,1.0,,,2.0,,09203102,1.0,1.0
09206104,092061,9206,00092,0010,2022,nacional,4,1,hombre,3-5,1860,1,,,4.0,0.0,0,1,1.0,0.0,,,0,0.0,,1.0,Madre,2.0,36.0,6,1,3,,0.0,1,,4.0,0.0,1,1.0,02,1.0,2.0,,,2.0,,09206102,1.0,1.0
09212103,092121,9212,00092,0010,2022,nacional,3,2,mujer,3-5,1860,0,1.0,"No tiene necesidad, está pequeño",,,0,1,1.0,0.0,,,0,0.0,,1.0,Madre,2.0,34.0,4,2,2,0.0,0.0,2,1.0,,,1,1.0,02,1.0,2.0,,,2.0,,09212102,1.0,1.0
09212104,092121,9212,00092,0010,2022,nacional,1,1,hombre,0-2,1860,0,1.0,"No tiene necesidad, está pequeño",,,0,1,1.0,0.0,,,0,0.0,,1.0,Madre,2.0,34.0,4,2,2,0.0,0.0,2,1.0,,,1,1.0,02,1.0,2.0,,,2.0,,09212102,1.0,1.0
09213103,092131,9213,00092,0010,2022,nacional,4,2,mujer,3-5,1860,1,,,3.0,0.0,0,1,1.0,0.0,,,0,0.0,,1.0,Madre,2.0,28.0,3,1,2,,0.0,1,,3.0,0.0,1,1.0,02,1.0,2.0,,,2.0,,09213102,1.0,1.0
09308107,093081,9308,00093,0009,2022,nacional,0,1,hombre,0-2,1483,0,1.0,"No tiene necesidad, está pequeño",,,0,1,0.0,0.0,,,0,0.0,,1.0,Madre,2.0,34.0,7,1,3,0.0,0.0,2,1.0,,,1,2.0,03,1.0,2.0,,,2.0,,09308103,2.0,0.0
09309105,093091,9309,00093,0009,2022,nacional,0,1,hombre,0-2,1483,0,1.0,"No tiene necesidad, está pequeño",,,0,1,1.0,0.0,,,0,0.0,,1.0,Madre,2.0,33.0,5,1,2,0.0,0.0,2,1.0,,,1,1.0,02,1.0,2.0,,,2.0,,09309102,2.0,0.0
09311104,093111,9311,00093,0009,2022,nacional,3,1,hombre,3-5,1483,1,,,4.0,0.0,0,1,0.0,0.0,,,0,1.0,1.0,,,,,4,1,2,,1.0,1,,4.0,0.0,1,2.0,00,,2.0,,,1.0,1.0,,,
09316105,093161,9316,00093,0009,2022,nacional,1,1,hombre,0-2,1483,1,,,8.0,700.0,0,1,1.0,1.0,0.0,,0,0.0,,1.0,Madre,2.0,25.0,5,1,4,,0.0,1,,8.0,700.0,1,1.0,03,1.0,1.0,2.0,,2.0,,09316103,1.0,1.0
09318103,093181,9318,00093,0009,2022,nacional,2,1,hombre,0-2,1483,0,6.0,Otra razón,,,0,0,,,,,0,,,,,,,3,1,2,0.0,,2,6.0,,,2,,,,,,,,,,,
09407105,094071,9407,00094,0009,2022,nacional,0,1,hombre,0-2,1962,0,1.0,"No tiene necesidad, está pequeño",,,0,1,1.0,0.0,,,0,0.0,,1.0,Madre,2.0,32.0,5,1,2,0.0,0.0,2,1.0,,,1,1.0,01,1.0,2.0,,,2.0,,09407101,1.0,1.0
09408104,094081,9408,00094,0009,2022,nacional,0,1,hombre,0-2,1962,0,1.0,"No tiene necesidad, está pequeño",,,0,1,1.0,1.0,0.0,,0,0.0,,1.0,Madre,2.0,22.0,4,1,2,0.0,0.0,2,1.0,,,1,1.0,01,1.0,1.0,2.0,,2.0,,09408101,1.0,1.0
09412105,094121,9412,00094,0009,2022,nacional,3,2,mujer,3-5,1962,1,,,3.0,0.0,0,1,1.0,0.0,,,0,0.0,,1.0,Madre,2.0,32.0,5,1,2,,0.0,1,,3.0,0.0,1,1.0,02,1.0,2.0,,,2.0,,09412102,2.0,0.0
09415106,094151,9415,00094,0009,2022,nacional,0,2,mujer,0-2,1962,0,1.0,"No tiene necesidad, está pequeño",,,0,1,1.0,1.0,0.0,,0,0.0,,1.0,Madre,2.0,20.0,6,1,4,0.0,0.0,2,1.0,,,1,1.0,04,1.0,1.0,2.0,,2.0,,09415104,1.0,1.0
09417103,094171,9417,00094,0009,2022,nacional,1,1,hombre,0-2,1962,0,1.0,"No tiene necesidad, está pequeño",,,0,1,1.0,0.0,,,0,0.0,,1.0,Madre,2.0,26.0,4,2,2,0.0,0.0,2,1.0,,,1,1.0,02,1.0,2.0,,,2.0,,09417102,2.0,0.0
09417104,094171,9417,00094,0009,2022,nacional,4,1,hombre,3-5,1962,1,,,3.0,0.0,0,1,1.0,0.0,,,0,0.0,,1.0,Madre,2.0,26.0,4,2,2,,0.0,1,,3.0,0.0,1,1.0,02,1.0,2.0,,,2.0,,09417102,2.0,0.0
09501106,095011,9501,00095,0016,2022,nacional,3,2,mujer,3-5,1739,0,4.0,Horarios incompatibles con madre/padre/tutor,,,0,1,1.0,0.0,,,0,0.0,,1.0,Madre,2.0,29.0,6,1,3,1.0,0.0,2,4.0,,,1,1.0,03,1.0,2.0,,,2.0,,09501103,1.0,1.0
09502108,095021,9502,00095,0016,2022,nacional,2,2,mujer,0-2,1739,0,2.0,No puede pagar los gastos escolares,,,0,1,1.0,0.0,,,0,0.0,,1.0,Madre,2.0,24.0,9,2,5,1.0,0.0,2,2.0,,,1,1.0,05,1.0,2.0,,,2.0,,09502105,2.0,0.0
09502109,095021,9502,00095,0016,2022,nacional,0,2,mujer,0-2,1739,0,2.0,No puede pagar los gastos escolares,,,0,1,1.0,0.0,,,0,0.0,,1.0,Madre,2.0,24.0,9,2,5,1.0,0.0,2,2.0,,,1,1.0,05,1.0,2.0,,,2.0,,09502105,2.0,0.0
09504103,095041,9504,00095,0016,2022,nacional,4,2,mujer,3-5,1739,1,,,5.0,2100.0,0,1,1.0,0.0,,,0,0.0,,1.0,Madre,2.0,36.0,4,2,2,,0.0,1,,5.0,2100.0,1,1.0,02,1.0,2.0,,,2.0,,09504102,2.0,0.0
09504104,095041,9504,00095,0016,2022,nacional,1,2,mujer,0-2,1739,0,1.0,"No tiene necesidad, está pequeño",,,0,1,1.0,0.0,,,0,0.0,,1.0,Madre,2.0,36.0,4,2,2,0.0,0.0,2,1.0,,,1,1.0,02,1.0,2.0,,,2.0,,09504102,2.0,0.0
09605107,096051,9605,00096,0016,2022,nacional,4,2,mujer,3-5,1498,1,,,4.0,0.0,0,1,0.0,0.0,,,0,0.0,,3.0,Abuela,2.0,50.0,7,1,3,,0.0,1,,4.0,0.0,1,2.0,01,3.0,2.0,,,2.0,,09605101,1.0,1.0
10002105,100021,10002,00100,0016,2022,nacional,2,2,mujer,0-2,2013,0,1.0,"No tiene necesidad, está pequeño",,,0,1,1.0,0.0,,,0,0.0,,1.0,Madre,2.0,46.0,5,1,4,0.0,0.0,2,1.0,,,1,1.0,02,1.0,2.0,,,2.0,,10002102,2.0,0.0
10303105,103031,10303,00103,0016,2022,nacional,4,2,mujer,3-5,2066,1,,,3.0,0.0,0,1,1.0,0.0,,,0,0.0,,1.0,Madre,2.0,40.0,5,1,2,,0.0,1,,3.0,0.0,1,1.0,02,1.0,2.0,,,2.0,,10303102,2.0,0.0
10802103,108021,10802,00108,0016,2022,nacional,5,1,hombre,3-5,1567,1,,,4.0,0.0,0,1,1.0,0.0,,,0,0.0,,1.0,Madre,2.0,40.0,3,1,2,,0.0,1,,4.0,0.0,1,1.0,02,1.0,2.0,,,2.0,,10802102,2.0,0.0
10803104,108031,10803,00108,0016,2022,nacional,0,2,mujer,0-2,1567,0,1.0,"No tiene necesidad, está pequeño",,,0,1,1.0,0.0,,,0,0.0,,5.0,Tía,2.0,26.0,4,1,3,0.0,0.0,2,1.0,,,1,1.0,02,5.0,2.0,,,2.0,,10803102,2.0,0.0
10805104,108051,10805,00108,0016,2022,nacional,3,2,mujer,3-5,1567,0,1.0,"No tiene necesidad, está pequeño",,,0,1,1.0,0.0,,,0,0.0,,1.0,Madre,2.0,30.0,5,2,2,0.0,0.0,2,1.0,,,1,1.0,02,1.0,2.0,,,2.0,,10805102,2.0,0.0
10805105,108051,10805,00108,0016,2022,nacional,3,2,mujer,3-5,1567,0,1.0,"No tiene necesidad, está pequeño",,,0,1,1.0,0.0,,,0,0.0,,1.0,Madre,2.0,30.0,5,2,2,0.0,0.0,2,1.0,,,1,1.0,02,1.0,2.0,,,2.0,,10805102,2.0,0.0
11203103,112031,11203,00112,0016,2022,nacional,3,1,hombre,3-5,2402,1,,,3.0,0.0,0,1,1.0,0.0,,,0,0.0,,1.0,Madre,2.0,42.0,3,1,2,,0.0,1,,3.0,0.0,1,1.0,02,1.0,2.0,,,2.0,,11203102,2.0,0.0
11204103,112041,11204,00112,0016,2022,nacional,5,2,mujer,3-5,2402,0,6.0,Otra razón,,,0,1,1.0,0.0,,,0,0.0,,99.0,No especificado,2.0,47.0,3,1,2,0.0,0.0,2,6.0,,,1,1.0,01,99.0,2.0,,,2.0,,11204101,1.0,1.0
11301103,113011,11301,00113,0016,2022,nacional,2,1,hombre,0-2,1675,0,1.0,"No tiene necesidad, está pequeño",,,0,1,1.0,0.0,,,0,0.0,,1.0,Madre,2.0,36.0,4,1,2,0.0,0.0,2,1.0,,,1,1.0,02,1.0,2.0,,,2.0,,11301102,2.0,0.0
11604103,116041,11604,00116,0016,2022,nacional,4,1,hombre,3-5,1718,0,1.0,"No tiene necesidad, está pequeño",,,0,1,1.0,0.0,,,0,0.0,,1.0,Madre,2.0,27.0,4,2,2,0.0,0.0,2,1.0,,,1,1.0,02,1.0,2.0,,,2.0,,11604102,2.0,0.0
11604104,116041,11604,00116,0016,2022,nacional,2,2,mujer,0-2,1718,0,1.0,"No tiene necesidad, está pequeño",,,0,0,,,,,0,,,,,,,4,2,2,0.0,,2,1.0,,,2,,,,,,,,,,,
11701204,117012,11701,00117,0016,2022,nacional,2,1,hombre,0-2,1247,0,1.0,"No tiene necesidad, está pequeño",,,0,1,1.0,0.0,,,0,0.0,,1.0,Madre,2.0,27.0,4,1,2,0.0,0.0,2,1.0,,,1,1.0,01,1.0,2.0,,,2.0,,11701201,1.0,1.0
11802105,118021,11802,00118,0014,2022,nacional,3,1,hombre,3-5,839,1,,,6.0,720.0,0,1,1.0,0.0,,,0,0.0,,3.0,Abuela,2.0,48.0,6,1,4,,0.0,1,,6.0,720.0,1,1.0,02,3.0,2.0,,,2.0,,11802102,1.0,1.0
11813102,118131,11813,00118,0014,2022,nacional,3,1,hombre,3-5,839,1,,,4.0,1000.0,0,1,1.0,0.0,,,0,0.0,,1.0,Madre,2.0,24.0,2,1,1,,0.0,1,,4.0,1000.0,1,1.0,01,1.0,2.0,,,2.0,,11813101,1.0,1.0
11818106,118181,11818,00118,0014,2022,nacional,5,2,mujer,3-5,839,1,,,3.0,0.0,0,1,1.0,0.0,,,0,0.0,,1.0,Madre,2.0,25.0,7,2,4,,0.0,1,,3.0,0.0,1,1.0,03,1.0,2.0,,,2.0,,11818103,2.0,0.0
11818107,118181,11818,00118,0014,2022,nacional,3,1,hombre,3-5,839,0,1.0,"No tiene necesidad, está pequeño",,,0,1,1.0,0.0,,,0,0.0,,1.0,Madre,2.0,25.0,7,2,4,0.0,0.0,2,1.0,,,1,1.0,03,1.0,2.0,,,2.0,,11818103,2.0,0.0
11905105,119051,11905,00119,0014,2022,nacional,2,2,mujer,0-2,1145,0,3.0,No hay centros o quedan lejos,,,0,1,1.0,0.0,,,0,0.0,,1.0,Madre,2.0,30.0,5,1,2,1.0,0.0,2,3.0,,,1,1.0,02,1.0,2.0,,,2.0,,11905102,2.0,0.0
11907105,119071,11907,00119,0014,2022,nacional,4,2,mujer,3-5,1145,1,,,3.0,0.0,0,1,1.0,1.0,0.0,,0,0.0,,1.0,Madre,2.0,28.0,5,1,2,,0.0,1,,3.0,0.0,1,1.0,02,1.0,1.0,2.0,,2.0,,11907102,2.0,0.0
11913105,119131,11913,00119,0014,2022,nacional,3,2,mujer,3-5,1145,1,,,3.0,0.0,0,0,,,,,0,,,,,,,6,1,4,,,1,,3.0,0.0,2,,,,,,,,,,,
11915105,119151,11915,00119,0014,2022,nacional,4,1,hombre,3-5,1145,1,,,3.0,0.0,0,1,1.0,0.0,,,0,0.0,,2.0,Padre,1.0,35.0,5,1,2,,0.0,1,,3.0,0.0,1,1.0,01,2.0,2.0,,,2.0,,11915101,1.0,1.0
11918105,119181,11918,00119,0014,2022,nacional,3,1,hombre,3-5,1145,0,1.0,"No tiene necesidad, está pequeño",,,0,0,,,,,0,,,,,,,5,1,2,0.0,,2,1.0,,,2,,,,,,,,,,,
12001105,120011,12001,00120,0014,2022,nacional,5,1,hombre,3-5,1286,1,,,3.0,0.0,0,1,1.0,0.0,,,0,0.0,,1.0,Madre,2.0,45.0,5,1,2,,0.0,1,,3.0,0.0,1,1.0,02,1.0,2.0,,,2.0,,12001102,1.0,1.0
12007103,120071,12007,00120,0014,2022,nacional,4,2,mujer,3-5,1286,1,,,4.0,0.0,0,1,1.0,1.0,0.0,,0,0.0,,1.0,Madre,2.0,23.0,3,1,2,,0.0,1,,4.0,0.0,1,1.0,02,1.0,1.0,2.0,,2.0,,12007102,1.0,1.0
12014104,120141,12014,00120,0014,2022,nacional,1,2,mujer,0-2,1286,0,1.0,"No tiene necesidad, está pequeño",,,0,1,1.0,1.0,0.0,,0,0.0,,1.0,Madre,2.0,31.0,4,1,2,0.0,0.0,2,1.0,,,1,1.0,02,1.0,1.0,2.0,,2.0,,12014102,1.0,1.0
12016103,120161,12016,00120,0014,2022,nacional,4,1,hombre,3-5,1286,1,,,3.0,0.0,0,1,1.0,1.0,0.0,,0,0.0,,1.0,Madre,2.0,26.0,3,1,2,,0.0,1,,3.0,0.0,1,1.0,02,1.0,1.0,2.0,,2.0,,12016102,2.0,0.0
12101103,121011,12101,00121,0015,2022,nacional,5,2,mujer,3-5,1602,1,,,4.0,0.0,0,1,1.0,1.0,0.0,,0,0.0,,1.0,Madre,2.0,24.0,3,1,2,,0.0,1,,4.0,0.0,1,1.0,02,1.0,1.0,2.0,,2.0,,12101102,2.0,0.0
12105105,121051,12105,00121,0015,2022,nacional,1,2,mujer,0-2,1602,0,1.0,"No tiene necesidad, está pequeño",,,0,0,,,,,0,,,,,,,5,1,2,0.0,,2,1.0,,,2,,,,,,,,,,,
12106103,121061,12106,00121,0015,2022,nacional,1,1,hombre,0-2,1602,0,1.0,"No tiene necesidad, está pequeño",,,0,1,1.0,1.0,0.0,,0,0.0,,1.0,Madre,2.0,16.0,3,1,1,0.0,0.0,2,1.0,,,1,1.0,02,1.0,1.0,2.0,,2.0,,12106102,1.0,1.0
12107103,121071,12107,00121,0015,2022,nacional,2,2,mujer,0-2,1602,0,6.0,Otra razón,,,0,1,1.0,1.0,0.0,,0,0.0,,1.0,Madre,2.0,17.0,3,1,1,0.0,0.0,2,6.0,,,1,1.0,02,1.0,1.0,2.0,,2.0,,12107102,2.0,0.0
12108103,121081,12108,00121,0015,2022,nacional,0,1,hombre,0-2,1602,0,1.0,"No tiene necesidad, está pequeño",,,0,1,1.0,1.0,0.0,,0,0.0,,1.0,Madre,2.0,19.0,3,1,2,0.0,0.0,2,1.0,,,1,1.0,02,1.0,1.0,2.0,,2.0,,12108102,2.0,0.0
12109104,121091,12109,00121,0015,2022,nacional,4,2,mujer,3-5,1602,1,,,4.0,0.0,0,1,1.0,0.0,,,0,0.0,,1.0,Madre,2.0,25.0,5,2,2,,0.0,1,,4.0,0.0,1,1.0,01,1.0,2.0,,,2.0,,12109101,2.0,0.0
12109105,121091,12109,00121,0015,2022,nacional,0,1,hombre,0-2,1602,0,1.0,"No tiene necesidad, está pequeño",,,0,1,1.0,0.0,,,0,0.0,,1.0,Madre,2.0,25.0,5,2,2,0.0,0.0,2,1.0,,,1,1.0,01,1.0,2.0,,,2.0,,12109101,2.0,0.0
12111103,121111,12111,00121,0015,2022,nacional,2,1,hombre,0-2,1602,1,,,2.0,0.0,0,1,1.0,1.0,0.0,,0,0.0,,1.0,Madre,2.0,23.0,4,1,2,,0.0,1,,2.0,0.0,1,1.0,02,1.0,1.0,2.0,,2.0,,12111102,2.0,0.0
12113106,121131,12113,00121,0015,2022,nacional,0,2,mujer,0-2,1602,0,1.0,"No tiene necesidad, está pequeño",,,0,1,1.0,0.0,,,0,0.0,,1.0,Madre,2.0,39.0,6,1,3,0.0,0.0,2,1.0,,,1,1.0,02,1.0,2.0,,,2.0,,12113102,1.0,1.0
12114105,121141,12114,00121,0015,2022,nacional,3,2,mujer,3-5,1602,1,,,3.0,0.0,0,1,1.0,1.0,0.0,,0,0.0,,1.0,Madre,2.0,34.0,6,2,2,,0.0,1,,3.0,0.0,1,1.0,02,1.0,1.0,2.0,,2.0,,12114102,1.0,1.0
12114106,121141,12114,00121,0015,2022,nacional,0,1,hombre,0-2,1602,0,1.0,"No tiene necesidad, está pequeño",,,0,1,1.0,1.0,0.0,,0,0.0,,1.0,Madre,2.0,34.0,6,2,2,0.0,0.0,2,1.0,,,1,1.0,02,1.0,1.0,2.0,,2.0,,12114102,1.0,1.0
12115105,121151,12115,00121,0015,2022,nacional,2,1,hombre,0-2,1602,1,,,2.0,0.0,0,1,1.0,1.0,1.0,100.0,0,0.0,,1.0,Madre,2.0,31.0,5,1,2,,0.0,1,,2.0,0.0,1,1.0,02,1.0,1.0,1.0,100.0,2.0,,12115102,1.0,1.0
12116102,121161,12116,00121,0015,2022,nacional,4,1,hombre,3-5,1602,1,,,4.0,0.0,0,1,1.0,0.0,,,0,0.0,,1.0,Madre,2.0,26.0,2,1,1,,0.0,1,,4.0,0.0,1,1.0,01,1.0,2.0,,,2.0,,12116101,1.0,1.0
12119103,121191,12119,00121,0015,2022,nacional,3,1,hombre,3-5,1602,1,,,3.0,0.0,0,1,1.0,0.0,,,0,0.0,,1.0,Madre,2.0,29.0,3,1,2,,0.0,1,,3.0,0.0,1,1.0,02,1.0,2.0,,,2.0,,12119102,1.0,1.0
12120106,121201,12120,00121,0015,2022,nacional,0,2,mujer,0-2,1602,0,1.0,"No tiene necesidad, está pequeño",,,0,1,1.0,0.0,,,0,0.0,,1.0,Madre,2.0,25.0,6,1,4,0.0,0.0,2,1.0,,,1,1.0,04,1.0,2.0,,,2.0,,12120104,2.0,0.0
12208104,122081,12208,00122,0015,2022,nacional,4,2,mujer,3-5,1426,1,,,4.0,0.0,0,1,1.0,0.0,,,0,0.0,,1.0,Madre,2.0,38.0,4,1,3,,0.0,1,,4.0,0.0,1,1.0,02,1.0,2.0,,,2.0,,12208102,1.0,1.0
12213103,122131,12213,00122,0015,2022,nacional,3,2,mujer,3-5,1426,1,,,2.0,0.0,0,1,1.0,0.0,,,0,0.0,,1.0,Madre,2.0,30.0,3,1,2,,0.0,1,,2.0,0.0,1,1.0,02,1.0,2.0,,,2.0,,12213102,1.0,1.0
12220105,122201,12220,00122,0015,2022,nacional,2,2,mujer,0-2,1426,0,1.0,"No tiene necesidad, está pequeño",,,0,1,1.0,0.0,,,0,0.0,,1.0,Madre,2.0,20.0,5,1,3,0.0,0.0,2,1.0,,,1,1.0,03,1.0,2.0,,,2.0,,12220103,1.0,1.0
12305105,123051,12305,00123,0021,2022,nacional,5,1,hombre,3-5,4422,0,6.0,Otra razón,,,0,1,1.0,0.0,,,0,0.0,,1.0,Madre,2.0,33.0,5,1,4,0.0,0.0,2,6.0,,,1,1.0,04,1.0,2.0,,,2.0,,12305104,2.0,0.0
12502105,125021,12502,00125,0021,2022,nacional,2,1,hombre,0-2,3876,1,,,6.0,1500.0,0,1,1.0,0.0,,,0,0.0,,1.0,Madre,2.0,34.0,5,1,2,,0.0,1,,6.0,1500.0,1,1.0,02,1.0,2.0,,,2.0,,12502102,1.0,1.0
12505105,125051,12505,00125,0021,2022,nacional,0,1,hombre,0-2,3876,0,1.0,"No tiene necesidad, está pequeño",,,0,1,1.0,1.0,1.0,600.0,0,0.0,,1.0,Madre,2.0,21.0,5,1,4,0.0,0.0,2,1.0,,,1,1.0,04,1.0,1.0,1.0,600.0,2.0,,12505104,2.0,0.0
12704106,127041,12704,00127,0020,2022,nacional,4,2,mujer,3-5,5103,1,,,,0.0,0,1,1.0,1.0,0.0,,0,1.0,0.0,7.0,Otro,2.0,51.0,6,1,4,,0.0,1,,99.0,0.0,1,1.0,01,7.0,1.0,2.0,,1.0,2.0,12704101,1.0,1.0
12801103,128011,12801,00128,0021,2022,nacional,4,1,hombre,3-5,4572,1,,,3.0,0.0,0,1,1.0,0.0,,,0,0.0,,1.0,Madre,2.0,31.0,4,2,2,,0.0,1,,3.0,0.0,1,1.0,02,1.0,2.0,,,2.0,,12801102,2.0,0.0
12801104,128011,12801,00128,0021,2022,nacional,0,2,mujer,0-2,4572,0,1.0,"No tiene necesidad, está pequeño",,,0,1,1.0,0.0,,,0,0.0,,1.0,Madre,2.0,31.0,4,2,2,0.0,0.0,2,1.0,,,1,1.0,02,1.0,2.0,,,2.0,,12801102,2.0,0.0
12903107,129031,12903,00129,0020,2022,nacional,2,1,hombre,0-2,4806,0,1.0,"No tiene necesidad, está pequeño",,,0,1,1.0,0.0,,,0,0.0,,1.0,Madre,2.0,27.0,7,1,4,0.0,0.0,2,1.0,,,1,1.0,04,1.0,2.0,,,2.0,,12903104,2.0,0.0
13002105,130021,13002,00130,0021,2022,nacional,5,1,hombre,3-5,4897,1,,,3.0,0.0,0,1,1.0,0.0,,,0,0.0,,1.0,Madre,2.0,36.0,5,1,2,,0.0,1,,3.0,0.0,1,1.0,02,1.0,2.0,,,2.0,,13002102,2.0,0.0
13005103,130051,13005,00130,0021,2022,nacional,2,1,hombre,0-2,4897,1,,,8.0,2800.0,0,0,,,,,0,,,,,,,3,1,2,,,1,,8.0,2800.0,2,,,,,,,,,,,
13105103,131051,13105,00131,0022,2022,nacional,0,1,hombre,0-2,10038,0,1.0,"No tiene necesidad, está pequeño",,,0,1,1.0,1.0,0.0,,0,0.0,,1.0,Madre,2.0,29.0,5,1,4,0.0,0.0,2,1.0,,,1,1.0,02,1.0,1.0,2.0,,2.0,,13105102,1.0,1.0
13201103,132011,13201,00132,0021,2022,nacional,4,2,mujer,3-5,4093,1,,,3.0,1800.0,0,1,1.0,0.0,,,0,0.0,,1.0,Madre,2.0,35.0,3,1,1,,0.0,1,,3.0,1800.0,1,1.0,01,1.0,2.0,,,2.0,,13201101,2.0,0.0
13303103,133031,13303,00133,0021,2022,nacional,5,2,mujer,3-5,5036,1,,,4.0,0.0,0,1,1.0,0.0,,,0,0.0,,1.0,Madre,2.0,25.0,3,1,2,,0.0,1,,4.0,0.0,1,1.0,02,1.0,2.0,,,2.0,,13303102,2.0,0.0
13305105,133051,13305,00133,0021,2022,nacional,1,1,hombre,0-2,5036,0,1.0,"No tiene necesidad, está pequeño",,,0,1,1.0,0.0,,,0,0.0,,1.0,Madre,2.0,20.0,5,1,4,0.0,0.0,2,1.0,,,1,1.0,04,1.0,2.0,,,2.0,,13305104,1.0,1.0
13601103,136011,13601,00136,0021,2022,nacional,2,1,hombre,0-2,4990,0,1.0,"No tiene necesidad, está pequeño",,,0,1,1.0,1.0,0.0,,0,0.0,,1.0,Madre,2.0,31.0,5,2,2,0.0,0.0,2,1.0,,,1,1.0,02,1.0,1.0,2.0,,2.0,,13601102,1.0,1.0
13601105,136011,13601,00136,0021,2022,nacional,0,1,hombre,0-2,4990,0,1.0,"No tiene necesidad, está pequeño",,,0,1,1.0,1.0,0.0,,0,0.0,,1.0,Madre,2.0,31.0,5,2,2,0.0,0.0,2,1.0,,,1,1.0,02,1.0,1.0,2.0,,2.0,,13601102,1.0,1.0
13604104,136041,13604,00136,0021,2022,nacional,5,1,hombre,3-5,4990,1,,,3.0,0.0,0,1,1.0,0.0,,,0,0.0,,3.0,Abuela,2.0,54.0,5,2,3,,0.0,1,,3.0,0.0,1,1.0,02,3.0,2.0,,,2.0,,13604102,2.0,0.0
13604105,136041,13604,00136,0021,2022,nacional,2,2,mujer,0-2,4990,0,1.0,"No tiene necesidad, está pequeño",,,0,1,1.0,0.0,,,0,0.0,,3.0,Abuela,2.0,54.0,5,2,3,0.0,0.0,2,1.0,,,1,1.0,02,3.0,2.0,,,2.0,,13604102,2.0,0.0
13605105,136051,13605,00136,0021,2022,nacional,1,2,mujer,0-2,4990,0,1.0,"No tiene necesidad, está pequeño",,,0,1,1.0,0.0,,,0,0.0,,1.0,Madre,2.0,18.0,5,1,4,0.0,0.0,2,1.0,,,1,1.0,04,1.0,2.0,,,2.0,,13605104,2.0,0.0
13701103,137011,13701,00137,0022,2022,nacional,1,2,mujer,0-2,8893,0,1.0,"No tiene necesidad, está pequeño",,,0,1,1.0,0.0,,,0,0.0,,7.0,Otro,1.0,30.0,3,1,2,0.0,0.0,2,1.0,,,1,1.0,01,7.0,2.0,,,2.0,,13701101,1.0,1.0
13804105,138041,13804,00138,0020,2022,nacional,3,1,hombre,3-5,6681,1,,,4.0,300.0,0,1,1.0,0.0,,,0,0.0,,7.0,Otro,2.0,19.0,5,1,3,,0.0,1,,4.0,300.0,1,1.0,03,7.0,2.0,,,2.0,,13804103,2.0,0.0
14002106,140021,14002,00140,0021,2022,nacional,2,1,hombre,0-2,5646,0,2.0,No puede pagar los gastos escolares,,,0,0,,,,,0,,,,,,,7,1,6,1.0,,2,2.0,,,2,,,,,,,,,,,
14105104,141051,14105,00141,0020,2022,nacional,4,1,hombre,3-5,5310,0,1.0,"No tiene necesidad, está pequeño",,,0,1,1.0,0.0,,,0,0.0,,1.0,Madre,2.0,36.0,5,2,2,0.0,0.0,2,1.0,,,1,1.0,02,1.0,2.0,,,2.0,,14105102,1.0,1.0
14105105,141051,14105,00141,0020,2022,nacional,0,1,hombre,0-2,5310,0,1.0,"No tiene necesidad, está pequeño",,,0,1,1.0,0.0,,,0,0.0,,1.0,Madre,2.0,36.0,5,2,2,0.0,0.0,2,1.0,,,1,1.0,02,1.0,2.0,,,2.0,,14105102,1.0,1.0
14205104,142051,14205,00142,0021,2022,nacional,2,1,hombre,0-2,3316,0,1.0,"No tiene necesidad, está pequeño",,,0,1,1.0,0.0,,,0,0.0,,2.0,Padre,1.0,31.0,4,1,2,0.0,0.0,2,1.0,,,1,1.0,02,2.0,2.0,,,2.0,,14205102,1.0,1.0
14303107,143031,14303,00143,0021,2022,nacional,2,1,hombre,0-2,4387,0,3.0,No hay centros o quedan lejos,,,0,1,1.0,0.0,,,0,0.0,,3.0,Abuela,2.0,56.0,7,1,5,1.0,0.0,2,3.0,,,1,1.0,02,3.0,2.0,,,2.0,,14303102,2.0,0.0
14502103,145021,14502,00145,0022,2022,nacional,4,1,hombre,3-5,10227,1,,,6.0,0.0,0,1,1.0,0.0,,,0,0.0,,1.0,Madre,2.0,34.0,4,2,2,,0.0,1,,6.0,0.0,1,1.0,02,1.0,2.0,,,2.0,,14502102,2.0,0.0
14502104,145021,14502,00145,0022,2022,nacional,2,1,hombre,0-2,10227,1,,,6.0,0.0,0,1,1.0,0.0,,,0,0.0,,1.0,Madre,2.0,34.0,4,2,2,,0.0,1,,6.0,0.0,1,1.0,02,1.0,2.0,,,2.0,,14502102,2.0,0.0
14704104,147041,14704,00147,0020,2022,nacional,2,2,mujer,0-2,4586,0,1.0,"No tiene necesidad, está pequeño",,,0,1,1.0,0.0,,,0,0.0,,1.0,Madre,2.0,37.0,4,1,2,0.0,0.0,2,1.0,,,1,1.0,02,1.0,2.0,,,2.0,,14704102,1.0,1.0
15002106,150021,15002,00150,0020,2022,nacional,4,2,mujer,3-5,6571,1,,,5.0,0.0,0,1,1.0,0.0,,,0,0.0,,1.0,Madre,2.0,26.0,6,1,4,,0.0,1,,5.0,0.0,1,1.0,04,1.0,2.0,,,2.0,,15002104,2.0,0.0
15101103,151011,15101,00151,0020,2022,nacional,5,2,mujer,3-5,4966,1,,,3.0,0.0,0,1,1.0,1.0,0.0,,0,0.0,,1.0,Madre,2.0,22.0,3,1,2,,0.0,1,,3.0,0.0,1,1.0,02,1.0,1.0,2.0,,2.0,,15101102,2.0,0.0
15201105,152011,15201,00152,0019,2022,nacional,4,1,hombre,3-5,6060,1,,,3.0,0.0,0,1,1.0,0.0,,,0,0.0,,1.0,Madre,2.0,34.0,5,1,1,,0.0,1,,3.0,0.0,1,1.0,01,1.0,2.0,,,2.0,,15201101,1.0,1.0
15206103,152061,15206,00152,0019,2022,nacional,5,2,mujer,3-5,6060,1,,,3.0,0.0,0,1,1.0,1.0,0.0,,0,0.0,,1.0,Madre,2.0,40.0,3,1,1,,0.0,1,,3.0,0.0,1,1.0,01,1.0,1.0,2.0,,2.0,,15206101,1.0,1.0
15207105,152071,15207,00152,0019,2022,nacional,2,2,mujer,0-2,6060,0,1.0,"No tiene necesidad, está pequeño",,,0,1,1.0,0.0,,,0,0.0,,1.0,Madre,2.0,21.0,5,1,3,0.0,0.0,2,1.0,,,1,1.0,04,1.0,2.0,,,2.0,,15207104,1.0,1.0
15209104,152091,15209,00152,0019,2022,nacional,4,2,mujer,3-5,6060,1,,,3.0,0.0,0,1,1.0,0.0,,,0,0.0,,1.0,Madre,2.0,27.0,4,1,1,,0.0,1,,3.0,0.0,1,1.0,01,1.0,2.0,,,2.0,,15209101,1.0,1.0
15213107,152131,15213,00152,0019,2022,nacional,0,1,hombre,0-2,6060,0,1.0,"No tiene necesidad, está pequeño",,,0,1,1.0,1.0,0.0,,0,0.0,,1.0,Madre,2.0,21.0,7,1,5,0.0,0.0,2,1.0,,,1,1.0,06,1.0,1.0,2.0,,2.0,,15213106,1.0,1.0
15302107,153021,15302,00153,0021,2022,nacional,3,1,hombre,3-5,5319,0,1.0,"No tiene necesidad, está pequeño",,,0,1,1.0,0.0,,,0,0.0,,1.0,Madre,2.0,25.0,8,2,5,0.0,0.0,2,1.0,,,1,1.0,04,1.0,2.0,,,2.0,,15302104,2.0,0.0
15302108,153021,15302,00153,0021,2022,nacional,1,1,hombre,0-2,5319,0,1.0,"No tiene necesidad, está pequeño",,,0,1,1.0,0.0,,,0,0.0,,1.0,Madre,2.0,25.0,8,2,5,0.0,0.0,2,1.0,,,1,1.0,04,1.0,2.0,,,2.0,,15302104,2.0,0.0
15401105,154011,15401,00154,0020,2022,nacional,2,1,hombre,0-2,6240,0,1.0,"No tiene necesidad, está pequeño",,,0,0,,,,,0,,,,,,,5,1,2,0.0,,2,1.0,,,2,,,,,,,,,,,
15402106,154021,15402,00154,0020,2022,nacional,2,1,hombre,0-2,6240,0,1.0,"No tiene necesidad, está pequeño",,,0,1,1.0,0.0,,,0,0.0,,1.0,Madre,2.0,30.0,6,1,3,0.0,0.0,2,1.0,,,1,1.0,03,1.0,2.0,,,2.0,,15402103,1.0,1.0
15403106,154031,15403,00154,0020,2022,nacional,1,1,hombre,0-2,6240,0,1.0,"No tiene necesidad, está pequeño",,,0,0,,,,,0,,,,,,,6,1,3,0.0,,2,1.0,,,2,,,,,,,,,,,
15502107,155021,15502,00155,0020,2022,nacional,4,1,hombre,3-5,5823,1,,,3.0,0.0,0,1,1.0,0.0,,,0,0.0,,1.0,Madre,2.0,25.0,8,2,5,,0.0,1,,3.0,0.0,1,1.0,03,1.0,2.0,,,2.0,,15502103,2.0,0.0
15502108,155021,15502,00155,0020,2022,nacional,0,1,hombre,0-2,5823,0,1.0,"No tiene necesidad, está pequeño",,,0,1,1.0,0.0,,,0,0.0,,1.0,Madre,2.0,25.0,8,2,5,0.0,0.0,2,1.0,,,1,1.0,03,1.0,2.0,,,2.0,,15502103,2.0,0.0
15505104,155051,15505,00155,0020,2022,nacional,5,2,mujer,3-5,5823,1,,,3.0,0.0,0,1,1.0,0.0,,,0,0.0,,1.0,Madre,2.0,36.0,4,1,2,,0.0,1,,3.0,0.0,1,1.0,02,1.0,2.0,,,2.0,,15505102,1.0,1.0
15701104,157011,15701,00157,0019,2022,nacional,4,2,mujer,3-5,5551,1,,,4.0,0.0,0,1,1.0,0.0,,,0,0.0,,1.0,Madre,2.0,31.0,4,1,2,,0.0,1,,4.0,0.0,1,1.0,02,1.0,2.0,,,2.0,,15701102,2.0,0.0
15704104,157041,15704,00157,0019,2022,nacional,2,1,hombre,0-2,5551,0,1.0,"No tiene necesidad, está pequeño",,,0,1,1.0,0.0,,,0,0.0,,1.0,Madre,2.0,34.0,4,1,2,0.0,0.0,2,1.0,,,1,1.0,02,1.0,2.0,,,2.0,,15704102,2.0,0.0
15707103,157071,15707,00157,0019,2022,nacional,4,1,hombre,3-5,5551,0,1.0,"No tiene necesidad, está pequeño",,,0,1,1.0,0.0,,,0,0.0,,1.0,Madre,2.0,41.0,3,1,2,0.0,0.0,2,1.0,,,1,1.0,02,1.0,2.0,,,2.0,,15707102,1.0,1.0
15709104,157091,15709,00157,0019,2022,nacional,5,2,mujer,3-5,5551,1,,,3.0,0.0,0,1,1.0,0.0,,,0,0.0,,1.0,Madre,2.0,35.0,6,3,2,,0.0,1,,3.0,0.0,1,1.0,02,1.0,2.0,,,2.0,,15709102,1.0,1.0
15709105,157091,15709,00157,0019,2022,nacional,4,1,hombre,3-5,5551,1,,,3.0,0.0,0,1,1.0,0.0,,,0,0.0,,1.0,Madre,2.0,35.0,6,3,2,,0.0,1,,3.0,0.0,1,1.0,02,1.0,2.0,,,2.0,,15709102,1.0,1.0
15709106,157091,15709,00157,0019,2022,nacional,0,1,hombre,0-2,5551,0,1.0,"No tiene necesidad, está pequeño",,,0,1,1.0,0.0,,,0,0.0,,1.0,Madre,2.0,35.0,6,3,2,0.0,0.0,2,1.0,,,1,1.0,02,1.0,2.0,,,2.0,,15709102,1.0,1.0
15716104,157161,15716,00157,0019,2022,nacional,3,2,mujer,3-5,5551,0,1.0,"No tiene necesidad, está pequeño",,,0,1,1.0,0.0,,,0,0.0,,1.0,Madre,2.0,28.0,4,1,2,0.0,0.0,2,1.0,,,1,1.0,02,1.0,2.0,,,2.0,,15716102,2.0,0.0
15902105,159021,15902,00159,0024,2022,nacional,3,2,mujer,3-5,800,0,1.0,"No tiene necesidad, está pequeño",,,0,1,1.0,0.0,,,0,0.0,,1.0,Madre,2.0,23.0,5,1,3,0.0,0.0,2,1.0,,,1,1.0,03,1.0,2.0,,,2.0,,15902103,1.0,1.0
16004103,160041,16004,00160,0025,2022,nacional,2,2,mujer,0-2,903,1,,,6.0,0.0,0,1,1.0,1.0,0.0,,0,0.0,,1.0,Madre,2.0,31.0,3,1,2,,0.0,1,,6.0,0.0,1,1.0,02,1.0,1.0,2.0,,2.0,,16004102,1.0,1.0
16301105,163011,16301,00163,0026,2022,nacional,3,2,mujer,3-5,1222,1,,,3.0,,0,1,1.0,0.0,,,0,0.0,,1.0,Madre,2.0,39.0,5,1,2,,0.0,1,,3.0,99999.0,1,1.0,02,1.0,2.0,,,2.0,,16301102,2.0,0.0
16401103,164011,16401,00164,0025,2022,nacional,0,1,hombre,0-2,818,1,,,7.0,0.0,0,1,1.0,1.0,0.0,,0,0.0,,1.0,Madre,2.0,32.0,3,1,2,,0.0,1,,7.0,0.0,1,1.0,02,1.0,1.0,2.0,,2.0,,16401102,1.0,1.0
16405104,164051,16405,00164,0025,2022,nacional,4,1,hombre,3-5,818,1,,,8.0,1700.0,0,1,1.0,1.0,0.0,,0,0.0,,2.0,Padre,1.0,28.0,4,1,2,,0.0,1,,8.0,1700.0,1,1.0,01,2.0,1.0,2.0,,2.0,,16405101,1.0,1.0
16501105,165011,16501,00165,0024,2022,nacional,4,2,mujer,3-5,1144,0,2.0,No puede pagar los gastos escolares,,,0,0,,,,,0,,,,,,,7,2,4,1.0,,2,2.0,,,2,,,,,,,,,,,
16501106,165011,16501,00165,0024,2022,nacional,2,1,hombre,0-2,1144,0,1.0,"No tiene necesidad, está pequeño",,,0,1,1.0,0.0,,,0,0.0,,1.0,Madre,2.0,23.0,7,2,4,0.0,0.0,2,1.0,,,1,1.0,02,1.0,2.0,,,2.0,,16501102,2.0,0.0
16602103,166021,16602,00166,0024,2022,nacional,2,2,mujer,0-2,1197,0,1.0,"No tiene necesidad, está pequeño",,,0,1,1.0,0.0,,,0,0.0,,1.0,Madre,2.0,23.0,3,1,2,0.0,0.0,2,1.0,,,1,1.0,02,1.0,2.0,,,2.0,,16602102,2.0,0.0
16604105,166041,16604,00166,0024,2022,nacional,4,2,mujer,3-5,1197,0,1.0,"No tiene necesidad, está pequeño",,,0,1,1.0,0.0,,,0,0.0,,1.0,Madre,2.0,31.0,5,1,1,0.0,0.0,2,1.0,,,1,1.0,01,1.0,2.0,,,2.0,,16604101,1.0,1.0
16805103,168051,16805,00168,0024,2022,nacional,5,2,mujer,3-5,875,1,,,6.0,2500.0,0,1,1.0,1.0,0.0,,0,0.0,,1.0,Madre,2.0,36.0,3,1,2,,0.0,1,,6.0,2500.0,1,1.0,02,1.0,1.0,2.0,,2.0,,16805102,1.0,1.0
16905104,169051,16905,00169,0024,2022,nacional,4,2,mujer,3-5,867,1,,,3.0,0.0,0,1,1.0,0.0,,,0,0.0,,1.0,Madre,2.0,25.0,5,2,2,,0.0,1,,3.0,0.0,1,1.0,02,1.0,2.0,,,2.0,,16905102,1.0,1.0
16905105,169051,16905,00169,0024,2022,nacional,3,2,mujer,3-5,867,0,1.0,"No tiene necesidad, está pequeño",,,0,1,1.0,0.0,,,0,0.0,,1.0,Madre,2.0,25.0,5,2,2,0.0,0.0,2,1.0,,,1,1.0,02,1.0,2.0,,,2.0,,16905102,1.0,1.0
17001103,170011,17001,00170,0025,2022,nacional,4,2,mujer,3-5,860,1,,,4.0,0.0,0,1,1.0,1.0,0.0,,0,0.0,,1.0,Madre,2.0,29.0,3,1,1,,0.0,1,,4.0,0.0,1,1.0,01,1.0,1.0,2.0,,2.0,,17001101,1.0,1.0
17204105,172041,17204,00172,0025,2022,nacional,5,1,hombre,3-5,922,1,,,3.0,0.0,0,1,1.0,0.0,,,0,0.0,,1.0,Madre,2.0,28.0,5,1,2,,0.0,1,,3.0,0.0,1,1.0,02,1.0,2.0,,,2.0,,17204102,2.0,0.0
17303105,173031,17303,00173,0026,2022,nacional,3,2,mujer,3-5,964,1,,,4.0,0.0,0,1,1.0,0.0,,,0,0.0,,1.0,Madre,2.0,39.0,5,1,2,,0.0,1,,4.0,0.0,1,1.0,01,1.0,2.0,,,2.0,,17303101,2.0,0.0
17501103,175011,17501,00175,0024,2022,nacional,3,1,hombre,3-5,908,1,,,8.0,0.0,0,1,1.0,1.0,0.0,,0,0.0,,1.0,Madre,2.0,30.0,3,1,2,,0.0,1,,8.0,0.0,1,1.0,02,1.0,1.0,2.0,,2.0,,17501102,1.0,1.0
17502104,175021,17502,00175,0024,2022,nacional,4,1,hombre,3-5,908,1,,,3.0,0.0,0,1,1.0,0.0,,,0,0.0,,1.0,Madre,2.0,45.0,5,2,2,,0.0,1,,3.0,0.0,1,1.0,02,1.0,2.0,,,2.0,,17502102,2.0,0.0
17502105,175021,17502,00175,0024,2022,nacional,4,1,hombre,3-5,908,1,,,3.0,0.0,0,1,1.0,0.0,,,0,0.0,,1.0,Madre,2.0,45.0,5,2,2,,0.0,1,,3.0,0.0,1,1.0,02,1.0,2.0,,,2.0,,17502102,2.0,0.0
17504104,175041,17504,00175,0024,2022,nacional,3,2,mujer,3-5,908,1,,,6.0,1800.0,0,1,1.0,1.0,0.0,,0,0.0,,1.0,Madre,2.0,32.0,5,2,2,,0.0,1,,6.0,1800.0,1,1.0,02,1.0,1.0,2.0,,2.0,,17504102,1.0,1.0
17504105,175041,17504,00175,0024,2022,nacional,2,2,mujer,0-2,908,1,,,6.0,0.0,0,1,1.0,1.0,0.0,,0,0.0,,1.0,Madre,2.0,32.0,5,2,2,,0.0,1,,6.0,0.0,1,1.0,02,1.0,1.0,2.0,,2.0,,17504102,1.0,1.0
17604105,176041,17604,00176,0025,2022,nacional,0,1,hombre,0-2,803,0,1.0,"No tiene necesidad, está pequeño",,,0,1,1.0,0.0,,,0,0.0,,1.0,Madre,2.0,22.0,5,1,3,0.0,0.0,2,1.0,,,1,1.0,03,1.0,2.0,,,2.0,,17604103,1.0,1.0
17702105,177021,17702,00177,0024,2022,nacional,3,2,mujer,3-5,776,0,1.0,"No tiene necesidad, está pequeño",,,0,1,1.0,0.0,,,0,0.0,,1.0,Madre,2.0,38.0,5,1,3,0.0,0.0,2,1.0,,,1,1.0,03,1.0,2.0,,,2.0,,17702103,1.0,1.0
17902105,179021,17902,00179,0026,2022,nacional,0,1,hombre,0-2,708,0,1.0,"No tiene necesidad, está pequeño",,,0,1,1.0,0.0,,,0,0.0,,1.0,Madre,2.0,34.0,5,1,2,0.0,0.0,2,1.0,,,1,1.0,02,1.0,2.0,,,2.0,,17902102,2.0,0.0
17905105,179051,17905,00179,0026,2022,nacional,1,1,hombre,0-2,708,0,1.0,"No tiene necesidad, está pequeño",,,0,1,1.0,0.0,,,0,0.0,,1.0,Madre,2.0,26.0,6,1,5,0.0,0.0,2,1.0,,,1,1.0,03,1.0,2.0,,,2.0,,17905103,2.0,0.0
18002104,180021,18002,00180,0024,2022,nacional,4,1,hombre,3-5,763,1,,,3.0,0.0,0,1,1.0,0.0,,,0,0.0,,7.0,Otro,1.0,23.0,5,2,3,,0.0,1,,3.0,0.0,1,1.0,02,7.0,2.0,,,2.0,,18002102,1.0,1.0
18002105,180021,18002,00180,0024,2022,nacional,2,1,hombre,0-2,763,0,1.0,"No tiene necesidad, está pequeño",,,0,1,1.0,0.0,,,0,0.0,,7.0,Otro,1.0,23.0,5,2,3,0.0,0.0,2,1.0,,,1,1.0,02,7.0,2.0,,,2.0,,18002102,1.0,1.0
18004103,180041,18004,00180,0024,2022,nacional,3,2,mujer,3-5,763,1,,,8.0,2400.0,0,1,1.0,1.0,1.0,300.0,0,0.0,,1.0,Madre,2.0,25.0,3,1,2,,0.0,1,,8.0,2400.0,1,1.0,02,1.0,1.0,1.0,300.0,2.0,,18004102,1.0,1.0
18105106,181051,18105,00181,0026,2022,nacional,4,2,mujer,3-5,1921,1,,,3.0,0.0,0,1,1.0,0.0,,,0,0.0,,1.0,Madre,2.0,33.0,6,1,2,,0.0,1,,3.0,0.0,1,1.0,02,1.0,2.0,,,2.0,,18105102,1.0,1.0
18204103,182041,18204,00182,0026,2022,nacional,3,2,mujer,3-5,2170,1,,,6.0,2000.0,0,1,1.0,1.0,0.0,,0,0.0,,2.0,Padre,1.0,34.0,3,1,2,,0.0,1,,6.0,2000.0,1,1.0,01,2.0,1.0,2.0,,2.0,,18204101,1.0,1.0
18402102,184021,18402,00184,0024,2022,nacional,2,2,mujer,0-2,952,1,,,8.0,0.0,0,1,0.0,1.0,,,0,0.0,,1.0,Madre,2.0,37.0,2,1,1,,0.0,1,,8.0,0.0,1,2.0,01,1.0,1.0,,,2.0,,18402101,1.0,1.0
18503105,185031,18503,00185,0023,2022,nacional,3,1,hombre,3-5,1795,0,3.0,No hay centros o quedan lejos,,,0,1,1.0,1.0,0.0,,0,0.0,,1.0,Madre,2.0,34.0,5,1,2,1.0,0.0,2,3.0,,,1,1.0,02,1.0,1.0,2.0,,2.0,,18503102,2.0,0.0
18507104,185071,18507,00185,0023,2022,nacional,5,2,mujer,3-5,1795,1,,,3.0,0.0,0,1,1.0,1.0,0.0,,0,0.0,,1.0,Madre,2.0,36.0,4,1,2,,0.0,1,,3.0,0.0,1,1.0,01,1.0,1.0,2.0,,2.0,,18507101,1.0,1.0
18508106,185081,18508,00185,0023,2022,nacional,5,1,hombre,3-5,1795,1,,,3.0,0.0,0,1,1.0,0.0,,,0,0.0,,1.0,Madre,2.0,29.0,7,2,3,,0.0,1,,3.0,0.0,1,1.0,01,1.0,2.0,,,2.0,,18508101,2.0,0.0
18508107,185081,18508,00185,0023,2022,nacional,3,2,mujer,3-5,1795,0,6.0,Otra razón,,,0,1,1.0,0.0,,,0,0.0,,1.0,Madre,2.0,29.0,7,2,3,0.0,0.0,2,6.0,,,1,1.0,01,1.0,2.0,,,2.0,,18508101,2.0,0.0
18517104,185171,18517,00185,0023,2022,nacional,3,1,hombre,3-5,1795,0,1.0,"No tiene necesidad, está pequeño",,,0,1,1.0,0.0,,,0,0.0,,3.0,Abuela,2.0,47.0,5,2,3,0.0,0.0,2,1.0,,,1,1.0,02,3.0,2.0,,,2.0,,18517102,2.0,0.0
18517105,185171,18517,00185,0023,2022,nacional,0,2,mujer,0-2,1795,0,1.0,"No tiene necesidad, está pequeño",,,0,1,1.0,0.0,,,0,0.0,,3.0,Abuela,2.0,47.0,5,2,3,0.0,0.0,2,1.0,,,1,1.0,02,3.0,2.0,,,2.0,,18517102,2.0,0.0
18520102,185201,18520,00185,0023,2022,nacional,5,1,hombre,3-5,1795,1,,,6.0,,0,1,1.0,1.0,1.0,700.0,0,0.0,,1.0,Madre,2.0,30.0,3,2,1,,0.0,1,,6.0,99999.0,1,1.0,01,1.0,1.0,1.0,700.0,2.0,,18520101,1.0,1.0
18520103,185201,18520,00185,0023,2022,nacional,5,1,hombre,3-5,1795,1,,,6.0,,0,1,1.0,1.0,1.0,700.0,0,0.0,,1.0,Madre,2.0,30.0,3,2,1,,0.0,1,,6.0,99999.0,1,1.0,01,1.0,1.0,1.0,700.0,2.0,,18520101,1.0,1.0
18601103,186011,18601,00186,0023,2022,nacional,3,2,mujer,3-5,949,0,1.0,"No tiene necesidad, está pequeño",,,0,1,1.0,0.0,,,0,0.0,,1.0,Madre,2.0,24.0,3,1,2,0.0,0.0,2,1.0,,,1,1.0,02,1.0,2.0,,,2.0,,18601102,2.0,0.0
18604104,186041,18604,00186,0023,2022,nacional,5,1,hombre,3-5,949,1,,,4.0,0.0,0,1,1.0,1.0,1.0,400.0,0,0.0,,1.0,Madre,2.0,26.0,4,1,3,,0.0,1,,4.0,0.0,1,1.0,02,1.0,1.0,1.0,400.0,2.0,,18604102,1.0,1.0
18607105,186071,18607,00186,0023,2022,nacional,3,2,mujer,3-5,949,0,1.0,"No tiene necesidad, está pequeño",,,0,1,1.0,1.0,1.0,300.0,0,0.0,,1.0,Madre,2.0,31.0,5,1,2,0.0,0.0,2,1.0,,,1,1.0,02,1.0,1.0,1.0,300.0,2.0,,18607102,1.0,1.0
18610103,186101,18610,00186,0023,2022,nacional,3,2,mujer,3-5,949,0,1.0,"No tiene necesidad, está pequeño",,,0,1,1.0,1.0,0.0,,0,0.0,,1.0,Madre,2.0,38.0,3,1,2,0.0,0.0,2,1.0,,,1,1.0,02,1.0,1.0,2.0,,2.0,,18610102,1.0,1.0
18614104,186141,18614,00186,0023,2022,nacional,3,1,hombre,3-5,949,0,1.0,"No tiene necesidad, está pequeño",,,0,1,1.0,0.0,,,0,0.0,,1.0,Madre,2.0,27.0,4,1,2,0.0,0.0,2,1.0,,,1,1.0,02,1.0,2.0,,,2.0,,18614102,2.0,0.0
18709105,187091,18709,00187,0023,2022,nacional,2,2,mujer,0-2,1538,0,1.0,"No tiene necesidad, está pequeño",,,0,1,1.0,0.0,,,0,0.0,,1.0,Madre,2.0,20.0,6,2,4,0.0,0.0,2,1.0,,,1,1.0,01,1.0,2.0,,,2.0,,18709101,2.0,0.0
18709106,187091,18709,00187,0023,2022,nacional,0,1,hombre,0-2,1538,0,1.0,"No tiene necesidad, está pequeño",,,0,1,1.0,0.0,,,0,0.0,,1.0,Madre,2.0,20.0,6,2,4,0.0,0.0,2,1.0,,,1,1.0,01,1.0,2.0,,,2.0,,18709101,2.0,0.0
18711105,187111,18711,00187,0023,2022,nacional,3,1,hombre,3-5,1538,0,1.0,"No tiene necesidad, está pequeño",,,0,1,1.0,0.0,,,0,0.0,,1.0,Madre,2.0,40.0,5,1,2,0.0,0.0,2,1.0,,,1,1.0,02,1.0,2.0,,,2.0,,18711102,2.0,0.0
18715102,187151,18715,00187,0023,2022,nacional,4,2,mujer,3-5,1538,0,9.0,No sabe,,,0,1,0.0,0.0,,,0,0.0,,,,,,5,1,3,,0.0,2,9.0,,,1,2.0,00,,2.0,,,2.0,,,,
18817105,188171,18817,00188,0023,2022,nacional,4,2,mujer,3-5,1768,1,,,3.0,0.0,0,1,1.0,0.0,,,0,0.0,,1.0,Madre,2.0,29.0,5,1,2,,0.0,1,,3.0,0.0,1,1.0,02,1.0,2.0,,,2.0,,18817102,1.0,1.0
19004203,190042,19004,00190,0029,2022,nacional,3,1,hombre,3-5,4060,1,,,3.0,0.0,0,1,1.0,0.0,,,0,0.0,,1.0,Madre,2.0,24.0,3,1,2,,0.0,1,,3.0,0.0,1,1.0,02,1.0,2.0,,,2.0,,19004202,1.0,1.0
19303203,193032,19303,00193,0030,2022,nacional,4,2,mujer,3-5,7899,1,,,3.0,0.0,0,1,1.0,1.0,0.0,,0,0.0,,1.0,Madre,2.0,28.0,3,1,2,,0.0,1,,3.0,0.0,1,1.0,02,1.0,1.0,2.0,,2.0,,19303202,1.0,1.0
19401107,194011,19401,00194,0029,2022,nacional,3,2,mujer,3-5,4395,1,,,5.0,0.0,0,1,1.0,0.0,,,0,0.0,,1.0,Madre,2.0,42.0,8,2,4,,0.0,1,,5.0,0.0,1,1.0,03,1.0,2.0,,,2.0,,19401103,1.0,1.0
19401108,194011,19401,00194,0029,2022,nacional,0,1,hombre,0-2,4395,0,1.0,"No tiene necesidad, está pequeño",,,0,0,,,,,0,,,,,,,8,2,4,0.0,,2,1.0,,,2,,,,,,,,,,,
19403107,194031,19403,00194,0029,2022,nacional,2,2,mujer,0-2,4395,0,1.0,"No tiene necesidad, está pequeño",,,0,1,1.0,0.0,,,0,0.0,,1.0,Madre,2.0,31.0,7,1,6,0.0,0.0,2,1.0,,,1,1.0,06,1.0,2.0,,,2.0,,19403106,2.0,0.0
19705103,197051,19705,00197,0029,2022,nacional,0,2,mujer,0-2,5957,0,1.0,"No tiene necesidad, está pequeño",,,0,1,1.0,0.0,,,0,0.0,,1.0,Madre,2.0,26.0,3,1,2,0.0,0.0,2,1.0,,,1,1.0,01,1.0,2.0,,,2.0,,19705101,2.0,0.0
19904105,199041,19904,00199,0029,2022,nacional,1,2,mujer,0-2,4988,0,1.0,"No tiene necesidad, está pequeño",,,0,1,1.0,0.0,,,0,0.0,,1.0,Madre,2.0,20.0,5,1,4,0.0,0.0,2,1.0,,,1,1.0,03,1.0,2.0,,,2.0,,19904103,2.0,0.0
20003106,200031,20003,00200,0029,2022,nacional,4,2,mujer,3-5,5493,1,,,3.0,0.0,0,1,1.0,0.0,,,0,0.0,,1.0,Madre,2.0,22.0,6,1,5,,0.0,1,,3.0,0.0,1,1.0,04,1.0,2.0,,,2.0,,20003104,1.0,1.0
20005107,200051,20005,00200,0029,2022,nacional,2,2,mujer,0-2,5493,0,1.0,"No tiene necesidad, está pequeño",,,0,1,1.0,0.0,,,0,0.0,,1.0,Madre,2.0,31.0,7,1,4,0.0,0.0,2,1.0,,,1,1.0,04,1.0,2.0,,,2.0,,20005104,2.0,0.0
20102105,201021,20102,00201,0027,2022,nacional,2,2,mujer,0-2,5739,0,1.0,"No tiene necesidad, está pequeño",,,0,1,1.0,1.0,0.0,,0,0.0,,1.0,Madre,2.0,20.0,5,1,4,0.0,0.0,2,1.0,,,1,1.0,02,1.0,1.0,2.0,,2.0,,20102102,1.0,1.0
20103103,201031,20103,00201,0027,2022,nacional,0,1,hombre,0-2,5739,0,1.0,"No tiene necesidad, está pequeño",,,0,1,1.0,0.0,,,0,0.0,,1.0,Madre,2.0,20.0,3,1,2,0.0,0.0,2,1.0,,,1,1.0,02,1.0,2.0,,,2.0,,20103102,2.0,0.0
20106105,201061,20106,00201,0027,2022,nacional,3,2,mujer,3-5,5739,1,,,3.0,0.0,0,1,1.0,0.0,,,0,0.0,,1.0,Madre,2.0,39.0,5,1,2,,0.0,1,,3.0,0.0,1,1.0,02,1.0,2.0,,,2.0,,20106102,1.0,1.0
20107204,201072,20107,00201,0027,2022,nacional,0,1,hombre,0-2,5739,0,3.0,No hay centros o quedan lejos,,,0,1,1.0,1.0,0.0,,0,0.0,,1.0,Madre,2.0,29.0,4,1,3,1.0,0.0,2,3.0,,,1,1.0,03,1.0,1.0,2.0,,2.0,,20107203,1.0,1.0
20108104,201081,20108,00201,0027,2022,nacional,3,1,hombre,3-5,5739,1,,,3.0,0.0,0,1,1.0,1.0,0.0,,0,0.0,,1.0,Madre,2.0,29.0,4,1,2,,0.0,1,,3.0,0.0,1,1.0,02,1.0,1.0,2.0,,2.0,,20108102,2.0,0.0
20110103,201101,20110,00201,0027,2022,nacional,2,2,mujer,0-2,5739,0,1.0,"No tiene necesidad, está pequeño",,,0,1,1.0,0.0,,,0,0.0,,1.0,Madre,2.0,22.0,3,1,2,0.0,0.0,2,1.0,,,1,1.0,02,1.0,2.0,,,2.0,,20110102,2.0,0.0
20111103,201111,20111,00201,0027,2022,nacional,5,1,hombre,3-5,5739,1,,,3.0,200.0,0,1,1.0,0.0,,,0,0.0,,1.0,Madre,2.0,30.0,3,1,2,,0.0,1,,3.0,200.0,1,1.0,02,1.0,2.0,,,2.0,,20111102,1.0,1.0
20113108,201131,20113,00201,0027,2022,nacional,5,1,hombre,3-5,5739,1,,,3.0,0.0,0,1,1.0,0.0,,,0,0.0,,1.0,Madre,2.0,30.0,11,2,3,,0.0,1,,3.0,0.0,1,1.0,03,1.0,2.0,,,2.0,,20113103,1.0,1.0
20113109,201131,20113,00201,0027,2022,nacional,3,2,mujer,3-5,5739,0,1.0,"No tiene necesidad, está pequeño",,,0,1,1.0,0.0,,,0,0.0,,1.0,Madre,2.0,30.0,11,2,3,0.0,0.0,2,1.0,,,1,1.0,03,1.0,2.0,,,2.0,,20113103,1.0,1.0
20119105,201191,20119,00201,0027,2022,nacional,5,2,mujer,3-5,5739,1,,,5.0,0.0,0,1,1.0,0.0,,,0,0.0,,1.0,Madre,2.0,36.0,5,1,2,,0.0,1,,5.0,0.0,1,1.0,02,1.0,2.0,,,2.0,,20119102,1.0,1.0
20203103,202031,20203,00202,0027,2022,nacional,1,1,hombre,0-2,7173,0,1.0,"No tiene necesidad, está pequeño",,,0,1,1.0,0.0,,,0,0.0,,1.0,Madre,2.0,24.0,3,1,2,0.0,0.0,2,1.0,,,1,1.0,02,1.0,2.0,,,2.0,,20203102,2.0,0.0
20206103,202061,20206,00202,0027,2022,nacional,5,1,hombre,3-5,7173,1,,,3.0,0.0,0,1,1.0,1.0,0.0,,0,0.0,,1.0,Madre,2.0,26.0,4,2,2,,0.0,1,,3.0,0.0,1,1.0,02,1.0,1.0,2.0,,2.0,,20206102,1.0,1.0
20206104,202061,20206,00202,0027,2022,nacional,1,2,mujer,0-2,7173,0,1.0,"No tiene necesidad, está pequeño",,,0,1,1.0,1.0,0.0,,0,0.0,,1.0,Madre,2.0,26.0,4,2,2,0.0,0.0,2,1.0,,,1,1.0,02,1.0,1.0,2.0,,2.0,,20206102,1.0,1.0
20208105,202081,20208,00202,0027,2022,nacional,3,2,mujer,3-5,7173,0,1.0,"No tiene necesidad, está pequeño",,,0,1,1.0,1.0,0.0,,0,1.0,1.0,1.0,Madre,2.0,30.0,5,1,2,0.0,1.0,2,1.0,,,1,1.0,02,1.0,1.0,2.0,,1.0,1.0,20208102,1.0,1.0
20211103,202111,20211,00202,0027,2022,nacional,4,1,hombre,3-5,7173,1,,,3.0,0.0,0,1,1.0,0.0,,,0,0.0,,1.0,Madre,2.0,25.0,4,2,2,,0.0,1,,3.0,0.0,1,1.0,02,1.0,2.0,,,2.0,,20211102,2.0,0.0
20211104,202111,20211,00202,0027,2022,nacional,0,2,mujer,0-2,7173,0,1.0,"No tiene necesidad, está pequeño",,,0,1,1.0,0.0,,,0,0.0,,1.0,Madre,2.0,25.0,4,2,2,0.0,0.0,2,1.0,,,1,1.0,02,1.0,2.0,,,2.0,,20211102,2.0,0.0
20212108,202121,20212,00202,0027,2022,nacional,5,1,hombre,3-5,7173,1,,,3.0,0.0,0,1,1.0,0.0,,,0,0.0,,1.0,Madre,2.0,49.0,8,1,3,,0.0,1,,3.0,0.0,1,1.0,02,1.0,2.0,,,2.0,,20212102,1.0,1.0
20216203,202162,20216,00202,0027,2022,nacional,0,1,hombre,0-2,7173,0,1.0,"No tiene necesidad, está pequeño",,,0,1,1.0,1.0,0.0,,0,0.0,,1.0,Madre,2.0,21.0,3,1,2,0.0,0.0,2,1.0,,,1,1.0,02,1.0,1.0,2.0,,2.0,,20216202,2.0,0.0
20216306,202163,20216,00202,0027,2022,nacional,2,2,mujer,0-2,7173,0,1.0,"No tiene necesidad, está pequeño",,,0,1,1.0,1.0,0.0,,0,0.0,,1.0,Madre,2.0,37.0,6,1,1,0.0,0.0,2,1.0,,,1,1.0,01,1.0,1.0,2.0,,2.0,,20216301,2.0,0.0
20218104,202181,20218,00202,0027,2022,nacional,3,2,mujer,3-5,7173,1,,,3.0,0.0,0,1,1.0,1.0,0.0,,0,0.0,,1.0,Madre,2.0,27.0,4,1,2,,0.0,1,,3.0,0.0,1,1.0,02,1.0,1.0,2.0,,2.0,,20218102,1.0,1.0
20301104,203011,20301,00203,0027,2022,nacional,2,2,mujer,0-2,6379,0,1.0,"No tiene necesidad, está pequeño",,,0,1,1.0,0.0,,,0,0.0,,1.0,Madre,2.0,32.0,4,1,2,0.0,0.0,2,1.0,,,1,1.0,02,1.0,2.0,,,2.0,,20301102,2.0,0.0
20305105,203051,20305,00203,0027,2022,nacional,2,1,hombre,0-2,6379,0,1.0,"No tiene necesidad, está pequeño",,,0,1,1.0,0.0,,,0,0.0,,3.0,Abuela,2.0,43.0,5,1,3,0.0,0.0,2,1.0,,,1,1.0,02,3.0,2.0,,,2.0,,20305102,2.0,0.0
20306104,203061,20306,00203,0027,2022,nacional,1,1,hombre,0-2,6379,0,1.0,"No tiene necesidad, está pequeño",,,0,1,1.0,1.0,0.0,,0,0.0,,1.0,Madre,2.0,21.0,4,1,3,0.0,0.0,2,1.0,,,1,1.0,02,1.0,1.0,2.0,,2.0,,20306102,2.0,0.0
20309104,203091,20309,00203,0027,2022,nacional,5,1,hombre,3-5,6379,1,,,3.0,0.0,0,1,1.0,0.0,,,0,0.0,,1.0,Madre,2.0,28.0,4,1,2,,0.0,1,,3.0,0.0,1,1.0,02,1.0,2.0,,,2.0,,20309102,2.0,0.0
20310109,203101,20310,00203,0027,2022,nacional,3,2,mujer,3-5,6379,1,,,3.0,0.0,0,1,1.0,0.0,,,0,0.0,,2.0,Padre,2.0,23.0,10,2,8,,0.0,1,,3.0,0.0,1,1.0,04,2.0,2.0,,,2.0,,20310104,1.0,1.0
20310110,203101,20310,00203,0027,2022,nacional,1,2,mujer,0-2,6379,0,3.0,No hay centros o quedan lejos,,,0,1,1.0,1.0,0.0,,0,0.0,,1.0,Madre,2.0,20.0,10,2,8,1.0,0.0,2,3.0,,,1,1.0,06,1.0,1.0,2.0,,2.0,,20310106,2.0,0.0
20316105,203161,20316,00203,0027,2022,nacional,5,2,mujer,3-5,6379,0,2.0,No puede pagar los gastos escolares,,,0,1,1.0,0.0,,,0,0.0,,1.0,Madre,2.0,27.0,6,2,2,1.0,0.0,2,2.0,,,1,1.0,02,1.0,2.0,,,2.0,,20316102,1.0,1.0
20316106,203161,20316,00203,0027,2022,nacional,1,2,mujer,0-2,6379,0,1.0,"No tiene necesidad, está pequeño",,,0,1,1.0,0.0,,,0,0.0,,1.0,Madre,2.0,27.0,6,2,2,0.0,0.0,2,1.0,,,1,1.0,02,1.0,2.0,,,2.0,,20316102,1.0,1.0
20317106,203171,20317,00203,0027,2022,nacional,5,1,hombre,3-5,6379,1,,,3.0,0.0,0,1,1.0,0.0,,,0,0.0,,1.0,Madre,2.0,31.0,6,1,3,,0.0,1,,3.0,0.0,1,1.0,03,1.0,2.0,,,2.0,,20317103,1.0,1.0
20319103,203191,20319,00203,0027,2022,nacional,3,2,mujer,3-5,6379,0,1.0,"No tiene necesidad, está pequeño",,,0,1,1.0,0.0,,,0,0.0,,1.0,Madre,2.0,23.0,3,1,2,0.0,0.0,2,1.0,,,1,1.0,02,1.0,2.0,,,2.0,,20319102,1.0,1.0
20320106,203201,20320,00203,0027,2022,nacional,3,2,mujer,3-5,6379,1,,,3.0,0.0,0,1,1.0,0.0,,,0,0.0,,1.0,Madre,2.0,36.0,6,1,2,,0.0,1,,3.0,0.0,1,1.0,02,1.0,2.0,,,2.0,,20320102,1.0,1.0
20401106,204011,20401,00204,0028,2022,nacional,2,2,mujer,0-2,6177,0,1.0,"No tiene necesidad, está pequeño",,,0,1,1.0,0.0,,,0,1.0,1.0,5.0,Tía,2.0,32.0,6,1,2,0.0,1.0,2,1.0,,,1,1.0,02,5.0,2.0,,,1.0,1.0,20401102,2.0,0.0
20403106,204031,20403,00204,0028,2022,nacional,5,1,hombre,3-5,6177,0,3.0,No hay centros o quedan lejos,,,0,1,1.0,0.0,,,0,0.0,,3.0,Abuela,2.0,43.0,6,1,4,1.0,0.0,2,3.0,,,1,1.0,01,3.0,2.0,,,2.0,,20403101,2.0,0.0
20404110,204041,20404,00204,0028,2022,nacional,4,2,mujer,3-5,6177,0,1.0,"No tiene necesidad, está pequeño",,,0,1,1.0,0.0,,,0,0.0,,1.0,Madre,2.0,42.0,11,2,4,0.0,0.0,2,1.0,,,1,1.0,02,1.0,2.0,,,2.0,,20404102,2.0,0.0
20404111,204041,20404,00204,0028,2022,nacional,4,2,mujer,3-5,6177,0,1.0,"No tiene necesidad, está pequeño",,,0,1,1.0,0.0,,,0,0.0,,1.0,Madre,2.0,25.0,11,2,4,0.0,0.0,2,1.0,,,1,1.0,03,1.0,2.0,,,2.0,,20404103,2.0,0.0
20405105,204051,20405,00204,0028,2022,nacional,5,1,hombre,3-5,6177,0,1.0,"No tiene necesidad, está pequeño",,,0,1,1.0,0.0,,,0,0.0,,1.0,Madre,2.0,26.0,9,5,2,0.0,0.0,2,1.0,,,1,1.0,02,1.0,2.0,,,2.0,,20405102,2.0,0.0
20405106,204051,20405,00204,0028,2022,nacional,4,1,hombre,3-5,6177,0,3.0,No hay centros o quedan lejos,,,0,1,1.0,0.0,,,0,0.0,,1.0,Madre,2.0,26.0,9,5,2,1.0,0.0,2,3.0,,,1,1.0,02,1.0,2.0,,,2.0,,20405102,2.0,0.0
20405107,204051,20405,00204,0028,2022,nacional,3,2,mujer,3-5,6177,0,3.0,No hay centros o quedan lejos,,,0,1,1.0,0.0,,,0,0.0,,1.0,Madre,2.0,26.0,9,5,2,1.0,0.0,2,3.0,,,1,1.0,02,1.0,2.0,,,2.0,,20405102,2.0,0.0
20405108,204051,20405,00204,0028,2022,nacional,1,2,mujer,0-2,6177,0,3.0,No hay centros o quedan lejos,,,0,1,1.0,0.0,,,0,0.0,,1.0,Madre,2.0,26.0,9,5,2,1.0,0.0,2,3.0,,,1,1.0,02,1.0,2.0,,,2.0,,20405102,2.0,0.0
20405109,204051,20405,00204,0028,2022,nacional,0,1,hombre,0-2,6177,0,1.0,"No tiene necesidad, está pequeño",,,0,1,1.0,0.0,,,0,0.0,,1.0,Madre,2.0,26.0,9,5,2,0.0,0.0,2,1.0,,,1,1.0,02,1.0,2.0,,,2.0,,20405102,2.0,0.0
20406111,204061,20406,00204,0028,2022,nacional,5,2,mujer,3-5,6177,1,,,4.0,0.0,0,1,0.0,0.0,,,0,0.0,,1.0,Madre,2.0,36.0,11,1,6,,0.0,1,,4.0,0.0,1,2.0,06,1.0,2.0,,,2.0,,20406106,,
20408105,204081,20408,00204,0028,2022,nacional,1,1,hombre,0-2,6177,0,3.0,No hay centros o quedan lejos,,,0,1,1.0,1.0,0.0,,0,0.0,,1.0,Madre,2.0,26.0,5,1,2,1.0,0.0,2,3.0,,,1,1.0,02,1.0,1.0,2.0,,2.0,,20408102,2.0,0.0
20412104,204121,20412,00204,0028,2022,nacional,3,1,hombre,3-5,6177,1,,,3.0,0.0,0,1,1.0,0.0,,,0,0.0,,1.0,Madre,2.0,24.0,5,1,3,,0.0,1,,3.0,0.0,1,1.0,03,1.0,2.0,,,2.0,,20412103,1.0,1.0
20413104,204131,20413,00204,0028,2022,nacional,5,1,hombre,3-5,6177,1,,,3.0,0.0,0,1,1.0,0.0,,,0,0.0,,1.0,Madre,2.0,38.0,4,1,2,,0.0,1,,3.0,0.0,1,1.0,01,1.0,2.0,,,2.0,,20413101,1.0,1.0
20414105,204141,20414,00204,0028,2022,nacional,5,2,mujer,3-5,6177,1,,,4.0,0.0,0,1,1.0,0.0,,,0,0.0,,1.0,Madre,2.0,38.0,5,1,2,,0.0,1,,4.0,0.0,1,1.0,02,1.0,2.0,,,2.0,,20414102,1.0,1.0
20415106,204151,20415,00204,0028,2022,nacional,5,2,mujer,3-5,6177,0,7.0,Asiste a primaria,,,0,1,1.0,0.0,,,0,0.0,,1.0,Madre,2.0,24.0,6,1,3,0.0,0.0,2,7.0,,,1,1.0,05,1.0,2.0,,,2.0,,20415105,2.0,0.0
20504103,205041,20504,00205,0028,2022,nacional,5,2,mujer,3-5,6194,1,,,3.0,0.0,0,1,1.0,0.0,,,0,0.0,,3.0,Abuela,2.0,52.0,4,2,2,,0.0,1,,3.0,0.0,1,1.0,01,3.0,2.0,,,2.0,,20504101,2.0,0.0
20504104,205041,20504,00205,0028,2022,nacional,0,1,hombre,0-2,6194,0,1.0,"No tiene necesidad, está pequeño",,,0,1,1.0,0.0,,,0,0.0,,3.0,Abuela,2.0,52.0,4,2,2,0.0,0.0,2,1.0,,,1,1.0,01,3.0,2.0,,,2.0,,20504101,2.0,0.0
20601106,206011,20601,00206,0028,2022,nacional,0,1,hombre,0-2,7891,0,1.0,"No tiene necesidad, está pequeño",,,0,1,1.0,0.0,,,0,0.0,,1.0,Madre,2.0,27.0,11,1,7,0.0,0.0,2,1.0,,,1,1.0,05,1.0,2.0,,,2.0,,20601105,2.0,0.0
20603103,206031,20603,00206,0028,2022,nacional,1,1,hombre,0-2,7891,1,,,3.0,0.0,0,1,1.0,1.0,0.0,,0,1.0,1.0,1.0,Madre,2.0,19.0,3,1,2,,1.0,1,,3.0,0.0,1,1.0,02,1.0,1.0,2.0,,1.0,1.0,20603102,2.0,0.0
20605106,206051,20605,00206,0028,2022,nacional,4,2,mujer,3-5,7891,1,,,3.0,0.0,0,1,1.0,1.0,0.0,,0,1.0,1.0,1.0,Madre,2.0,23.0,7,2,4,,1.0,1,,3.0,0.0,1,1.0,05,1.0,1.0,2.0,,1.0,1.0,20605105,2.0,0.0
20605107,206051,20605,00206,0028,2022,nacional,3,2,mujer,3-5,7891,1,,,3.0,0.0,0,1,1.0,1.0,0.0,,0,1.0,1.0,1.0,Madre,2.0,23.0,7,2,4,,1.0,1,,3.0,0.0,1,1.0,05,1.0,1.0,2.0,,1.0,1.0,20605105,2.0,0.0
20607104,206071,20607,00206,0028,2022,nacional,5,2,mujer,3-5,7891,1,,,3.0,0.0,0,1,1.0,0.0,,,0,0.0,,1.0,Madre,2.0,30.0,4,1,2,,0.0,1,,3.0,0.0,1,1.0,02,1.0,2.0,,,2.0,,20607102,2.0,0.0
20608105,206081,20608,00206,0028,2022,nacional,4,1,hombre,3-5,7891,1,,,3.0,0.0,0,1,1.0,1.0,0.0,,0,1.0,1.0,1.0,Madre,2.0,36.0,5,1,2,,1.0,1,,3.0,0.0,1,1.0,02,1.0,1.0,2.0,,1.0,1.0,20608102,1.0,1.0
20610104,206101,20610,00206,0028,2022,nacional,0,2,mujer,0-2,7891,0,3.0,No hay centros o quedan lejos,,,0,1,1.0,0.0,,,0,0.0,,1.0,Madre,2.0,21.0,6,2,3,1.0,0.0,2,3.0,,,1,1.0,03,1.0,2.0,,,2.0,,20610103,2.0,0.0
20610106,206101,20610,00206,0028,2022,nacional,3,1,hombre,3-5,7891,1,,,3.0,0.0,0,1,1.0,0.0,,,0,0.0,,3.0,Abuela,2.0,51.0,6,2,3,,0.0,1,,3.0,0.0,1,1.0,01,3.0,2.0,,,2.0,,20610101,2.0,0.0
20615104,206151,20615,00206,0028,2022,nacional,2,1,hombre,0-2,7891,1,,,2.0,0.0,0,1,1.0,0.0,,,0,0.0,,1.0,Madre,2.0,25.0,4,1,2,,0.0,1,,2.0,0.0,1,1.0,02,1.0,2.0,,,2.0,,20615102,1.0,1.0
20616102,206161,20616,00206,0028,2022,nacional,4,2,mujer,3-5,7891,1,,,2.0,0.0,0,1,1.0,1.0,0.0,,0,0.0,,1.0,Madre,2.0,25.0,3,2,1,,0.0,1,,2.0,0.0,1,1.0,01,1.0,1.0,2.0,,2.0,,20616101,2.0,0.0
20616103,206161,20616,00206,0028,2022,nacional,1,1,hombre,0-2,7891,0,1.0,"No tiene necesidad, está pequeño",,,0,1,1.0,1.0,0.0,,0,0.0,,1.0,Madre,2.0,25.0,3,2,1,0.0,0.0,2,1.0,,,1,1.0,01,1.0,1.0,2.0,,2.0,,20616101,2.0,0.0
20617105,206171,20617,00206,0028,2022,nacional,0,1,hombre,0-2,7891,0,3.0,No hay centros o quedan lejos,,,0,1,1.0,1.0,0.0,,0,0.0,,1.0,Madre,2.0,33.0,5,1,2,1.0,0.0,2,3.0,,,1,1.0,02,1.0,1.0,2.0,,2.0,,20617102,2.0,0.0
20620105,206201,20620,00206,0028,2022,nacional,3,1,hombre,3-5,7891,1,,,4.0,0.0,0,1,1.0,0.0,,,0,0.0,,1.0,Madre,2.0,30.0,5,1,2,,0.0,1,,4.0,0.0,1,1.0,02,1.0,2.0,,,2.0,,20620102,2.0,0.0
20702104,207021,20702,00207,0028,2022,nacional,2,2,mujer,0-2,6782,0,1.0,"No tiene necesidad, está pequeño",,,0,1,1.0,0.0,,,0,0.0,,1.0,Madre,2.0,33.0,5,2,1,0.0,0.0,2,1.0,,,1,1.0,01,1.0,2.0,,,2.0,,20702101,1.0,1.0
20702105,207021,20702,00207,0028,2022,nacional,0,2,mujer,0-2,6782,0,1.0,"No tiene necesidad, está pequeño",,,0,1,1.0,0.0,,,0,0.0,,1.0,Madre,2.0,33.0,5,2,1,0.0,0.0,2,1.0,,,1,1.0,01,1.0,2.0,,,2.0,,20702101,1.0,1.0
20705105,207051,20705,00207,0028,2022,nacional,0,2,mujer,0-2,6782,0,1.0,"No tiene necesidad, está pequeño",,,0,1,1.0,0.0,,,0,0.0,,1.0,Madre,2.0,25.0,5,1,4,0.0,0.0,2,1.0,,,1,1.0,04,1.0,2.0,,,2.0,,20705104,2.0,0.0
20708104,207081,20708,00207,0028,2022,nacional,4,2,mujer,3-5,6782,1,,,3.0,0.0,0,1,1.0,0.0,,,0,1.0,0.0,1.0,Madre,2.0,34.0,4,1,1,,0.0,1,,3.0,0.0,1,1.0,01,1.0,2.0,,,1.0,2.0,20708101,1.0,1.0
20709105,207091,20709,00207,0028,2022,nacional,4,2,mujer,3-5,6782,0,1.0,"No tiene necesidad, está pequeño",,,0,1,1.0,0.0,,,0,0.0,,1.0,Madre,2.0,23.0,7,3,4,0.0,0.0,2,1.0,,,1,1.0,04,1.0,2.0,,,2.0,,20709104,2.0,0.0
20709106,207091,20709,00207,0028,2022,nacional,3,1,hombre,3-5,6782,0,1.0,"No tiene necesidad, está pequeño",,,0,1,1.0,0.0,,,0,0.0,,1.0,Madre,2.0,23.0,7,3,4,0.0,0.0,2,1.0,,,1,1.0,04,1.0,2.0,,,2.0,,20709104,2.0,0.0
20709107,207091,20709,00207,0028,2022,nacional,3,1,hombre,3-5,6782,0,1.0,"No tiene necesidad, está pequeño",,,0,1,1.0,0.0,,,0,0.0,,1.0,Madre,2.0,23.0,7,3,4,0.0,0.0,2,1.0,,,1,1.0,04,1.0,2.0,,,2.0,,20709104,2.0,0.0
20714104,207141,20714,00207,0028,2022,nacional,2,1,hombre,0-2,6782,0,1.0,"No tiene necesidad, está pequeño",,,0,1,0.0,0.0,,,0,0.0,,1.0,Madre,2.0,41.0,4,1,1,0.0,0.0,2,1.0,,,1,2.0,01,1.0,2.0,,,2.0,,20714101,1.0,1.0
20715105,207151,20715,00207,0028,2022,nacional,3,2,mujer,3-5,6782,0,3.0,No hay centros o quedan lejos,,,0,1,1.0,0.0,,,0,0.0,,1.0,Madre,2.0,30.0,5,1,2,1.0,0.0,2,3.0,,,1,1.0,02,1.0,2.0,,,2.0,,20715102,1.0,1.0
20717102,207171,20717,00207,0028,2022,nacional,4,1,hombre,3-5,6782,1,,,3.0,0.0,0,1,1.0,0.0,,,0,0.0,,1.0,Madre,2.0,23.0,3,2,1,,0.0,1,,3.0,0.0,1,1.0,01,1.0,2.0,,,2.0,,20717101,2.0,0.0
20717103,207171,20717,00207,0028,2022,nacional,0,2,mujer,0-2,6782,0,3.0,No hay centros o quedan lejos,,,0,1,1.0,0.0,,,0,0.0,,1.0,Madre,2.0,23.0,3,2,1,1.0,0.0,2,3.0,,,1,1.0,01,1.0,2.0,,,2.0,,20717101,2.0,0.0
20801106,208011,20801,00208,0028,2022,nacional,4,1,hombre,3-5,7114,1,,,3.0,0.0,0,1,1.0,0.0,,,0,0.0,,1.0,Madre,2.0,27.0,7,2,2,,0.0,1,,3.0,0.0,1,1.0,02,1.0,2.0,,,2.0,,20801102,2.0,0.0
20801107,208011,20801,00208,0028,2022,nacional,2,2,mujer,0-2,7114,0,1.0,"No tiene necesidad, está pequeño",,,0,1,0.0,0.0,,,0,0.0,,1.0,Madre,2.0,27.0,7,2,2,0.0,0.0,2,1.0,,,1,2.0,02,1.0,2.0,,,2.0,,20801102,2.0,0.0
20802106,208021,20802,00208,0028,2022,nacional,2,2,mujer,0-2,7114,0,1.0,"No tiene necesidad, está pequeño",,,0,1,1.0,0.0,,,0,0.0,,1.0,Madre,2.0,29.0,6,1,4,0.0,0.0,2,1.0,,,1,1.0,04,1.0,2.0,,,2.0,,20802104,2.0,0.0
20803109,208031,20803,00208,0028,2022,nacional,2,2,mujer,0-2,7114,0,1.0,"No tiene necesidad, está pequeño",,,0,1,0.0,0.0,,,0,0.0,,1.0,Madre,2.0,44.0,9,1,3,0.0,0.0,2,1.0,,,1,2.0,02,1.0,2.0,,,2.0,,20803102,2.0,0.0
20804104,208041,20804,00208,0028,2022,nacional,5,1,hombre,3-5,7114,1,,,4.0,0.0,0,1,1.0,0.0,,,0,1.0,1.0,1.0,Madre,2.0,39.0,4,1,2,,1.0,1,,4.0,0.0,1,1.0,01,1.0,2.0,,,1.0,1.0,20804101,2.0,0.0
20805103,208051,20805,00208,0028,2022,nacional,5,2,mujer,3-5,7114,1,,,4.0,0.0,0,1,1.0,0.0,,,0,0.0,,1.0,Madre,2.0,28.0,4,2,2,,0.0,1,,4.0,0.0,1,1.0,02,1.0,2.0,,,2.0,,20805102,2.0,0.0
20805104,208051,20805,00208,0028,2022,nacional,1,2,mujer,0-2,7114,0,1.0,"No tiene necesidad, está pequeño",,,0,1,1.0,0.0,,,0,0.0,,1.0,Madre,2.0,28.0,4,2,2,0.0,0.0,2,1.0,,,1,1.0,02,1.0,2.0,,,2.0,,20805102,2.0,0.0
20807102,208071,20807,00208,0028,2022,nacional,5,1,hombre,3-5,7114,1,,,4.0,0.0,0,1,1.0,0.0,,,0,0.0,,5.0,Tía,2.0,30.0,2,1,1,,0.0,1,,4.0,0.0,1,1.0,01,5.0,2.0,,,2.0,,20807101,1.0,1.0
20808105,208081,20808,00208,0028,2022,nacional,5,2,mujer,3-5,7114,1,,,3.0,0.0,0,1,1.0,0.0,,,0,0.0,,1.0,Madre,2.0,30.0,7,3,2,,0.0,1,,3.0,0.0,1,1.0,02,1.0,2.0,,,2.0,,20808102,2.0,0.0
20808106,208081,20808,00208,0028,2022,nacional,3,1,hombre,3-5,7114,0,6.0,Otra razón,,,0,1,1.0,0.0,,,0,0.0,,1.0,Madre,2.0,30.0,7,3,2,0.0,0.0,2,6.0,,,1,1.0,02,1.0,2.0,,,2.0,,20808102,2.0,0.0
20808107,208081,20808,00208,0028,2022,nacional,0,1,hombre,0-2,7114,0,1.0,"No tiene necesidad, está pequeño",,,0,1,1.0,0.0,,,0,0.0,,1.0,Madre,2.0,30.0,7,3,2,0.0,0.0,2,1.0,,,1,1.0,02,1.0,2.0,,,2.0,,20808102,2.0,0.0
20809103,208091,20809,00208,0028,2022,nacional,5,2,mujer,3-5,7114,1,,,3.0,0.0,0,1,1.0,0.0,,,0,0.0,,1.0,Madre,2.0,26.0,5,3,2,,0.0,1,,3.0,0.0,1,1.0,02,1.0,2.0,,,2.0,,20809102,2.0,0.0
20809104,208091,20809,00208,0028,2022,nacional,4,1,hombre,3-5,7114,1,,,3.0,0.0,0,1,1.0,0.0,,,0,0.0,,1.0,Madre,2.0,26.0,5,3,2,,0.0,1,,3.0,0.0,1,1.0,02,1.0,2.0,,,2.0,,20809102,2.0,0.0
20809105,208091,20809,00208,0028,2022,nacional,1,1,hombre,0-2,7114,0,1.0,"No tiene necesidad, está pequeño",,,0,1,1.0,0.0,,,0,0.0,,1.0,Madre,2.0,26.0,5,3,2,0.0,0.0,2,1.0,,,1,1.0,02,1.0,2.0,,,2.0,,20809102,2.0,0.0
20810108,208101,20810,00208,0028,2022,nacional,4,1,hombre,3-5,7114,1,,,3.0,0.0,0,1,1.0,0.0,,,0,0.0,,1.0,Madre,2.0,32.0,8,1,3,,0.0,1,,3.0,0.0,1,1.0,01,1.0,2.0,,,2.0,,20810101,2.0,0.0
20811105,208111,20811,00208,0028,2022,nacional,5,2,mujer,3-5,7114,0,6.0,Otra razón,,,0,1,1.0,1.0,0.0,,0,0.0,,1.0,Madre,2.0,24.0,6,2,2,0.0,0.0,2,6.0,,,1,1.0,02,1.0,1.0,2.0,,2.0,,20811102,2.0,0.0
20811106,208111,20811,00208,0028,2022,nacional,1,2,mujer,0-2,7114,0,1.0,"No tiene necesidad, está pequeño",,,0,1,1.0,1.0,0.0,,0,0.0,,1.0,Madre,2.0,24.0,6,2,2,0.0,0.0,2,1.0,,,1,1.0,02,1.0,1.0,2.0,,2.0,,20811102,2.0,0.0
20814105,208141,20814,00208,0028,2022,nacional,5,1,hombre,3-5,7114,1,,,4.0,0.0,0,1,1.0,0.0,,,0,0.0,,1.0,Madre,2.0,27.0,7,3,2,,0.0,1,,4.0,0.0,1,1.0,02,1.0,2.0,,,2.0,,20814102,2.0,0.0
20814106,208141,20814,00208,0028,2022,nacional,3,2,mujer,3-5,7114,0,1.0,"No tiene necesidad, está pequeño",,,0,1,1.0,0.0,,,0,0.0,,1.0,Madre,2.0,27.0,7,3,2,0.0,0.0,2,1.0,,,1,1.0,02,1.0,2.0,,,2.0,,20814102,2.0,0.0
20814107,208141,20814,00208,0028,2022,nacional,1,1,hombre,0-2,7114,0,3.0,No hay centros o quedan lejos,,,0,1,1.0,0.0,,,0,0.0,,1.0,Madre,2.0,27.0,7,3,2,1.0,0.0,2,3.0,,,1,1.0,02,1.0,2.0,,,2.0,,20814102,2.0,0.0
20815103,208151,20815,00208,0028,2022,nacional,5,1,hombre,3-5,7114,1,,,3.0,0.0,0,1,1.0,0.0,,,0,0.0,,1.0,Madre,2.0,26.0,5,3,2,,0.0,1,,3.0,0.0,1,1.0,02,1.0,2.0,,,2.0,,20815102,2.0,0.0
20815104,208151,20815,00208,0028,2022,nacional,3,1,hombre,3-5,7114,1,,,3.0,0.0,0,1,1.0,0.0,,,0,0.0,,1.0,Madre,2.0,26.0,5,3,2,,0.0,1,,3.0,0.0,1,1.0,02,1.0,2.0,,,2.0,,20815102,2.0,0.0
20815105,208151,20815,00208,0028,2022,nacional,0,2,mujer,0-2,7114,0,1.0,"No tiene necesidad, está pequeño",,,0,1,1.0,0.0,,,0,0.0,,1.0,Madre,2.0,26.0,5,3,2,0.0,0.0,2,1.0,,,1,1.0,02,1.0,2.0,,,2.0,,20815102,2.0,0.0
20817105,208171,20817,00208,0028,2022,nacional,5,2,mujer,3-5,7114,1,,,3.0,0.0,0,1,1.0,0.0,,,0,0.0,,1.0,Madre,2.0,30.0,6,2,2,,0.0,1,,3.0,0.0,1,1.0,02,1.0,2.0,,,2.0,,20817102,2.0,0.0
20817106,208171,20817,00208,0028,2022,nacional,3,1,hombre,3-5,7114,1,,,3.0,0.0,0,1,1.0,0.0,,,0,0.0,,1.0,Madre,2.0,30.0,6,2,2,,0.0,1,,3.0,0.0,1,1.0,02,1.0,2.0,,,2.0,,20817102,2.0,0.0
20819107,208191,20819,00208,0028,2022,nacional,4,1,hombre,3-5,7114,1,,,4.0,0.0,0,1,1.0,0.0,,,0,0.0,,1.0,Madre,2.0,28.0,8,2,2,,0.0,1,,4.0,0.0,1,1.0,02,1.0,2.0,,,2.0,,20819102,2.0,0.0
20819108,208191,20819,00208,0028,2022,nacional,1,1,hombre,0-2,7114,0,3.0,No hay centros o quedan lejos,,,0,1,1.0,0.0,,,0,0.0,,1.0,Madre,2.0,28.0,8,2,2,1.0,0.0,2,3.0,,,1,1.0,02,1.0,2.0,,,2.0,,20819102,2.0,0.0
20820106,208201,20820,00208,0028,2022,nacional,3,2,mujer,3-5,7114,1,,,3.0,0.0,0,1,0.0,0.0,,,0,0.0,,1.0,Madre,2.0,33.0,7,2,2,,0.0,1,,3.0,0.0,1,2.0,02,1.0,2.0,,,2.0,,20820102,2.0,0.0
20820107,208201,20820,00208,0028,2022,nacional,0,1,hombre,0-2,7114,0,1.0,"No tiene necesidad, está pequeño",,,0,1,0.0,0.0,,,0,0.0,,1.0,Madre,2.0,33.0,7,2,2,0.0,0.0,2,1.0,,,1,2.0,02,1.0,2.0,,,2.0,,20820102,2.0,0.0
20901103,209011,20901,00209,0033,2022,nacional,4,1,hombre,3-5,4271,1,,,3.0,0.0,0,1,1.0,0.0,,,0,0.0,,1.0,Madre,2.0,27.0,3,1,1,,0.0,1,,3.0,0.0,1,1.0,01,1.0,2.0,,,2.0,,20901101,1.0,1.0
21004103,210041,21004,00210,0032,2022,nacional,0,2,mujer,0-2,5000,0,1.0,"No tiene necesidad, está pequeño",,,0,1,1.0,1.0,0.0,,0,0.0,,1.0,Madre,2.0,28.0,3,1,2,0.0,0.0,2,1.0,,,1,1.0,01,1.0,1.0,2.0,,2.0,,21004101,1.0,1.0
21101103,211011,21101,00211,0032,2022,nacional,2,2,mujer,0-2,5184,0,1.0,"No tiene necesidad, está pequeño",,,0,1,1.0,1.0,1.0,300.0,0,1.0,1.0,1.0,Madre,2.0,22.0,3,1,2,0.0,1.0,2,1.0,,,1,1.0,02,1.0,1.0,1.0,300.0,1.0,1.0,21101102,1.0,1.0
21103105,211031,21103,00211,0032,2022,nacional,5,1,hombre,3-5,5184,1,,,3.0,0.0,0,1,1.0,1.0,0.0,,0,0.0,,2.0,Padre,1.0,33.0,5,1,2,,0.0,1,,3.0,0.0,1,1.0,01,2.0,1.0,2.0,,2.0,,21103101,1.0,1.0
21203106,212031,21203,00212,0033,2022,nacional,2,2,mujer,0-2,4401,0,1.0,"No tiene necesidad, está pequeño",,,0,1,1.0,0.0,,,0,0.0,,8.0,Otro parentesco mujer,2.0,17.0,6,1,3,0.0,0.0,2,1.0,,,1,1.0,03,8.0,2.0,,,2.0,,21203103,2.0,0.0
21205105,212051,21205,00212,0033,2022,nacional,4,2,mujer,3-5,4401,1,,,3.0,250.0,0,1,1.0,0.0,,,0,0.0,,1.0,Madre,2.0,34.0,6,2,2,,0.0,1,,3.0,250.0,1,1.0,02,1.0,2.0,,,2.0,,21205102,2.0,0.0
21205106,212051,21205,00212,0033,2022,nacional,2,1,hombre,0-2,4401,0,1.0,"No tiene necesidad, está pequeño",,,0,1,1.0,0.0,,,0,0.0,,1.0,Madre,2.0,34.0,6,2,2,0.0,0.0,2,1.0,,,1,1.0,02,1.0,2.0,,,2.0,,21205102,2.0,0.0
21301104,213011,21301,00213,0033,2022,nacional,4,2,mujer,3-5,4803,1,,,3.0,200.0,0,1,1.0,0.0,,,0,1.0,1.0,1.0,Madre,2.0,32.0,4,1,2,,1.0,1,,3.0,200.0,1,1.0,02,1.0,2.0,,,1.0,1.0,21301102,1.0,1.0
21305104,213051,21305,00213,0033,2022,nacional,5,2,mujer,3-5,4803,1,,,3.0,500.0,0,1,1.0,0.0,,,0,0.0,,1.0,Madre,2.0,36.0,4,1,1,,0.0,1,,3.0,500.0,1,1.0,01,1.0,2.0,,,2.0,,21305101,2.0,0.0
21701104,217011,21701,00217,0033,2022,nacional,3,2,mujer,3-5,4813,1,,,6.0,100.0,0,1,1.0,1.0,0.0,,0,0.0,,1.0,Madre,2.0,24.0,4,1,2,,0.0,1,,6.0,100.0,1,1.0,01,1.0,1.0,2.0,,2.0,,21701101,1.0,1.0
21802104,218021,21802,00218,0033,2022,nacional,5,1,hombre,3-5,4978,1,,,3.0,200.0,0,1,1.0,0.0,,,0,0.0,,2.0,Padre,1.0,26.0,4,1,2,,0.0,1,,3.0,200.0,1,1.0,01,2.0,2.0,,,2.0,,21802101,1.0,1.0
21803104,218031,21803,00218,0033,2022,nacional,5,2,mujer,3-5,4978,1,,,3.0,200.0,0,1,1.0,0.0,,,0,0.0,,1.0,Madre,2.0,31.0,4,1,2,,0.0,1,,3.0,200.0,1,1.0,02,1.0,2.0,,,2.0,,21803102,2.0,0.0
21804106,218041,21804,00218,0033,2022,nacional,3,2,mujer,3-5,4978,1,,,4.0,300.0,0,1,1.0,1.0,0.0,,0,0.0,,1.0,Madre,2.0,29.0,6,1,3,,0.0,1,,4.0,300.0,1,1.0,02,1.0,1.0,2.0,,2.0,,21804102,1.0,1.0
21905103,219051,21905,00219,0033,2022,nacional,2,1,hombre,0-2,4519,0,1.0,"No tiene necesidad, está pequeño",,,0,0,,,,,0,,,,,,,4,1,2,0.0,,2,1.0,,,2,,,,,,,,,,,
22004104,220041,22004,00220,0033,2022,nacional,5,1,hombre,3-5,4743,0,7.0,Asiste a primaria,,,0,1,1.0,0.0,,,0,0.0,,1.0,Madre,2.0,28.0,4,1,2,0.0,0.0,2,7.0,,,1,1.0,02,1.0,2.0,,,2.0,,22004102,2.0,0.0
22005103,220051,22005,00220,0033,2022,nacional,2,2,mujer,0-2,4743,1,,,5.0,2400.0,0,1,1.0,0.0,,,0,0.0,,1.0,Madre,2.0,23.0,3,1,2,,0.0,1,,5.0,2400.0,1,1.0,01,1.0,2.0,,,2.0,,22005101,1.0,1.0
22103103,221031,22103,00221,0034,2022,nacional,3,2,mujer,3-5,11844,1,,,6.0,0.0,0,1,1.0,0.0,,,0,0.0,,1.0,Madre,2.0,38.0,4,2,2,,0.0,1,,6.0,0.0,1,1.0,02,1.0,2.0,,,2.0,,22103102,1.0,1.0
22103104,221031,22103,00221,0034,2022,nacional,1,2,mujer,0-2,11844,1,,,6.0,0.0,0,1,1.0,0.0,,,0,0.0,,1.0,Madre,2.0,38.0,4,2,2,,0.0,1,,6.0,0.0,1,1.0,02,1.0,2.0,,,2.0,,22103102,1.0,1.0
22305103,223051,22305,00223,0033,2022,nacional,4,1,hombre,3-5,4541,1,,,3.0,350.0,0,1,1.0,0.0,,,0,0.0,,1.0,Madre,2.0,23.0,3,1,2,,0.0,1,,3.0,350.0,1,1.0,01,1.0,2.0,,,2.0,,22305101,2.0,0.0
22505103,225051,22505,00225,0033,2022,nacional,4,1,hombre,3-5,5699,1,,,3.0,250.0,0,1,1.0,0.0,,,0,0.0,,2.0,Padre,1.0,27.0,3,1,2,,0.0,1,,3.0,250.0,1,1.0,01,2.0,2.0,,,2.0,,22505101,1.0,1.0
22603104,226031,22603,00226,0032,2022,nacional,3,1,hombre,3-5,6305,1,,,4.0,,0,1,1.0,0.0,,,0,0.0,,1.0,Madre,2.0,29.0,4,1,2,,0.0,1,,4.0,99999.0,1,1.0,02,1.0,2.0,,,2.0,,22603102,2.0,0.0
22604105,226041,22604,00226,0032,2022,nacional,4,1,hombre,3-5,6305,1,,,6.0,0.0,0,1,1.0,0.0,,,0,0.0,,1.0,Madre,2.0,39.0,5,1,3,,0.0,1,,6.0,0.0,1,1.0,02,1.0,2.0,,,2.0,,22604102,1.0,1.0
22702104,227021,22702,00227,0033,2022,nacional,3,2,mujer,3-5,4044,1,,,8.0,0.0,0,1,1.0,0.0,,,0,0.0,,1.0,Madre,2.0,26.0,5,2,3,,0.0,1,,8.0,0.0,1,1.0,03,1.0,2.0,,,2.0,,22702103,1.0,1.0
22702105,227021,22702,00227,0033,2022,nacional,3,1,hombre,3-5,4044,0,1.0,"No tiene necesidad, está pequeño",,,0,1,1.0,1.0,0.0,,0,0.0,,3.0,Abuela,2.0,48.0,5,2,3,0.0,0.0,2,1.0,,,1,1.0,02,3.0,1.0,2.0,,2.0,,22702102,2.0,0.0
22704104,227041,22704,00227,0033,2022,nacional,3,1,hombre,3-5,4044,0,1.0,"No tiene necesidad, está pequeño",,,0,1,1.0,0.0,,,0,0.0,,1.0,Madre,2.0,30.0,4,1,2,0.0,0.0,2,1.0,,,1,1.0,02,1.0,2.0,,,2.0,,22704102,2.0,0.0
22903104,229031,22903,00229,0032,2022,nacional,4,2,mujer,3-5,5473,1,,,7.0,83.0,0,1,1.0,1.0,0.0,,0,0.0,,1.0,Madre,2.0,29.0,4,1,2,,0.0,1,,7.0,83.0,1,1.0,01,1.0,1.0,2.0,,2.0,,22903101,1.0,1.0
23005103,230051,23005,00230,0033,2022,nacional,5,1,hombre,3-5,4709,1,,,5.0,0.0,0,1,1.0,0.0,,,0,0.0,,1.0,Madre,2.0,33.0,3,1,2,,0.0,1,,5.0,0.0,1,1.0,02,1.0,2.0,,,2.0,,23005102,1.0,1.0
23203104,232031,23203,00232,0034,2022,nacional,5,1,hombre,3-5,7473,1,,,3.0,1000.0,0,1,1.0,0.0,,,0,0.0,,1.0,Madre,2.0,39.0,5,1,2,,0.0,1,,3.0,1000.0,1,1.0,02,1.0,2.0,,,2.0,,23203102,2.0,0.0
23502105,235021,23502,00235,0032,2022,nacional,2,2,mujer,0-2,4259,0,1.0,"No tiene necesidad, está pequeño",,,0,1,1.0,0.0,,,0,0.0,,1.0,Madre,2.0,19.0,5,1,4,0.0,0.0,2,1.0,,,1,1.0,04,1.0,2.0,,,2.0,,23502104,2.0,0.0
23505106,235051,23505,00235,0032,2022,nacional,4,2,mujer,3-5,4259,1,,,4.0,100.0,0,1,1.0,0.0,,,0,0.0,,3.0,Abuela,2.0,56.0,6,1,3,,0.0,1,,4.0,100.0,1,1.0,02,3.0,2.0,,,2.0,,23505102,2.0,0.0
23602103,236021,23602,00236,0033,2022,nacional,3,1,hombre,3-5,4908,1,,,6.0,1000.0,0,1,1.0,0.0,,,0,0.0,,1.0,Madre,2.0,25.0,3,1,1,,0.0,1,,6.0,1000.0,1,1.0,01,1.0,2.0,,,2.0,,23602101,1.0,1.0
23704103,237041,23704,00237,0032,2022,nacional,2,1,hombre,0-2,5100,0,1.0,"No tiene necesidad, está pequeño",,,0,1,1.0,0.0,,,0,0.0,,2.0,Padre,1.0,29.0,3,1,2,0.0,0.0,2,1.0,,,1,1.0,01,2.0,2.0,,,2.0,,23704101,1.0,1.0
23804103,238041,23804,00238,0033,2022,nacional,0,2,mujer,0-2,5164,0,1.0,"No tiene necesidad, está pequeño",,,0,1,1.0,0.0,,,0,0.0,,1.0,Madre,2.0,23.0,4,1,3,0.0,0.0,2,1.0,,,1,1.0,02,1.0,2.0,,,2.0,,23804102,1.0,1.0
23903105,239031,23903,00239,0034,2022,nacional,3,2,mujer,3-5,11721,0,1.0,"No tiene necesidad, está pequeño",,,0,1,1.0,0.0,,,0,0.0,,3.0,Abuela,2.0,35.0,6,2,2,0.0,0.0,2,1.0,,,1,1.0,02,3.0,2.0,,,2.0,,23903102,1.0,1.0
23903106,239031,23903,00239,0034,2022,nacional,0,1,hombre,0-2,11721,0,1.0,"No tiene necesidad, está pequeño",,,0,1,1.0,0.0,,,0,0.0,,3.0,Abuela,2.0,35.0,6,2,2,0.0,0.0,2,1.0,,,1,1.0,02,3.0,2.0,,,2.0,,23903102,1.0,1.0
23904104,239041,23904,00239,0034,2022,nacional,2,1,hombre,0-2,11721,0,1.0,"No tiene necesidad, está pequeño",,,0,1,1.0,0.0,,,0,0.0,,3.0,Abuela,2.0,52.0,4,1,3,0.0,0.0,2,1.0,,,1,1.0,02,3.0,2.0,,,2.0,,23904102,2.0,0.0
24202109,242021,24202,00242,0032,2022,nacional,4,1,hombre,3-5,5909,1,,,3.0,200.0,0,1,1.0,0.0,,,0,0.0,,8.0,Otro parentesco mujer,2.0,17.0,13,2,7,,0.0,1,,3.0,200.0,1,1.0,07,8.0,2.0,,,2.0,,24202107,1.0,1.0
24202113,242021,24202,00242,0032,2022,nacional,2,1,hombre,0-2,5909,0,1.0,"No tiene necesidad, está pequeño",,,0,1,1.0,0.0,,,0,0.0,,8.0,Otro parentesco mujer,2.0,17.0,13,2,7,0.0,0.0,2,1.0,,,1,1.0,07,8.0,2.0,,,2.0,,24202107,1.0,1.0
24303106,243031,24303,00243,0032,2022,nacional,1,2,mujer,0-2,4849,0,1.0,"No tiene necesidad, está pequeño",,,0,1,1.0,0.0,,,0,0.0,,1.0,Madre,2.0,21.0,7,2,4,0.0,0.0,2,1.0,,,1,1.0,03,1.0,2.0,,,2.0,,24303103,2.0,0.0
24303107,243031,24303,00243,0032,2022,nacional,3,1,hombre,3-5,4849,0,1.0,"No tiene necesidad, está pequeño",,,0,1,1.0,0.0,,,0,0.0,,1.0,Madre,2.0,21.0,7,2,4,0.0,0.0,2,1.0,,,1,1.0,03,1.0,2.0,,,2.0,,24303103,2.0,0.0
24402103,244021,24402,00244,0032,2022,nacional,5,1,hombre,3-5,5143,1,,,3.0,0.0,0,1,1.0,0.0,,,0,0.0,,1.0,Madre,2.0,44.0,3,1,2,,0.0,1,,3.0,0.0,1,1.0,02,1.0,2.0,,,2.0,,24402102,1.0,1.0
24502103,245021,24502,00245,0031,2022,nacional,4,2,mujer,3-5,7506,1,,,4.0,,0,1,1.0,1.0,0.0,,0,0.0,,1.0,Madre,2.0,38.0,4,1,2,,0.0,1,,4.0,99999.0,1,1.0,02,1.0,1.0,2.0,,2.0,,24502102,1.0,1.0
24509109,245091,24509,00245,0031,2022,nacional,5,1,hombre,3-5,7506,1,,,3.0,200.0,0,1,0.0,0.0,,,0,0.0,,,,,,9,1,4,,0.0,1,,3.0,200.0,1,2.0,00,,2.0,,,2.0,,,,
24517105,245171,24517,00245,0031,2022,nacional,5,1,hombre,3-5,7506,1,,,4.0,,0,1,1.0,0.0,,,0,0.0,,1.0,Madre,2.0,24.0,5,1,4,,0.0,1,,4.0,99999.0,1,1.0,03,1.0,2.0,,,2.0,,24517103,2.0,0.0
24519103,245191,24519,00245,0031,2022,nacional,3,2,mujer,3-5,7506,1,,,8.0,0.0,0,1,1.0,0.0,,,0,0.0,,1.0,Madre,2.0,33.0,4,2,2,,0.0,1,,8.0,0.0,1,1.0,02,1.0,2.0,,,2.0,,24519102,1.0,1.0
24519104,245191,24519,00245,0031,2022,nacional,1,2,mujer,0-2,7506,1,,,8.0,0.0,0,1,1.0,0.0,,,0,0.0,,1.0,Madre,2.0,33.0,4,2,2,,0.0,1,,8.0,0.0,1,1.0,02,1.0,2.0,,,2.0,,24519102,1.0,1.0
24607103,246071,24607,00246,0031,2022,nacional,2,2,mujer,0-2,8713,0,1.0,"No tiene necesidad, está pequeño",,,0,1,1.0,0.0,,,0,0.0,,1.0,Madre,2.0,42.0,3,1,2,0.0,0.0,2,1.0,,,1,1.0,02,1.0,2.0,,,2.0,,24607102,1.0,1.0
24614105,246141,24614,00246,0031,2022,nacional,1,1,hombre,0-2,8713,0,1.0,"No tiene necesidad, está pequeño",,,0,1,1.0,0.0,,,0,0.0,,1.0,Madre,2.0,31.0,5,1,3,0.0,0.0,2,1.0,,,1,1.0,01,1.0,2.0,,,2.0,,24614101,2.0,0.0
24616104,246161,24616,00246,0031,2022,nacional,3,1,hombre,3-5,8713,0,1.0,"No tiene necesidad, está pequeño",,,0,1,1.0,0.0,,,0,0.0,,1.0,Madre,2.0,32.0,4,1,2,0.0,0.0,2,1.0,,,1,1.0,02,1.0,2.0,,,2.0,,24616102,2.0,0.0
24905103,249051,24905,00249,0037,2022,nacional,4,2,mujer,3-5,18711,1,,,6.0,3000.0,0,1,1.0,1.0,0.0,,0,0.0,,1.0,Madre,2.0,38.0,3,1,2,,0.0,1,,6.0,3000.0,1,1.0,02,1.0,1.0,2.0,,2.0,,24905102,1.0,1.0
25005105,250051,25005,00250,0038,2022,nacional,1,1,hombre,0-2,15978,0,1.0,"No tiene necesidad, está pequeño",,,0,1,1.0,0.0,,,0,0.0,,3.0,Abuela,2.0,64.0,5,1,4,0.0,0.0,2,1.0,,,1,1.0,02,3.0,2.0,,,2.0,,25005102,2.0,0.0
25305103,253051,25305,00253,0037,2022,nacional,5,1,hombre,3-5,18340,1,,,6.0,7000.0,0,1,1.0,1.0,0.0,,0,0.0,,1.0,Madre,2.0,45.0,3,1,2,,0.0,1,,6.0,7000.0,1,1.0,02,1.0,1.0,2.0,,2.0,,25305102,2.0,0.0
25401104,254011,25401,00254,0037,2022,nacional,2,2,mujer,0-2,22714,1,,,7.0,2000.0,0,0,,,,,0,,,,,,,4,1,2,,,1,,7.0,2000.0,2,,,,,,,,,,,
25502106,255021,25502,00255,0037,2022,nacional,5,1,hombre,3-5,18192,1,,,5.0,0.0,0,1,1.0,0.0,,,0,0.0,,1.0,Madre,2.0,37.0,6,1,2,,0.0,1,,5.0,0.0,1,1.0,02,1.0,2.0,,,2.0,,25502102,1.0,1.0
25505105,255051,25505,00255,0037,2022,nacional,1,1,hombre,0-2,18192,0,1.0,"No tiene necesidad, está pequeño",,,0,1,1.0,0.0,,,0,1.0,1.0,1.0,Madre,2.0,24.0,5,1,4,0.0,1.0,2,1.0,,,1,1.0,03,1.0,2.0,,,1.0,1.0,25505103,2.0,0.0
25604103,256041,25604,00256,0036,2022,nacional,4,1,hombre,3-5,17860,1,,,5.0,0.0,0,1,1.0,0.0,,,0,0.0,,1.0,Madre,2.0,25.0,4,2,2,,0.0,1,,5.0,0.0,1,1.0,02,1.0,2.0,,,2.0,,25604102,2.0,0.0
25604104,256041,25604,00256,0036,2022,nacional,2,2,mujer,0-2,17860,0,1.0,"No tiene necesidad, está pequeño",,,0,1,1.0,0.0,,,0,0.0,,1.0,Madre,2.0,25.0,4,2,2,0.0,0.0,2,1.0,,,1,1.0,02,1.0,2.0,,,2.0,,25604102,2.0,0.0
25802104,258021,25802,00258,0036,2022,nacional,4,1,hombre,3-5,17124,1,,,5.0,0.0,0,1,1.0,1.0,0.0,,0,1.0,1.0,1.0,Madre,2.0,40.0,4,1,2,,1.0,1,,5.0,0.0,1,1.0,01,1.0,1.0,2.0,,1.0,1.0,25802101,1.0,1.0
25803104,258031,25803,00258,0036,2022,nacional,1,1,hombre,0-2,17124,0,1.0,"No tiene necesidad, está pequeño",,,0,1,1.0,0.0,,,0,0.0,,1.0,Madre,2.0,27.0,4,1,2,0.0,0.0,2,1.0,,,1,1.0,02,1.0,2.0,,,2.0,,25803102,2.0,0.0
26003104,260031,26003,00260,0036,2022,nacional,1,2,mujer,0-2,14515,0,1.0,"No tiene necesidad, está pequeño",,,0,1,1.0,0.0,,,0,0.0,,1.0,Madre,2.0,23.0,4,1,3,0.0,0.0,2,1.0,,,1,1.0,03,1.0,2.0,,,2.0,,26003103,2.0,0.0
26004107,260041,26004,00260,0036,2022,nacional,5,2,mujer,3-5,14515,1,,,5.0,0.0,0,1,1.0,0.0,,,0,0.0,,1.0,Madre,2.0,27.0,12,2,7,,0.0,1,,5.0,0.0,1,1.0,04,1.0,2.0,,,2.0,,26004104,1.0,1.0
26004111,260041,26004,00260,0036,2022,nacional,0,1,hombre,0-2,14515,0,1.0,"No tiene necesidad, está pequeño",,,0,1,1.0,1.0,0.0,,0,0.0,,1.0,Madre,2.0,22.0,12,2,7,0.0,0.0,2,1.0,,,1,1.0,12,1.0,1.0,2.0,,2.0,,26004112,1.0,1.0
26105104,261051,26105,00261,0036,2022,nacional,3,2,mujer,3-5,12230,0,6.0,Otra razón,,,0,1,1.0,0.0,,,0,0.0,,1.0,Madre,2.0,42.0,8,2,5,0.0,0.0,2,6.0,,,1,1.0,02,1.0,2.0,,,2.0,,26105102,1.0,1.0
26105108,261051,26105,00261,0036,2022,nacional,5,1,hombre,3-5,12230,1,,,5.0,,0,0,,,,,0,,,,,,,8,2,5,,,1,,5.0,99999.0,2,,,,,,,,,,,
26202104,262021,26202,00262,0037,2022,nacional,5,1,hombre,3-5,19895,1,,,4.0,0.0,0,1,1.0,0.0,,,0,0.0,,1.0,Madre,2.0,48.0,4,1,2,,0.0,1,,4.0,0.0,1,1.0,02,1.0,2.0,,,2.0,,26202102,1.0,1.0
26601104,266011,26601,00266,0036,2022,nacional,5,2,mujer,3-5,14919,1,,,5.0,0.0,0,1,1.0,0.0,,,0,0.0,,1.0,Madre,2.0,25.0,4,1,2,,0.0,1,,5.0,0.0,1,1.0,02,1.0,2.0,,,2.0,,26601102,2.0,0.0
26604103,266041,26604,00266,0036,2022,nacional,4,1,hombre,3-5,14919,1,,,4.0,0.0,0,1,1.0,0.0,,,0,0.0,,1.0,Madre,2.0,30.0,3,1,2,,0.0,1,,4.0,0.0,1,1.0,01,1.0,2.0,,,2.0,,26604101,2.0,0.0
26605105,266051,26605,00266,0036,2022,nacional,4,1,hombre,3-5,14919,0,1.0,"No tiene necesidad, está pequeño",,,0,1,1.0,0.0,,,0,0.0,,1.0,Madre,2.0,32.0,5,1,2,0.0,0.0,2,1.0,,,1,1.0,02,1.0,2.0,,,2.0,,26605102,2.0,0.0
26905105,269051,26905,00269,0037,2022,nacional,4,2,mujer,3-5,16732,1,,,3.0,0.0,0,1,1.0,0.0,,,0,0.0,,1.0,Madre,2.0,33.0,5,1,3,,0.0,1,,3.0,0.0,1,1.0,03,1.0,2.0,,,2.0,,26905103,1.0,1.0
27103104,271031,27103,00271,0036,2022,nacional,5,1,hombre,3-5,16883,1,,,4.0,0.0,0,1,1.0,0.0,,,0,0.0,,7.0,Otro,2.0,49.0,4,1,2,,0.0,1,,4.0,0.0,1,1.0,01,7.0,2.0,,,2.0,,27103101,2.0,0.0
27105104,271051,27105,00271,0036,2022,nacional,2,1,hombre,0-2,16883,0,1.0,"No tiene necesidad, está pequeño",,,0,1,1.0,0.0,,,0,0.0,,1.0,Madre,2.0,28.0,4,1,2,0.0,0.0,2,1.0,,,1,1.0,02,1.0,2.0,,,2.0,,27105102,2.0,0.0
27201103,272011,27201,00272,0036,2022,nacional,3,1,hombre,3-5,16898,0,1.0,"No tiene necesidad, está pequeño",,,0,1,1.0,0.0,,,0,0.0,,1.0,Madre,2.0,26.0,4,2,2,0.0,0.0,2,1.0,,,1,1.0,02,1.0,2.0,,,2.0,,27201102,2.0,0.0
27201104,272011,27201,00272,0036,2022,nacional,0,2,mujer,0-2,16898,0,1.0,"No tiene necesidad, está pequeño",,,0,1,1.0,0.0,,,0,0.0,,1.0,Madre,2.0,26.0,4,2,2,0.0,0.0,2,1.0,,,1,1.0,02,1.0,2.0,,,2.0,,27201102,2.0,0.0
27304105,273041,27304,00273,0038,2022,nacional,5,1,hombre,3-5,18831,1,,,6.0,2000.0,0,1,1.0,0.0,,,0,0.0,,1.0,Madre,2.0,25.0,5,1,4,,0.0,1,,6.0,2000.0,1,1.0,04,1.0,2.0,,,2.0,,27304104,1.0,1.0
27804104,278041,27804,00278,0038,2022,nacional,5,1,hombre,3-5,20097,1,,,6.0,5500.0,0,1,1.0,0.0,,,0,0.0,,1.0,Madre,2.0,45.0,4,1,2,,0.0,1,,6.0,5500.0,1,1.0,02,1.0,2.0,,,2.0,,27804102,1.0,1.0
27901103,279011,27901,00279,0037,2022,nacional,1,2,mujer,0-2,19424,0,1.0,"No tiene necesidad, está pequeño",,,0,1,1.0,0.0,,,0,0.0,,1.0,Madre,2.0,31.0,3,1,2,0.0,0.0,2,1.0,,,1,1.0,02,1.0,2.0,,,2.0,,27901102,2.0,0.0
28204106,282041,28204,00282,0036,2022,nacional,3,2,mujer,3-5,17923,1,,,6.0,0.0,0,1,1.0,1.0,0.0,,0,0.0,,1.0,Madre,2.0,34.0,6,1,2,,0.0,1,,6.0,0.0,1,1.0,01,1.0,1.0,2.0,,2.0,,28204101,1.0,1.0
28305104,283051,28305,00283,0036,2022,nacional,2,2,mujer,0-2,14862,0,6.0,Otra razón,,,0,1,1.0,0.0,,,0,0.0,,1.0,Madre,2.0,35.0,4,1,2,0.0,0.0,2,6.0,,,1,1.0,02,1.0,2.0,,,2.0,,28305102,2.0,0.0
28603105,286031,28603,00286,0036,2022,nacional,4,1,hombre,3-5,18595,1,,,4.0,1100.0,0,1,1.0,0.0,,,0,1.0,0.0,1.0,Madre,2.0,30.0,5,1,2,,0.0,1,,4.0,1100.0,1,1.0,01,1.0,2.0,,,1.0,2.0,28603101,1.0,1.0
28604103,286041,28604,00286,0036,2022,nacional,5,2,mujer,3-5,18595,1,,,6.0,0.0,0,1,1.0,0.0,,,0,0.0,,1.0,Madre,2.0,21.0,3,1,2,,0.0,1,,6.0,0.0,1,1.0,01,1.0,2.0,,,2.0,,28604101,2.0,0.0
28708103,287081,28708,00287,0035,2022,nacional,2,2,mujer,0-2,1104,0,1.0,"No tiene necesidad, está pequeño",,,0,1,1.0,1.0,1.0,800.0,0,0.0,,1.0,Madre,2.0,30.0,3,1,1,0.0,0.0,2,1.0,,,1,1.0,01,1.0,1.0,1.0,800.0,2.0,,28708101,1.0,1.0
28710106,287101,28710,00287,0035,2022,nacional,2,1,hombre,0-2,1104,0,1.0,"No tiene necesidad, está pequeño",,,0,1,1.0,0.0,,,0,0.0,,1.0,Madre,2.0,28.0,6,1,2,0.0,0.0,2,1.0,,,1,1.0,02,1.0,2.0,,,2.0,,28710102,1.0,1.0
28801103,288011,28801,00288,0035,2022,nacional,3,2,mujer,3-5,1091,0,1.0,"No tiene necesidad, está pequeño",,,0,1,1.0,0.0,,,0,0.0,,1.0,Madre,2.0,34.0,3,1,2,0.0,0.0,2,1.0,,,1,1.0,01,1.0,2.0,,,2.0,,28801101,2.0,0.0
28801303,288013,28801,00288,0035,2022,nacional,1,2,mujer,0-2,1091,0,1.0,"No tiene necesidad, está pequeño",,,0,1,1.0,0.0,,,0,0.0,,1.0,Madre,2.0,31.0,3,1,2,0.0,0.0,2,1.0,,,1,1.0,02,1.0,2.0,,,2.0,,28801302,1.0,1.0
28805104,288051,28805,00288,0035,2022,nacional,0,1,hombre,0-2,1091,0,1.0,"No tiene necesidad, está pequeño",,,0,1,0.0,0.0,,,0,0.0,,,,,,5,1,3,0.0,0.0,2,1.0,,,1,2.0,00,,2.0,,,2.0,,,,
28806103,288061,28806,00288,0035,2022,nacional,4,1,hombre,3-5,1091,1,,,5.0,4600.0,0,1,1.0,1.0,0.0,,0,1.0,0.0,1.0,Madre,2.0,29.0,3,1,2,,0.0,1,,5.0,4600.0,1,1.0,02,1.0,1.0,2.0,,1.0,2.0,28806102,1.0,1.0
28807107,288071,28807,00288,0035,2022,nacional,4,1,hombre,3-5,1091,1,,,3.0,0.0,0,1,1.0,1.0,0.0,,0,1.0,0.0,5.0,Tía,2.0,36.0,7,1,5,,0.0,1,,3.0,0.0,1,1.0,05,5.0,1.0,2.0,,1.0,2.0,28807105,1.0,1.0
28809104,288091,28809,00288,0035,2022,nacional,4,1,hombre,3-5,1091,1,,,6.0,1000.0,0,1,1.0,0.0,,,0,0.0,,1.0,Madre,2.0,34.0,4,1,3,,0.0,1,,6.0,1000.0,1,1.0,01,1.0,2.0,,,2.0,,28809101,1.0,1.0
29003103,290031,29003,00290,0042,2022,nacional,4,2,mujer,3-5,2810,1,,,4.0,100.0,0,0,,,,,0,,,,,,,3,1,2,,,1,,4.0,100.0,2,,,,,,,,,,,
29102105,291021,29102,00291,0042,2022,nacional,2,1,hombre,0-2,2890,1,,,4.0,0.0,0,0,,,,,0,,,,,,,5,1,3,,,1,,4.0,0.0,2,,,,,,,,,,,
29205103,292051,29205,00292,0041,2022,nacional,3,2,mujer,3-5,2562,1,,,7.0,1500.0,0,1,1.0,0.0,,,0,0.0,,2.0,Padre,1.0,35.0,3,1,2,,0.0,1,,7.0,1500.0,1,1.0,01,2.0,2.0,,,2.0,,29205101,1.0,1.0
29402105,294021,29402,00294,0042,2022,nacional,1,1,hombre,0-2,2387,0,1.0,"No tiene necesidad, está pequeño",,,0,1,1.0,0.0,,,0,0.0,,1.0,Madre,2.0,32.0,5,1,2,0.0,0.0,2,1.0,,,1,1.0,02,1.0,2.0,,,2.0,,29402102,2.0,0.0
29501104,295011,29501,00295,0042,2022,nacional,3,1,hombre,3-5,3146,1,,,6.0,100.0,0,1,1.0,0.0,,,0,0.0,,4.0,Abuelo,2.0,34.0,4,1,3,,0.0,1,,6.0,100.0,1,1.0,03,4.0,2.0,,,2.0,,29501103,1.0,1.0
29902103,299021,29902,00299,0041,2022,nacional,5,1,hombre,3-5,3279,1,,,3.0,0.0,0,1,1.0,0.0,,,0,0.0,,1.0,Madre,2.0,28.0,3,1,2,,0.0,1,,3.0,0.0,1,1.0,02,1.0,2.0,,,2.0,,29902102,2.0,0.0
30002107,300021,30002,00300,0041,2022,nacional,2,1,hombre,0-2,3328,0,1.0,"No tiene necesidad, está pequeño",,,0,1,1.0,0.0,,,0,0.0,,1.0,Madre,2.0,34.0,7,1,5,0.0,0.0,2,1.0,,,1,1.0,06,1.0,2.0,,,2.0,,30002106,1.0,1.0
30005104,300051,30005,00300,0041,2022,nacional,5,1,hombre,3-5,3328,1,,,3.0,40.0,0,1,1.0,0.0,,,0,0.0,,1.0,Madre,2.0,30.0,4,1,2,,0.0,1,,3.0,40.0,1,1.0,02,1.0,2.0,,,2.0,,30005102,1.0,1.0
30104106,301041,30104,00301,0043,2022,nacional,1,2,mujer,0-2,3801,0,6.0,Otra razón,,,0,1,1.0,0.0,,,0,0.0,,1.0,Madre,2.0,25.0,7,1,5,0.0,0.0,2,6.0,,,1,1.0,04,1.0,2.0,,,2.0,,30104104,1.0,1.0
30203105,302031,30203,00302,0041,2022,nacional,0,2,mujer,0-2,3209,0,1.0,"No tiene necesidad, está pequeño",,,0,1,1.0,0.0,,,0,0.0,,1.0,Madre,2.0,19.0,5,1,4,0.0,0.0,2,1.0,,,1,1.0,04,1.0,2.0,,,2.0,,30203104,1.0,1.0
30502106,305021,30502,00305,0041,2022,nacional,2,2,mujer,0-2,2903,0,1.0,"No tiene necesidad, está pequeño",,,0,1,1.0,1.0,0.0,,0,0.0,,1.0,Madre,2.0,25.0,6,1,4,0.0,0.0,2,1.0,,,1,1.0,04,1.0,1.0,2.0,,2.0,,30502104,2.0,0.0
30504103,305041,30504,00305,0041,2022,nacional,5,1,hombre,3-5,2903,1,,,4.0,2500.0,0,1,1.0,0.0,,,0,0.0,,1.0,Madre,2.0,30.0,4,2,2,,0.0,1,,4.0,2500.0,1,1.0,02,1.0,2.0,,,2.0,,30504102,2.0,0.0
30504104,305041,30504,00305,0041,2022,nacional,1,2,mujer,0-2,2903,0,1.0,"No tiene necesidad, está pequeño",,,0,1,1.0,0.0,,,0,0.0,,1.0,Madre,2.0,30.0,4,2,2,0.0,0.0,2,1.0,,,1,1.0,02,1.0,2.0,,,2.0,,30504102,2.0,0.0
30601102,306011,30601,00306,0041,2022,nacional,5,2,mujer,3-5,2817,1,,,6.0,2500.0,0,1,1.0,0.0,,,0,0.0,,1.0,Madre,2.0,35.0,4,1,2,,0.0,1,,6.0,2500.0,1,1.0,04,1.0,2.0,,,2.0,,30601104,1.0,1.0
30805103,308051,30805,00308,0042,2022,nacional,2,2,mujer,0-2,1999,1,,,5.0,0.0,0,1,1.0,1.0,0.0,,0,1.0,1.0,1.0,Madre,2.0,40.0,4,2,2,,1.0,1,,5.0,0.0,1,1.0,02,1.0,1.0,2.0,,1.0,1.0,30805102,1.0,1.0
30805104,308051,30805,00308,0042,2022,nacional,0,1,hombre,0-2,1999,1,,,5.0,0.0,0,1,1.0,1.0,0.0,,0,1.0,1.0,1.0,Madre,2.0,40.0,4,2,2,,1.0,1,,5.0,0.0,1,1.0,02,1.0,1.0,2.0,,1.0,1.0,30805102,1.0,1.0
31001103,310011,31001,00310,0043,2022,nacional,3,1,hombre,3-5,4653,0,1.0,"No tiene necesidad, está pequeño",,,0,1,1.0,1.0,0.0,,0,0.0,,1.0,Madre,2.0,32.0,3,1,2,0.0,0.0,2,1.0,,,1,1.0,02,1.0,1.0,2.0,,2.0,,31001102,1.0,1.0
31005104,310051,31005,00310,0043,2022,nacional,0,2,mujer,0-2,4653,0,1.0,"No tiene necesidad, está pequeño",,,0,1,1.0,0.0,,,0,0.0,,3.0,Abuela,2.0,62.0,4,1,3,0.0,0.0,2,1.0,,,1,1.0,02,3.0,2.0,,,2.0,,31005102,2.0,0.0
31102104,311021,31102,00311,0041,2022,nacional,4,1,hombre,3-5,3233,1,,,3.0,1000.0,0,1,1.0,0.0,,,0,0.0,,1.0,Madre,2.0,40.0,5,1,3,,0.0,1,,3.0,1000.0,1,1.0,01,1.0,2.0,,,2.0,,31102101,1.0,1.0
31205107,312051,31205,00312,0041,2022,nacional,1,2,mujer,0-2,2215,0,1.0,"No tiene necesidad, está pequeño",,,0,1,1.0,0.0,,,0,0.0,,1.0,Madre,2.0,25.0,7,1,5,0.0,0.0,2,1.0,,,1,1.0,04,1.0,2.0,,,2.0,,31205104,2.0,0.0
31303106,313031,31303,00313,0039,2022,nacional,1,2,mujer,0-2,2568,0,1.0,"No tiene necesidad, está pequeño",,,0,1,0.0,0.0,,,0,1.0,1.0,1.0,Madre,2.0,31.0,6,1,2,0.0,1.0,2,1.0,,,1,2.0,02,1.0,2.0,,,1.0,1.0,31303102,1.0,1.0
31306105,313061,31306,00313,0039,2022,nacional,4,1,hombre,3-5,2568,1,,,3.0,0.0,0,1,1.0,0.0,,,0,0.0,,1.0,Madre,2.0,33.0,5,1,2,,0.0,1,,3.0,0.0,1,1.0,02,1.0,2.0,,,2.0,,31306102,1.0,1.0
31310107,313101,31310,00313,0039,2022,nacional,4,1,hombre,3-5,2568,1,,,3.0,50.0,0,1,1.0,0.0,,,0,0.0,,3.0,Abuela,2.0,52.0,8,2,5,,0.0,1,,3.0,50.0,1,1.0,02,3.0,2.0,,,2.0,,31310102,1.0,1.0
31310108,313101,31310,00313,0039,2022,nacional,1,1,hombre,0-2,2568,0,1.0,"No tiene necesidad, está pequeño",,,0,1,1.0,0.0,,,0,0.0,,3.0,Abuela,2.0,52.0,8,2,5,0.0,0.0,2,1.0,,,1,1.0,02,3.0,2.0,,,2.0,,31310102,1.0,1.0
31313105,313131,31313,00313,0039,2022,nacional,3,2,mujer,3-5,2568,1,,,3.0,50.0,0,1,1.0,0.0,,,0,0.0,,1.0,Madre,2.0,37.0,6,1,2,,0.0,1,,3.0,50.0,1,1.0,02,1.0,2.0,,,2.0,,31313102,1.0,1.0
31316104,313161,31316,00313,0039,2022,nacional,2,2,mujer,0-2,2568,0,4.0,Horarios incompatibles con madre/padre/tutor,,,0,1,1.0,0.0,,,0,0.0,,1.0,Madre,2.0,22.0,4,1,2,1.0,0.0,2,4.0,,,1,1.0,02,1.0,2.0,,,2.0,,31316102,1.0,1.0
31404102,314041,31404,00314,0039,2022,nacional,0,2,mujer,0-2,2971,0,1.0,"No tiene necesidad, está pequeño",,,0,1,1.0,1.0,0.0,,0,1.0,1.0,1.0,Madre,2.0,32.0,2,1,1,0.0,1.0,2,1.0,,,1,1.0,01,1.0,1.0,2.0,,1.0,1.0,31404101,1.0,1.0
31413105,314131,31413,00314,0039,2022,nacional,4,1,hombre,3-5,2971,1,,,4.0,,0,1,1.0,0.0,,,0,0.0,,3.0,Abuela,2.0,48.0,6,1,5,,0.0,1,,4.0,99999.0,1,1.0,02,3.0,2.0,,,2.0,,31413102,2.0,0.0
31414104,314141,31414,00314,0039,2022,nacional,2,1,hombre,0-2,2971,0,1.0,"No tiene necesidad, está pequeño",,,0,1,1.0,0.0,,,0,0.0,,1.0,Madre,2.0,34.0,4,1,2,0.0,0.0,2,1.0,,,1,1.0,02,1.0,2.0,,,2.0,,31414102,2.0,0.0
31416105,314161,31416,00314,0039,2022,nacional,0,1,hombre,0-2,2971,0,1.0,"No tiene necesidad, está pequeño",,,0,1,1.0,0.0,,,0,0.0,,1.0,Madre,2.0,29.0,5,1,2,0.0,0.0,2,1.0,,,1,1.0,02,1.0,2.0,,,2.0,,31416102,2.0,0.0
31419104,314191,31419,00314,0039,2022,nacional,1,1,hombre,0-2,2971,0,1.0,"No tiene necesidad, está pequeño",,,0,1,1.0,1.0,1.0,1500.0,0,1.0,0.0,1.0,Madre,2.0,34.0,4,1,2,0.0,0.0,2,1.0,,,1,1.0,03,1.0,1.0,1.0,1500.0,1.0,2.0,31419103,1.0,1.0
31504104,315041,31504,00315,0040,2022,nacional,2,2,mujer,0-2,2412,0,1.0,"No tiene necesidad, está pequeño",,,0,1,1.0,0.0,,,0,0.0,,1.0,Madre,2.0,30.0,5,2,3,0.0,0.0,2,1.0,,,1,1.0,02,1.0,2.0,,,2.0,,31504102,2.0,0.0
31504105,315041,31504,00315,0040,2022,nacional,1,1,hombre,0-2,2412,0,1.0,"No tiene necesidad, está pequeño",,,0,1,1.0,0.0,,,0,0.0,,1.0,Madre,2.0,30.0,5,2,3,0.0,0.0,2,1.0,,,1,1.0,02,1.0,2.0,,,2.0,,31504102,2.0,0.0
31517104,315171,31517,00315,0040,2022,nacional,5,2,mujer,3-5,2412,1,,,3.0,0.0,0,1,1.0,0.0,,,0,0.0,,1.0,Madre,2.0,29.0,4,1,3,,0.0,1,,3.0,0.0,1,1.0,03,1.0,2.0,,,2.0,,31517103,1.0,1.0
31518104,315181,31518,00315,0040,2022,nacional,5,1,hombre,3-5,2412,1,,,3.0,10.0,0,1,1.0,1.0,0.0,,0,0.0,,1.0,Madre,2.0,43.0,4,1,2,,0.0,1,,3.0,10.0,1,1.0,02,1.0,1.0,2.0,,2.0,,31518102,1.0,1.0
31520104,315201,31520,00315,0040,2022,nacional,2,2,mujer,0-2,2412,0,1.0,"No tiene necesidad, está pequeño",,,0,1,1.0,0.0,,,0,0.0,,1.0,Madre,2.0,31.0,4,1,1,0.0,0.0,2,1.0,,,1,1.0,01,1.0,2.0,,,2.0,,31520101,2.0,0.0
31604105,316041,31604,00316,0040,2022,nacional,2,2,mujer,0-2,2505,1,,,2.0,0.0,0,1,1.0,0.0,,,0,0.0,,1.0,Madre,2.0,23.0,5,1,3,,0.0,1,,2.0,0.0,1,1.0,03,1.0,2.0,,,2.0,,31604103,1.0,1.0
31609104,316091,31609,00316,0040,2022,nacional,5,2,mujer,3-5,2505,1,,,3.0,0.0,0,1,1.0,0.0,,,0,0.0,,1.0,Madre,2.0,32.0,4,1,2,,0.0,1,,3.0,0.0,1,1.0,02,1.0,2.0,,,2.0,,31609102,2.0,0.0
31614106,316141,31614,00316,0040,2022,nacional,3,2,mujer,3-5,2505,0,3.0,No hay centros o quedan lejos,,,0,1,1.0,0.0,,,0,0.0,,1.0,Madre,2.0,33.0,7,2,4,1.0,0.0,2,3.0,,,1,1.0,04,1.0,2.0,,,2.0,,31614104,2.0,0.0
31614107,316141,31614,00316,0040,2022,nacional,1,1,hombre,0-2,2505,0,1.0,"No tiene necesidad, está pequeño",,,0,1,1.0,0.0,,,0,0.0,,1.0,Madre,2.0,33.0,7,2,4,0.0,0.0,2,1.0,,,1,1.0,04,1.0,2.0,,,2.0,,31614104,2.0,0.0
31618102,316181,31618,00316,0040,2022,nacional,3,1,hombre,3-5,2505,1,,,3.0,0.0,0,1,0.0,1.0,0.0,,0,0.0,,,,,,3,2,1,,0.0,1,,3.0,0.0,1,2.0,00,,1.0,2.0,,2.0,,,,
31618103,316181,31618,00316,0040,2022,nacional,0,2,mujer,0-2,2505,0,1.0,"No tiene necesidad, está pequeño",,,0,1,0.0,1.0,0.0,,0,0.0,,,,,,3,2,1,0.0,0.0,2,1.0,,,1,2.0,00,,1.0,2.0,,2.0,,,,
31702106,317021,31702,00317,0040,2022,nacional,4,1,hombre,3-5,2159,1,,,4.0,0.0,0,1,1.0,0.0,,,0,0.0,,1.0,Madre,2.0,32.0,6,1,3,,0.0,1,,4.0,0.0,1,1.0,03,1.0,2.0,,,2.0,,31702103,1.0,1.0
31706102,317061,31706,00317,0040,2022,nacional,3,1,hombre,3-5,2159,0,3.0,No hay centros o quedan lejos,,,0,1,1.0,0.0,,,0,0.0,,1.0,Madre,2.0,26.0,4,2,2,1.0,0.0,2,3.0,,,1,1.0,04,1.0,2.0,,,2.0,,31706104,2.0,0.0
31706103,317061,31706,00317,0040,2022,nacional,0,2,mujer,0-2,2159,0,3.0,No hay centros o quedan lejos,,,0,1,1.0,0.0,,,0,0.0,,1.0,Madre,2.0,26.0,4,2,2,1.0,0.0,2,3.0,,,1,1.0,04,1.0,2.0,,,2.0,,31706104,2.0,0.0
31709104,317091,31709,00317,0040,2022,nacional,4,1,hombre,3-5,2159,1,,,4.0,0.0,0,1,1.0,0.0,,,0,0.0,,1.0,Madre,2.0,32.0,5,2,2,,0.0,1,,4.0,0.0,1,1.0,02,1.0,2.0,,,2.0,,31709102,,
31709105,317091,31709,00317,0040,2022,nacional,0,1,hombre,0-2,2159,0,1.0,"No tiene necesidad, está pequeño",,,0,0,,,,,0,,,,,,,5,2,2,0.0,,2,1.0,,,2,,,,,,,,,,,
31710103,317101,31710,00317,0040,2022,nacional,2,1,hombre,0-2,2159,0,6.0,Otra razón,,,0,1,1.0,0.0,,,0,0.0,,1.0,Madre,2.0,20.0,3,1,2,0.0,0.0,2,6.0,,,1,1.0,02,1.0,2.0,,,2.0,,31710102,,
31711103,317111,31711,00317,0040,2022,nacional,1,1,hombre,0-2,2159,1,,,3.0,0.0,0,1,1.0,0.0,,,0,0.0,,1.0,Madre,2.0,25.0,3,1,2,,0.0,1,,3.0,0.0,1,1.0,02,1.0,2.0,,,2.0,,31711102,1.0,1.0
31712103,317121,31712,00317,0040,2022,nacional,3,1,hombre,3-5,2159,1,,,3.0,50.0,0,1,1.0,0.0,,,0,0.0,,1.0,Madre,2.0,23.0,4,2,2,,0.0,1,,3.0,50.0,1,1.0,02,1.0,2.0,,,2.0,,31712102,1.0,1.0
31712104,317121,31712,00317,0040,2022,nacional,1,2,mujer,0-2,2159,0,1.0,"No tiene necesidad, está pequeño",,,0,1,1.0,0.0,,,0,0.0,,1.0,Madre,2.0,23.0,4,2,2,0.0,0.0,2,1.0,,,1,1.0,02,1.0,2.0,,,2.0,,31712102,1.0,1.0
31717103,317171,31717,00317,0040,2022,nacional,4,2,mujer,3-5,2159,1,,,4.0,0.0,0,1,1.0,1.0,0.0,,0,1.0,0.0,1.0,Madre,2.0,42.0,3,1,1,,0.0,1,,4.0,0.0,1,1.0,01,1.0,1.0,2.0,,1.0,2.0,31717101,1.0,1.0
31902104,319021,31902,00319,0046,2022,nacional,4,1,hombre,3-5,7677,1,,,3.0,42.0,0,1,1.0,0.0,,,0,0.0,,1.0,Madre,2.0,26.0,5,2,3,,0.0,1,,3.0,42.0,1,1.0,03,1.0,2.0,,,2.0,,31902103,2.0,0.0
31902105,319021,31902,00319,0046,2022,nacional,0,1,hombre,0-2,7677,0,1.0,"No tiene necesidad, está pequeño",,,0,1,1.0,0.0,,,0,0.0,,1.0,Madre,2.0,26.0,5,2,3,0.0,0.0,2,1.0,,,1,1.0,03,1.0,2.0,,,2.0,,31902103,2.0,0.0
31905106,319051,31905,00319,0046,2022,nacional,0,2,mujer,0-2,7677,0,1.0,"No tiene necesidad, está pequeño",,,0,1,1.0,0.0,,,0,0.0,,1.0,Madre,2.0,42.0,6,1,4,0.0,0.0,2,1.0,,,1,1.0,04,1.0,2.0,,,2.0,,31905104,1.0,1.0
32003106,320031,32003,00320,0047,2022,nacional,5,2,mujer,3-5,8586,1,,,4.0,70.0,0,1,1.0,0.0,,,0,0.0,,5.0,Tía,2.0,43.0,6,1,5,,0.0,1,,4.0,70.0,1,1.0,03,5.0,2.0,,,2.0,,32003103,1.0,1.0
32105104,321051,32105,00321,0047,2022,nacional,4,2,mujer,3-5,5395,1,,,3.0,33.0,0,1,1.0,0.0,,,0,1.0,1.0,1.0,Madre,2.0,38.0,4,1,1,,1.0,1,,3.0,33.0,1,1.0,01,1.0,2.0,,,1.0,1.0,32105101,1.0,1.0
32401103,324011,32401,00324,0046,2022,nacional,0,1,hombre,0-2,7583,0,6.0,Otra razón,,,0,1,1.0,0.0,,,0,0.0,,3.0,Abuela,2.0,64.0,3,1,2,0.0,0.0,2,6.0,,,1,1.0,01,3.0,2.0,,,2.0,,32401101,1.0,1.0
32505104,325051,32505,00325,0047,2022,nacional,0,2,mujer,0-2,8606,0,1.0,"No tiene necesidad, está pequeño",,,0,1,1.0,0.0,,,0,0.0,,1.0,Madre,2.0,30.0,4,1,3,0.0,0.0,2,1.0,,,1,1.0,02,1.0,2.0,,,2.0,,32505102,,
32604107,326041,32604,00326,0047,2022,nacional,3,2,mujer,3-5,9198,0,1.0,"No tiene necesidad, está pequeño",,,0,1,1.0,0.0,,,0,0.0,,1.0,Madre,2.0,32.0,7,1,4,0.0,0.0,2,1.0,,,1,1.0,03,1.0,2.0,,,2.0,,32604103,1.0,1.0
32703106,327031,32703,00327,0046,2022,nacional,3,1,hombre,3-5,8438,0,1.0,"No tiene necesidad, está pequeño",,,0,1,1.0,1.0,0.0,,0,1.0,1.0,1.0,Madre,2.0,40.0,7,2,3,0.0,1.0,2,1.0,,,1,1.0,01,1.0,1.0,2.0,,1.0,1.0,32703101,1.0,1.0
32703107,327031,32703,00327,0046,2022,nacional,1,1,hombre,0-2,8438,0,1.0,"No tiene necesidad, está pequeño",,,0,1,1.0,0.0,,,0,1.0,1.0,5.0,Tía,2.0,15.0,7,2,3,0.0,1.0,2,1.0,,,1,1.0,05,5.0,2.0,,,1.0,1.0,32703105,2.0,0.0
32902109,329021,32902,00329,0046,2022,nacional,1,1,hombre,0-2,9485,0,1.0,"No tiene necesidad, está pequeño",,,0,1,1.0,0.0,,,0,0.0,,5.0,Tía,2.0,16.0,9,1,7,0.0,0.0,2,1.0,,,1,1.0,06,5.0,2.0,,,2.0,,32902106,2.0,0.0
33004105,330041,33004,00330,0048,2022,nacional,4,2,mujer,3-5,10098,1,,,5.0,1300.0,0,1,1.0,0.0,,,0,0.0,,1.0,Madre,2.0,41.0,5,1,2,,0.0,1,,5.0,1300.0,1,1.0,01,1.0,2.0,,,2.0,,33004101,1.0,1.0
33102105,331021,33102,00331,0047,2022,nacional,5,1,hombre,3-5,8373,1,,,3.0,71.0,0,1,1.0,0.0,,,0,0.0,,1.0,Madre,2.0,38.0,5,1,2,,0.0,1,,3.0,71.0,1,1.0,02,1.0,2.0,,,2.0,,33102102,2.0,0.0
33104108,331041,33104,00331,0047,2022,nacional,5,1,hombre,3-5,8373,1,,,3.0,42.0,0,1,1.0,0.0,,,0,0.0,,2.0,Padre,1.0,27.0,9,2,5,,0.0,1,,3.0,42.0,1,1.0,03,2.0,2.0,,,2.0,,33104103,1.0,1.0
33104109,331041,33104,00331,0047,2022,nacional,4,2,mujer,3-5,8373,1,,,3.0,42.0,0,1,1.0,0.0,,,0,0.0,,1.0,Madre,2.0,42.0,9,2,5,,0.0,1,,3.0,42.0,1,1.0,02,1.0,2.0,,,2.0,,33104102,1.0,1.0
33304104,333041,33304,00333,0047,2022,nacional,3,1,hombre,3-5,7537,0,6.0,Otra razón,,,0,1,1.0,1.0,0.0,,0,0.0,,1.0,Madre,2.0,34.0,4,1,2,0.0,0.0,2,6.0,,,1,1.0,02,1.0,1.0,2.0,,2.0,,33304102,1.0,1.0
33401105,334011,33401,00334,0046,2022,nacional,3,1,hombre,3-5,12145,0,1.0,"No tiene necesidad, está pequeño",,,0,1,1.0,0.0,,,0,0.0,,1.0,Madre,2.0,29.0,5,1,2,0.0,0.0,2,1.0,,,1,1.0,02,1.0,2.0,,,2.0,,33401102,2.0,0.0
33602109,336021,33602,00336,0046,2022,nacional,0,2,mujer,0-2,8935,0,1.0,"No tiene necesidad, está pequeño",,,0,1,1.0,0.0,,,0,0.0,,1.0,Madre,2.0,23.0,10,1,6,0.0,0.0,2,1.0,,,1,1.0,05,1.0,2.0,,,2.0,,33602105,1.0,1.0
33603105,336031,33603,00336,0046,2022,nacional,4,2,mujer,3-5,8935,1,,,3.0,58.0,0,1,1.0,0.0,,,0,0.0,,1.0,Madre,2.0,23.0,6,2,3,,0.0,1,,3.0,58.0,1,1.0,03,1.0,2.0,,,2.0,,33603103,1.0,1.0
33603106,336031,33603,00336,0046,2022,nacional,2,2,mujer,0-2,8935,0,1.0,"No tiene necesidad, está pequeño",,,0,1,1.0,0.0,,,0,0.0,,1.0,Madre,2.0,23.0,6,2,3,0.0,0.0,2,1.0,,,1,1.0,03,1.0,2.0,,,2.0,,33603103,1.0,1.0
33605105,336051,33605,00336,0046,2022,nacional,0,1,hombre,0-2,8935,0,1.0,"No tiene necesidad, está pequeño",,,0,1,1.0,1.0,,,0,0.0,,1.0,Madre,2.0,39.0,5,1,2,0.0,0.0,2,1.0,,,1,1.0,02,1.0,1.0,,,2.0,,33605102,1.0,1.0
33705205,337052,33705,00337,0044,2022,nacional,5,2,mujer,3-5,9267,1,,,4.0,29.0,0,1,0.0,0.0,,,0,0.0,,,,,,5,1,2,,0.0,1,,4.0,29.0,1,2.0,00,,2.0,,,2.0,,,,
33709103,337091,33709,00337,0044,2022,nacional,0,2,mujer,0-2,9267,0,1.0,"No tiene necesidad, está pequeño",,,0,1,1.0,1.0,0.0,,0,0.0,,1.0,Madre,2.0,22.0,3,1,2,0.0,0.0,2,1.0,,,1,1.0,02,1.0,1.0,2.0,,2.0,,33709102,2.0,0.0
33716104,337161,33716,00337,0044,2022,nacional,5,2,mujer,3-5,9267,1,,,4.0,200.0,0,1,1.0,0.0,,,0,0.0,,1.0,Madre,2.0,37.0,5,1,3,,0.0,1,,4.0,200.0,1,1.0,02,1.0,2.0,,,2.0,,33716102,2.0,0.0
33720103,337201,33720,00337,0044,2022,nacional,3,1,hombre,3-5,9267,0,1.0,"No tiene necesidad, está pequeño",,,0,1,1.0,0.0,,,0,0.0,,1.0,Madre,2.0,19.0,3,1,2,0.0,0.0,2,1.0,,,1,1.0,02,1.0,2.0,,,2.0,,33720102,2.0,0.0
33802105,338021,33802,00338,0044,2022,nacional,1,2,mujer,0-2,8995,0,1.0,"No tiene necesidad, está pequeño",,,0,1,1.0,0.0,,,0,0.0,,1.0,Madre,2.0,32.0,5,1,3,0.0,0.0,2,1.0,,,1,1.0,01,1.0,2.0,,,2.0,,33802101,2.0,0.0
33804107,338041,33804,00338,0044,2022,nacional,1,1,hombre,0-2,8995,0,1.0,"No tiene necesidad, está pequeño",,,0,1,1.0,0.0,,,0,0.0,,1.0,Madre,2.0,23.0,10,3,6,0.0,0.0,2,1.0,,,1,1.0,10,1.0,2.0,,,2.0,,33804110,2.0,0.0
33804108,338041,33804,00338,0044,2022,nacional,1,2,mujer,0-2,8995,0,1.0,"No tiene necesidad, está pequeño",,,0,1,1.0,0.0,,,0,0.0,,1.0,Madre,2.0,21.0,10,3,6,0.0,0.0,2,1.0,,,1,1.0,06,1.0,2.0,,,2.0,,33804106,2.0,0.0
33804109,338041,33804,00338,0044,2022,nacional,5,1,hombre,3-5,8995,0,6.0,Otra razón,,,0,1,1.0,0.0,,,0,0.0,,1.0,Madre,2.0,21.0,10,3,6,0.0,0.0,2,6.0,,,1,1.0,06,1.0,2.0,,,2.0,,33804106,2.0,0.0
33805106,338051,33805,00338,0044,2022,nacional,3,2,mujer,3-5,8995,1,,,3.0,70.0,0,1,1.0,0.0,,,0,0.0,,1.0,Madre,2.0,27.0,6,1,4,,0.0,1,,3.0,70.0,1,1.0,04,1.0,2.0,,,2.0,,33805104,1.0,1.0
33808103,338081,33808,00338,0044,2022,nacional,4,2,mujer,3-5,8995,1,,,3.0,,0,1,1.0,0.0,,,0,0.0,,1.0,Madre,2.0,37.0,5,2,3,,0.0,1,,3.0,99999.0,1,1.0,01,1.0,2.0,,,2.0,,33808101,1.0,1.0
33808105,338081,33808,00338,0044,2022,nacional,2,1,hombre,0-2,8995,1,,,3.0,,0,1,1.0,1.0,1.0,500.0,0,0.0,,1.0,Madre,2.0,37.0,5,2,3,,0.0,1,,3.0,99999.0,1,1.0,01,1.0,1.0,1.0,500.0,2.0,,33808101,1.0,1.0
33818105,338181,33818,00338,0044,2022,nacional,3,1,hombre,3-5,8995,0,1.0,"No tiene necesidad, está pequeño",,,0,1,1.0,1.0,0.0,,0,0.0,,1.0,Madre,2.0,27.0,5,1,2,0.0,0.0,2,1.0,,,1,1.0,02,1.0,1.0,2.0,,2.0,,33818102,2.0,0.0
33903106,339031,33903,00339,0044,2022,nacional,5,1,hombre,3-5,8537,1,,,3.0,0.0,0,1,1.0,0.0,,,0,0.0,,1.0,Madre,2.0,31.0,6,1,2,,0.0,1,,3.0,0.0,1,1.0,02,1.0,2.0,,,2.0,,33903102,2.0,0.0
33906108,339061,33906,00339,0044,2022,nacional,0,1,hombre,0-2,8537,0,1.0,"No tiene necesidad, está pequeño",,,0,1,1.0,0.0,,,0,0.0,,1.0,Madre,2.0,18.0,8,1,7,0.0,0.0,2,1.0,,,1,1.0,07,1.0,2.0,,,2.0,,33906107,2.0,0.0
33909109,339091,33909,00339,0044,2022,nacional,3,2,mujer,3-5,8537,0,6.0,Otra razón,,,0,1,1.0,0.0,,,0,0.0,,1.0,Madre,2.0,22.0,10,2,6,0.0,0.0,2,6.0,,,1,1.0,02,1.0,2.0,,,2.0,,33909102,2.0,0.0
33909110,339091,33909,00339,0044,2022,nacional,2,2,mujer,0-2,8537,0,1.0,"No tiene necesidad, está pequeño",,,0,1,1.0,0.0,,,0,0.0,,3.0,Abuela,2.0,63.0,10,2,6,0.0,0.0,2,1.0,,,1,1.0,01,3.0,2.0,,,2.0,,33909101,1.0,1.0
33910103,339101,33910,00339,0044,2022,nacional,3,2,mujer,3-5,8537,0,6.0,Otra razón,,,0,1,1.0,0.0,,,0,0.0,,1.0,Madre,2.0,22.0,4,2,2,0.0,0.0,2,6.0,,,1,1.0,02,1.0,2.0,,,2.0,,33910102,1.0,1.0
33910104,339101,33910,00339,0044,2022,nacional,1,2,mujer,0-2,8537,0,1.0,"No tiene necesidad, está pequeño",,,0,1,1.0,0.0,,,0,0.0,,1.0,Madre,2.0,22.0,4,2,2,0.0,0.0,2,1.0,,,1,1.0,02,1.0,2.0,,,2.0,,33910102,1.0,1.0
33914105,339141,33914,00339,0044,2022,nacional,4,1,hombre,3-5,8537,1,,,3.0,29.0,0,1,1.0,0.0,,,0,0.0,,1.0,Madre,2.0,24.0,7,2,3,,0.0,1,,3.0,29.0,1,1.0,02,1.0,2.0,,,2.0,,33914102,1.0,1.0
33914106,339141,33914,00339,0044,2022,nacional,2,2,mujer,0-2,8537,0,1.0,"No tiene necesidad, está pequeño",,,0,1,1.0,0.0,,,0,0.0,,1.0,Madre,2.0,24.0,7,2,3,0.0,0.0,2,1.0,,,1,1.0,02,1.0,2.0,,,2.0,,33914102,1.0,1.0
33915104,339151,33915,00339,0044,2022,nacional,5,1,hombre,3-5,8537,0,7.0,Asiste a primaria,,,0,1,1.0,0.0,,,0,0.0,,1.0,Madre,2.0,31.0,5,2,2,0.0,0.0,2,7.0,,,1,1.0,02,1.0,2.0,,,2.0,,33915102,1.0,1.0
33915105,339151,33915,00339,0044,2022,nacional,2,2,mujer,0-2,8537,0,1.0,"No tiene necesidad, está pequeño",,,0,1,1.0,0.0,,,0,0.0,,1.0,Madre,2.0,31.0,5,2,2,0.0,0.0,2,1.0,,,1,1.0,02,1.0,2.0,,,2.0,,33915102,1.0,1.0
33917105,339171,33917,00339,0044,2022,nacional,0,2,mujer,0-2,8537,0,1.0,"No tiene necesidad, está pequeño",,,0,1,1.0,0.0,,,0,0.0,,1.0,Madre,2.0,21.0,5,1,3,0.0,0.0,2,1.0,,,1,1.0,03,1.0,2.0,,,2.0,,33917103,1.0,1.0
33920102,339201,33920,00339,0044,2022,nacional,5,2,mujer,3-5,8537,1,,,5.0,800.0,0,1,1.0,0.0,,,0,0.0,,1.0,Madre,2.0,29.0,4,3,1,,0.0,1,,5.0,800.0,1,1.0,01,1.0,2.0,,,2.0,,33920101,1.0,1.0
33920103,339201,33920,00339,0044,2022,nacional,3,2,mujer,3-5,8537,1,,,4.0,400.0,0,1,1.0,0.0,,,0,0.0,,1.0,Madre,2.0,29.0,4,3,1,,0.0,1,,4.0,400.0,1,1.0,01,1.0,2.0,,,2.0,,33920101,1.0,1.0
33920104,339201,33920,00339,0044,2022,nacional,0,2,mujer,0-2,8537,0,1.0,"No tiene necesidad, está pequeño",,,0,1,1.0,0.0,,,0,0.0,,1.0,Madre,2.0,29.0,4,3,1,0.0,0.0,2,1.0,,,1,1.0,01,1.0,2.0,,,2.0,,33920101,1.0,1.0
34004105,340041,34004,00340,0048,2022,nacional,2,2,mujer,0-2,7899,1,,,8.0,0.0,0,1,1.0,1.0,0.0,,0,0.0,,1.0,Madre,2.0,27.0,5,1,4,,0.0,1,,8.0,0.0,1,1.0,04,1.0,1.0,2.0,,2.0,,34004104,1.0,1.0
34104102,341041,34104,00341,0045,2022,nacional,5,1,hombre,3-5,11201,1,,,3.0,25.0,0,1,1.0,1.0,0.0,,0,0.0,,1.0,Madre,2.0,23.0,2,1,1,,0.0,1,,3.0,25.0,1,1.0,01,1.0,1.0,2.0,,2.0,,34104101,2.0,0.0
34105107,341051,34105,00341,0045,2022,nacional,0,1,hombre,0-2,11201,0,1.0,"No tiene necesidad, está pequeño",,,0,1,1.0,0.0,,,0,0.0,,1.0,Madre,2.0,21.0,7,1,6,0.0,0.0,2,1.0,,,1,1.0,05,1.0,2.0,,,2.0,,34105105,2.0,0.0
34109102,341091,34109,00341,0045,2022,nacional,5,2,mujer,3-5,11201,0,7.0,Asiste a primaria,,,0,1,1.0,0.0,,,0,0.0,,1.0,Madre,2.0,22.0,3,2,1,0.0,0.0,2,7.0,,,1,1.0,01,1.0,2.0,,,2.0,,34109101,2.0,0.0
34109103,341091,34109,00341,0045,2022,nacional,2,1,hombre,0-2,11201,0,1.0,"No tiene necesidad, está pequeño",,,0,1,1.0,0.0,,,0,0.0,,1.0,Madre,2.0,22.0,3,2,1,0.0,0.0,2,1.0,,,1,1.0,01,1.0,2.0,,,2.0,,34109101,2.0,0.0
34110104,341101,34110,00341,0045,2022,nacional,4,1,hombre,3-5,11201,1,,,3.0,12.0,0,1,1.0,0.0,,,0,0.0,,1.0,Madre,2.0,42.0,4,1,2,,0.0,1,,3.0,12.0,1,1.0,02,1.0,2.0,,,2.0,,34110102,2.0,0.0
34114104,341141,34114,00341,0045,2022,nacional,2,2,mujer,0-2,11201,0,3.0,No hay centros o quedan lejos,,,0,1,1.0,0.0,,,0,0.0,,1.0,Madre,2.0,38.0,4,1,2,1.0,0.0,2,3.0,,,1,1.0,02,1.0,2.0,,,2.0,,34114102,2.0,0.0
34201103,342011,34201,00342,0045,2022,nacional,1,1,hombre,0-2,9091,0,1.0,"No tiene necesidad, está pequeño",,,0,1,1.0,0.0,,,0,0.0,,1.0,Madre,2.0,29.0,3,1,1,0.0,0.0,2,1.0,,,1,1.0,01,1.0,2.0,,,2.0,,34201101,2.0,0.0
34202104,342021,34202,00342,0045,2022,nacional,1,2,mujer,0-2,9091,0,1.0,"No tiene necesidad, está pequeño",,,0,1,1.0,0.0,,,0,0.0,,1.0,Madre,2.0,31.0,4,1,2,0.0,0.0,2,1.0,,,1,1.0,01,1.0,2.0,,,2.0,,34202101,2.0,0.0
34203105,342031,34203,00342,0045,2022,nacional,5,1,hombre,3-5,9091,1,,,3.0,21.0,0,1,1.0,0.0,,,0,0.0,,1.0,Madre,2.0,25.0,5,1,3,,0.0,1,,3.0,21.0,1,1.0,04,1.0,2.0,,,2.0,,34203104,1.0,1.0
34208103,342081,34208,00342,0045,2022,nacional,4,2,mujer,3-5,9091,1,,,2.0,0.0,0,1,1.0,1.0,1.0,500.0,0,0.0,,3.0,Abuela,2.0,50.0,4,2,2,,0.0,1,,2.0,0.0,1,1.0,02,3.0,1.0,1.0,500.0,2.0,,34208102,1.0,1.0
34208104,342081,34208,00342,0045,2022,nacional,3,1,hombre,3-5,9091,1,,,2.0,0.0,0,1,1.0,1.0,1.0,500.0,0,0.0,,3.0,Abuela,2.0,50.0,4,2,2,,0.0,1,,2.0,0.0,1,1.0,02,3.0,1.0,1.0,500.0,2.0,,34208102,1.0,1.0
34217103,342171,34217,00342,0045,2022,nacional,4,1,hombre,3-5,9091,1,,,3.0,25.0,0,1,1.0,0.0,,,0,0.0,,1.0,Madre,2.0,44.0,3,1,2,,0.0,1,,3.0,25.0,1,1.0,02,1.0,2.0,,,2.0,,34217102,1.0,1.0
34301102,343011,34301,00343,0045,2022,nacional,5,2,mujer,3-5,10717,1,,,3.0,30.0,0,1,1.0,1.0,0.0,,0,0.0,,1.0,Madre,2.0,25.0,2,1,1,,0.0,1,,3.0,30.0,1,1.0,01,1.0,1.0,2.0,,2.0,,34301101,2.0,0.0
34303105,343031,34303,00343,0045,2022,nacional,3,1,hombre,3-5,10717,0,2.0,No puede pagar los gastos escolares,,,0,1,1.0,1.0,1.0,50.0,0,0.0,,1.0,Madre,2.0,28.0,5,1,3,1.0,0.0,2,2.0,,,1,1.0,03,1.0,1.0,1.0,50.0,2.0,,34303103,1.0,1.0
34307104,343071,34307,00343,0045,2022,nacional,3,2,mujer,3-5,10717,0,6.0,Otra razón,,,0,1,1.0,0.0,,,0,0.0,,1.0,Madre,2.0,27.0,4,1,2,0.0,0.0,2,6.0,,,1,1.0,02,1.0,2.0,,,2.0,,34307102,2.0,0.0
34313104,343131,34313,00343,0045,2022,nacional,4,1,hombre,3-5,10717,1,,,4.0,,0,1,1.0,0.0,,,0,0.0,,1.0,Madre,2.0,22.0,4,1,2,,0.0,1,,4.0,99999.0,1,1.0,02,1.0,2.0,,,2.0,,34313102,2.0,0.0
34317104,343171,34317,00343,0045,2022,nacional,4,1,hombre,3-5,10717,1,,,3.0,30.0,0,1,1.0,0.0,,,0,0.0,,1.0,Madre,2.0,41.0,4,1,3,,0.0,1,,3.0,30.0,1,1.0,02,1.0,2.0,,,2.0,,34317102,2.0,0.0
34320205,343202,34320,00343,0045,2022,nacional,1,2,mujer,0-2,10717,0,3.0,No hay centros o quedan lejos,,,0,1,1.0,0.0,,,0,0.0,,1.0,Madre,2.0,36.0,5,1,3,1.0,0.0,2,3.0,,,1,1.0,01,1.0,2.0,,,2.0,,34320201,2.0,0.0
34703106,347031,34703,00347,0053,2022,nacional,2,2,mujer,0-2,3653,0,1.0,"No tiene necesidad, está pequeño",,,0,1,1.0,0.0,,,0,0.0,,1.0,Madre,2.0,36.0,7,2,4,0.0,0.0,2,1.0,,,1,1.0,02,1.0,2.0,,,2.0,,34703102,2.0,0.0
34703107,347031,34703,00347,0053,2022,nacional,1,2,mujer,0-2,3653,0,1.0,"No tiene necesidad, está pequeño",,,0,1,1.0,0.0,,,0,0.0,,1.0,Madre,2.0,18.0,7,2,4,0.0,0.0,2,1.0,,,1,1.0,04,1.0,2.0,,,2.0,,34703104,2.0,0.0
34802104,348021,34802,00348,0052,2022,nacional,5,2,mujer,3-5,3476,1,,,4.0,0.0,0,1,1.0,0.0,,,0,0.0,,3.0,Abuela,2.0,63.0,4,1,3,,0.0,1,,4.0,0.0,1,1.0,02,3.0,2.0,,,2.0,,34802102,2.0,0.0
35202104,352021,35202,00352,0051,2022,nacional,1,2,mujer,0-2,3314,0,1.0,"No tiene necesidad, está pequeño",,,0,1,1.0,0.0,,,0,0.0,,8.0,Otro parentesco mujer,2.0,72.0,4,1,3,0.0,0.0,2,1.0,,,1,1.0,02,8.0,2.0,,,2.0,,35202102,2.0,0.0
35305105,353051,35305,00353,0052,2022,nacional,1,1,hombre,0-2,3285,0,1.0,"No tiene necesidad, está pequeño",,,0,1,1.0,0.0,,,0,0.0,,3.0,Abuela,2.0,52.0,5,1,4,0.0,0.0,2,1.0,,,1,1.0,01,3.0,2.0,,,2.0,,35305101,2.0,0.0
35501104,355011,35501,00355,0051,2022,nacional,1,2,mujer,0-2,4342,0,1.0,"No tiene necesidad, está pequeño",,,0,1,1.0,1.0,0.0,,0,0.0,,1.0,Madre,2.0,27.0,4,1,2,0.0,0.0,2,1.0,,,1,1.0,02,1.0,1.0,2.0,,2.0,,35501102,1.0,1.0
35504105,355041,35504,00355,0051,2022,nacional,1,1,hombre,0-2,4342,0,2.0,No puede pagar los gastos escolares,,,0,1,1.0,1.0,0.0,,0,0.0,,1.0,Madre,2.0,35.0,5,1,1,1.0,0.0,2,2.0,,,1,1.0,01,1.0,1.0,2.0,,2.0,,35504101,1.0,1.0
35602104,356021,35602,00356,0053,2022,nacional,3,1,hombre,3-5,5498,0,6.0,Otra razón,,,0,1,1.0,0.0,,,0,0.0,,1.0,Madre,2.0,40.0,4,1,2,0.0,0.0,2,6.0,,,1,1.0,02,1.0,2.0,,,2.0,,35602102,1.0,1.0
35605103,356051,35605,00356,0053,2022,nacional,1,1,hombre,0-2,5498,0,3.0,No hay centros o quedan lejos,,,0,1,1.0,0.0,,,0,0.0,,1.0,Madre,2.0,22.0,3,1,2,1.0,0.0,2,3.0,,,1,1.0,02,1.0,2.0,,,2.0,,35605102,1.0,1.0
35702104,357021,35702,00357,0052,2022,nacional,4,1,hombre,3-5,3822,1,,,3.0,0.0,0,1,1.0,1.0,0.0,,0,0.0,,1.0,Madre,2.0,36.0,5,1,2,,0.0,1,,3.0,0.0,1,1.0,01,1.0,1.0,2.0,,2.0,,35702101,1.0,1.0
35704103,357041,35704,00357,0052,2022,nacional,4,1,hombre,3-5,3822,1,,,3.0,0.0,0,1,1.0,0.0,,,0,1.0,0.0,1.0,Madre,2.0,38.0,4,1,2,,0.0,1,,3.0,0.0,1,1.0,02,1.0,2.0,,,1.0,2.0,35704102,1.0,1.0
35801106,358011,35801,00358,0052,2022,nacional,0,1,hombre,0-2,4655,0,1.0,"No tiene necesidad, está pequeño",,,0,1,0.0,0.0,,,0,1.0,0.0,,,,,6,1,5,0.0,0.0,2,1.0,,,1,2.0,00,,2.0,,,1.0,2.0,,,
35901104,359011,35901,00359,0051,2022,nacional,4,1,hombre,3-5,3267,1,,,3.0,50.0,0,1,1.0,0.0,,,0,0.0,,1.0,Madre,2.0,38.0,4,1,2,,0.0,1,,3.0,50.0,1,1.0,02,1.0,2.0,,,2.0,,35901102,1.0,1.0
35903106,359031,35903,00359,0051,2022,nacional,1,1,hombre,0-2,3267,0,1.0,"No tiene necesidad, está pequeño",,,0,1,1.0,0.0,,,0,0.0,,9.0,Otro parentesco hombre,1.0,18.0,6,1,3,0.0,0.0,2,1.0,,,1,1.0,03,9.0,2.0,,,2.0,,35903103,2.0,0.0
36101103,361011,36101,00361,0049,2022,nacional,4,1,hombre,3-5,4415,1,,,3.0,0.0,0,1,1.0,0.0,,,0,0.0,,3.0,Abuela,2.0,44.0,5,3,2,,0.0,1,,3.0,0.0,1,1.0,01,3.0,2.0,,,2.0,,36101101,2.0,0.0
36101104,361011,36101,00361,0049,2022,nacional,2,2,mujer,0-2,4415,0,1.0,"No tiene necesidad, está pequeño",,,0,1,1.0,0.0,,,0,0.0,,5.0,Tía,2.0,27.0,5,3,2,0.0,0.0,2,1.0,,,1,1.0,02,5.0,2.0,,,2.0,,36101102,2.0,0.0
36101105,361011,36101,00361,0049,2022,nacional,2,2,mujer,0-2,4415,0,1.0,"No tiene necesidad, está pequeño",,,0,1,1.0,0.0,,,0,0.0,,5.0,Tía,2.0,27.0,5,3,2,0.0,0.0,2,1.0,,,1,1.0,02,5.0,2.0,,,2.0,,36101102,2.0,0.0
36103107,361031,36103,00361,0049,2022,nacional,3,1,hombre,3-5,4415,0,1.0,"No tiene necesidad, está pequeño",,,0,1,1.0,0.0,,,0,0.0,,1.0,Madre,2.0,23.0,8,2,4,0.0,0.0,2,1.0,,,1,1.0,05,1.0,2.0,,,2.0,,36103105,1.0,1.0
36103108,361031,36103,00361,0049,2022,nacional,1,1,hombre,0-2,4415,0,1.0,"No tiene necesidad, está pequeño",,,0,1,1.0,0.0,,,0,0.0,,1.0,Madre,2.0,23.0,8,2,4,0.0,0.0,2,1.0,,,1,1.0,05,1.0,2.0,,,2.0,,36103105,1.0,1.0
36104103,361041,36104,00361,0049,2022,nacional,3,2,mujer,3-5,4415,1,,,3.0,250.0,0,1,1.0,0.0,,,0,0.0,,1.0,Madre,2.0,22.0,4,2,2,,0.0,1,,3.0,250.0,1,1.0,02,1.0,2.0,,,2.0,,36104102,1.0,1.0
36104104,361041,36104,00361,0049,2022,nacional,2,1,hombre,0-2,4415,0,1.0,"No tiene necesidad, está pequeño",,,0,1,1.0,0.0,,,0,0.0,,1.0,Madre,2.0,22.0,4,2,2,0.0,0.0,2,1.0,,,1,1.0,02,1.0,2.0,,,2.0,,36104102,1.0,1.0
36106106,361061,36106,00361,0049,2022,nacional,1,1,hombre,0-2,4415,0,1.0,"No tiene necesidad, está pequeño",,,0,1,1.0,0.0,,,0,0.0,,1.0,Madre,2.0,31.0,6,1,3,0.0,0.0,2,1.0,,,1,1.0,02,1.0,2.0,,,2.0,,36106102,1.0,1.0
36114104,361141,36114,00361,0049,2022,nacional,3,1,hombre,3-5,4415,1,,,3.0,0.0,0,1,1.0,1.0,0.0,,0,0.0,,1.0,Madre,2.0,22.0,4,1,3,,0.0,1,,3.0,0.0,1,1.0,03,1.0,1.0,2.0,,2.0,,36114103,2.0,0.0
36119105,361191,36119,00361,0049,2022,nacional,2,2,mujer,0-2,4415,0,1.0,"No tiene necesidad, está pequeño",,,0,1,1.0,0.0,,,0,0.0,,1.0,Madre,2.0,31.0,5,1,2,0.0,0.0,2,1.0,,,1,1.0,02,1.0,2.0,,,2.0,,36119102,1.0,1.0
36120107,361201,36120,00361,0049,2022,nacional,0,1,hombre,0-2,4415,0,1.0,"No tiene necesidad, está pequeño",,,0,1,1.0,0.0,,,0,0.0,,1.0,Madre,2.0,22.0,8,2,6,0.0,0.0,2,1.0,,,1,1.0,05,1.0,2.0,,,2.0,,36120105,1.0,1.0
36120108,361201,36120,00361,0049,2022,nacional,0,2,mujer,0-2,4415,0,1.0,"No tiene necesidad, está pequeño",,,0,1,1.0,0.0,,,0,0.0,,1.0,Madre,2.0,26.0,8,2,6,0.0,0.0,2,1.0,,,1,1.0,03,1.0,2.0,,,2.0,,36120103,2.0,0.0
36207105,362071,36207,00362,0049,2022,nacional,3,2,mujer,3-5,4718,1,,,4.0,0.0,0,1,1.0,1.0,0.0,,0,0.0,,1.0,Madre,2.0,31.0,5,1,3,,0.0,1,,4.0,0.0,1,1.0,03,1.0,1.0,2.0,,2.0,,36207103,1.0,1.0
36217105,362171,36217,00362,0049,2022,nacional,5,1,hombre,3-5,4718,1,,,3.0,0.0,0,1,1.0,0.0,,,0,0.0,,3.0,Abuela,2.0,64.0,6,2,2,,0.0,1,,3.0,0.0,1,1.0,02,3.0,2.0,,,2.0,,36217102,2.0,0.0
36217106,362171,36217,00362,0049,2022,nacional,0,1,hombre,0-2,4718,0,1.0,"No tiene necesidad, está pequeño",,,0,1,1.0,0.0,,,0,0.0,,3.0,Abuela,2.0,64.0,6,2,2,0.0,0.0,2,1.0,,,1,1.0,02,3.0,2.0,,,2.0,,36217102,2.0,0.0
36304103,363041,36304,00363,0050,2022,nacional,3,2,mujer,3-5,5119,0,1.0,"No tiene necesidad, está pequeño",,,0,1,1.0,0.0,,,0,0.0,,1.0,Madre,2.0,24.0,3,1,2,0.0,0.0,2,1.0,,,1,1.0,02,1.0,2.0,,,2.0,,36304102,1.0,1.0
36309104,363091,36309,00363,0050,2022,nacional,3,1,hombre,3-5,5119,0,1.0,"No tiene necesidad, está pequeño",,,0,1,1.0,0.0,,,0,0.0,,1.0,Madre,2.0,30.0,5,2,1,0.0,0.0,2,1.0,,,1,1.0,01,1.0,2.0,,,2.0,,36309101,2.0,0.0
36309105,363091,36309,00363,0050,2022,nacional,0,2,mujer,0-2,5119,0,1.0,"No tiene necesidad, está pequeño",,,0,1,1.0,0.0,,,0,0.0,,1.0,Madre,2.0,30.0,5,2,1,0.0,0.0,2,1.0,,,1,1.0,01,1.0,2.0,,,2.0,,36309101,2.0,0.0
36313105,363131,36313,00363,0050,2022,nacional,3,2,mujer,3-5,5119,0,1.0,"No tiene necesidad, está pequeño",,,0,1,1.0,0.0,,,0,0.0,,1.0,Madre,2.0,30.0,5,1,2,0.0,0.0,2,1.0,,,1,1.0,01,1.0,2.0,,,2.0,,36313101,2.0,0.0
36319109,363191,36319,00363,0050,2022,nacional,4,1,hombre,3-5,5119,1,,,4.0,100.0,0,1,1.0,0.0,,,0,0.0,,1.0,Madre,2.0,18.0,10,2,4,,0.0,1,,4.0,100.0,1,1.0,07,1.0,2.0,,,2.0,,36319107,2.0,0.0
36319110,363191,36319,00363,0050,2022,nacional,2,2,mujer,0-2,5119,0,1.0,"No tiene necesidad, está pequeño",,,0,1,1.0,0.0,,,0,0.0,,1.0,Madre,2.0,18.0,10,2,4,0.0,0.0,2,1.0,,,1,1.0,07,1.0,2.0,,,2.0,,36319107,2.0,0.0
36402102,364021,36402,00364,0050,2022,nacional,2,1,hombre,0-2,7083,0,1.0,"No tiene necesidad, está pequeño",,,0,1,1.0,0.0,,,0,0.0,,1.0,Madre,2.0,23.0,2,1,1,0.0,0.0,2,1.0,,,1,1.0,01,1.0,2.0,,,2.0,,36402101,1.0,1.0
36404105,364041,36404,00364,0050,2022,nacional,0,2,mujer,0-2,7083,0,1.0,"No tiene necesidad, está pequeño",,,0,1,1.0,0.0,,,0,0.0,,1.0,Madre,2.0,16.0,5,1,3,0.0,0.0,2,1.0,,,1,1.0,04,1.0,2.0,,,2.0,,36404104,2.0,0.0
36407103,364071,36407,00364,0050,2022,nacional,2,2,mujer,0-2,7083,0,1.0,"No tiene necesidad, está pequeño",,,0,1,1.0,0.0,,,0,1.0,0.0,1.0,Madre,2.0,22.0,4,2,2,0.0,0.0,2,1.0,,,1,1.0,02,1.0,2.0,,,1.0,2.0,36407102,1.0,1.0
36407104,364071,36407,00364,0050,2022,nacional,0,1,hombre,0-2,7083,0,1.0,"No tiene necesidad, está pequeño",,,0,1,1.0,0.0,,,0,1.0,0.0,1.0,Madre,2.0,22.0,4,2,2,0.0,0.0,2,1.0,,,1,1.0,02,1.0,2.0,,,1.0,2.0,36407102,1.0,1.0
36409104,364091,36409,00364,0050,2022,nacional,4,2,mujer,3-5,7083,1,,,3.0,0.0,0,1,1.0,0.0,,,0,1.0,1.0,1.0,Madre,2.0,28.0,4,1,2,,1.0,1,,3.0,0.0,1,1.0,02,1.0,2.0,,,1.0,1.0,36409102,1.0,1.0
36413106,364131,36413,00364,0050,2022,nacional,1,1,hombre,0-2,7083,0,1.0,"No tiene necesidad, está pequeño",,,0,1,1.0,0.0,,,0,0.0,,1.0,Madre,2.0,29.0,6,1,4,0.0,0.0,2,1.0,,,1,1.0,03,1.0,2.0,,,2.0,,36413103,2.0,0.0
36414105,364141,36414,00364,0050,2022,nacional,0,1,hombre,0-2,7083,0,2.0,No puede pagar los gastos escolares,,,0,1,1.0,1.0,1.0,300.0,0,1.0,0.0,1.0,Madre,2.0,38.0,5,1,2,1.0,0.0,2,2.0,,,1,1.0,02,1.0,1.0,1.0,300.0,1.0,2.0,36414102,2.0,0.0
36415105,364151,36415,00364,0050,2022,nacional,5,2,mujer,3-5,7083,1,,,3.0,0.0,0,1,1.0,0.0,,,0,0.0,,1.0,Madre,2.0,33.0,5,1,2,,0.0,1,,3.0,0.0,1,1.0,02,1.0,2.0,,,2.0,,36415102,2.0,0.0
36416106,364161,36416,00364,0050,2022,nacional,2,2,mujer,0-2,7083,0,1.0,"No tiene necesidad, está pequeño",,,0,1,1.0,0.0,,,0,0.0,,1.0,Madre,2.0,37.0,6,1,3,0.0,0.0,2,1.0,,,1,1.0,02,1.0,2.0,,,2.0,,36416102,1.0,1.0
36420105,364201,36420,00364,0050,2022,nacional,5,1,hombre,3-5,7083,1,,,3.0,0.0,0,1,1.0,0.0,,,0,0.0,,1.0,Madre,2.0,23.0,6,2,2,,0.0,1,,3.0,0.0,1,1.0,03,1.0,2.0,,,2.0,,36420103,2.0,0.0
36420106,364201,36420,00364,0050,2022,nacional,0,1,hombre,0-2,7083,0,1.0,"No tiene necesidad, está pequeño",,,0,1,1.0,0.0,,,0,0.0,,1.0,Madre,2.0,15.0,6,2,2,0.0,0.0,2,1.0,,,1,1.0,02,1.0,2.0,,,2.0,,36420102,2.0,0.0
36502106,365021,36502,00365,0050,2022,nacional,4,2,mujer,3-5,8135,1,,,3.0,0.0,0,1,1.0,0.0,,,0,0.0,,1.0,Madre,2.0,36.0,6,1,4,,0.0,1,,3.0,0.0,1,1.0,04,1.0,2.0,,,2.0,,36502104,2.0,0.0
36506105,365061,36506,00365,0050,2022,nacional,4,1,hombre,3-5,8135,0,2.0,No puede pagar los gastos escolares,,,0,1,1.0,0.0,,,0,0.0,,2.0,Padre,2.0,28.0,5,1,2,1.0,0.0,2,2.0,,,1,1.0,02,2.0,2.0,,,2.0,,36506102,1.0,1.0
36520105,365201,36520,00365,0050,2022,nacional,2,1,hombre,0-2,8135,0,1.0,"No tiene necesidad, está pequeño",,,0,1,1.0,0.0,,,0,0.0,,1.0,Madre,2.0,26.0,5,1,3,0.0,0.0,2,1.0,,,1,1.0,03,1.0,2.0,,,2.0,,36520103,2.0,0.0
36609104,366091,36609,00366,0050,2022,nacional,2,1,hombre,0-2,8721,0,3.0,No hay centros o quedan lejos,,,0,1,1.0,0.0,,,0,0.0,,1.0,Madre,2.0,29.0,4,1,2,1.0,0.0,2,3.0,,,1,1.0,02,1.0,2.0,,,2.0,,36609102,1.0,1.0
36616104,366161,36616,00366,0050,2022,nacional,5,1,hombre,3-5,8721,1,,,3.0,0.0,0,1,1.0,0.0,,,0,0.0,,1.0,Madre,2.0,25.0,5,2,2,,0.0,1,,3.0,0.0,1,1.0,02,1.0,2.0,,,2.0,,36616102,1.0,1.0
36616105,366161,36616,00366,0050,2022,nacional,2,1,hombre,0-2,8721,0,2.0,No puede pagar los gastos escolares,,,0,1,1.0,0.0,,,0,0.0,,1.0,Madre,2.0,25.0,5,2,2,1.0,0.0,2,2.0,,,1,1.0,02,1.0,2.0,,,2.0,,36616102,1.0,1.0
36618105,366181,36618,00366,0050,2022,nacional,4,1,hombre,3-5,8721,1,,,3.0,0.0,0,1,1.0,0.0,,,0,0.0,,1.0,Madre,2.0,25.0,5,1,2,,0.0,1,,3.0,0.0,1,1.0,02,1.0,2.0,,,2.0,,36618102,1.0,1.0
36619102,366191,36619,00366,0050,2022,nacional,3,2,mujer,3-5,8721,1,,,3.0,0.0,0,1,1.0,0.0,,,0,0.0,,1.0,Madre,2.0,23.0,2,1,1,,0.0,1,,3.0,0.0,1,1.0,01,1.0,2.0,,,2.0,,36619101,1.0,1.0
36620107,366201,36620,00366,0050,2022,nacional,1,1,hombre,0-2,8721,0,9.0,No sabe,,,0,1,1.0,0.0,,,0,0.0,,1.0,Madre,2.0,27.0,9,1,6,,0.0,2,9.0,,,1,1.0,05,1.0,2.0,,,2.0,,36620105,2.0,0.0
36621104,366211,36621,00366,0050,2022,nacional,3,1,hombre,3-5,8721,1,,,3.0,0.0,0,1,1.0,0.0,,,0,0.0,,1.0,Madre,2.0,29.0,4,1,1,,0.0,1,,3.0,0.0,1,1.0,01,1.0,2.0,,,2.0,,36621101,1.0,1.0
36904104,369041,36904,00369,0058,2022,nacional,2,1,hombre,0-2,2497,0,1.0,"No tiene necesidad, está pequeño",,,0,1,1.0,0.0,,,0,0.0,,3.0,Abuela,2.0,59.0,4,1,3,0.0,0.0,2,1.0,,,1,1.0,02,3.0,2.0,,,2.0,,36904102,2.0,0.0
37202103,372021,37202,00372,0057,2022,nacional,0,1,hombre,0-2,5441,0,1.0,"No tiene necesidad, está pequeño",,,0,1,1.0,0.0,,,0,0.0,,1.0,Madre,2.0,19.0,3,1,2,0.0,0.0,2,1.0,,,1,1.0,02,1.0,2.0,,,2.0,,37202102,2.0,0.0
37204103,372041,37204,00372,0057,2022,nacional,1,2,mujer,0-2,5441,0,1.0,"No tiene necesidad, está pequeño",,,0,1,1.0,0.0,,,0,0.0,,1.0,Madre,2.0,20.0,4,1,3,0.0,0.0,2,1.0,,,1,1.0,01,1.0,2.0,,,2.0,,37204101,2.0,0.0
37305104,373051,37305,00373,0054,2022,nacional,0,1,hombre,0-2,3553,0,1.0,"No tiene necesidad, está pequeño",,,0,1,1.0,0.0,,,0,0.0,,1.0,Madre,2.0,40.0,4,1,2,0.0,0.0,2,1.0,,,1,1.0,02,1.0,2.0,,,2.0,,37305102,1.0,1.0
37309104,373091,37309,00373,0054,2022,nacional,5,1,hombre,3-5,3553,1,,,4.0,0.0,0,1,1.0,0.0,,,0,0.0,,1.0,Madre,2.0,30.0,4,1,1,,0.0,1,,4.0,0.0,1,1.0,01,1.0,2.0,,,2.0,,37309101,1.0,1.0
37313104,373131,37313,00373,0054,2022,nacional,1,1,hombre,0-2,3553,1,,,3.0,1800.0,0,1,1.0,1.0,0.0,,0,1.0,0.0,1.0,Madre,2.0,33.0,4,1,2,,0.0,1,,3.0,1800.0,1,1.0,02,1.0,1.0,2.0,,1.0,2.0,37313102,1.0,1.0
37316103,373161,37316,00373,0054,2022,nacional,1,2,mujer,0-2,3553,0,1.0,"No tiene necesidad, está pequeño",,,0,1,1.0,0.0,,,0,0.0,,1.0,Madre,2.0,42.0,3,1,1,0.0,0.0,2,1.0,,,1,1.0,01,1.0,2.0,,,2.0,,37316101,1.0,1.0
37402102,374021,37402,00374,0057,2022,nacional,3,2,mujer,3-5,5948,0,1.0,"No tiene necesidad, está pequeño",,,0,1,1.0,1.0,1.0,1000.0,0,0.0,,1.0,Madre,2.0,34.0,2,1,1,0.0,0.0,2,1.0,,,1,1.0,01,1.0,1.0,1.0,1000.0,2.0,,37402101,1.0,1.0
37403105,374031,37403,00374,0057,2022,nacional,0,1,hombre,0-2,5948,0,1.0,"No tiene necesidad, está pequeño",,,0,0,,,,,0,,,,,,,5,1,3,0.0,,2,1.0,,,2,,,,,,,,,,,
37502103,375021,37502,00375,0054,2022,nacional,4,2,mujer,3-5,4146,1,,,4.0,3800.0,0,1,1.0,1.0,0.0,,0,0.0,,1.0,Madre,2.0,33.0,3,1,2,,0.0,1,,4.0,3800.0,1,1.0,02,1.0,1.0,2.0,,2.0,,37502102,2.0,0.0
37505104,375051,37505,00375,0054,2022,nacional,4,2,mujer,3-5,4146,1,,,3.0,0.0,0,1,1.0,0.0,,,0,0.0,,1.0,Madre,2.0,22.0,4,1,2,,0.0,1,,3.0,0.0,1,1.0,02,1.0,2.0,,,2.0,,37505102,1.0,1.0
37509106,375091,37509,00375,0054,2022,nacional,1,2,mujer,0-2,4146,0,2.0,No puede pagar los gastos escolares,,,0,1,1.0,0.0,,,0,0.0,,1.0,Madre,2.0,24.0,6,1,4,1.0,0.0,2,2.0,,,1,1.0,03,1.0,2.0,,,2.0,,37509103,1.0,1.0
37510106,375101,37510,00375,0054,2022,nacional,2,1,hombre,0-2,4146,0,1.0,"No tiene necesidad, está pequeño",,,0,1,1.0,0.0,,,0,0.0,,1.0,Madre,2.0,24.0,6,1,5,0.0,0.0,2,1.0,,,1,1.0,05,1.0,2.0,,,2.0,,37510105,2.0,0.0
37513104,375131,37513,00375,0054,2022,nacional,5,1,hombre,3-5,4146,1,,,3.0,35.0,0,1,1.0,0.0,,,0,0.0,,1.0,Madre,2.0,28.0,4,1,3,,0.0,1,,3.0,35.0,1,1.0,03,1.0,2.0,,,2.0,,37513103,1.0,1.0
37515106,375151,37515,00375,0054,2022,nacional,5,1,hombre,3-5,4146,0,7.0,Asiste a primaria,,,0,1,1.0,0.0,,,0,0.0,,1.0,Madre,2.0,43.0,6,1,4,0.0,0.0,2,7.0,,,1,1.0,03,1.0,2.0,,,2.0,,37515103,1.0,1.0
37609109,376091,37609,00376,0054,2022,nacional,4,1,hombre,3-5,3121,1,,,3.0,,0,1,1.0,0.0,,,0,0.0,,1.0,Madre,2.0,22.0,9,1,7,,0.0,1,,3.0,99999.0,1,1.0,08,1.0,2.0,,,2.0,,37609108,2.0,0.0
37610106,376101,37610,00376,0054,2022,nacional,2,2,mujer,0-2,3121,0,1.0,"No tiene necesidad, está pequeño",,,0,1,1.0,0.0,,,0,0.0,,1.0,Madre,2.0,27.0,6,1,2,0.0,0.0,2,1.0,,,1,1.0,02,1.0,2.0,,,2.0,,37610102,1.0,1.0
37615103,376151,37615,00376,0054,2022,nacional,3,1,hombre,3-5,3121,0,4.0,Horarios incompatibles con madre/padre/tutor,,,0,1,1.0,1.0,0.0,,0,1.0,1.0,1.0,Madre,2.0,30.0,3,1,1,1.0,1.0,2,4.0,,,1,1.0,01,1.0,1.0,2.0,,1.0,1.0,37615101,1.0,1.0
37619105,376191,37619,00376,0054,2022,nacional,4,1,hombre,3-5,3121,1,,,4.0,0.0,0,1,1.0,0.0,,,0,0.0,,1.0,Madre,2.0,31.0,6,2,2,,0.0,1,,4.0,0.0,1,1.0,01,1.0,2.0,,,2.0,,37619101,2.0,0.0
37619106,376191,37619,00376,0054,2022,nacional,2,2,mujer,0-2,3121,0,1.0,"No tiene necesidad, está pequeño",,,0,1,1.0,0.0,,,0,0.0,,1.0,Madre,2.0,31.0,6,2,2,0.0,0.0,2,1.0,,,1,1.0,01,1.0,2.0,,,2.0,,37619101,2.0,0.0
37620102,376201,37620,00376,0054,2022,nacional,5,1,hombre,3-5,3121,1,,,3.0,350.0,0,1,1.0,0.0,,,0,0.0,,1.0,Madre,2.0,30.0,3,1,1,,0.0,1,,3.0,350.0,1,1.0,01,1.0,2.0,,,2.0,,37620101,1.0,1.0
37702104,377021,37702,00377,0054,2022,nacional,3,2,mujer,3-5,2746,1,,,6.0,1000.0,0,1,0.0,1.0,0.0,,0,0.0,,1.0,Madre,2.0,27.0,4,1,2,,0.0,1,,6.0,1000.0,1,2.0,02,1.0,1.0,2.0,,2.0,,37702102,1.0,1.0
37711103,377111,37711,00377,0054,2022,nacional,1,2,mujer,0-2,2746,0,5.0,Enfermedad o discapacidad,,,0,0,,,,,0,,,,,,,3,1,2,0.0,,2,5.0,,,2,,,,,,,,,,,
37720103,377201,37720,00377,0054,2022,nacional,4,1,hombre,3-5,2746,1,,,3.0,900.0,0,1,1.0,0.0,,,0,0.0,,1.0,Madre,2.0,25.0,3,1,2,,0.0,1,,3.0,900.0,1,1.0,01,1.0,2.0,,,2.0,,37720101,2.0,0.0
37807105,378071,37807,00378,0054,2022,nacional,3,2,mujer,3-5,3013,0,2.0,No puede pagar los gastos escolares,,,0,1,1.0,0.0,,,0,0.0,,1.0,Madre,2.0,25.0,6,2,3,1.0,0.0,2,2.0,,,1,1.0,02,1.0,2.0,,,2.0,,37807102,2.0,0.0
37807106,378071,37807,00378,0054,2022,nacional,1,1,hombre,0-2,3013,0,3.0,No hay centros o quedan lejos,,,0,1,1.0,0.0,,,0,0.0,,1.0,Madre,2.0,25.0,6,2,3,1.0,0.0,2,3.0,,,1,1.0,02,1.0,2.0,,,2.0,,37807102,2.0,0.0
37811104,378111,37811,00378,0054,2022,nacional,4,1,hombre,3-5,3013,1,,,2.0,66.0,0,1,1.0,0.0,,,0,0.0,,1.0,Madre,2.0,40.0,4,1,2,,0.0,1,,2.0,66.0,1,1.0,02,1.0,2.0,,,2.0,,37811102,2.0,0.0
37812103,378121,37812,00378,0054,2022,nacional,4,1,hombre,3-5,3013,1,,,4.0,0.0,0,1,1.0,0.0,,,0,1.0,1.0,1.0,Madre,2.0,38.0,3,1,1,,1.0,1,,4.0,0.0,1,1.0,01,1.0,2.0,,,1.0,1.0,37812101,1.0,1.0
37815105,378151,37815,00378,0054,2022,nacional,2,1,hombre,0-2,3013,1,,,3.0,0.0,0,1,1.0,1.0,0.0,,0,1.0,1.0,1.0,Madre,2.0,35.0,5,1,2,,1.0,1,,3.0,0.0,1,1.0,02,1.0,1.0,2.0,,1.0,1.0,37815102,1.0,1.0
37819103,378191,37819,00378,0054,2022,nacional,2,1,hombre,0-2,3013,0,1.0,"No tiene necesidad, está pequeño",,,0,1,1.0,0.0,,,0,0.0,,1.0,Madre,2.0,23.0,3,1,2,0.0,0.0,2,1.0,,,1,1.0,01,1.0,2.0,,,2.0,,37819101,2.0,0.0
37903104,379031,37903,00379,0059,2022,nacional,4,1,hombre,3-5,4136,1,,,3.0,66.0,0,1,1.0,0.0,,,0,0.0,,1.0,Madre,2.0,36.0,5,2,2,,0.0,1,,3.0,66.0,1,1.0,02,1.0,2.0,,,2.0,,37903102,2.0,0.0
37903105,379031,37903,00379,0059,2022,nacional,2,2,mujer,0-2,4136,0,1.0,"No tiene necesidad, está pequeño",,,0,1,1.0,0.0,,,0,0.0,,1.0,Madre,2.0,36.0,5,2,2,0.0,0.0,2,1.0,,,1,1.0,02,1.0,2.0,,,2.0,,37903102,2.0,0.0
38003106,380031,38003,00380,0056,2022,nacional,2,1,hombre,0-2,13197,0,1.0,"No tiene necesidad, está pequeño",,,0,1,1.0,0.0,,,0,0.0,,1.0,Madre,2.0,18.0,6,1,3,0.0,0.0,2,1.0,,,1,1.0,02,1.0,2.0,,,2.0,,38003102,1.0,1.0
38004103,380041,38004,00380,0056,2022,nacional,0,2,mujer,0-2,13197,0,1.0,"No tiene necesidad, está pequeño",,,0,1,1.0,0.0,,,0,0.0,,1.0,Madre,2.0,40.0,3,1,2,0.0,0.0,2,1.0,,,1,1.0,02,1.0,2.0,,,2.0,,38004102,2.0,0.0
38010106,380101,38010,00380,0056,2022,nacional,1,1,hombre,0-2,13197,0,1.0,"No tiene necesidad, está pequeño",,,0,1,1.0,1.0,0.0,,0,0.0,,1.0,Madre,2.0,21.0,6,1,5,0.0,0.0,2,1.0,,,1,1.0,05,1.0,1.0,2.0,,2.0,,38010105,1.0,1.0
38102105,381021,38102,00381,0055,2022,nacional,3,1,hombre,3-5,5098,0,1.0,"No tiene necesidad, está pequeño",,,0,1,1.0,0.0,,,0,0.0,,1.0,Madre,2.0,32.0,5,1,2,0.0,0.0,2,1.0,,,1,1.0,02,1.0,2.0,,,2.0,,38102102,2.0,0.0
38109103,381091,38109,00381,0055,2022,nacional,3,2,mujer,3-5,5098,0,1.0,"No tiene necesidad, está pequeño",,,0,1,1.0,0.0,,,0,0.0,,1.0,Madre,2.0,24.0,3,1,2,0.0,0.0,2,1.0,,,1,1.0,02,1.0,2.0,,,2.0,,38109102,2.0,0.0
38110105,381101,38110,00381,0055,2022,nacional,4,1,hombre,3-5,5098,0,1.0,"No tiene necesidad, está pequeño",,,0,1,1.0,0.0,,,0,0.0,,1.0,Madre,2.0,33.0,5,1,2,0.0,0.0,2,1.0,,,1,1.0,02,1.0,2.0,,,2.0,,38110102,2.0,0.0
38118103,381181,38118,00381,0055,2022,nacional,5,2,mujer,3-5,5098,1,,,3.0,0.0,0,1,1.0,0.0,,,0,0.0,,1.0,Madre,2.0,31.0,3,1,1,,0.0,1,,3.0,0.0,1,1.0,01,1.0,2.0,,,2.0,,38118101,2.0,0.0
38209103,382091,38209,00382,0055,2022,nacional,3,2,mujer,3-5,4826,0,6.0,Otra razón,,,0,1,1.0,0.0,,,0,0.0,,1.0,Madre,2.0,29.0,4,2,2,0.0,0.0,2,6.0,,,1,1.0,02,1.0,2.0,,,2.0,,38209102,2.0,0.0
38209104,382091,38209,00382,0055,2022,nacional,0,1,hombre,0-2,4826,0,1.0,"No tiene necesidad, está pequeño",,,0,1,1.0,0.0,,,0,0.0,,1.0,Madre,2.0,29.0,4,2,2,0.0,0.0,2,1.0,,,1,1.0,02,1.0,2.0,,,2.0,,38209102,2.0,0.0
38210106,382101,38210,00382,0055,2022,nacional,5,2,mujer,3-5,4826,1,,,5.0,0.0,0,1,1.0,0.0,,,0,0.0,,1.0,Madre,2.0,33.0,7,2,4,,0.0,1,,5.0,0.0,1,1.0,04,1.0,2.0,,,2.0,,38210104,2.0,0.0
38210107,382101,38210,00382,0055,2022,nacional,1,1,hombre,0-2,4826,0,1.0,"No tiene necesidad, está pequeño",,,0,1,1.0,0.0,,,0,0.0,,1.0,Madre,2.0,33.0,7,2,4,0.0,0.0,2,1.0,,,1,1.0,04,1.0,2.0,,,2.0,,38210104,2.0,0.0
38213103,382131,38213,00382,0055,2022,nacional,3,2,mujer,3-5,4826,0,3.0,No hay centros o quedan lejos,,,0,0,,,,,0,,,,,,,3,1,2,1.0,,2,3.0,,,2,,,,,,,,,,,
38217104,382171,38217,00382,0055,2022,nacional,0,2,mujer,0-2,4826,0,1.0,"No tiene necesidad, está pequeño",,,0,1,1.0,0.0,,,0,0.0,,1.0,Madre,2.0,25.0,4,1,2,0.0,0.0,2,1.0,,,1,1.0,01,1.0,2.0,,,2.0,,38217101,1.0,1.0
38304105,383041,38304,00383,0056,2022,nacional,3,1,hombre,3-5,4566,1,,,3.0,1500.0,0,1,1.0,0.0,,,0,0.0,,1.0,Madre,2.0,22.0,6,2,4,,0.0,1,,3.0,1500.0,1,1.0,04,1.0,2.0,,,2.0,,38304104,2.0,0.0
38304106,383041,38304,00383,0056,2022,nacional,0,1,hombre,0-2,4566,0,1.0,"No tiene necesidad, está pequeño",,,0,1,1.0,1.0,0.0,,0,0.0,,1.0,Madre,2.0,22.0,6,2,4,0.0,0.0,2,1.0,,,1,1.0,04,1.0,1.0,2.0,,2.0,,38304104,2.0,0.0
38305106,383051,38305,00383,0056,2022,nacional,4,2,mujer,3-5,4566,1,,,4.0,0.0,0,1,1.0,0.0,,,0,0.0,,1.0,Madre,2.0,32.0,6,1,3,,0.0,1,,4.0,0.0,1,1.0,03,1.0,2.0,,,2.0,,38305103,2.0,0.0
38306103,383061,38306,00383,0056,2022,nacional,2,2,mujer,0-2,4566,0,1.0,"No tiene necesidad, está pequeño",,,0,1,0.0,0.0,,,0,0.0,,1.0,Madre,2.0,22.0,3,1,2,0.0,0.0,2,1.0,,,1,2.0,02,1.0,2.0,,,2.0,,38306102,2.0,0.0
38312104,383121,38312,00383,0056,2022,nacional,5,2,mujer,3-5,4566,1,,,3.0,29.0,0,1,1.0,0.0,,,0,0.0,,7.0,Otro,1.0,39.0,4,1,2,,0.0,1,,3.0,29.0,1,1.0,01,7.0,2.0,,,2.0,,38312101,1.0,1.0
38313106,383131,38313,00383,0056,2022,nacional,5,1,hombre,3-5,4566,1,,,3.0,41.0,0,1,1.0,0.0,,,0,0.0,,1.0,Madre,2.0,40.0,7,2,2,,0.0,1,,3.0,41.0,1,1.0,01,1.0,2.0,,,2.0,,38313101,1.0,1.0
38313107,383131,38313,00383,0056,2022,nacional,3,1,hombre,3-5,4566,0,1.0,"No tiene necesidad, está pequeño",,,0,1,1.0,0.0,,,0,0.0,,1.0,Madre,2.0,24.0,7,2,2,0.0,0.0,2,1.0,,,1,1.0,02,1.0,2.0,,,2.0,,38313102,2.0,0.0
38314103,383141,38314,00383,0056,2022,nacional,1,1,hombre,0-2,4566,0,3.0,No hay centros o quedan lejos,,,0,1,1.0,1.0,0.0,,0,0.0,,1.0,Madre,2.0,38.0,3,1,1,1.0,0.0,2,3.0,,,1,1.0,01,1.0,1.0,2.0,,2.0,,38314101,2.0,0.0
38316105,383161,38316,00383,0056,2022,nacional,5,1,hombre,3-5,4566,1,,,3.0,0.0,0,1,1.0,0.0,,,0,0.0,,1.0,Madre,2.0,26.0,5,1,2,,0.0,1,,3.0,0.0,1,1.0,01,1.0,2.0,,,2.0,,38316101,2.0,0.0
38318108,383181,38318,00383,0056,2022,nacional,2,2,mujer,0-2,4566,0,3.0,No hay centros o quedan lejos,,,0,1,1.0,0.0,,,0,0.0,,1.0,Madre,2.0,31.0,8,1,4,1.0,0.0,2,3.0,,,1,1.0,04,1.0,2.0,,,2.0,,38318104,1.0,1.0
38404103,384041,38404,00384,0063,2022,nacional,0,2,mujer,0-2,25098,0,1.0,"No tiene necesidad, está pequeño",,,0,1,1.0,1.0,0.0,,0,0.0,,2.0,Padre,1.0,32.0,3,1,2,0.0,0.0,2,1.0,,,1,1.0,01,2.0,1.0,2.0,,2.0,,38404101,1.0,1.0
38605103,386051,38605,00386,0062,2022,nacional,5,2,mujer,3-5,12124,1,,,3.0,0.0,0,1,0.0,1.0,1.0,3000.0,0,0.0,,2.0,Padre,1.0,31.0,3,1,2,,0.0,1,,3.0,0.0,1,2.0,01,2.0,1.0,1.0,3000.0,2.0,,38605101,1.0,1.0
39105106,391051,39105,00391,0062,2022,nacional,1,1,hombre,0-2,13419,0,1.0,"No tiene necesidad, está pequeño",,,0,1,1.0,0.0,,,0,0.0,,1.0,Madre,2.0,22.0,6,1,5,0.0,0.0,2,1.0,,,1,1.0,05,1.0,2.0,,,2.0,,39105105,1.0,1.0
39202105,392021,39202,00392,0061,2022,nacional,2,1,hombre,0-2,10816,0,1.0,"No tiene necesidad, está pequeño",,,0,1,1.0,0.0,,,0,0.0,,1.0,Madre,2.0,35.0,5,1,2,0.0,0.0,2,1.0,,,1,1.0,01,1.0,2.0,,,2.0,,39202101,2.0,0.0
39204105,392041,39204,00392,0061,2022,nacional,1,2,mujer,0-2,10816,0,1.0,"No tiene necesidad, está pequeño",,,0,1,1.0,0.0,,,0,0.0,,1.0,Madre,2.0,31.0,5,1,2,0.0,0.0,2,1.0,,,1,1.0,02,1.0,2.0,,,2.0,,39204102,1.0,1.0
39402105,394021,39402,00394,0062,2022,nacional,5,2,mujer,3-5,8676,1,,,5.0,5000.0,0,1,1.0,0.0,,,0,1.0,1.0,7.0,Otro,2.0,55.0,5,1,3,,1.0,1,,5.0,5000.0,1,1.0,03,7.0,2.0,,,1.0,1.0,39402103,2.0,0.0
39501105,395011,39501,00395,0062,2022,nacional,0,2,mujer,0-2,12350,0,1.0,"No tiene necesidad, está pequeño",,,0,1,1.0,0.0,,,0,0.0,,3.0,Abuela,2.0,50.0,5,1,4,0.0,0.0,2,1.0,,,1,1.0,02,3.0,2.0,,,2.0,,39501102,2.0,0.0
39505105,395051,39505,00395,0062,2022,nacional,4,1,hombre,3-5,12350,1,,,4.0,1500.0,0,1,1.0,0.0,,,0,1.0,1.0,1.0,Madre,2.0,35.0,5,1,3,,1.0,1,,4.0,1500.0,1,1.0,02,1.0,2.0,,,1.0,1.0,39505102,2.0,0.0
39705106,397051,39705,00397,0062,2022,nacional,4,2,mujer,3-5,16431,0,1.0,"No tiene necesidad, está pequeño",,,0,1,1.0,0.0,,,0,0.0,,7.0,Otro,,,6,1,3,0.0,0.0,2,1.0,,,1,1.0,99,7.0,2.0,,,2.0,,,,
39801107,398011,39801,00398,0061,2022,nacional,0,1,hombre,0-2,12937,0,1.0,"No tiene necesidad, está pequeño",,,0,1,0.0,0.0,,,0,0.0,,1.0,Madre,2.0,19.0,7,1,6,0.0,0.0,2,1.0,,,1,2.0,06,1.0,2.0,,,2.0,,39801106,2.0,0.0
39802105,398021,39802,00398,0061,2022,nacional,4,1,hombre,3-5,12937,1,,,5.0,1300.0,0,1,1.0,0.0,,,0,0.0,,2.0,Padre,1.0,22.0,6,2,3,,0.0,1,,5.0,1300.0,1,1.0,02,2.0,2.0,,,2.0,,39802102,1.0,1.0
39802106,398021,39802,00398,0061,2022,nacional,3,2,mujer,3-5,12937,0,1.0,"No tiene necesidad, está pequeño",,,0,1,1.0,0.0,,,0,0.0,,2.0,Padre,1.0,22.0,6,2,3,0.0,0.0,2,1.0,,,1,1.0,02,2.0,2.0,,,2.0,,39802102,1.0,1.0
39803105,398031,39803,00398,0061,2022,nacional,4,2,mujer,3-5,12937,1,,,4.0,200.0,0,1,1.0,0.0,,,0,0.0,,4.0,Abuelo,2.0,64.0,5,1,3,,0.0,1,,4.0,200.0,1,1.0,02,4.0,2.0,,,2.0,,39803102,2.0,0.0
39902105,399021,39902,00399,0061,2022,nacional,2,2,mujer,0-2,12056,0,1.0,"No tiene necesidad, está pequeño",,,0,1,1.0,0.0,,,0,0.0,,1.0,Madre,2.0,31.0,5,1,2,0.0,0.0,2,1.0,,,1,1.0,02,1.0,2.0,,,2.0,,39902102,1.0,1.0
39905103,399051,39905,00399,0061,2022,nacional,2,1,hombre,0-2,12056,0,1.0,"No tiene necesidad, está pequeño",,,0,1,1.0,0.0,,,0,0.0,,1.0,Madre,2.0,18.0,3,1,2,0.0,0.0,2,1.0,,,1,1.0,02,1.0,2.0,,,2.0,,39905102,2.0,0.0
40004104,400041,40004,00400,0063,2022,nacional,0,2,mujer,0-2,13905,1,,,4.0,0.0,0,1,1.0,1.0,0.0,,0,0.0,,1.0,Madre,2.0,32.0,4,1,2,,0.0,1,,4.0,0.0,1,1.0,02,1.0,1.0,2.0,,2.0,,40004102,1.0,1.0
40205108,402051,40205,00402,0061,2022,nacional,2,1,hombre,0-2,15258,0,1.0,"No tiene necesidad, está pequeño",,,0,1,1.0,0.0,,,0,0.0,,1.0,Madre,2.0,26.0,8,1,6,0.0,0.0,2,1.0,,,1,1.0,04,1.0,2.0,,,2.0,,40205104,2.0,0.0
40304105,403041,40304,00403,0062,2022,nacional,5,2,mujer,3-5,12737,1,,,4.0,0.0,0,1,0.0,0.0,,,0,0.0,,,,,,6,2,2,,0.0,1,,4.0,0.0,1,2.0,00,,2.0,,,2.0,,,,
40304106,403041,40304,00403,0062,2022,nacional,3,1,hombre,3-5,12737,0,1.0,"No tiene necesidad, está pequeño",,,0,1,1.0,0.0,,,0,0.0,,1.0,Madre,2.0,38.0,6,2,2,0.0,0.0,2,1.0,,,1,1.0,02,1.0,2.0,,,2.0,,40304102,2.0,0.0
40403104,404031,40403,00404,0063,2022,nacional,4,2,mujer,3-5,23014,1,,,4.0,1300.0,0,1,1.0,0.0,,,0,0.0,,1.0,Madre,2.0,34.0,4,1,2,,0.0,1,,4.0,1300.0,1,1.0,02,1.0,2.0,,,2.0,,40403102,1.0,1.0
40505104,405051,40505,00405,0063,2022,nacional,5,1,hombre,3-5,31054,1,,,5.0,5000.0,0,1,1.0,0.0,,,0,0.0,,1.0,Madre,2.0,36.0,5,1,3,,0.0,1,,5.0,5000.0,1,1.0,02,1.0,2.0,,,2.0,,40505102,2.0,0.0
40601105,406011,40601,00406,0062,2022,nacional,2,1,hombre,0-2,15634,0,1.0,"No tiene necesidad, está pequeño",,,0,1,1.0,0.0,,,0,0.0,,1.0,Madre,2.0,21.0,5,1,3,0.0,0.0,2,1.0,,,1,1.0,03,1.0,2.0,,,2.0,,40601103,2.0,0.0
40605104,406051,40605,00406,0062,2022,nacional,3,2,mujer,3-5,15634,0,1.0,"No tiene necesidad, está pequeño",,,0,1,1.0,1.0,1.0,200.0,0,0.0,,1.0,Madre,2.0,26.0,4,1,2,0.0,0.0,2,1.0,,,1,1.0,02,1.0,1.0,1.0,200.0,2.0,,40605102,1.0,1.0
40702102,407021,40702,00407,0060,2022,nacional,3,2,mujer,3-5,10487,0,2.0,No puede pagar los gastos escolares,,,0,1,1.0,0.0,,,0,0.0,,1.0,Madre,2.0,37.0,2,1,1,1.0,0.0,2,2.0,,,1,1.0,01,1.0,2.0,,,2.0,,40702101,2.0,0.0
40705104,407051,40705,00407,0060,2022,nacional,3,2,mujer,3-5,10487,0,1.0,"No tiene necesidad, está pequeño",,,0,1,0.0,1.0,0.0,,0,0.0,,5.0,Tía,2.0,22.0,4,1,3,0.0,0.0,2,1.0,,,1,2.0,03,5.0,1.0,2.0,,2.0,,40705103,2.0,0.0
40706103,407061,40706,00407,0060,2022,nacional,5,1,hombre,3-5,10487,1,,,3.0,0.0,0,1,0.0,1.0,0.0,,0,1.0,1.0,,,,,3,1,1,,1.0,1,,3.0,0.0,1,2.0,00,,1.0,2.0,,1.0,1.0,,,
40711104,407111,40711,00407,0060,2022,nacional,2,2,mujer,0-2,10487,0,1.0,"No tiene necesidad, está pequeño",,,0,1,1.0,0.0,,,0,0.0,,1.0,Madre,2.0,31.0,4,1,3,0.0,0.0,2,1.0,,,1,1.0,03,1.0,2.0,,,2.0,,40711103,1.0,1.0
40716103,407161,40716,00407,0060,2022,nacional,2,2,mujer,0-2,10487,0,1.0,"No tiene necesidad, está pequeño",,,0,1,1.0,0.0,,,0,0.0,,1.0,Madre,2.0,33.0,4,2,1,0.0,0.0,2,1.0,,,1,1.0,01,1.0,2.0,,,2.0,,40716101,2.0,0.0
40716104,407161,40716,00407,0060,2022,nacional,0,1,hombre,0-2,10487,0,1.0,"No tiene necesidad, está pequeño",,,0,1,1.0,0.0,,,0,0.0,,1.0,Madre,2.0,33.0,4,2,1,0.0,0.0,2,1.0,,,1,1.0,01,1.0,2.0,,,2.0,,40716101,2.0,0.0
40802103,408021,40802,00408,0060,2022,nacional,0,2,mujer,0-2,14163,0,1.0,"No tiene necesidad, está pequeño",,,0,1,1.0,0.0,,,0,0.0,,1.0,Madre,2.0,31.0,3,1,2,0.0,0.0,2,1.0,,,1,1.0,02,1.0,2.0,,,2.0,,40802102,2.0,0.0
40806105,408061,40806,00408,0060,2022,nacional,1,2,mujer,0-2,14163,0,1.0,"No tiene necesidad, está pequeño",,,0,1,1.0,0.0,,,0,0.0,,1.0,Madre,2.0,43.0,5,1,3,0.0,0.0,2,1.0,,,1,1.0,02,1.0,2.0,,,2.0,,40806102,1.0,1.0
40814103,408141,40814,00408,0060,2022,nacional,0,1,hombre,0-2,14163,0,1.0,"No tiene necesidad, está pequeño",,,0,1,1.0,0.0,,,0,0.0,,1.0,Madre,2.0,20.0,3,1,2,0.0,0.0,2,1.0,,,1,1.0,02,1.0,2.0,,,2.0,,40814102,2.0,0.0
40815106,408151,40815,00408,0060,2022,nacional,0,1,hombre,0-2,14163,0,1.0,"No tiene necesidad, está pequeño",,,0,1,1.0,0.0,,,0,0.0,,1.0,Madre,2.0,26.0,6,1,4,0.0,0.0,2,1.0,,,1,1.0,03,1.0,2.0,,,2.0,,40815103,2.0,0.0
40817103,408171,40817,00408,0060,2022,nacional,5,2,mujer,3-5,14163,1,,,5.0,,0,1,1.0,0.0,,,0,0.0,,2.0,Padre,1.0,26.0,3,1,2,,0.0,1,,5.0,99999.0,1,1.0,01,2.0,2.0,,,2.0,,40817101,1.0,1.0
40902105,409021,40902,00409,0061,2022,nacional,4,2,mujer,3-5,9969,1,,,3.0,0.0,0,1,1.0,0.0,,,0,0.0,,1.0,Madre,2.0,40.0,5,1,2,,0.0,1,,3.0,0.0,1,1.0,02,1.0,2.0,,,2.0,,40902102,2.0,0.0
41002108,410021,41002,00410,0060,2022,nacional,2,2,mujer,0-2,12889,0,1.0,"No tiene necesidad, está pequeño",,,0,1,1.0,0.0,,,0,0.0,,1.0,Madre,2.0,22.0,9,2,6,0.0,0.0,2,1.0,,,1,1.0,06,1.0,2.0,,,2.0,,41002106,2.0,0.0
41002109,410021,41002,00410,0060,2022,nacional,0,1,hombre,0-2,12889,0,1.0,"No tiene necesidad, está pequeño",,,0,1,1.0,0.0,,,0,0.0,,7.0,Otro,2.0,17.0,9,2,6,0.0,0.0,2,1.0,,,1,1.0,07,7.0,2.0,,,2.0,,41002107,2.0,0.0
41004104,410041,41004,00410,0060,2022,nacional,0,1,hombre,0-2,12889,0,1.0,"No tiene necesidad, está pequeño",,,0,1,1.0,0.0,,,0,0.0,,1.0,Madre,2.0,27.0,4,1,3,0.0,0.0,2,1.0,,,1,1.0,03,1.0,2.0,,,2.0,,41004103,2.0,0.0
41005107,410051,41005,00410,0060,2022,nacional,2,1,hombre,0-2,12889,0,1.0,"No tiene necesidad, está pequeño",,,0,1,1.0,0.0,,,0,0.0,,3.0,Abuela,2.0,51.0,7,1,3,0.0,0.0,2,1.0,,,1,1.0,02,3.0,2.0,,,2.0,,41005102,2.0,0.0
41011103,410111,41011,00410,0060,2022,nacional,0,2,mujer,0-2,12889,0,6.0,Otra razón,,,0,1,1.0,0.0,,,0,0.0,,1.0,Madre,2.0,20.0,3,1,2,0.0,0.0,2,6.0,,,1,1.0,01,1.0,2.0,,,2.0,,41011101,1.0,1.0
41012104,410121,41012,00410,0060,2022,nacional,2,1,hombre,0-2,12889,0,1.0,"No tiene necesidad, está pequeño",,,0,1,1.0,0.0,,,0,0.0,,1.0,Madre,2.0,41.0,5,1,2,0.0,0.0,2,1.0,,,1,1.0,01,1.0,2.0,,,2.0,,41012101,2.0,0.0
41020105,410201,41020,00410,0060,2022,nacional,4,1,hombre,3-5,12889,1,,,5.0,120.0,0,1,0.0,0.0,,,0,0.0,,,,,,5,1,2,,0.0,1,,5.0,120.0,1,2.0,00,,2.0,,,2.0,,,,
41102104,411021,41102,00411,0060,2022,nacional,3,1,hombre,3-5,9818,0,1.0,"No tiene necesidad, está pequeño",,,0,1,1.0,0.0,,,0,0.0,,1.0,Madre,2.0,26.0,5,2,2,0.0,0.0,2,1.0,,,1,1.0,02,1.0,2.0,,,2.0,,41102102,2.0,0.0
41102105,411021,41102,00411,0060,2022,nacional,1,1,hombre,0-2,9818,0,1.0,"No tiene necesidad, está pequeño",,,0,1,1.0,0.0,,,0,0.0,,1.0,Madre,2.0,26.0,5,2,2,0.0,0.0,2,1.0,,,1,1.0,02,1.0,2.0,,,2.0,,41102102,2.0,0.0
41110103,411101,41110,00411,0060,2022,nacional,3,2,mujer,3-5,9818,0,1.0,"No tiene necesidad, está pequeño",,,0,1,1.0,0.0,,,0,0.0,,1.0,Madre,2.0,22.0,4,2,2,0.0,0.0,2,1.0,,,1,1.0,02,1.0,2.0,,,2.0,,41110102,2.0,0.0
41110104,411101,41110,00411,0060,2022,nacional,0,1,hombre,0-2,9818,0,1.0,"No tiene necesidad, está pequeño",,,0,1,1.0,0.0,,,0,0.0,,1.0,Madre,2.0,22.0,4,2,2,0.0,0.0,2,1.0,,,1,1.0,02,1.0,2.0,,,2.0,,41110102,2.0,0.0
41112103,411121,41112,00411,0060,2022,nacional,3,1,hombre,3-5,9818,0,1.0,"No tiene necesidad, está pequeño",,,0,1,1.0,0.0,,,0,0.0,,1.0,Madre,2.0,25.0,3,1,2,0.0,0.0,2,1.0,,,1,1.0,02,1.0,2.0,,,2.0,,41112102,2.0,0.0
41114103,411141,41114,00411,0060,2022,nacional,5,1,hombre,3-5,9818,1,,,4.0,0.0,0,1,1.0,0.0,,,0,0.0,,1.0,Madre,2.0,24.0,4,2,2,,0.0,1,,4.0,0.0,1,1.0,02,1.0,2.0,,,2.0,,41114102,2.0,0.0
41114104,411141,41114,00411,0060,2022,nacional,2,1,hombre,0-2,9818,0,1.0,"No tiene necesidad, está pequeño",,,0,1,1.0,0.0,,,0,0.0,,1.0,Madre,2.0,24.0,4,2,2,0.0,0.0,2,1.0,,,1,1.0,02,1.0,2.0,,,2.0,,41114102,2.0,0.0
41202104,412021,41202,00412,0060,2022,nacional,3,2,mujer,3-5,11073,0,4.0,Horarios incompatibles con madre/padre/tutor,,,0,1,1.0,1.0,0.0,,0,0.0,,1.0,Madre,2.0,23.0,5,2,2,1.0,0.0,2,4.0,,,1,1.0,01,1.0,1.0,2.0,,2.0,,41202101,1.0,1.0
41202105,412021,41202,00412,0060,2022,nacional,1,1,hombre,0-2,11073,0,1.0,"No tiene necesidad, está pequeño",,,0,1,1.0,1.0,0.0,,0,0.0,,1.0,Madre,2.0,23.0,5,2,2,0.0,0.0,2,1.0,,,1,1.0,01,1.0,1.0,2.0,,2.0,,41202101,1.0,1.0
41212104,412121,41212,00412,0060,2022,nacional,3,1,hombre,3-5,11073,0,1.0,"No tiene necesidad, está pequeño",,,0,1,1.0,0.0,,,0,0.0,,1.0,Madre,2.0,32.0,4,1,2,0.0,0.0,2,1.0,,,1,1.0,02,1.0,2.0,,,2.0,,41212102,2.0,0.0
41213105,412131,41213,00412,0060,2022,nacional,1,1,hombre,0-2,11073,0,1.0,"No tiene necesidad, está pequeño",,,0,1,1.0,0.0,,,0,0.0,,1.0,Madre,2.0,37.0,5,1,2,0.0,0.0,2,1.0,,,1,1.0,02,1.0,2.0,,,2.0,,41213102,2.0,0.0
41217105,412171,41217,00412,0060,2022,nacional,4,1,hombre,3-5,11073,1,,,3.0,0.0,0,1,1.0,0.0,,,0,0.0,,1.0,Madre,2.0,30.0,5,1,2,,0.0,1,,3.0,0.0,1,1.0,02,1.0,2.0,,,2.0,,41217102,1.0,1.0
41903105,419031,41903,00419,0065,2022,nacional,5,1,hombre,3-5,19486,1,,,5.0,790.0,0,1,1.0,0.0,,,0,0.0,,1.0,Madre,2.0,33.0,5,1,2,,0.0,1,,5.0,790.0,1,1.0,02,1.0,2.0,,,2.0,,41903102,2.0,0.0
42002105,420021,42002,00420,0065,2022,nacional,4,1,hombre,3-5,19356,1,,,4.0,0.0,0,1,1.0,0.0,,,0,0.0,,3.0,Abuela,2.0,49.0,5,1,3,,0.0,1,,4.0,0.0,1,1.0,02,3.0,2.0,,,2.0,,42002102,2.0,0.0
42201105,422011,42201,00422,0065,2022,nacional,3,1,hombre,3-5,22573,0,1.0,"No tiene necesidad, está pequeño",,,0,1,1.0,1.0,0.0,,0,0.0,,2.0,Padre,1.0,38.0,5,1,2,0.0,0.0,2,1.0,,,1,1.0,01,2.0,1.0,2.0,,2.0,,42201101,1.0,1.0
42204103,422041,42204,00422,0065,2022,nacional,3,1,hombre,3-5,22573,0,1.0,"No tiene necesidad, está pequeño",,,0,1,1.0,0.0,,,0,0.0,,1.0,Madre,2.0,27.0,4,2,2,0.0,0.0,2,1.0,,,1,1.0,02,1.0,2.0,,,2.0,,42204102,1.0,1.0
42204104,422041,42204,00422,0065,2022,nacional,0,1,hombre,0-2,22573,0,1.0,"No tiene necesidad, está pequeño",,,0,1,1.0,0.0,,,0,0.0,,1.0,Madre,2.0,27.0,4,2,2,0.0,0.0,2,1.0,,,1,1.0,02,1.0,2.0,,,2.0,,42204102,1.0,1.0
42502104,425021,42502,00425,0066,2022,nacional,5,1,hombre,3-5,28187,1,,,4.0,0.0,0,1,1.0,0.0,,,0,0.0,,1.0,Madre,2.0,24.0,4,1,2,,0.0,1,,4.0,0.0,1,1.0,02,1.0,2.0,,,2.0,,42502102,2.0,0.0
42602105,426021,42602,00426,0065,2022,nacional,4,2,mujer,3-5,20903,0,1.0,"No tiene necesidad, está pequeño",,,0,1,1.0,0.0,,,0,0.0,,1.0,Madre,2.0,38.0,5,1,3,0.0,0.0,2,1.0,,,1,1.0,02,1.0,2.0,,,2.0,,42602102,2.0,0.0
42704103,427041,42704,00427,0065,2022,nacional,3,2,mujer,3-5,32977,0,1.0,"No tiene necesidad, está pequeño",,,0,1,1.0,0.0,,,0,0.0,,1.0,Madre,2.0,35.0,3,1,2,0.0,0.0,2,1.0,,,1,1.0,02,1.0,2.0,,,2.0,,42704102,2.0,0.0
42905105,429051,42905,00429,0066,2022,nacional,5,2,mujer,3-5,23932,0,7.0,Asiste a primaria,,,0,1,1.0,0.0,,,0,0.0,,1.0,Madre,2.0,31.0,5,1,4,0.0,0.0,2,7.0,,,1,1.0,03,1.0,2.0,,,2.0,,42905103,1.0,1.0
43102105,431021,43102,00431,0065,2022,nacional,5,2,mujer,3-5,22855,1,,,4.0,0.0,0,1,1.0,0.0,,,0,0.0,,1.0,Madre,2.0,37.0,5,1,2,,0.0,1,,4.0,0.0,1,1.0,02,1.0,2.0,,,2.0,,43102102,1.0,1.0
43103104,431031,43103,00431,0065,2022,nacional,1,1,hombre,0-2,22855,0,1.0,"No tiene necesidad, está pequeño",,,0,0,,,,,0,,,,,,,5,1,4,0.0,,2,1.0,,,2,,,,,,,,,,,
43304109,433041,43304,00433,0065,2022,nacional,5,2,mujer,3-5,26223,1,,,5.0,800.0,0,1,1.0,0.0,,,0,0.0,,1.0,Madre,2.0,21.0,9,1,6,,0.0,1,,5.0,800.0,1,1.0,06,1.0,2.0,,,2.0,,43304106,1.0,1.0
43701106,437011,43701,00437,0065,2022,nacional,3,2,mujer,3-5,19670,0,2.0,No puede pagar los gastos escolares,,,0,1,1.0,0.0,,,0,0.0,,3.0,Abuela,2.0,44.0,6,1,3,1.0,0.0,2,2.0,,,1,1.0,02,3.0,2.0,,,2.0,,43701102,2.0,0.0
43705105,437051,43705,00437,0065,2022,nacional,5,1,hombre,3-5,19670,1,,,3.0,0.0,0,1,1.0,0.0,,,0,0.0,,1.0,Madre,2.0,48.0,5,1,3,,0.0,1,,3.0,0.0,1,1.0,02,1.0,2.0,,,2.0,,43705102,1.0,1.0
43802103,438021,43802,00438,0065,2022,nacional,0,2,mujer,0-2,20153,0,1.0,"No tiene necesidad, está pequeño",,,0,1,1.0,0.0,,,0,0.0,,1.0,Madre,2.0,22.0,3,1,2,0.0,0.0,2,1.0,,,1,1.0,02,1.0,2.0,,,2.0,,43802102,2.0,0.0
43803104,438031,43803,00438,0065,2022,nacional,5,1,hombre,3-5,20153,1,,,3.0,0.0,0,1,1.0,0.0,,,0,0.0,,1.0,Madre,2.0,25.0,5,2,2,,0.0,1,,3.0,0.0,1,1.0,02,1.0,2.0,,,2.0,,43803102,1.0,1.0
43803105,438031,43803,00438,0065,2022,nacional,0,1,hombre,0-2,20153,0,3.0,No hay centros o quedan lejos,,,0,1,1.0,1.0,0.0,,0,0.0,,1.0,Madre,2.0,25.0,5,2,2,1.0,0.0,2,3.0,,,1,1.0,02,1.0,1.0,2.0,,2.0,,43803102,1.0,1.0
43902104,439021,43902,00439,0065,2022,nacional,3,2,mujer,3-5,27369,1,,,5.0,,0,1,1.0,0.0,,,0,0.0,,3.0,Abuela,2.0,57.0,4,1,3,,0.0,1,,5.0,99999.0,1,1.0,02,3.0,2.0,,,2.0,,43902102,2.0,0.0
44002104,440021,44002,00440,0067,2022,nacional,5,2,mujer,3-5,34887,1,,,4.0,2800.0,0,1,1.0,1.0,0.0,,0,0.0,,1.0,Madre,2.0,33.0,5,2,2,,0.0,1,,4.0,2800.0,1,1.0,02,1.0,1.0,2.0,,2.0,,44002102,1.0,1.0
44002105,440021,44002,00440,0067,2022,nacional,3,1,hombre,3-5,34887,1,,,3.0,2000.0,0,1,1.0,1.0,0.0,,0,0.0,,1.0,Madre,2.0,33.0,5,2,2,,0.0,1,,3.0,2000.0,1,1.0,02,1.0,1.0,2.0,,2.0,,44002102,1.0,1.0
44103105,441031,44103,00441,0065,2022,nacional,4,1,hombre,3-5,18352,1,,,5.0,1200.0,0,1,1.0,0.0,,,0,0.0,,1.0,Madre,2.0,28.0,5,1,4,,0.0,1,,5.0,1200.0,1,1.0,02,1.0,2.0,,,2.0,,44103102,1.0,1.0
44205103,442051,44205,00442,0065,2022,nacional,2,2,mujer,0-2,21985,0,1.0,"No tiene necesidad, está pequeño",,,0,1,1.0,0.0,,,0,0.0,,1.0,Madre,2.0,42.0,3,1,2,0.0,0.0,2,1.0,,,1,1.0,02,1.0,2.0,,,2.0,,44205102,2.0,0.0
44405104,444051,44405,00444,0064,2022,nacional,5,2,mujer,3-5,27914,1,,,5.0,400.0,0,1,0.0,0.0,,,0,0.0,,,,,,4,1,1,,0.0,1,,5.0,400.0,1,2.0,00,,2.0,,,2.0,,,,
44413105,444131,44413,00444,0064,2022,nacional,2,1,hombre,0-2,27914,0,1.0,"No tiene necesidad, está pequeño",,,0,1,1.0,0.0,,,0,0.0,,3.0,Abuela,2.0,54.0,5,1,4,0.0,0.0,2,1.0,,,1,1.0,02,3.0,2.0,,,2.0,,44413102,2.0,0.0
44414103,444141,44414,00444,0064,2022,nacional,3,2,mujer,3-5,27914,1,,,4.0,0.0,0,1,1.0,0.0,,,0,0.0,,1.0,Madre,2.0,30.0,3,1,2,,0.0,1,,4.0,0.0,1,1.0,02,1.0,2.0,,,2.0,,44414102,1.0,1.0
44415104,444151,44415,00444,0064,2022,nacional,4,1,hombre,3-5,27914,1,,,5.0,0.0,0,1,1.0,0.0,,,0,0.0,,1.0,Madre,2.0,33.0,4,1,2,,0.0,1,,5.0,0.0,1,1.0,02,1.0,2.0,,,2.0,,44415102,2.0,0.0
44418104,444181,44418,00444,0064,2022,nacional,1,2,mujer,0-2,27914,0,1.0,"No tiene necesidad, está pequeño",,,0,1,1.0,0.0,,,0,0.0,,1.0,Madre,2.0,28.0,4,1,1,0.0,0.0,2,1.0,,,1,1.0,01,1.0,2.0,,,2.0,,44418101,1.0,1.0
44420107,444201,44420,00444,0064,2022,nacional,0,2,mujer,0-2,27914,0,1.0,"No tiene necesidad, está pequeño",,,0,0,,,,,0,,,,,,,7,1,4,0.0,,2,1.0,,,2,,,,,,,,,,,
44602105,446021,44602,00446,0066,2022,nacional,0,2,mujer,0-2,29203,0,1.0,"No tiene necesidad, está pequeño",,,0,1,1.0,0.0,,,0,0.0,,1.0,Madre,2.0,36.0,5,1,2,0.0,0.0,2,1.0,,,1,1.0,02,1.0,2.0,,,2.0,,44602102,2.0,0.0
44605105,446051,44605,00446,0066,2022,nacional,3,2,mujer,3-5,29203,0,1.0,"No tiene necesidad, está pequeño",,,0,1,1.0,0.0,,,0,0.0,,1.0,Madre,2.0,22.0,5,1,4,0.0,0.0,2,1.0,,,1,1.0,04,1.0,2.0,,,2.0,,44605104,2.0,0.0
44701105,447011,44701,00447,0064,2022,nacional,3,2,mujer,3-5,24342,0,1.0,"No tiene necesidad, está pequeño",,,0,1,1.0,0.0,,,0,0.0,,3.0,Abuela,2.0,48.0,5,1,3,0.0,0.0,2,1.0,,,1,1.0,02,3.0,2.0,,,2.0,,44701102,2.0,0.0
44704104,447041,44704,00447,0064,2022,nacional,3,1,hombre,3-5,24342,1,,,5.0,0.0,0,1,1.0,1.0,0.0,,0,0.0,,1.0,Madre,2.0,33.0,4,1,2,,0.0,1,,5.0,0.0,1,1.0,02,1.0,1.0,2.0,,2.0,,44704102,1.0,1.0
44706104,447061,44706,00447,0064,2022,nacional,4,2,mujer,3-5,24342,1,,,3.0,0.0,0,1,1.0,0.0,,,0,0.0,,3.0,Abuela,2.0,66.0,5,1,3,,0.0,1,,3.0,0.0,1,1.0,03,3.0,2.0,,,2.0,,44706103,2.0,0.0
44710104,447101,44710,00447,0064,2022,nacional,1,2,mujer,0-2,24342,0,3.0,No hay centros o quedan lejos,,,0,1,1.0,0.0,,,0,0.0,,1.0,Madre,2.0,31.0,4,1,2,1.0,0.0,2,3.0,,,1,1.0,02,1.0,2.0,,,2.0,,44710102,2.0,0.0
44712108,447121,44712,00447,0064,2022,nacional,5,1,hombre,3-5,24342,0,4.0,Horarios incompatibles con madre/padre/tutor,,,0,1,1.0,0.0,,,0,0.0,,1.0,Madre,2.0,37.0,8,1,2,1.0,0.0,2,4.0,,,1,1.0,02,1.0,2.0,,,2.0,,44712102,2.0,0.0
44714106,447141,44714,00447,0064,2022,nacional,3,2,mujer,3-5,24342,0,1.0,"No tiene necesidad, está pequeño",,,0,1,1.0,0.0,,,0,1.0,0.0,1.0,Madre,2.0,28.0,6,1,2,0.0,0.0,2,1.0,,,1,1.0,02,1.0,2.0,,,1.0,2.0,44714102,1.0,1.0
45101106,451011,45101,00451,0071,2022,nacional,5,1,hombre,3-5,3653,1,,,3.0,,0,1,1.0,0.0,,,0,0.0,,1.0,Madre,2.0,34.0,7,2,3,,0.0,1,,3.0,99999.0,1,1.0,03,1.0,2.0,,,2.0,,45101103,1.0,1.0
45101107,451011,45101,00451,0071,2022,nacional,3,2,mujer,3-5,3653,1,,,5.0,,0,1,1.0,0.0,,,0,0.0,,1.0,Madre,2.0,34.0,7,2,3,,0.0,1,,5.0,99999.0,1,1.0,03,1.0,2.0,,,2.0,,45101103,1.0,1.0
45104104,451041,45104,00451,0071,2022,nacional,1,2,mujer,0-2,3653,0,1.0,"No tiene necesidad, está pequeño",,,0,1,1.0,1.0,1.0,400.0,0,1.0,1.0,1.0,Madre,2.0,33.0,4,1,2,0.0,1.0,2,1.0,,,1,1.0,02,1.0,1.0,1.0,400.0,1.0,1.0,45104102,1.0,1.0
45202104,452021,45202,00452,0071,2022,nacional,0,2,mujer,0-2,5232,0,1.0,"No tiene necesidad, está pequeño",,,0,1,1.0,0.0,,,0,0.0,,1.0,Madre,2.0,33.0,4,1,2,0.0,0.0,2,1.0,,,1,1.0,02,1.0,2.0,,,2.0,,45202102,1.0,1.0
45205104,452051,45205,00452,0071,2022,nacional,4,2,mujer,3-5,5232,1,,,6.0,800.0,0,1,1.0,0.0,,,0,0.0,,1.0,Madre,2.0,36.0,4,1,2,,0.0,1,,6.0,800.0,1,1.0,02,1.0,2.0,,,2.0,,45205102,1.0,1.0
45304104,453041,45304,00453,0070,2022,nacional,3,1,hombre,3-5,5433,1,,,3.0,,0,1,1.0,0.0,,,0,0.0,,3.0,Abuela,2.0,65.0,4,1,2,,0.0,1,,3.0,99999.0,1,1.0,02,3.0,2.0,,,2.0,,45304102,2.0,0.0
45403104,454031,45403,00454,0072,2022,nacional,1,2,mujer,0-2,12139,0,1.0,"No tiene necesidad, está pequeño",,,0,1,1.0,0.0,,,0,0.0,,1.0,Madre,2.0,35.0,4,1,1,0.0,0.0,2,1.0,,,1,1.0,01,1.0,2.0,,,2.0,,45403101,1.0,1.0
45801103,458011,45801,00458,0070,2022,nacional,0,1,hombre,0-2,7158,0,1.0,"No tiene necesidad, está pequeño",,,0,1,1.0,1.0,0.0,,0,0.0,,1.0,Madre,2.0,26.0,3,1,2,0.0,0.0,2,1.0,,,1,1.0,02,1.0,1.0,2.0,,2.0,,45801102,1.0,1.0
45803103,458031,45803,00458,0070,2022,nacional,3,2,mujer,3-5,7158,0,1.0,"No tiene necesidad, está pequeño",,,0,1,1.0,0.0,,,0,0.0,,1.0,Madre,2.0,25.0,3,1,2,0.0,0.0,2,1.0,,,1,1.0,01,1.0,2.0,,,2.0,,45803101,1.0,1.0
45805103,458051,45805,00458,0070,2022,nacional,5,2,mujer,3-5,7158,1,,,5.0,1000.0,0,1,1.0,1.0,0.0,,0,0.0,,1.0,Madre,2.0,26.0,3,1,2,,0.0,1,,5.0,1000.0,1,1.0,02,1.0,1.0,2.0,,2.0,,45805102,1.0,1.0
45902107,459021,45902,00459,0070,2022,nacional,5,2,mujer,3-5,4198,1,,,3.0,180.0,0,1,1.0,0.0,,,0,0.0,,3.0,Abuela,2.0,62.0,7,1,6,,0.0,1,,3.0,180.0,1,1.0,02,3.0,2.0,,,2.0,,45902102,2.0,0.0
45904104,459041,45904,00459,0070,2022,nacional,4,2,mujer,3-5,4198,1,,,3.0,100.0,0,1,1.0,0.0,,,0,0.0,,1.0,Madre,2.0,41.0,4,1,2,,0.0,1,,3.0,100.0,1,1.0,02,1.0,2.0,,,2.0,,45904102,2.0,0.0
45905103,459051,45905,00459,0070,2022,nacional,4,2,mujer,3-5,4198,0,1.0,"No tiene necesidad, está pequeño",,,0,1,1.0,0.0,,,0,0.0,,1.0,Madre,2.0,20.0,5,2,3,0.0,0.0,2,1.0,,,1,1.0,02,1.0,2.0,,,2.0,,45905102,2.0,0.0
45905104,459051,45905,00459,0070,2022,nacional,0,2,mujer,0-2,4198,0,1.0,"No tiene necesidad, está pequeño",,,0,1,1.0,0.0,,,0,0.0,,1.0,Madre,2.0,20.0,5,2,3,0.0,0.0,2,1.0,,,1,1.0,02,1.0,2.0,,,2.0,,45905102,2.0,0.0
46101106,461011,46101,00461,0070,2022,nacional,1,1,hombre,0-2,6679,0,2.0,No puede pagar los gastos escolares,,,0,1,1.0,0.0,,,0,0.0,,1.0,Madre,2.0,18.0,7,2,4,1.0,0.0,2,2.0,,,1,1.0,05,1.0,2.0,,,2.0,,46101105,1.0,1.0
46101107,461011,46101,00461,0070,2022,nacional,1,1,hombre,0-2,6679,0,2.0,No puede pagar los gastos escolares,,,0,1,1.0,0.0,,,0,0.0,,1.0,Madre,2.0,18.0,7,2,4,1.0,0.0,2,2.0,,,1,1.0,05,1.0,2.0,,,2.0,,46101105,1.0,1.0
46103103,461031,46103,00461,0070,2022,nacional,0,1,hombre,0-2,6679,1,,,6.0,1400.0,0,1,1.0,0.0,,,0,0.0,,1.0,Madre,2.0,38.0,3,1,2,,0.0,1,,6.0,1400.0,1,1.0,02,1.0,2.0,,,2.0,,46103102,1.0,1.0
46303103,463031,46303,00463,0070,2022,nacional,4,1,hombre,3-5,4161,1,,,4.0,110.0,0,1,1.0,0.0,,,0,0.0,,1.0,Madre,2.0,21.0,5,3,2,,0.0,1,,4.0,110.0,1,1.0,02,1.0,2.0,,,2.0,,46303102,2.0,0.0
46303104,463031,46303,00463,0070,2022,nacional,2,1,hombre,0-2,4161,0,1.0,"No tiene necesidad, está pequeño",,,0,1,1.0,0.0,,,0,0.0,,1.0,Madre,2.0,21.0,5,3,2,0.0,0.0,2,1.0,,,1,1.0,02,1.0,2.0,,,2.0,,46303102,2.0,0.0
46303105,463031,46303,00463,0070,2022,nacional,0,1,hombre,0-2,4161,0,1.0,"No tiene necesidad, está pequeño",,,0,1,1.0,0.0,,,0,0.0,,1.0,Madre,2.0,21.0,5,3,2,0.0,0.0,2,1.0,,,1,1.0,02,1.0,2.0,,,2.0,,46303102,2.0,0.0
46304106,463041,46304,00463,0070,2022,nacional,3,1,hombre,3-5,4161,1,,,5.0,1200.0,0,1,1.0,0.0,,,0,0.0,,1.0,Madre,2.0,23.0,7,2,4,,0.0,1,,5.0,1200.0,1,1.0,04,1.0,2.0,,,2.0,,46304104,2.0,0.0
46304107,463041,46304,00463,0070,2022,nacional,0,1,hombre,0-2,4161,0,1.0,"No tiene necesidad, está pequeño",,,0,1,1.0,0.0,,,0,0.0,,1.0,Madre,2.0,23.0,7,2,4,0.0,0.0,2,1.0,,,1,1.0,04,1.0,2.0,,,2.0,,46304104,2.0,0.0
46401104,464011,46401,00464,0068,2022,nacional,3,1,hombre,3-5,7886,0,1.0,"No tiene necesidad, está pequeño",,,0,1,1.0,0.0,,,0,0.0,,1.0,Madre,2.0,36.0,4,1,2,0.0,0.0,2,1.0,,,1,1.0,02,1.0,2.0,,,2.0,,46401102,2.0,0.0
46405107,464051,46405,00464,0068,2022,nacional,5,1,hombre,3-5,7886,1,,,3.0,50.0,0,1,1.0,0.0,,,0,0.0,,1.0,Madre,2.0,22.0,10,4,5,,0.0,1,,3.0,50.0,1,1.0,04,1.0,2.0,,,2.0,,46405104,2.0,0.0
46405108,464051,46405,00464,0068,2022,nacional,3,1,hombre,3-5,7886,0,2.0,No puede pagar los gastos escolares,,,0,1,1.0,0.0,,,0,0.0,,1.0,Madre,2.0,22.0,10,4,5,1.0,0.0,2,2.0,,,1,1.0,04,1.0,2.0,,,2.0,,46405104,2.0,0.0
46405109,464051,46405,00464,0068,2022,nacional,1,2,mujer,0-2,7886,0,1.0,"No tiene necesidad, está pequeño",,,0,1,1.0,0.0,,,0,0.0,,1.0,Madre,2.0,26.0,10,4,5,0.0,0.0,2,1.0,,,1,1.0,03,1.0,2.0,,,2.0,,46405103,2.0,0.0
46405110,464051,46405,00464,0068,2022,nacional,1,1,hombre,0-2,7886,0,1.0,"No tiene necesidad, está pequeño",,,0,1,1.0,0.0,,,0,0.0,,1.0,Madre,2.0,22.0,10,4,5,0.0,0.0,2,1.0,,,1,1.0,04,1.0,2.0,,,2.0,,46405104,2.0,0.0
46414104,464141,46414,00464,0068,2022,nacional,5,1,hombre,3-5,7886,1,,,3.0,50.0,0,1,1.0,0.0,,,0,0.0,,1.0,Madre,2.0,31.0,6,2,3,,0.0,1,,3.0,50.0,1,1.0,01,1.0,2.0,,,2.0,,46414101,1.0,1.0
46414106,464141,46414,00464,0068,2022,nacional,5,2,mujer,3-5,7886,1,,,3.0,50.0,0,1,1.0,0.0,,,0,0.0,,1.0,Madre,2.0,31.0,6,2,3,,0.0,1,,3.0,50.0,1,1.0,01,1.0,2.0,,,2.0,,46414101,1.0,1.0
46415105,464151,46415,00464,0068,2022,nacional,3,1,hombre,3-5,7886,0,1.0,"No tiene necesidad, está pequeño",,,0,1,1.0,0.0,,,0,0.0,,3.0,Abuela,2.0,60.0,5,1,4,0.0,0.0,2,1.0,,,1,1.0,02,3.0,2.0,,,2.0,,46415102,2.0,0.0
46417105,464171,46417,00464,0068,2022,nacional,0,2,mujer,0-2,7886,0,1.0,"No tiene necesidad, está pequeño",,,0,1,1.0,0.0,,,0,0.0,,1.0,Madre,2.0,31.0,5,1,2,0.0,0.0,2,1.0,,,1,1.0,02,1.0,2.0,,,2.0,,46417102,2.0,0.0
46418102,464181,46418,00464,0068,2022,nacional,5,2,mujer,3-5,7886,1,,,3.0,20.0,0,1,1.0,0.0,,,0,0.0,,1.0,Madre,2.0,27.0,3,2,1,,0.0,1,,3.0,20.0,1,1.0,01,1.0,2.0,,,2.0,,46418101,2.0,0.0
46418103,464181,46418,00464,0068,2022,nacional,3,1,hombre,3-5,7886,1,,,3.0,20.0,0,1,1.0,0.0,,,0,0.0,,1.0,Madre,2.0,27.0,3,2,1,,0.0,1,,3.0,20.0,1,1.0,01,1.0,2.0,,,2.0,,46418101,2.0,0.0
46420104,464201,46420,00464,0068,2022,nacional,5,2,mujer,3-5,7886,1,,,3.0,50.0,0,1,1.0,0.0,,,0,0.0,,2.0,Padre,1.0,34.0,4,1,3,,0.0,1,,3.0,50.0,1,1.0,02,2.0,2.0,,,2.0,,46420102,1.0,1.0
46508105,465081,46508,00465,0068,2022,nacional,2,1,hombre,0-2,7103,1,,,6.0,,0,1,1.0,0.0,,,0,0.0,,1.0,Madre,2.0,20.0,5,1,4,,0.0,1,,6.0,99999.0,1,1.0,04,1.0,2.0,,,2.0,,46508104,1.0,1.0
46509104,465091,46509,00465,0068,2022,nacional,2,2,mujer,0-2,7103,1,,,7.0,1500.0,0,1,1.0,0.0,,,0,0.0,,1.0,Madre,2.0,31.0,4,1,2,,0.0,1,,7.0,1500.0,1,1.0,02,1.0,2.0,,,2.0,,46509102,1.0,1.0
46601108,466011,46601,00466,0068,2022,nacional,3,2,mujer,3-5,6657,1,,,3.0,,0,1,1.0,0.0,,,0,0.0,,1.0,Madre,2.0,38.0,8,1,6,,0.0,1,,3.0,99999.0,1,1.0,06,1.0,2.0,,,2.0,,46601106,1.0,1.0
46604107,466041,46604,00466,0068,2022,nacional,4,2,mujer,3-5,6657,1,,,3.0,180.0,0,1,1.0,0.0,,,0,0.0,,1.0,Madre,2.0,27.0,7,1,5,,0.0,1,,3.0,180.0,1,1.0,05,1.0,2.0,,,2.0,,46604105,1.0,1.0
46605103,466051,46605,00466,0068,2022,nacional,2,1,hombre,0-2,6657,1,,,4.0,679.0,0,1,1.0,0.0,,,0,0.0,,1.0,Madre,2.0,21.0,3,1,2,,0.0,1,,4.0,679.0,1,1.0,02,1.0,2.0,,,2.0,,46605102,2.0,0.0
46607104,466071,46607,00466,0068,2022,nacional,1,1,hombre,0-2,6657,0,1.0,"No tiene necesidad, está pequeño",,,0,1,1.0,0.0,,,0,0.0,,1.0,Madre,2.0,30.0,4,1,2,0.0,0.0,2,1.0,,,1,1.0,02,1.0,2.0,,,2.0,,46607102,1.0,1.0
46610104,466101,46610,00466,0068,2022,nacional,4,2,mujer,3-5,6657,1,,,4.0,900.0,0,1,1.0,0.0,,,0,0.0,,1.0,Madre,2.0,22.0,5,2,3,,0.0,1,,4.0,900.0,1,1.0,03,1.0,2.0,,,2.0,,46610103,2.0,0.0
46610105,466101,46610,00466,0068,2022,nacional,3,2,mujer,3-5,6657,1,,,4.0,900.0,0,1,1.0,0.0,,,0,0.0,,1.0,Madre,2.0,22.0,5,2,3,,0.0,1,,4.0,900.0,1,1.0,03,1.0,2.0,,,2.0,,46610103,2.0,0.0
46614104,466141,46614,00466,0068,2022,nacional,5,2,mujer,3-5,6657,1,,,3.0,0.0,0,1,1.0,0.0,,,0,0.0,,1.0,Madre,2.0,35.0,4,1,2,,0.0,1,,3.0,0.0,1,1.0,01,1.0,2.0,,,2.0,,46614101,1.0,1.0
46619105,466191,46619,00466,0068,2022,nacional,3,1,hombre,3-5,6657,1,,,6.0,1850.0,0,1,1.0,0.0,,,0,0.0,,3.0,Abuela,2.0,74.0,5,1,4,,0.0,1,,6.0,1850.0,1,1.0,02,3.0,2.0,,,2.0,,46619102,2.0,0.0
46620104,466201,46620,00466,0068,2022,nacional,0,1,hombre,0-2,6657,0,1.0,"No tiene necesidad, está pequeño",,,0,1,1.0,0.0,,,0,0.0,,1.0,Madre,2.0,41.0,4,1,2,0.0,0.0,2,1.0,,,1,1.0,02,1.0,2.0,,,2.0,,46620102,2.0,0.0
46701104,467011,46701,00467,0068,2022,nacional,5,1,hombre,3-5,8546,1,,,3.0,33.0,0,1,1.0,0.0,,,0,0.0,,1.0,Madre,2.0,38.0,5,2,2,,0.0,1,,3.0,33.0,1,1.0,02,1.0,2.0,,,2.0,,46701102,2.0,0.0
46701105,467011,46701,00467,0068,2022,nacional,3,2,mujer,3-5,8546,0,2.0,No puede pagar los gastos escolares,,,0,1,1.0,0.0,,,0,0.0,,1.0,Madre,2.0,38.0,5,2,2,1.0,0.0,2,2.0,,,1,1.0,02,1.0,2.0,,,2.0,,46701102,2.0,0.0
46702103,467021,46702,00467,0068,2022,nacional,4,2,mujer,3-5,8546,1,,,4.0,500.0,0,1,1.0,0.0,,,0,0.0,,1.0,Madre,2.0,22.0,3,1,2,,0.0,1,,4.0,500.0,1,1.0,02,1.0,2.0,,,2.0,,46702102,1.0,1.0
46703203,467032,46703,00467,0068,2022,nacional,2,2,mujer,0-2,8546,0,1.0,"No tiene necesidad, está pequeño",,,0,1,1.0,0.0,,,0,0.0,,1.0,Madre,2.0,20.0,4,2,2,0.0,0.0,2,1.0,,,1,1.0,02,1.0,2.0,,,2.0,,46703202,2.0,0.0
46703204,467032,46703,00467,0068,2022,nacional,0,2,mujer,0-2,8546,0,1.0,"No tiene necesidad, está pequeño",,,0,1,1.0,0.0,,,0,0.0,,1.0,Madre,2.0,20.0,4,2,2,0.0,0.0,2,1.0,,,1,1.0,02,1.0,2.0,,,2.0,,46703202,2.0,0.0
46705106,467051,46705,00467,0068,2022,nacional,4,2,mujer,3-5,8546,1,,,3.0,33.0,0,1,1.0,0.0,,,0,0.0,,1.0,Madre,2.0,41.0,6,1,2,,0.0,1,,3.0,33.0,1,1.0,02,1.0,2.0,,,2.0,,46705102,2.0,0.0
46715103,467151,46715,00467,0068,2022,nacional,4,2,mujer,3-5,8546,1,,,3.0,37.0,0,1,1.0,0.0,,,0,0.0,,1.0,Madre,2.0,31.0,3,1,2,,0.0,1,,3.0,37.0,1,1.0,02,1.0,2.0,,,2.0,,46715102,2.0,0.0
46718104,467181,46718,00467,0068,2022,nacional,0,2,mujer,0-2,8546,0,3.0,No hay centros o quedan lejos,,,0,1,1.0,0.0,,,0,0.0,,1.0,Madre,2.0,30.0,4,1,2,1.0,0.0,2,3.0,,,1,1.0,02,1.0,2.0,,,2.0,,46718102,2.0,0.0
46719108,467191,46719,00467,0068,2022,nacional,0,1,hombre,0-2,8546,0,1.0,"No tiene necesidad, está pequeño",,,0,1,1.0,0.0,,,0,0.0,,1.0,Madre,2.0,27.0,14,1,7,0.0,0.0,2,1.0,,,1,1.0,04,1.0,2.0,,,2.0,,46719104,2.0,0.0
46805105,468051,46805,00468,0069,2022,nacional,5,2,mujer,3-5,7548,1,,,3.0,0.0,0,1,1.0,0.0,,,0,0.0,,1.0,Madre,2.0,27.0,6,2,4,,0.0,1,,3.0,0.0,1,1.0,04,1.0,2.0,,,2.0,,46805104,2.0,0.0
46805106,468051,46805,00468,0069,2022,nacional,1,2,mujer,0-2,7548,0,1.0,"No tiene necesidad, está pequeño",,,0,1,1.0,0.0,,,0,0.0,,1.0,Madre,2.0,27.0,6,2,4,0.0,0.0,2,1.0,,,1,1.0,04,1.0,2.0,,,2.0,,46805104,2.0,0.0
46807103,468071,46807,00468,0069,2022,nacional,1,2,mujer,0-2,7548,0,1.0,"No tiene necesidad, está pequeño",,,0,1,1.0,0.0,,,0,0.0,,1.0,Madre,2.0,16.0,4,2,1,0.0,0.0,2,1.0,,,1,1.0,02,1.0,2.0,,,2.0,,46807102,2.0,0.0
46807104,468071,46807,00468,0069,2022,nacional,0,2,mujer,0-2,7548,0,1.0,"No tiene necesidad, está pequeño",,,0,1,1.0,0.0,,,0,0.0,,1.0,Madre,2.0,16.0,4,2,1,0.0,0.0,2,1.0,,,1,1.0,02,1.0,2.0,,,2.0,,46807102,2.0,0.0
46816104,468161,46816,00468,0069,2022,nacional,3,1,hombre,3-5,7548,0,1.0,"No tiene necesidad, está pequeño",,,0,1,1.0,1.0,0.0,,0,0.0,,1.0,Madre,2.0,28.0,4,1,2,0.0,0.0,2,1.0,,,1,1.0,02,1.0,1.0,2.0,,2.0,,46816102,1.0,1.0
46820105,468201,46820,00468,0069,2022,nacional,4,1,hombre,3-5,7548,1,,,3.0,0.0,0,1,1.0,0.0,,,0,0.0,,1.0,Madre,2.0,34.0,5,1,2,,0.0,1,,3.0,0.0,1,1.0,02,1.0,2.0,,,2.0,,46820102,1.0,1.0
46904105,469041,46904,00469,0069,2022,nacional,4,2,mujer,3-5,6160,1,,,4.0,0.0,0,1,1.0,0.0,,,0,0.0,,1.0,Madre,2.0,38.0,5,1,2,,0.0,1,,4.0,0.0,1,1.0,02,1.0,2.0,,,2.0,,46904102,2.0,0.0
46906103,469061,46906,00469,0069,2022,nacional,1,2,mujer,0-2,6160,0,1.0,"No tiene necesidad, está pequeño",,,0,1,1.0,0.0,,,0,0.0,,1.0,Madre,2.0,20.0,3,1,2,0.0,0.0,2,1.0,,,1,1.0,02,1.0,2.0,,,2.0,,46906102,2.0,0.0
46907103,469071,46907,00469,0069,2022,nacional,1,1,hombre,0-2,6160,0,1.0,"No tiene necesidad, está pequeño",,,0,1,1.0,0.0,,,0,0.0,,1.0,Madre,2.0,16.0,3,1,1,0.0,0.0,2,1.0,,,1,1.0,02,1.0,2.0,,,2.0,,46907102,2.0,0.0
46908105,469081,46908,00469,0069,2022,nacional,2,2,mujer,0-2,6160,0,1.0,"No tiene necesidad, está pequeño",,,0,1,1.0,0.0,,,0,0.0,,1.0,Madre,2.0,28.0,6,2,4,0.0,0.0,2,1.0,,,1,1.0,03,1.0,2.0,,,2.0,,46908103,2.0,0.0
46908106,469081,46908,00469,0069,2022,nacional,3,1,hombre,3-5,6160,1,,,4.0,,0,1,1.0,0.0,,,0,0.0,,1.0,Madre,2.0,28.0,6,2,4,,0.0,1,,4.0,99999.0,1,1.0,03,1.0,2.0,,,2.0,,46908103,2.0,0.0
46922106,469221,46922,00469,0069,2022,nacional,5,1,hombre,3-5,6160,1,,,4.0,0.0,0,1,1.0,0.0,,,0,0.0,,1.0,Madre,2.0,26.0,7,2,5,,0.0,1,,4.0,0.0,1,1.0,03,1.0,2.0,,,2.0,,46922103,1.0,1.0
46922107,469221,46922,00469,0069,2022,nacional,5,1,hombre,3-5,6160,1,,,4.0,0.0,0,1,1.0,0.0,,,0,0.0,,1.0,Madre,2.0,26.0,7,2,5,,0.0,1,,4.0,0.0,1,1.0,04,1.0,2.0,,,2.0,,46922104,2.0,0.0
47004106,470041,47004,00470,0069,2022,nacional,2,1,hombre,0-2,7370,0,3.0,No hay centros o quedan lejos,,,0,1,1.0,0.0,,,0,0.0,,1.0,Madre,2.0,35.0,6,1,2,1.0,0.0,2,3.0,,,1,1.0,01,1.0,2.0,,,2.0,,47004101,2.0,0.0
47011105,470111,47011,00470,0069,2022,nacional,2,2,mujer,0-2,7370,0,1.0,"No tiene necesidad, está pequeño",,,0,1,1.0,0.0,,,0,0.0,,1.0,Madre,2.0,36.0,5,1,2,0.0,0.0,2,1.0,,,1,1.0,02,1.0,2.0,,,2.0,,47011102,2.0,0.0
47012105,470121,47012,00470,0069,2022,nacional,1,2,mujer,0-2,7370,0,1.0,"No tiene necesidad, está pequeño",,,0,1,1.0,0.0,,,0,0.0,,1.0,Madre,2.0,24.0,5,1,3,0.0,0.0,2,1.0,,,1,1.0,03,1.0,2.0,,,2.0,,47012103,2.0,0.0
47013103,470131,47013,00470,0069,2022,nacional,2,1,hombre,0-2,7370,0,1.0,"No tiene necesidad, está pequeño",,,0,1,1.0,0.0,,,0,0.0,,1.0,Madre,2.0,19.0,3,1,2,0.0,0.0,2,1.0,,,1,1.0,02,1.0,2.0,,,2.0,,47013102,2.0,0.0
47021105,470211,47021,00470,0069,2022,nacional,1,2,mujer,0-2,7370,0,1.0,"No tiene necesidad, está pequeño",,,0,1,1.0,1.0,0.0,,0,1.0,1.0,1.0,Madre,2.0,23.0,5,1,2,0.0,1.0,2,1.0,,,1,1.0,02,1.0,1.0,2.0,,1.0,1.0,47021102,2.0,0.0
47102103,471021,47102,00471,0075,2022,nacional,3,2,mujer,3-5,2734,0,2.0,No puede pagar los gastos escolares,,,0,1,1.0,0.0,,,0,0.0,,1.0,Madre,2.0,28.0,3,1,2,1.0,0.0,2,2.0,,,1,1.0,01,1.0,2.0,,,2.0,,47102101,1.0,1.0
47205102,472051,47205,00472,0076,2022,nacional,0,2,mujer,0-2,1915,0,1.0,"No tiene necesidad, está pequeño",,,0,1,1.0,0.0,,,0,0.0,,5.0,Tía,2.0,20.0,2,1,1,0.0,0.0,2,1.0,,,1,1.0,01,5.0,2.0,,,2.0,,47205101,2.0,0.0
47305103,473051,47305,00473,0075,2022,nacional,1,2,mujer,0-2,2529,0,1.0,"No tiene necesidad, está pequeño",,,0,1,1.0,0.0,,,0,0.0,,1.0,Madre,2.0,30.0,3,1,2,0.0,0.0,2,1.0,,,1,1.0,02,1.0,2.0,,,2.0,,47305102,1.0,1.0
47404104,474041,47404,00474,0075,2022,nacional,4,2,mujer,3-5,2099,0,1.0,"No tiene necesidad, está pequeño",,,0,1,1.0,1.0,0.0,,0,0.0,,1.0,Madre,2.0,32.0,4,1,1,0.0,0.0,2,1.0,,,1,1.0,01,1.0,1.0,2.0,,2.0,,47404101,1.0,1.0
47601105,476011,47601,00476,0075,2022,nacional,1,2,mujer,0-2,2849,1,,,8.0,1600.0,0,1,1.0,0.0,,,0,0.0,,1.0,Madre,2.0,17.0,5,1,1,,0.0,1,,8.0,1600.0,1,1.0,02,1.0,2.0,,,2.0,,47601102,1.0,1.0
47802105,478021,47802,00478,0075,2022,nacional,1,2,mujer,0-2,2484,1,,,5.0,0.0,0,1,1.0,0.0,,,0,0.0,,1.0,Madre,2.0,37.0,5,1,3,,0.0,1,,5.0,0.0,1,1.0,02,1.0,2.0,,,2.0,,47802102,1.0,1.0
47804106,478041,47804,00478,0075,2022,nacional,4,1,hombre,3-5,2484,1,,,3.0,0.0,0,1,1.0,0.0,,,0,0.0,,1.0,Madre,2.0,31.0,7,1,5,,0.0,1,,3.0,0.0,1,1.0,04,1.0,2.0,,,2.0,,47804104,1.0,1.0
47905103,479051,47905,00479,0076,2022,nacional,3,1,hombre,3-5,2328,1,,,5.0,4600.0,0,1,1.0,0.0,,,0,0.0,,1.0,Madre,2.0,43.0,4,1,2,,0.0,1,,5.0,4600.0,1,1.0,02,1.0,2.0,,,2.0,,47905102,1.0,1.0
48005108,480051,48005,00480,0076,2022,nacional,0,1,hombre,0-2,2556,0,1.0,"No tiene necesidad, está pequeño",,,0,1,1.0,0.0,,,0,0.0,,1.0,Madre,2.0,36.0,8,1,3,0.0,0.0,2,1.0,,,1,1.0,02,1.0,2.0,,,2.0,,48005102,1.0,1.0
48402105,484021,48402,00484,0075,2022,nacional,3,2,mujer,3-5,2474,1,,,3.0,400.0,0,1,0.0,0.0,,,0,0.0,,1.0,Madre,2.0,23.0,5,1,4,,0.0,1,,3.0,400.0,1,2.0,03,1.0,2.0,,,2.0,,48402103,1.0,1.0
48501103,485011,48501,00485,0075,2022,nacional,4,2,mujer,3-5,2589,1,,,3.0,0.0,0,1,0.0,1.0,1.0,600.0,0,0.0,,1.0,Madre,2.0,28.0,3,1,1,,0.0,1,,3.0,0.0,1,2.0,01,1.0,1.0,1.0,600.0,2.0,,48501101,1.0,1.0
48502103,485021,48502,00485,0075,2022,nacional,2,2,mujer,0-2,2589,0,1.0,"No tiene necesidad, está pequeño",,,0,1,1.0,0.0,,,0,0.0,,1.0,Madre,2.0,27.0,3,1,2,0.0,0.0,2,1.0,,,1,1.0,02,1.0,2.0,,,2.0,,48502102,1.0,1.0
48505104,485051,48505,00485,0075,2022,nacional,5,1,hombre,3-5,2589,1,,,6.0,1500.0,0,1,1.0,0.0,,,0,0.0,,1.0,Madre,2.0,41.0,4,1,2,,0.0,1,,6.0,1500.0,1,1.0,02,1.0,2.0,,,2.0,,48505102,1.0,1.0
48701105,487011,48701,00487,0076,2022,nacional,5,1,hombre,3-5,3541,1,,,4.0,2800.0,0,1,1.0,0.0,,,0,0.0,,1.0,Madre,2.0,25.0,5,1,4,,0.0,1,,4.0,2800.0,1,1.0,04,1.0,2.0,,,2.0,,48701104,1.0,1.0
49105103,491051,49105,00491,0075,2022,nacional,4,1,hombre,3-5,2227,1,,,6.0,1200.0,0,1,1.0,0.0,,,0,0.0,,1.0,Madre,2.0,37.0,3,1,2,,0.0,1,,6.0,1200.0,1,1.0,02,1.0,2.0,,,2.0,,49105102,2.0,0.0
49306104,493061,49306,00493,0073,2022,nacional,1,1,hombre,0-2,3104,0,1.0,"No tiene necesidad, está pequeño",,,0,1,1.0,0.0,,,0,0.0,,1.0,Madre,2.0,34.0,4,1,2,0.0,0.0,2,1.0,,,1,1.0,02,1.0,2.0,,,2.0,,49306102,2.0,0.0
49402104,494021,49402,00494,0073,2022,nacional,3,2,mujer,3-5,3176,1,,,7.0,1000.0,0,1,1.0,0.0,,,0,0.0,,3.0,Abuela,2.0,51.0,4,1,3,,0.0,1,,7.0,1000.0,1,1.0,02,3.0,2.0,,,2.0,,49402102,1.0,1.0
49413108,494131,49413,00494,0073,2022,nacional,1,1,hombre,0-2,3176,0,1.0,"No tiene necesidad, está pequeño",,,0,1,0.0,0.0,,,0,0.0,,1.0,Madre,2.0,42.0,9,1,7,0.0,0.0,2,1.0,,,1,2.0,05,1.0,2.0,,,2.0,,49413105,1.0,1.0
49502103,495021,49502,00495,0073,2022,nacional,5,2,mujer,3-5,3125,1,,,3.0,0.0,0,1,1.0,0.0,,,0,0.0,,1.0,Madre,2.0,28.0,3,1,2,,0.0,1,,3.0,0.0,1,1.0,01,1.0,2.0,,,2.0,,49502101,1.0,1.0
49512105,495121,49512,00495,0073,2022,nacional,4,2,mujer,3-5,3125,1,,,,0.0,0,1,1.0,0.0,,,0,0.0,,1.0,Madre,2.0,37.0,5,1,3,,0.0,1,,99.0,0.0,1,1.0,03,1.0,2.0,,,2.0,,49512103,1.0,1.0
49513103,495131,49513,00495,0073,2022,nacional,5,2,mujer,3-5,3125,1,,,3.0,360.0,0,1,1.0,0.0,,,0,0.0,,5.0,Tía,2.0,38.0,4,2,1,,0.0,1,,3.0,360.0,1,1.0,01,5.0,2.0,,,2.0,,49513101,1.0,1.0
49513104,495131,49513,00495,0073,2022,nacional,4,1,hombre,3-5,3125,1,,,3.0,360.0,0,1,1.0,0.0,,,0,0.0,,5.0,Tía,2.0,38.0,4,2,1,,0.0,1,,3.0,360.0,1,1.0,01,5.0,2.0,,,2.0,,49513101,1.0,1.0
49801103,498011,49801,00498,0074,2022,nacional,1,1,hombre,0-2,3040,0,1.0,"No tiene necesidad, está pequeño",,,0,1,1.0,1.0,0.0,,0,0.0,,1.0,Madre,2.0,32.0,3,1,2,0.0,0.0,2,1.0,,,1,1.0,02,1.0,1.0,2.0,,2.0,,49801102,2.0,0.0
49806109,498061,49806,00498,0074,2022,nacional,5,1,hombre,3-5,3040,0,1.0,"No tiene necesidad, está pequeño",,,0,1,1.0,1.0,0.0,,0,0.0,,1.0,Madre,2.0,41.0,10,2,4,0.0,0.0,2,1.0,,,1,1.0,01,1.0,1.0,2.0,,2.0,,49806101,2.0,0.0
49806110,498061,49806,00498,0074,2022,nacional,1,2,mujer,0-2,3040,0,1.0,"No tiene necesidad, está pequeño",,,0,1,1.0,0.0,,,0,0.0,,3.0,Abuela,2.0,41.0,10,2,4,0.0,0.0,2,1.0,,,1,1.0,01,3.0,2.0,,,2.0,,49806101,2.0,0.0
49809103,498091,49809,00498,0074,2022,nacional,5,2,mujer,3-5,3040,1,,,5.0,0.0,0,1,1.0,1.0,0.0,,0,0.0,,1.0,Madre,2.0,21.0,4,2,2,,0.0,1,,5.0,0.0,1,1.0,02,1.0,1.0,2.0,,2.0,,49809102,2.0,0.0
49809104,498091,49809,00498,0074,2022,nacional,0,2,mujer,0-2,3040,0,1.0,"No tiene necesidad, está pequeño",,,0,1,1.0,0.0,,,0,0.0,,1.0,Madre,2.0,21.0,4,2,2,0.0,0.0,2,1.0,,,1,1.0,02,1.0,2.0,,,2.0,,49809102,2.0,0.0
49810107,498101,49810,00498,0074,2022,nacional,0,1,hombre,0-2,3040,0,1.0,"No tiene necesidad, está pequeño",,,0,1,1.0,1.0,0.0,,0,0.0,,1.0,Madre,2.0,19.0,7,1,5,0.0,0.0,2,1.0,,,1,1.0,04,1.0,1.0,2.0,,2.0,,49810104,2.0,0.0
49814103,498141,49814,00498,0074,2022,nacional,4,1,hombre,3-5,3040,0,1.0,"No tiene necesidad, está pequeño",,,0,1,1.0,0.0,,,0,0.0,,1.0,Madre,2.0,28.0,4,2,2,0.0,0.0,2,1.0,,,1,1.0,02,1.0,2.0,,,2.0,,49814102,2.0,0.0
49814104,498141,49814,00498,0074,2022,nacional,0,1,hombre,0-2,3040,0,1.0,"No tiene necesidad, está pequeño",,,0,1,1.0,0.0,,,0,0.0,,1.0,Madre,2.0,28.0,4,2,2,0.0,0.0,2,1.0,,,1,1.0,02,1.0,2.0,,,2.0,,49814102,2.0,0.0
49815103,498151,49815,00498,0074,2022,nacional,2,2,mujer,0-2,3040,0,1.0,"No tiene necesidad, está pequeño",,,0,1,1.0,0.0,,,0,0.0,,1.0,Madre,2.0,30.0,3,1,1,0.0,0.0,2,1.0,,,1,1.0,01,1.0,2.0,,,2.0,,49815101,2.0,0.0
49904104,499041,49904,00499,0074,2022,nacional,3,2,mujer,3-5,4699,0,1.0,"No tiene necesidad, está pequeño",,,0,1,1.0,0.0,,,0,0.0,,1.0,Madre,2.0,19.0,5,2,3,0.0,0.0,2,1.0,,,1,1.0,03,1.0,2.0,,,2.0,,49904103,2.0,0.0
49904105,499041,49904,00499,0074,2022,nacional,2,1,hombre,0-2,4699,0,1.0,"No tiene necesidad, está pequeño",,,0,1,1.0,0.0,,,0,0.0,,1.0,Madre,2.0,19.0,5,2,3,0.0,0.0,2,1.0,,,1,1.0,03,1.0,2.0,,,2.0,,49904103,2.0,0.0
49907105,499071,49907,00499,0074,2022,nacional,1,1,hombre,0-2,4699,0,1.0,"No tiene necesidad, está pequeño",,,0,1,1.0,0.0,,,0,0.0,,1.0,Madre,2.0,40.0,5,1,3,0.0,0.0,2,1.0,,,1,1.0,02,1.0,2.0,,,2.0,,49907102,1.0,1.0
49911102,499111,49911,00499,0074,2022,nacional,3,1,hombre,3-5,4699,1,,,4.0,,0,1,1.0,0.0,,,0,0.0,,1.0,Madre,2.0,33.0,2,1,1,,0.0,1,,4.0,99999.0,1,1.0,01,1.0,2.0,,,2.0,,49911101,1.0,1.0
49919103,499191,49919,00499,0074,2022,nacional,3,1,hombre,3-5,4699,0,1.0,"No tiene necesidad, está pequeño",,,0,1,1.0,0.0,,,0,0.0,,1.0,Madre,2.0,25.0,3,1,2,0.0,0.0,2,1.0,,,1,1.0,02,1.0,2.0,,,2.0,,49919102,1.0,1.0
49920105,499201,49920,00499,0074,2022,nacional,1,2,mujer,0-2,4699,0,1.0,"No tiene necesidad, está pequeño",,,0,1,1.0,0.0,,,0,0.0,,1.0,Madre,2.0,25.0,5,1,2,0.0,0.0,2,1.0,,,1,1.0,02,1.0,2.0,,,2.0,,49920102,2.0,0.0
50202106,502021,50202,00502,0081,2022,nacional,2,1,hombre,0-2,1589,0,1.0,"No tiene necesidad, está pequeño",,,0,1,1.0,0.0,,,0,0.0,,3.0,Abuela,2.0,56.0,7,1,4,0.0,0.0,2,1.0,,,1,1.0,01,3.0,2.0,,,2.0,,50202101,2.0,0.0
50303103,503031,50303,00503,0081,2022,nacional,5,2,mujer,3-5,1438,1,,,3.0,,0,1,1.0,0.0,,,0,0.0,,1.0,Madre,2.0,27.0,3,1,2,,0.0,1,,3.0,99999.0,1,1.0,02,1.0,2.0,,,2.0,,50303102,2.0,0.0
50305105,503051,50305,00503,0081,2022,nacional,5,2,mujer,3-5,1438,1,,,3.0,,0,1,1.0,0.0,,,0,0.0,,1.0,Madre,2.0,36.0,6,2,2,,0.0,1,,3.0,99999.0,1,1.0,02,1.0,2.0,,,2.0,,50305102,2.0,0.0
50305106,503051,50305,00503,0081,2022,nacional,3,2,mujer,3-5,1438,0,1.0,"No tiene necesidad, está pequeño",,,0,1,1.0,0.0,,,0,0.0,,1.0,Madre,2.0,36.0,6,2,2,0.0,0.0,2,1.0,,,1,1.0,02,1.0,2.0,,,2.0,,50305102,2.0,0.0
50703106,507031,50703,00507,0080,2022,nacional,3,1,hombre,3-5,1225,1,,,6.0,0.0,0,1,1.0,0.0,,,0,0.0,,1.0,Madre,2.0,23.0,6,1,3,,0.0,1,,6.0,0.0,1,1.0,03,1.0,2.0,,,2.0,,50703103,1.0,1.0
50704108,507041,50704,00507,0080,2022,nacional,4,2,mujer,3-5,1225,1,,,3.0,9999.0,0,1,1.0,0.0,,,0,0.0,,3.0,Abuela,2.0,70.0,8,1,5,,0.0,1,,3.0,9999.0,1,1.0,01,3.0,2.0,,,2.0,,50704101,2.0,0.0
50705106,507051,50705,00507,0080,2022,nacional,5,2,mujer,3-5,1225,1,,,3.0,,0,1,1.0,0.0,,,0,0.0,,1.0,Madre,2.0,43.0,8,3,3,,0.0,1,,3.0,99999.0,1,1.0,02,1.0,2.0,,,2.0,,50705102,1.0,1.0
50705107,507051,50705,00507,0080,2022,nacional,5,1,hombre,3-5,1225,1,,,6.0,,0,1,1.0,0.0,,,0,0.0,,3.0,Abuela,2.0,43.0,8,3,3,,0.0,1,,6.0,99999.0,1,1.0,02,3.0,2.0,,,2.0,,50705102,1.0,1.0
50705108,507051,50705,00507,0080,2022,nacional,2,1,hombre,0-2,1225,0,1.0,"No tiene necesidad, está pequeño",,,0,1,1.0,0.0,,,0,0.0,,3.0,Abuela,2.0,43.0,8,3,3,0.0,0.0,2,1.0,,,1,1.0,02,3.0,2.0,,,2.0,,50705102,1.0,1.0
51003105,510031,51003,00510,0082,2022,nacional,1,2,mujer,0-2,1661,1,,,7.0,0.0,0,1,1.0,0.0,,,0,0.0,,2.0,Padre,1.0,34.0,5,1,2,,0.0,1,,7.0,0.0,1,1.0,01,2.0,2.0,,,2.0,,51003101,1.0,1.0
51104103,511041,51104,00511,0082,2022,nacional,4,1,hombre,3-5,1556,1,,,3.0,100.0,0,1,1.0,1.0,0.0,,0,1.0,0.0,1.0,Madre,2.0,26.0,3,1,2,,0.0,1,,3.0,100.0,1,1.0,02,1.0,1.0,2.0,,1.0,2.0,51104102,1.0,1.0
51201105,512011,51201,00512,0080,2022,nacional,5,2,mujer,3-5,2543,0,6.0,Otra razón,,,0,1,1.0,0.0,,,0,1.0,1.0,2.0,Padre,1.0,30.0,5,1,3,0.0,1.0,2,6.0,,,1,1.0,03,2.0,2.0,,,1.0,1.0,51201103,1.0,1.0
51202104,512021,51202,00512,0080,2022,nacional,3,2,mujer,3-5,2543,1,,,3.0,50.0,0,1,1.0,0.0,,,0,0.0,,1.0,Madre,2.0,31.0,5,2,2,,0.0,1,,3.0,50.0,1,1.0,02,1.0,2.0,,,2.0,,51202102,1.0,1.0
51202105,512021,51202,00512,0080,2022,nacional,1,1,hombre,0-2,2543,0,1.0,"No tiene necesidad, está pequeño",,,0,1,1.0,0.0,,,0,1.0,0.0,1.0,Madre,2.0,31.0,5,2,2,0.0,0.0,2,1.0,,,1,1.0,02,1.0,2.0,,,1.0,2.0,51202102,1.0,1.0
51301106,513011,51301,00513,0078,2022,nacional,4,1,hombre,3-5,1974,0,6.0,Otra razón,,,0,1,1.0,0.0,,,0,0.0,,1.0,Madre,2.0,27.0,6,1,3,0.0,0.0,2,6.0,,,1,1.0,03,1.0,2.0,,,2.0,,51301103,1.0,1.0
51309104,513091,51309,00513,0078,2022,nacional,3,2,mujer,3-5,1974,0,1.0,"No tiene necesidad, está pequeño",,,0,1,1.0,1.0,0.0,,0,0.0,,1.0,Madre,2.0,30.0,4,1,2,0.0,0.0,2,1.0,,,1,1.0,02,1.0,1.0,2.0,,2.0,,51309102,1.0,1.0
51312103,513121,51312,00513,0078,2022,nacional,3,2,mujer,3-5,1974,0,1.0,"No tiene necesidad, está pequeño",,,0,1,1.0,1.0,0.0,,0,0.0,,1.0,Madre,2.0,29.0,3,1,2,0.0,0.0,2,1.0,,,1,1.0,02,1.0,1.0,2.0,,2.0,,51312102,1.0,1.0
51316103,513161,51316,00513,0078,2022,nacional,2,2,mujer,0-2,1974,0,3.0,No hay centros o quedan lejos,,,0,1,1.0,0.0,,,0,0.0,,2.0,Padre,1.0,31.0,4,2,2,1.0,0.0,2,3.0,,,1,1.0,01,2.0,2.0,,,2.0,,51316101,1.0,1.0
51316104,513161,51316,00513,0078,2022,nacional,0,1,hombre,0-2,1974,0,1.0,"No tiene necesidad, está pequeño",,,0,1,1.0,0.0,,,0,0.0,,1.0,Madre,2.0,25.0,4,2,2,0.0,0.0,2,1.0,,,1,1.0,02,1.0,2.0,,,2.0,,51316102,1.0,1.0
51317103,513171,51317,00513,0078,2022,nacional,4,1,hombre,3-5,1974,1,,,3.0,50.0,0,1,1.0,1.0,0.0,,0,0.0,,1.0,Madre,2.0,28.0,3,1,2,,0.0,1,,3.0,50.0,1,1.0,01,1.0,1.0,2.0,,2.0,,51317101,1.0,1.0
51402105,514021,51402,00514,0081,2022,nacional,0,2,mujer,0-2,1275,0,1.0,"No tiene necesidad, está pequeño",,,0,1,1.0,0.0,,,0,0.0,,1.0,Madre,2.0,38.0,5,1,2,0.0,0.0,2,1.0,,,1,1.0,02,1.0,2.0,,,2.0,,51402102,2.0,0.0
51403104,514031,51403,00514,0081,2022,nacional,2,2,mujer,0-2,1275,1,,,6.0,800.0,0,1,1.0,1.0,1.0,150.0,0,1.0,0.0,1.0,Madre,2.0,39.0,4,1,2,,0.0,1,,6.0,800.0,1,1.0,01,1.0,1.0,1.0,150.0,1.0,2.0,51403101,1.0,1.0
51405104,514051,51405,00514,0081,2022,nacional,0,2,mujer,0-2,1275,1,,,8.0,0.0,0,1,1.0,0.0,,,0,0.0,,1.0,Madre,2.0,33.0,4,1,3,,0.0,1,,8.0,0.0,1,1.0,02,1.0,2.0,,,2.0,,51405102,1.0,1.0
51505105,515051,51505,00515,0080,2022,nacional,5,2,mujer,3-5,1419,1,,,3.0,50.0,0,1,1.0,0.0,,,0,0.0,,1.0,Madre,2.0,38.0,5,1,2,,0.0,1,,3.0,50.0,1,1.0,02,1.0,2.0,,,2.0,,51505102,1.0,1.0
51602203,516022,51602,00516,0078,2022,nacional,4,2,mujer,3-5,1919,0,6.0,Otra razón,,,0,1,1.0,0.0,,,0,0.0,,1.0,Madre,2.0,43.0,3,1,2,0.0,0.0,2,6.0,,,1,1.0,02,1.0,2.0,,,2.0,,51602202,2.0,0.0
51618107,516181,51618,00516,0078,2022,nacional,2,2,mujer,0-2,1919,0,1.0,"No tiene necesidad, está pequeño",,,0,1,1.0,0.0,,,0,0.0,,3.0,Abuela,2.0,58.0,7,1,6,0.0,0.0,2,1.0,,,1,1.0,02,3.0,2.0,,,2.0,,51618102,2.0,0.0
51702104,517021,51702,00517,0078,2022,nacional,0,1,hombre,0-2,1623,0,1.0,"No tiene necesidad, está pequeño",,,0,1,1.0,0.0,,,0,0.0,,1.0,Madre,2.0,25.0,4,1,2,0.0,0.0,2,1.0,,,1,1.0,02,1.0,2.0,,,2.0,,51702102,2.0,0.0
51704103,517041,51704,00517,0078,2022,nacional,2,2,mujer,0-2,1623,0,1.0,"No tiene necesidad, está pequeño",,,0,1,1.0,0.0,,,0,0.0,,1.0,Madre,2.0,25.0,3,1,2,0.0,0.0,2,1.0,,,1,1.0,01,1.0,2.0,,,2.0,,51704101,1.0,1.0
51706106,517061,51706,00517,0078,2022,nacional,1,1,hombre,0-2,1623,0,1.0,"No tiene necesidad, está pequeño",,,0,1,1.0,0.0,,,0,0.0,,3.0,Abuela,2.0,46.0,6,1,4,0.0,0.0,2,1.0,,,1,1.0,02,3.0,2.0,,,2.0,,51706102,2.0,0.0
51708103,517081,51708,00517,0078,2022,nacional,4,2,mujer,3-5,1623,1,,,3.0,200.0,0,1,1.0,1.0,0.0,,0,1.0,1.0,1.0,Madre,2.0,32.0,4,1,1,,1.0,1,,3.0,200.0,1,1.0,01,1.0,1.0,2.0,,1.0,1.0,51708101,1.0,1.0
51709104,517091,51709,00517,0078,2022,nacional,4,2,mujer,3-5,1623,0,6.0,Otra razón,,,0,1,1.0,0.0,,,0,0.0,,2.0,Padre,1.0,24.0,5,2,2,0.0,0.0,2,6.0,,,1,1.0,01,2.0,2.0,,,2.0,,51709101,1.0,1.0
51709105,517091,51709,00517,0078,2022,nacional,2,2,mujer,0-2,1623,0,1.0,"No tiene necesidad, está pequeño",,,0,1,1.0,0.0,,,0,0.0,,1.0,Madre,2.0,26.0,5,2,2,0.0,0.0,2,1.0,,,1,1.0,02,1.0,2.0,,,2.0,,51709102,1.0,1.0
51712105,517121,51712,00517,0078,2022,nacional,4,2,mujer,3-5,1623,1,,,3.0,120.0,0,1,1.0,0.0,,,0,0.0,,1.0,Madre,2.0,28.0,6,2,2,,0.0,1,,3.0,120.0,1,1.0,01,1.0,2.0,,,2.0,,51712101,1.0,1.0
51712106,517121,51712,00517,0078,2022,nacional,0,1,hombre,0-2,1623,0,1.0,"No tiene necesidad, está pequeño",,,0,1,1.0,0.0,,,0,0.0,,1.0,Madre,2.0,28.0,6,2,2,0.0,0.0,2,1.0,,,1,1.0,01,1.0,2.0,,,2.0,,51712101,1.0,1.0
51715104,517151,51715,00517,0078,2022,nacional,2,1,hombre,0-2,1623,0,1.0,"No tiene necesidad, está pequeño",,,0,1,1.0,1.0,1.0,250.0,0,0.0,,1.0,Madre,2.0,22.0,4,1,2,0.0,0.0,2,1.0,,,1,1.0,02,1.0,1.0,1.0,250.0,2.0,,51715102,1.0,1.0
51718105,517181,51718,00517,0078,2022,nacional,4,2,mujer,3-5,1623,0,2.0,No puede pagar los gastos escolares,,,0,1,1.0,0.0,,,0,0.0,,1.0,Madre,2.0,23.0,6,1,4,1.0,0.0,2,2.0,,,1,1.0,04,1.0,2.0,,,2.0,,51718104,1.0,1.0
51720107,517201,51720,00517,0078,2022,nacional,0,2,mujer,0-2,1623,0,1.0,"No tiene necesidad, está pequeño",,,0,1,1.0,0.0,,,0,0.0,,1.0,Madre,2.0,19.0,7,1,5,0.0,0.0,2,1.0,,,1,1.0,06,1.0,2.0,,,2.0,,51720106,2.0,0.0
51801104,518011,51801,00518,0078,2022,nacional,2,2,mujer,0-2,1740,0,1.0,"No tiene necesidad, está pequeño",,,0,1,1.0,1.0,0.0,,0,0.0,,1.0,Madre,2.0,31.0,4,1,3,0.0,0.0,2,1.0,,,1,1.0,03,1.0,1.0,2.0,,2.0,,51801103,1.0,1.0
51802106,518021,51802,00518,0078,2022,nacional,5,2,mujer,3-5,1740,1,,,3.0,1000.0,0,1,1.0,0.0,,,0,0.0,,1.0,Madre,2.0,39.0,7,2,4,,0.0,1,,3.0,1000.0,1,1.0,02,1.0,2.0,,,2.0,,51802102,1.0,1.0
51802107,518021,51802,00518,0078,2022,nacional,0,1,hombre,0-2,1740,0,2.0,No puede pagar los gastos escolares,,,0,1,1.0,0.0,,,0,1.0,0.0,1.0,Madre,2.0,39.0,7,2,4,1.0,0.0,2,2.0,,,1,1.0,02,1.0,2.0,,,1.0,2.0,51802102,1.0,1.0
51803103,518031,51803,00518,0078,2022,nacional,3,2,mujer,3-5,1740,0,1.0,"No tiene necesidad, está pequeño",,,0,1,1.0,1.0,0.0,,0,0.0,,1.0,Madre,2.0,27.0,3,1,2,0.0,0.0,2,1.0,,,1,1.0,02,1.0,1.0,2.0,,2.0,,51803102,1.0,1.0
51804108,518041,51804,00518,0078,2022,nacional,0,1,hombre,0-2,1740,0,1.0,"No tiene necesidad, está pequeño",,,0,1,1.0,0.0,,,0,0.0,,1.0,Madre,2.0,34.0,8,1,4,0.0,0.0,2,1.0,,,1,1.0,04,1.0,2.0,,,2.0,,51804104,2.0,0.0
51812107,518121,51812,00518,0078,2022,nacional,0,2,mujer,0-2,1740,0,1.0,"No tiene necesidad, está pequeño",,,0,1,1.0,0.0,,,0,0.0,,1.0,Madre,2.0,23.0,7,1,5,0.0,0.0,2,1.0,,,1,1.0,03,1.0,2.0,,,2.0,,51812103,2.0,0.0
51814104,518141,51814,00518,0078,2022,nacional,4,2,mujer,3-5,1740,1,,,3.0,1400.0,0,1,1.0,0.0,,,0,0.0,,1.0,Madre,2.0,32.0,5,1,3,,0.0,1,,3.0,1400.0,1,1.0,01,1.0,2.0,,,2.0,,51814101,2.0,0.0
51815104,518151,51815,00518,0078,2022,nacional,3,1,hombre,3-5,1740,1,,,4.0,0.0,0,1,1.0,1.0,0.0,,0,0.0,,1.0,Madre,2.0,30.0,5,2,2,,0.0,1,,4.0,0.0,1,1.0,01,1.0,1.0,2.0,,2.0,,51815101,1.0,1.0
51815105,518151,51815,00518,0078,2022,nacional,0,1,hombre,0-2,1740,0,1.0,"No tiene necesidad, está pequeño",,,0,1,1.0,0.0,,,0,0.0,,1.0,Madre,2.0,30.0,5,2,2,0.0,0.0,2,1.0,,,1,1.0,01,1.0,2.0,,,2.0,,51815101,1.0,1.0
51903103,519031,51903,00519,0079,2022,nacional,0,1,hombre,0-2,1418,0,6.0,Otra razón,,,0,1,1.0,0.0,,,0,0.0,,1.0,Madre,2.0,26.0,3,1,2,0.0,0.0,2,6.0,,,1,1.0,02,1.0,2.0,,,2.0,,51903102,2.0,0.0
51905103,519051,51905,00519,0079,2022,nacional,3,2,mujer,3-5,1418,1,,,3.0,270.0,0,1,1.0,1.0,0.0,,0,0.0,,1.0,Madre,2.0,22.0,3,1,2,,0.0,1,,3.0,270.0,1,1.0,02,1.0,1.0,2.0,,2.0,,51905102,2.0,0.0
51911103,519111,51911,00519,0079,2022,nacional,3,2,mujer,3-5,1418,0,1.0,"No tiene necesidad, está pequeño",,,0,1,1.0,1.0,0.0,,0,0.0,,1.0,Madre,2.0,21.0,3,1,2,0.0,0.0,2,1.0,,,1,1.0,02,1.0,1.0,2.0,,2.0,,51911102,1.0,1.0
51912103,519121,51912,00519,0079,2022,nacional,5,1,hombre,3-5,1418,1,,,3.0,0.0,0,1,1.0,0.0,,,0,0.0,,1.0,Madre,1.0,28.0,3,1,2,,0.0,1,,3.0,0.0,1,1.0,01,1.0,2.0,,,2.0,,51912101,1.0,1.0
51914105,519141,51914,00519,0079,2022,nacional,1,2,mujer,0-2,1418,0,3.0,No hay centros o quedan lejos,,,0,1,1.0,0.0,,,0,0.0,,3.0,Abuela,2.0,45.0,5,1,3,1.0,0.0,2,3.0,,,1,1.0,02,3.0,2.0,,,2.0,,51914102,2.0,0.0
51916104,519161,51916,00519,0079,2022,nacional,2,1,hombre,0-2,1418,0,3.0,No hay centros o quedan lejos,,,0,1,1.0,0.0,,,0,0.0,,1.0,Madre,2.0,32.0,4,1,2,1.0,0.0,2,3.0,,,1,1.0,02,1.0,2.0,,,2.0,,51916102,1.0,1.0
52003104,520031,52003,00520,0079,2022,nacional,5,1,hombre,3-5,1816,1,,,4.0,0.0,0,1,1.0,0.0,,,0,0.0,,1.0,Madre,2.0,30.0,5,2,1,,0.0,1,,4.0,0.0,1,1.0,01,1.0,2.0,,,2.0,,52003101,2.0,0.0
52003105,520031,52003,00520,0079,2022,nacional,4,1,hombre,3-5,1816,1,,,4.0,0.0,0,1,1.0,0.0,,,0,0.0,,1.0,Madre,2.0,30.0,5,2,1,,0.0,1,,4.0,0.0,1,1.0,01,1.0,2.0,,,2.0,,52003101,2.0,0.0
52004104,520041,52004,00520,0079,2022,nacional,0,2,mujer,0-2,1816,0,1.0,"No tiene necesidad, está pequeño",,,0,0,,,,,0,,,,,,,4,1,3,0.0,,2,1.0,,,2,,,,,,,,,,,
52007108,520071,52007,00520,0079,2022,nacional,5,1,hombre,3-5,1816,1,,,3.0,0.0,0,1,1.0,0.0,,,0,0.0,,1.0,Madre,2.0,25.0,9,2,6,,0.0,1,,3.0,0.0,1,1.0,06,1.0,2.0,,,2.0,,52007106,1.0,1.0
52007109,520071,52007,00520,0079,2022,nacional,0,2,mujer,0-2,1816,0,3.0,No hay centros o quedan lejos,,,0,1,1.0,0.0,,,0,0.0,,1.0,Madre,2.0,20.0,9,2,6,1.0,0.0,2,3.0,,,1,1.0,07,1.0,2.0,,,2.0,,52007107,2.0,0.0
52008106,520081,52008,00520,0079,2022,nacional,3,2,mujer,3-5,1816,0,3.0,No hay centros o quedan lejos,,,0,1,1.0,1.0,0.0,,0,0.0,,3.0,Abuela,2.0,48.0,6,1,4,1.0,0.0,2,3.0,,,1,1.0,02,3.0,1.0,2.0,,2.0,,52008102,1.0,1.0
52009105,520091,52009,00520,0079,2022,nacional,5,2,mujer,3-5,1816,1,,,3.0,20.0,0,1,1.0,0.0,,,0,0.0,,1.0,Madre,2.0,32.0,5,1,2,,0.0,1,,3.0,20.0,1,1.0,02,1.0,2.0,,,2.0,,52009102,1.0,1.0
52019106,520191,52019,00520,0079,2022,nacional,0,1,hombre,0-2,1816,0,3.0,No hay centros o quedan lejos,,,0,1,1.0,0.0,,,0,0.0,,1.0,Madre,2.0,33.0,6,1,2,1.0,0.0,2,3.0,,,1,1.0,02,1.0,2.0,,,2.0,,52019102,2.0,0.0
52101103,521011,52101,00521,0079,2022,nacional,4,2,mujer,3-5,1923,1,,,3.0,0.0,0,1,1.0,1.0,1.0,200.0,0,1.0,0.0,1.0,Madre,2.0,21.0,4,2,2,,0.0,1,,3.0,0.0,1,1.0,02,1.0,1.0,1.0,200.0,1.0,2.0,52101102,1.0,1.0
52101104,521011,52101,00521,0079,2022,nacional,0,2,mujer,0-2,1923,0,1.0,"No tiene necesidad, está pequeño",,,0,1,1.0,1.0,1.0,100.0,0,1.0,1.0,1.0,Madre,2.0,21.0,4,2,2,0.0,1.0,2,1.0,,,1,1.0,02,1.0,1.0,1.0,100.0,1.0,1.0,52101102,1.0,1.0
52103103,521031,52103,00521,0079,2022,nacional,5,1,hombre,3-5,1923,1,,,3.0,0.0,0,1,1.0,0.0,,,0,0.0,,1.0,Madre,2.0,34.0,4,2,2,,0.0,1,,3.0,0.0,1,1.0,02,1.0,2.0,,,2.0,,52103102,1.0,1.0
52103104,521031,52103,00521,0079,2022,nacional,1,2,mujer,0-2,1923,0,3.0,No hay centros o quedan lejos,,,0,1,1.0,1.0,0.0,,0,0.0,,1.0,Madre,2.0,34.0,4,2,2,1.0,0.0,2,3.0,,,1,1.0,02,1.0,1.0,2.0,,2.0,,52103102,1.0,1.0
52110104,521101,52110,00521,0079,2022,nacional,5,2,mujer,3-5,1923,0,7.0,Asiste a primaria,,,0,1,1.0,0.0,,,0,0.0,,1.0,Madre,2.0,27.0,5,2,2,0.0,0.0,2,7.0,,,1,1.0,02,1.0,2.0,,,2.0,,52110102,1.0,1.0
52110105,521101,52110,00521,0079,2022,nacional,2,1,hombre,0-2,1923,0,3.0,No hay centros o quedan lejos,,,0,1,1.0,0.0,,,0,0.0,,1.0,Madre,2.0,27.0,5,2,2,1.0,0.0,2,3.0,,,1,1.0,02,1.0,2.0,,,2.0,,52110102,1.0,1.0
52115105,521151,52115,00521,0079,2022,nacional,2,2,mujer,0-2,1923,0,6.0,Otra razón,,,0,1,1.0,0.0,,,0,0.0,,1.0,Madre,2.0,24.0,6,2,2,0.0,0.0,2,6.0,,,1,1.0,02,1.0,2.0,,,2.0,,52115102,2.0,0.0
52115106,521151,52115,00521,0079,2022,nacional,0,1,hombre,0-2,1923,0,6.0,Otra razón,,,0,1,1.0,0.0,,,0,0.0,,1.0,Madre,2.0,24.0,6,2,2,0.0,0.0,2,6.0,,,1,1.0,02,1.0,2.0,,,2.0,,52115102,2.0,0.0
52302103,523021,52302,00523,0085,2022,nacional,3,1,hombre,3-5,7269,0,1.0,"No tiene necesidad, está pequeño",,,0,1,1.0,1.0,0.0,,0,0.0,,1.0,Madre,2.0,35.0,3,1,1,0.0,0.0,2,1.0,,,1,1.0,01,1.0,1.0,2.0,,2.0,,52302101,1.0,1.0
52304106,523041,52304,00523,0085,2022,nacional,2,2,mujer,0-2,7269,0,1.0,"No tiene necesidad, está pequeño",,,0,1,1.0,0.0,,,0,0.0,,1.0,Madre,2.0,42.0,6,1,2,0.0,0.0,2,1.0,,,1,1.0,02,1.0,2.0,,,2.0,,52304102,2.0,0.0
52401104,524011,52401,00524,0084,2022,nacional,3,2,mujer,3-5,7890,0,1.0,"No tiene necesidad, está pequeño",,,0,1,1.0,0.0,,,0,0.0,,1.0,Madre,2.0,21.0,4,1,3,0.0,0.0,2,1.0,,,1,1.0,03,1.0,2.0,,,2.0,,52401103,2.0,0.0
52405106,524051,52405,00524,0084,2022,nacional,5,1,hombre,3-5,7890,1,,,3.0,0.0,0,1,0.0,0.0,,,0,0.0,,,,,,7,2,3,,0.0,1,,3.0,0.0,1,2.0,00,,2.0,,,2.0,,,,
52405107,524051,52405,00524,0084,2022,nacional,2,2,mujer,0-2,7890,0,1.0,"No tiene necesidad, está pequeño",,,0,1,0.0,0.0,,,0,0.0,,,,,,7,2,3,0.0,0.0,2,1.0,,,1,2.0,00,,2.0,,,2.0,,,,
52602106,526021,52602,00526,0085,2022,nacional,0,2,mujer,0-2,7423,0,1.0,"No tiene necesidad, está pequeño",,,0,1,1.0,0.0,,,0,0.0,,1.0,Madre,2.0,21.0,6,1,5,0.0,0.0,2,1.0,,,1,1.0,04,1.0,2.0,,,2.0,,52602104,1.0,1.0
52703105,527031,52703,00527,0086,2022,nacional,4,1,hombre,3-5,9987,0,1.0,"No tiene necesidad, está pequeño",,,0,0,,,,,0,,,,,,,5,1,4,0.0,,2,1.0,,,2,,,,,,,,,,,
52802103,528021,52802,00528,0086,2022,nacional,5,1,hombre,3-5,9613,1,,,5.0,,0,1,1.0,0.0,,,0,0.0,,1.0,Madre,2.0,23.0,3,1,2,,0.0,1,,5.0,99999.0,1,1.0,02,1.0,2.0,,,2.0,,52802102,1.0,1.0
52804104,528041,52804,00528,0086,2022,nacional,2,1,hombre,0-2,9613,1,,,8.0,0.0,0,1,1.0,1.0,0.0,,0,0.0,,1.0,Madre,2.0,33.0,4,1,2,,0.0,1,,8.0,0.0,1,1.0,02,1.0,1.0,2.0,,2.0,,52804102,1.0,1.0
52905102,529051,52905,00529,0085,2022,nacional,5,2,mujer,3-5,7949,1,,,3.0,100.0,0,1,1.0,1.0,0.0,,0,0.0,,1.0,Madre,2.0,26.0,3,2,1,,0.0,1,,3.0,100.0,1,1.0,01,1.0,1.0,2.0,,2.0,,52905101,1.0,1.0
52905103,529051,52905,00529,0085,2022,nacional,2,2,mujer,0-2,7949,0,1.0,"No tiene necesidad, está pequeño",,,0,1,1.0,1.0,1.0,300.0,0,0.0,,1.0,Madre,2.0,26.0,3,2,1,0.0,0.0,2,1.0,,,1,1.0,01,1.0,1.0,1.0,300.0,2.0,,52905101,1.0,1.0
53102105,531021,53102,00531,0084,2022,nacional,4,2,mujer,3-5,10410,1,,,4.0,0.0,0,1,1.0,0.0,,,0,0.0,,1.0,Madre,2.0,40.0,5,1,3,,0.0,1,,4.0,0.0,1,1.0,02,1.0,2.0,,,2.0,,53102102,2.0,0.0
53105106,531051,53105,00531,0084,2022,nacional,2,2,mujer,0-2,10410,1,,,6.0,400.0,0,1,1.0,0.0,,,0,0.0,,1.0,Madre,2.0,43.0,6,1,4,,0.0,1,,6.0,400.0,1,1.0,04,1.0,2.0,,,2.0,,53105104,1.0,1.0
53604105,536041,53604,00536,0085,2022,nacional,5,2,mujer,3-5,8483,1,,,4.0,0.0,0,1,1.0,0.0,,,0,0.0,,1.0,Madre,2.0,23.0,6,2,2,,0.0,1,,4.0,0.0,1,1.0,02,1.0,2.0,,,2.0,,53604102,1.0,1.0
53604106,536041,53604,00536,0085,2022,nacional,1,1,hombre,0-2,8483,0,1.0,"No tiene necesidad, está pequeño",,,0,1,1.0,0.0,,,0,0.0,,1.0,Madre,2.0,23.0,6,2,2,0.0,0.0,2,1.0,,,1,1.0,02,1.0,2.0,,,2.0,,53604102,1.0,1.0
53801102,538011,53801,00538,0085,2022,nacional,0,2,mujer,0-2,7832,0,1.0,"No tiene necesidad, está pequeño",,,0,1,1.0,1.0,0.0,,0,0.0,,1.0,Madre,2.0,27.0,2,1,1,0.0,0.0,2,1.0,,,1,1.0,01,1.0,1.0,2.0,,2.0,,53801101,1.0,1.0
53804105,538041,53804,00538,0085,2022,nacional,3,1,hombre,3-5,7832,0,6.0,Otra razón,,,0,1,1.0,0.0,,,0,0.0,,3.0,Abuela,2.0,44.0,6,2,4,0.0,0.0,2,6.0,,,1,1.0,02,3.0,2.0,,,2.0,,53804102,2.0,0.0
53804106,538041,53804,00538,0085,2022,nacional,1,1,hombre,0-2,7832,0,1.0,"No tiene necesidad, está pequeño",,,0,1,1.0,0.0,,,0,0.0,,3.0,Abuela,2.0,44.0,6,2,4,0.0,0.0,2,1.0,,,1,1.0,02,3.0,2.0,,,2.0,,53804102,2.0,0.0
54401104,544011,54401,00544,0084,2022,nacional,5,2,mujer,3-5,9084,1,,,3.0,80.0,0,1,1.0,0.0,,,0,0.0,,1.0,Madre,2.0,33.0,4,1,2,,0.0,1,,3.0,80.0,1,1.0,02,1.0,2.0,,,2.0,,54401102,1.0,1.0
54403108,544031,54403,00544,0084,2022,nacional,4,2,mujer,3-5,9084,1,,,,,0,1,1.0,1.0,0.0,,0,0.0,,7.0,Otro,,,9,1,6,,0.0,1,,99.0,99999.0,1,1.0,99,7.0,1.0,2.0,,2.0,,,,
54404103,544041,54404,00544,0084,2022,nacional,2,1,hombre,0-2,9084,0,1.0,"No tiene necesidad, está pequeño",,,0,1,1.0,0.0,,,0,0.0,,1.0,Madre,2.0,26.0,3,1,1,0.0,0.0,2,1.0,,,1,1.0,01,1.0,2.0,,,2.0,,54404101,1.0,1.0
54505103,545051,54505,00545,0086,2022,nacional,5,2,mujer,3-5,9933,1,,,6.0,3500.0,0,1,1.0,0.0,,,0,0.0,,1.0,Madre,2.0,28.0,3,1,2,,0.0,1,,6.0,3500.0,1,1.0,02,1.0,2.0,,,2.0,,54505102,2.0,0.0
54603104,546031,54603,00546,0084,2022,nacional,0,2,mujer,0-2,9333,0,1.0,"No tiene necesidad, está pequeño",,,0,1,1.0,0.0,,,0,1.0,0.0,1.0,Madre,2.0,23.0,6,1,5,0.0,0.0,2,1.0,,,1,1.0,03,1.0,2.0,,,1.0,2.0,54603103,1.0,1.0
54701105,547011,54701,00547,0084,2022,nacional,5,1,hombre,3-5,9715,1,,,4.0,50.0,0,1,1.0,0.0,,,0,0.0,,2.0,Padre,2.0,35.0,6,1,4,,0.0,1,,4.0,50.0,1,1.0,03,2.0,2.0,,,2.0,,54701103,1.0,1.0
54702105,547021,54702,00547,0084,2022,nacional,4,1,hombre,3-5,9715,0,1.0,"No tiene necesidad, está pequeño",,,0,1,1.0,0.0,,,0,0.0,,1.0,Madre,2.0,26.0,5,1,2,0.0,0.0,2,1.0,,,1,1.0,02,1.0,2.0,,,2.0,,54702102,2.0,0.0
55002106,550021,55002,00550,0086,2022,nacional,3,1,hombre,3-5,10571,1,,,3.0,800.0,0,1,1.0,0.0,,,0,0.0,,1.0,Madre,2.0,48.0,6,1,4,,0.0,1,,3.0,800.0,1,1.0,03,1.0,2.0,,,2.0,,55002103,2.0,0.0
55202105,552021,55202,00552,0085,2022,nacional,2,1,hombre,0-2,8459,0,1.0,"No tiene necesidad, está pequeño",,,0,1,1.0,1.0,0.0,,0,0.0,,3.0,Abuela,2.0,43.0,5,1,3,0.0,0.0,2,1.0,,,1,1.0,04,3.0,1.0,2.0,,2.0,,55202104,2.0,0.0
55203104,552031,55203,00552,0085,2022,nacional,4,2,mujer,3-5,8459,1,,,3.0,100.0,0,1,1.0,0.0,,,0,0.0,,1.0,Madre,2.0,35.0,4,1,2,,0.0,1,,3.0,100.0,1,1.0,02,1.0,2.0,,,2.0,,55203102,1.0,1.0
55301104,553011,55301,00553,0084,2022,nacional,3,2,mujer,3-5,8377,0,1.0,"No tiene necesidad, está pequeño",,,0,1,1.0,0.0,,,0,0.0,,1.0,Madre,2.0,27.0,4,1,2,0.0,0.0,2,1.0,,,1,1.0,02,1.0,2.0,,,2.0,,55301102,2.0,0.0
55304106,553041,55304,00553,0084,2022,nacional,2,2,mujer,0-2,8377,0,1.0,"No tiene necesidad, está pequeño",,,0,1,1.0,0.0,,,0,0.0,,1.0,Madre,2.0,26.0,7,2,4,0.0,0.0,2,1.0,,,1,1.0,04,1.0,2.0,,,2.0,,55304104,2.0,0.0
55304107,553041,55304,00553,0084,2022,nacional,5,1,hombre,3-5,8377,1,,,4.0,,0,1,1.0,0.0,,,0,0.0,,1.0,Madre,2.0,26.0,7,2,4,,0.0,1,,4.0,99999.0,1,1.0,04,1.0,2.0,,,2.0,,55304104,2.0,0.0
55403106,554031,55403,00554,0083,2022,nacional,3,2,mujer,3-5,7114,1,,,3.0,,0,1,1.0,0.0,,,0,0.0,,1.0,Madre,2.0,40.0,6,1,4,,0.0,1,,3.0,99999.0,1,1.0,02,1.0,2.0,,,2.0,,55403102,2.0,0.0
55405105,554051,55405,00554,0083,2022,nacional,4,2,mujer,3-5,7114,1,,,3.0,60.0,0,1,1.0,0.0,,,0,0.0,,7.0,Otro,2.0,16.0,5,1,2,,0.0,1,,3.0,60.0,1,1.0,03,7.0,2.0,,,2.0,,55405103,2.0,0.0
55407105,554071,55407,00554,0083,2022,nacional,1,2,mujer,0-2,7114,0,1.0,"No tiene necesidad, está pequeño",,,0,1,1.0,0.0,,,0,0.0,,3.0,Abuela,2.0,48.0,6,2,4,0.0,0.0,2,1.0,,,1,1.0,02,3.0,2.0,,,2.0,,55407102,2.0,0.0
55407106,554071,55407,00554,0083,2022,nacional,1,1,hombre,0-2,7114,0,1.0,"No tiene necesidad, está pequeño",,,0,1,1.0,0.0,,,0,0.0,,3.0,Abuela,2.0,48.0,6,2,4,0.0,0.0,2,1.0,,,1,1.0,02,3.0,2.0,,,2.0,,55407102,2.0,0.0
55412104,554121,55412,00554,0083,2022,nacional,1,1,hombre,0-2,7114,0,1.0,"No tiene necesidad, está pequeño",,,0,1,1.0,0.0,,,0,0.0,,1.0,Madre,2.0,30.0,4,1,2,0.0,0.0,2,1.0,,,1,1.0,02,1.0,2.0,,,2.0,,55412102,1.0,1.0
55416104,554161,55416,00554,0083,2022,nacional,3,1,hombre,3-5,7114,0,1.0,"No tiene necesidad, está pequeño",,,0,1,1.0,0.0,,,0,0.0,,1.0,Madre,2.0,24.0,5,2,2,0.0,0.0,2,1.0,,,1,1.0,02,1.0,2.0,,,2.0,,55416102,1.0,1.0
55416105,554161,55416,00554,0083,2022,nacional,1,1,hombre,0-2,7114,0,1.0,"No tiene necesidad, está pequeño",,,0,1,1.0,0.0,,,0,1.0,1.0,1.0,Madre,2.0,24.0,5,2,2,0.0,1.0,2,1.0,,,1,1.0,02,1.0,2.0,,,1.0,1.0,55416102,1.0,1.0
55501106,555011,55501,00555,0083,2022,nacional,5,2,mujer,3-5,6630,1,,,3.0,0.0,0,1,1.0,0.0,,,0,0.0,,1.0,Madre,2.0,29.0,7,2,3,,0.0,1,,3.0,0.0,1,1.0,01,1.0,2.0,,,2.0,,55501101,1.0,1.0
55501107,555011,55501,00555,0083,2022,nacional,5,1,hombre,3-5,6630,1,,,3.0,0.0,0,1,1.0,0.0,,,0,0.0,,1.0,Madre,2.0,21.0,7,2,3,,0.0,1,,3.0,0.0,1,1.0,03,1.0,2.0,,,2.0,,55501103,2.0,0.0
55502104,555021,55502,00555,0083,2022,nacional,1,2,mujer,0-2,6630,0,1.0,"No tiene necesidad, está pequeño",,,0,1,1.0,0.0,,,0,0.0,,1.0,Madre,2.0,25.0,5,2,2,0.0,0.0,2,1.0,,,1,1.0,02,1.0,2.0,,,2.0,,55502102,1.0,1.0
55502105,555021,55502,00555,0083,2022,nacional,1,1,hombre,0-2,6630,0,1.0,"No tiene necesidad, está pequeño",,,0,1,1.0,0.0,,,0,0.0,,1.0,Madre,2.0,25.0,5,2,2,0.0,0.0,2,1.0,,,1,1.0,02,1.0,2.0,,,2.0,,55502102,1.0,1.0
55511104,555111,55511,00555,0083,2022,nacional,5,2,mujer,3-5,6630,1,,,3.0,0.0,0,1,1.0,0.0,,,0,0.0,,1.0,Madre,2.0,26.0,4,1,2,,0.0,1,,3.0,0.0,1,1.0,02,1.0,2.0,,,2.0,,55511102,2.0,0.0
55517107,555171,55517,00555,0083,2022,nacional,2,2,mujer,0-2,6630,0,1.0,"No tiene necesidad, está pequeño",,,0,1,1.0,1.0,1.0,,0,0.0,,1.0,Madre,2.0,22.0,7,1,5,0.0,0.0,2,1.0,,,1,1.0,06,1.0,1.0,1.0,99999.0,2.0,,55517106,1.0,1.0
55601110,556011,55601,00556,0083,2022,nacional,2,1,hombre,0-2,6122,0,1.0,"No tiene necesidad, está pequeño",,,0,1,1.0,0.0,,,0,0.0,,1.0,Madre,2.0,24.0,10,1,5,0.0,0.0,2,1.0,,,1,1.0,03,1.0,2.0,,,2.0,,55601103,1.0,1.0
55604107,556041,55604,00556,0083,2022,nacional,5,1,hombre,3-5,6122,1,,,3.0,0.0,0,1,1.0,0.0,,,0,0.0,,1.0,Madre,2.0,37.0,10,2,6,,0.0,1,,3.0,0.0,1,1.0,02,1.0,2.0,,,2.0,,55604102,1.0,1.0
55604110,556041,55604,00556,0083,2022,nacional,0,1,hombre,0-2,6122,0,1.0,"No tiene necesidad, está pequeño",,,0,0,,,,,0,,,,,,,10,2,6,0.0,,2,1.0,,,2,,,,,,,,,,,
55606105,556061,55606,00556,0083,2022,nacional,3,2,mujer,3-5,6122,0,1.0,"No tiene necesidad, está pequeño",,,0,1,1.0,0.0,,,0,0.0,,1.0,Madre,2.0,24.0,5,1,2,0.0,0.0,2,1.0,,,1,1.0,02,1.0,2.0,,,2.0,,55606102,1.0,1.0
55609104,556091,55609,00556,0083,2022,nacional,5,2,mujer,3-5,6122,1,,,3.0,0.0,0,1,1.0,0.0,,,0,0.0,,1.0,Madre,2.0,27.0,5,2,2,,0.0,1,,3.0,0.0,1,1.0,02,1.0,2.0,,,2.0,,55609102,2.0,0.0
55609105,556091,55609,00556,0083,2022,nacional,2,2,mujer,0-2,6122,0,1.0,"No tiene necesidad, está pequeño",,,0,1,1.0,0.0,,,0,0.0,,1.0,Madre,2.0,27.0,5,2,2,0.0,0.0,2,1.0,,,1,1.0,02,1.0,2.0,,,2.0,,55609102,2.0,0.0
55611106,556111,55611,00556,0083,2022,nacional,5,1,hombre,3-5,6122,1,,,3.0,0.0,0,1,1.0,0.0,,,0,0.0,,1.0,Madre,2.0,32.0,6,1,2,,0.0,1,,3.0,0.0,1,1.0,02,1.0,2.0,,,2.0,,55611102,1.0,1.0
55616109,556161,55616,00556,0083,2022,nacional,1,2,mujer,0-2,6122,0,1.0,"No tiene necesidad, está pequeño",,,0,1,1.0,0.0,,,0,0.0,,1.0,Madre,2.0,20.0,11,3,7,0.0,0.0,2,1.0,,,1,1.0,04,1.0,2.0,,,2.0,,55616104,2.0,0.0
55616110,556161,55616,00556,0083,2022,nacional,1,1,hombre,0-2,6122,0,1.0,"No tiene necesidad, está pequeño",,,0,1,1.0,0.0,,,0,0.0,,1.0,Madre,2.0,20.0,11,3,7,0.0,0.0,2,1.0,,,1,1.0,06,1.0,2.0,,,2.0,,55616106,2.0,0.0
55616111,556161,55616,00556,0083,2022,nacional,1,1,hombre,0-2,6122,0,1.0,"No tiene necesidad, está pequeño",,,0,0,,,,,0,,,,,,,11,3,7,0.0,,2,1.0,,,2,,,,,,,,,,,
55617108,556171,55617,00556,0083,2022,nacional,0,2,mujer,0-2,6122,0,1.0,"No tiene necesidad, está pequeño",,,0,0,,,,,0,,,,,,,12,5,5,0.0,,2,1.0,,,2,,,,,,,,,,,
55617109,556171,55617,00556,0083,2022,nacional,1,1,hombre,0-2,6122,0,1.0,"No tiene necesidad, está pequeño",,,0,1,1.0,0.0,,,0,0.0,,5.0,Tía,2.0,28.0,12,5,5,0.0,0.0,2,1.0,,,1,1.0,03,5.0,2.0,,,2.0,,55617103,2.0,0.0
55617110,556171,55617,00556,0083,2022,nacional,2,2,mujer,0-2,6122,0,1.0,"No tiene necesidad, está pequeño",,,0,1,1.0,0.0,,,0,0.0,,5.0,Tía,2.0,28.0,12,5,5,0.0,0.0,2,1.0,,,1,1.0,03,5.0,2.0,,,2.0,,55617103,2.0,0.0
55617111,556171,55617,00556,0083,2022,nacional,3,2,mujer,3-5,6122,0,1.0,"No tiene necesidad, está pequeño",,,0,1,1.0,0.0,,,0,0.0,,5.0,Tía,2.0,28.0,12,5,5,0.0,0.0,2,1.0,,,1,1.0,03,5.0,2.0,,,2.0,,55617103,2.0,0.0
55617112,556171,55617,00556,0083,2022,nacional,1,2,mujer,0-2,6122,0,1.0,"No tiene necesidad, está pequeño",,,0,1,1.0,0.0,,,0,0.0,,5.0,Tía,2.0,28.0,12,5,5,0.0,0.0,2,1.0,,,1,1.0,03,5.0,2.0,,,2.0,,55617103,2.0,0.0
55619106,556191,55619,00556,0083,2022,nacional,3,1,hombre,3-5,6122,1,,,3.0,0.0,0,1,1.0,0.0,,,0,0.0,,1.0,Madre,2.0,27.0,6,1,2,,0.0,1,,3.0,0.0,1,1.0,02,1.0,2.0,,,2.0,,55619102,1.0,1.0
55620107,556201,55620,00556,0083,2022,nacional,5,1,hombre,3-5,6122,1,,,3.0,0.0,0,1,1.0,0.0,,,0,0.0,,1.0,Madre,2.0,24.0,14,3,7,,0.0,1,,3.0,0.0,1,1.0,06,1.0,2.0,,,2.0,,55620106,2.0,0.0
55620113,556201,55620,00556,0083,2022,nacional,5,2,mujer,3-5,6122,1,,,3.0,0.0,0,1,1.0,0.0,,,0,0.0,,3.0,Abuela,2.0,65.0,14,3,7,,0.0,1,,3.0,0.0,1,1.0,02,3.0,2.0,,,2.0,,55620102,2.0,0.0
55620114,556201,55620,00556,0083,2022,nacional,0,2,mujer,0-2,6122,0,1.0,"No tiene necesidad, está pequeño",,,0,0,,,,,0,,,,,,,14,3,7,0.0,,2,1.0,,,2,,,,,,,,,,,
55701103,557011,55701,00557,0090,2022,nacional,4,2,mujer,3-5,4344,1,,,3.0,0.0,0,1,1.0,1.0,0.0,,0,1.0,0.0,1.0,Madre,2.0,27.0,3,1,2,,0.0,1,,3.0,0.0,1,1.0,02,1.0,1.0,2.0,,1.0,2.0,55701102,1.0,1.0
55902104,559021,55902,00559,0090,2022,nacional,1,2,mujer,0-2,6740,0,1.0,"No tiene necesidad, está pequeño",,,0,1,1.0,0.0,,,0,0.0,,1.0,Madre,2.0,32.0,4,1,2,0.0,0.0,2,1.0,,,1,1.0,02,1.0,2.0,,,2.0,,55902102,1.0,1.0
55904105,559041,55904,00559,0090,2022,nacional,2,2,mujer,0-2,6740,0,1.0,"No tiene necesidad, está pequeño",,,0,1,1.0,1.0,0.0,,0,0.0,,2.0,Padre,1.0,42.0,5,1,2,0.0,0.0,2,1.0,,,1,1.0,01,2.0,1.0,2.0,,2.0,,55904101,1.0,1.0
55905203,559052,55905,00559,0090,2022,nacional,2,2,mujer,0-2,6740,0,1.0,"No tiene necesidad, está pequeño",,,0,1,1.0,0.0,,,0,0.0,,1.0,Madre,2.0,24.0,3,1,2,0.0,0.0,2,1.0,,,1,1.0,02,1.0,2.0,,,2.0,,55905202,2.0,0.0
56005103,560051,56005,00560,0090,2022,nacional,5,1,hombre,3-5,4826,0,7.0,Asiste a primaria,,,0,1,1.0,0.0,,,0,0.0,,1.0,Madre,2.0,47.0,3,1,2,0.0,0.0,2,7.0,,,1,1.0,02,1.0,2.0,,,2.0,,56005102,2.0,0.0
56102104,561021,56102,00561,0090,2022,nacional,4,2,mujer,3-5,3645,1,,,3.0,0.0,0,1,1.0,1.0,0.0,,0,1.0,0.0,3.0,Abuela,2.0,47.0,4,1,3,,0.0,1,,3.0,0.0,1,1.0,01,3.0,1.0,2.0,,1.0,2.0,56102101,1.0,1.0
56202106,562021,56202,00562,0090,2022,nacional,2,1,hombre,0-2,4482,0,1.0,"No tiene necesidad, está pequeño",,,0,1,1.0,0.0,,,0,0.0,,1.0,Madre,2.0,36.0,6,1,2,0.0,0.0,2,1.0,,,1,1.0,02,1.0,2.0,,,2.0,,56202102,1.0,1.0
56305102,563051,56305,00563,0090,2022,nacional,3,1,hombre,3-5,5544,0,2.0,No puede pagar los gastos escolares,,,0,1,1.0,0.0,,,0,0.0,,1.0,Madre,2.0,36.0,2,1,1,1.0,0.0,2,2.0,,,1,1.0,01,1.0,2.0,,,2.0,,56305101,2.0,0.0
56404105,564041,56404,00564,0088,2022,nacional,3,2,mujer,3-5,6146,1,,,5.0,,0,1,1.0,0.0,,,0,0.0,,1.0,Madre,2.0,32.0,6,1,4,,0.0,1,,5.0,99999.0,1,1.0,03,1.0,2.0,,,2.0,,56404103,1.0,1.0
56408104,564081,56408,00564,0088,2022,nacional,2,1,hombre,0-2,6146,0,1.0,"No tiene necesidad, está pequeño",,,0,1,1.0,0.0,,,0,0.0,,1.0,Madre,2.0,27.0,5,2,3,0.0,0.0,2,1.0,,,1,1.0,03,1.0,2.0,,,2.0,,56408103,2.0,0.0
56408105,564081,56408,00564,0088,2022,nacional,5,1,hombre,3-5,6146,1,,,3.0,0.0,0,1,1.0,0.0,,,0,0.0,,1.0,Madre,2.0,27.0,5,2,3,,0.0,1,,3.0,0.0,1,1.0,03,1.0,2.0,,,2.0,,56408103,2.0,0.0
56501106,565011,56501,00565,0088,2022,nacional,4,2,mujer,3-5,7448,1,,,3.0,0.0,0,1,1.0,0.0,,,0,0.0,,4.0,Abuelo,1.0,59.0,6,1,3,,0.0,1,,3.0,0.0,1,1.0,02,4.0,2.0,,,2.0,,56501102,2.0,0.0
56504106,565041,56504,00565,0088,2022,nacional,5,1,hombre,3-5,7448,1,,,3.0,0.0,0,1,1.0,0.0,,,0,0.0,,1.0,Madre,2.0,38.0,6,1,4,,0.0,1,,3.0,0.0,1,1.0,04,1.0,2.0,,,2.0,,56504104,2.0,0.0
56518103,565181,56518,00565,0088,2022,nacional,4,2,mujer,3-5,7448,1,,,3.0,0.0,0,1,1.0,0.0,,,0,0.0,,1.0,Madre,2.0,25.0,3,1,2,,0.0,1,,3.0,0.0,1,1.0,02,1.0,2.0,,,2.0,,56518102,2.0,0.0
56610104,566101,56610,00566,0087,2022,nacional,0,1,hombre,0-2,3803,0,1.0,"No tiene necesidad, está pequeño",,,0,1,1.0,0.0,,,0,1.0,1.0,1.0,Madre,2.0,41.0,4,1,2,0.0,1.0,2,1.0,,,1,1.0,01,1.0,2.0,,,1.0,1.0,56610101,1.0,1.0
56612103,566121,56612,00566,0087,2022,nacional,3,1,hombre,3-5,3803,1,,,3.0,0.0,0,1,1.0,0.0,,,0,0.0,,1.0,Madre,2.0,21.0,3,1,2,,0.0,1,,3.0,0.0,1,1.0,02,1.0,2.0,,,2.0,,56612102,1.0,1.0
56615104,566151,56615,00566,0087,2022,nacional,4,1,hombre,3-5,3803,1,,,3.0,0.0,0,1,1.0,1.0,0.0,,0,0.0,,1.0,Madre,2.0,33.0,4,1,2,,0.0,1,,3.0,0.0,1,1.0,02,1.0,1.0,2.0,,2.0,,56615102,2.0,0.0
56616106,566161,56616,00566,0087,2022,nacional,0,1,hombre,0-2,3803,0,1.0,"No tiene necesidad, está pequeño",,,0,1,1.0,0.0,,,0,0.0,,1.0,Madre,2.0,33.0,6,1,5,0.0,0.0,2,1.0,,,1,1.0,02,1.0,2.0,,,2.0,,56616102,1.0,1.0
56617103,566171,56617,00566,0087,2022,nacional,3,1,hombre,3-5,3803,1,,,3.0,500.0,0,1,1.0,1.0,0.0,,0,1.0,1.0,1.0,Madre,2.0,30.0,4,2,2,,1.0,1,,3.0,500.0,1,1.0,01,1.0,1.0,2.0,,1.0,1.0,56617101,1.0,1.0
56617104,566171,56617,00566,0087,2022,nacional,2,2,mujer,0-2,3803,1,,,3.0,0.0,0,1,1.0,1.0,0.0,,0,1.0,1.0,1.0,Madre,2.0,30.0,4,2,2,,1.0,1,,3.0,0.0,1,1.0,01,1.0,1.0,2.0,,1.0,1.0,56617101,1.0,1.0
56619106,566191,56619,00566,0087,2022,nacional,5,2,mujer,3-5,3803,1,,,3.0,0.0,0,1,1.0,0.0,,,0,0.0,,1.0,Madre,2.0,37.0,6,1,2,,0.0,1,,3.0,0.0,1,1.0,02,1.0,2.0,,,2.0,,56619102,2.0,0.0
56701106,567011,56701,00567,0087,2022,nacional,5,2,mujer,3-5,2708,1,,,4.0,,0,1,1.0,0.0,,,0,0.0,,1.0,Madre,2.0,26.0,6,1,4,,0.0,1,,4.0,99999.0,1,1.0,05,1.0,2.0,,,2.0,,56701105,1.0,1.0
56706104,567061,56706,00567,0087,2022,nacional,3,2,mujer,3-5,2708,1,,,3.0,25.0,0,1,1.0,0.0,,,0,0.0,,1.0,Madre,2.0,33.0,4,1,2,,0.0,1,,3.0,25.0,1,1.0,02,1.0,2.0,,,2.0,,56706102,2.0,0.0
56708105,567081,56708,00567,0087,2022,nacional,1,1,hombre,0-2,2708,0,3.0,No hay centros o quedan lejos,,,0,1,1.0,0.0,,,0,0.0,,1.0,Madre,2.0,20.0,5,1,4,1.0,0.0,2,3.0,,,1,1.0,04,1.0,2.0,,,2.0,,56708104,1.0,1.0
56717104,567171,56717,00567,0087,2022,nacional,2,1,hombre,0-2,2708,0,3.0,No hay centros o quedan lejos,,,0,1,1.0,0.0,,,0,0.0,,3.0,Abuela,2.0,45.0,4,1,2,1.0,0.0,2,3.0,,,1,1.0,02,3.0,2.0,,,2.0,,56717102,1.0,1.0
56719107,567191,56719,00567,0087,2022,nacional,4,1,hombre,3-5,2708,0,1.0,"No tiene necesidad, está pequeño",,,0,1,1.0,0.0,,,0,0.0,,1.0,Madre,2.0,32.0,8,2,4,0.0,0.0,2,1.0,,,1,1.0,03,1.0,2.0,,,2.0,,56719103,2.0,0.0
56719108,567191,56719,00567,0087,2022,nacional,2,1,hombre,0-2,2708,0,3.0,No hay centros o quedan lejos,,,0,1,1.0,0.0,,,0,0.0,,1.0,Madre,2.0,32.0,8,2,4,1.0,0.0,2,3.0,,,1,1.0,03,1.0,2.0,,,2.0,,56719103,2.0,0.0
56720105,567201,56720,00567,0087,2022,nacional,5,2,mujer,3-5,2708,1,,,3.0,0.0,0,1,1.0,0.0,,,0,0.0,,1.0,Madre,2.0,37.0,7,3,2,,0.0,1,,3.0,0.0,1,1.0,02,1.0,2.0,,,2.0,,56720102,1.0,1.0
56720106,567201,56720,00567,0087,2022,nacional,4,2,mujer,3-5,2708,0,2.0,No puede pagar los gastos escolares,,,0,1,1.0,0.0,,,0,0.0,,1.0,Madre,2.0,37.0,7,3,2,1.0,0.0,2,2.0,,,1,1.0,02,1.0,2.0,,,2.0,,56720102,1.0,1.0
56720107,567201,56720,00567,0087,2022,nacional,0,1,hombre,0-2,2708,0,3.0,No hay centros o quedan lejos,,,0,1,1.0,0.0,,,0,0.0,,1.0,Madre,2.0,37.0,7,3,2,1.0,0.0,2,3.0,,,1,1.0,02,1.0,2.0,,,2.0,,56720102,1.0,1.0
56803103,568031,56803,00568,0090,2022,nacional,3,1,hombre,3-5,6580,1,,,8.0,2500.0,0,1,1.0,0.0,,,0,0.0,,2.0,Padre,1.0,30.0,3,1,2,,0.0,1,,8.0,2500.0,1,1.0,01,2.0,2.0,,,2.0,,56803101,1.0,1.0
56904105,569041,56904,00569,0089,2022,nacional,4,2,mujer,3-5,6595,0,1.0,"No tiene necesidad, está pequeño",,,0,1,1.0,0.0,,,0,0.0,,1.0,Madre,2.0,38.0,6,2,2,0.0,0.0,2,1.0,,,1,1.0,02,1.0,2.0,,,2.0,,56904102,,
56904106,569041,56904,00569,0089,2022,nacional,2,2,mujer,0-2,6595,0,1.0,"No tiene necesidad, está pequeño",,,0,1,1.0,0.0,,,0,0.0,,1.0,Madre,2.0,38.0,6,2,2,0.0,0.0,2,1.0,,,1,1.0,02,1.0,2.0,,,2.0,,56904102,,
56906104,569061,56906,00569,0089,2022,nacional,4,2,mujer,3-5,6595,1,,,3.0,300.0,0,1,1.0,0.0,,,0,0.0,,1.0,Madre,2.0,28.0,4,1,2,,0.0,1,,3.0,300.0,1,1.0,02,1.0,2.0,,,2.0,,56906102,1.0,1.0
56908108,569081,56908,00569,0089,2022,nacional,3,1,hombre,3-5,6595,1,,,3.0,0.0,0,1,0.0,1.0,0.0,,0,0.0,,,,,,8,1,5,,0.0,1,,3.0,0.0,1,2.0,00,,1.0,2.0,,2.0,,,,
56910103,569101,56910,00569,0089,2022,nacional,3,1,hombre,3-5,6595,1,,,3.0,150.0,0,1,1.0,1.0,0.0,,0,0.0,,1.0,Madre,2.0,27.0,3,1,2,,0.0,1,,3.0,150.0,1,1.0,02,1.0,1.0,2.0,,2.0,,56910102,1.0,1.0
56913108,569131,56913,00569,0089,2022,nacional,1,2,mujer,0-2,6595,0,2.0,No puede pagar los gastos escolares,,,0,1,1.0,0.0,,,0,0.0,,1.0,Madre,2.0,32.0,8,1,7,1.0,0.0,2,2.0,,,1,1.0,07,1.0,2.0,,,2.0,,56913107,1.0,1.0
56914103,569141,56914,00569,0089,2022,nacional,3,2,mujer,3-5,6595,0,4.0,Horarios incompatibles con madre/padre/tutor,,,0,1,1.0,1.0,0.0,,0,1.0,1.0,1.0,Madre,2.0,31.0,4,2,2,1.0,1.0,2,4.0,,,1,1.0,02,1.0,1.0,2.0,,1.0,1.0,56914102,1.0,1.0
56914104,569141,56914,00569,0089,2022,nacional,0,1,hombre,0-2,6595,0,1.0,"No tiene necesidad, está pequeño",,,0,1,1.0,0.0,,,0,1.0,0.0,1.0,Madre,2.0,31.0,4,2,2,0.0,0.0,2,1.0,,,1,1.0,02,1.0,2.0,,,1.0,2.0,56914102,1.0,1.0
56916105,569161,56916,00569,0089,2022,nacional,1,2,mujer,0-2,6595,0,1.0,"No tiene necesidad, está pequeño",,,0,1,1.0,0.0,,,0,0.0,,1.0,Madre,2.0,23.0,5,1,3,0.0,0.0,2,1.0,,,1,1.0,04,1.0,2.0,,,2.0,,56916104,2.0,0.0
56921104,569211,56921,00569,0089,2022,nacional,3,1,hombre,3-5,6595,0,1.0,"No tiene necesidad, está pequeño",,,0,1,1.0,0.0,,,0,0.0,,1.0,Madre,2.0,33.0,4,1,1,0.0,0.0,2,1.0,,,1,1.0,01,1.0,2.0,,,2.0,,56921101,2.0,0.0
57001103,570011,57001,00570,0089,2022,nacional,4,2,mujer,3-5,7298,1,,,3.0,0.0,0,1,1.0,0.0,,,0,0.0,,1.0,Madre,2.0,32.0,4,2,1,,0.0,1,,3.0,0.0,1,1.0,01,1.0,2.0,,,2.0,,57001101,2.0,0.0
57001104,570011,57001,00570,0089,2022,nacional,2,1,hombre,0-2,7298,0,3.0,No hay centros o quedan lejos,,,0,1,1.0,0.0,,,0,0.0,,1.0,Madre,2.0,32.0,4,2,1,1.0,0.0,2,3.0,,,1,1.0,01,1.0,2.0,,,2.0,,57001101,2.0,0.0
57003103,570031,57003,00570,0089,2022,nacional,2,1,hombre,0-2,7298,0,1.0,"No tiene necesidad, está pequeño",,,0,1,1.0,1.0,0.0,,0,0.0,,1.0,Madre,2.0,30.0,4,2,1,0.0,0.0,2,1.0,,,1,1.0,01,1.0,1.0,2.0,,2.0,,57003101,2.0,0.0
57003104,570031,57003,00570,0089,2022,nacional,0,1,hombre,0-2,7298,0,1.0,"No tiene necesidad, está pequeño",,,0,1,1.0,0.0,,,0,0.0,,1.0,Madre,2.0,30.0,4,2,1,0.0,0.0,2,1.0,,,1,1.0,01,1.0,2.0,,,2.0,,57003101,2.0,0.0
57005105,570051,57005,00570,0089,2022,nacional,2,1,hombre,0-2,7298,0,1.0,"No tiene necesidad, está pequeño",,,0,1,1.0,0.0,,,0,0.0,,1.0,Madre,2.0,16.0,5,1,2,0.0,0.0,2,1.0,,,1,1.0,03,1.0,2.0,,,2.0,,57005103,1.0,1.0
57006106,570061,57006,00570,0089,2022,nacional,0,2,mujer,0-2,7298,0,3.0,No hay centros o quedan lejos,,,0,1,1.0,0.0,,,0,0.0,,1.0,Madre,2.0,32.0,6,1,1,1.0,0.0,2,3.0,,,1,1.0,01,1.0,2.0,,,2.0,,57006101,1.0,1.0
57007105,570071,57007,00570,0089,2022,nacional,5,2,mujer,3-5,7298,1,,,3.0,0.0,0,1,1.0,0.0,,,0,0.0,,3.0,Abuela,2.0,60.0,7,3,2,,0.0,1,,3.0,0.0,1,1.0,01,3.0,2.0,,,2.0,,57007101,2.0,0.0
57007106,570071,57007,00570,0089,2022,nacional,5,1,hombre,3-5,7298,1,,,3.0,0.0,0,1,1.0,0.0,,,0,0.0,,1.0,Madre,2.0,30.0,7,3,2,,0.0,1,,3.0,0.0,1,1.0,02,1.0,2.0,,,2.0,,57007102,1.0,1.0
57007107,570071,57007,00570,0089,2022,nacional,2,1,hombre,0-2,7298,0,1.0,"No tiene necesidad, está pequeño",,,0,1,1.0,0.0,,,0,0.0,,1.0,Madre,2.0,30.0,7,3,2,0.0,0.0,2,1.0,,,1,1.0,02,1.0,2.0,,,2.0,,57007102,1.0,1.0
57009103,570091,57009,00570,0089,2022,nacional,3,2,mujer,3-5,7298,1,,,3.0,0.0,0,1,1.0,0.0,,,0,0.0,,1.0,Madre,2.0,24.0,8,3,4,,0.0,1,,3.0,0.0,1,1.0,02,1.0,2.0,,,2.0,,57009102,2.0,0.0
57009104,570091,57009,00570,0089,2022,nacional,3,2,mujer,3-5,7298,1,,,3.0,0.0,0,1,1.0,0.0,,,0,0.0,,1.0,Madre,2.0,24.0,8,3,4,,0.0,1,,3.0,0.0,1,1.0,02,1.0,2.0,,,2.0,,57009102,2.0,0.0
57009107,570091,57009,00570,0089,2022,nacional,1,1,hombre,0-2,7298,0,3.0,No hay centros o quedan lejos,,,0,1,1.0,0.0,,,0,0.0,,1.0,Madre,2.0,19.0,8,3,4,1.0,0.0,2,3.0,,,1,1.0,06,1.0,2.0,,,2.0,,57009106,2.0,0.0
57016104,570161,57016,00570,0089,2022,nacional,3,2,mujer,3-5,7298,1,,,4.0,0.0,0,1,1.0,0.0,,,0,0.0,,1.0,Madre,2.0,33.0,4,1,1,,0.0,1,,4.0,0.0,1,1.0,01,1.0,2.0,,,2.0,,57016101,1.0,1.0
57020104,570201,57020,00570,0089,2022,nacional,1,1,hombre,0-2,7298,0,3.0,No hay centros o quedan lejos,,,0,1,1.0,0.0,,,0,0.0,,2.0,Padre,1.0,48.0,4,1,2,1.0,0.0,2,3.0,,,1,1.0,01,2.0,2.0,,,2.0,,57020101,1.0,1.0
57103102,571031,57103,00571,0089,2022,nacional,5,1,hombre,3-5,7283,1,,,4.0,0.0,0,1,1.0,0.0,,,0,0.0,,1.0,Madre,2.0,23.0,3,2,1,,0.0,1,,4.0,0.0,1,1.0,01,1.0,2.0,,,2.0,,57103101,1.0,1.0
57103103,571031,57103,00571,0089,2022,nacional,3,1,hombre,3-5,7283,1,,,4.0,0.0,0,1,1.0,0.0,,,0,0.0,,1.0,Madre,2.0,23.0,3,2,1,,0.0,1,,4.0,0.0,1,1.0,01,1.0,2.0,,,2.0,,57103101,1.0,1.0
57104105,571041,57104,00571,0089,2022,nacional,3,1,hombre,3-5,7283,1,,,3.0,0.0,0,1,1.0,0.0,,,0,0.0,,1.0,Madre,2.0,45.0,5,1,2,,0.0,1,,3.0,0.0,1,1.0,02,1.0,2.0,,,2.0,,57104102,1.0,1.0
57106105,571061,57106,00571,0089,2022,nacional,1,2,mujer,0-2,7283,0,1.0,"No tiene necesidad, está pequeño",,,0,1,1.0,0.0,,,0,0.0,,1.0,Madre,2.0,36.0,5,1,2,0.0,0.0,2,1.0,,,1,1.0,02,1.0,2.0,,,2.0,,57106102,2.0,0.0
57109105,571091,57109,00571,0089,2022,nacional,5,2,mujer,3-5,7283,1,,,3.0,0.0,0,1,1.0,0.0,,,0,0.0,,1.0,Madre,2.0,39.0,6,2,2,,0.0,1,,3.0,0.0,1,1.0,02,1.0,2.0,,,2.0,,57109102,2.0,0.0
57109106,571091,57109,00571,0089,2022,nacional,0,2,mujer,0-2,7283,0,3.0,No hay centros o quedan lejos,,,0,1,1.0,0.0,,,0,0.0,,1.0,Madre,2.0,39.0,6,2,2,1.0,0.0,2,3.0,,,1,1.0,02,1.0,2.0,,,2.0,,57109102,2.0,0.0
57111103,571111,57111,00571,0089,2022,nacional,5,2,mujer,3-5,7283,1,,,4.0,0.0,0,1,1.0,0.0,,,0,0.0,,1.0,Madre,2.0,26.0,3,1,2,,0.0,1,,4.0,0.0,1,1.0,02,1.0,2.0,,,2.0,,57111102,2.0,0.0
57114104,571141,57114,00571,0089,2022,nacional,3,2,mujer,3-5,7283,0,1.0,"No tiene necesidad, está pequeño",,,0,1,1.0,0.0,,,0,0.0,,1.0,Madre,2.0,27.0,5,2,2,0.0,0.0,2,1.0,,,1,1.0,02,1.0,2.0,,,2.0,,57114102,2.0,0.0
57114105,571141,57114,00571,0089,2022,nacional,1,1,hombre,0-2,7283,0,3.0,No hay centros o quedan lejos,,,0,1,1.0,0.0,,,0,0.0,,1.0,Madre,2.0,27.0,5,2,2,1.0,0.0,2,3.0,,,1,1.0,02,1.0,2.0,,,2.0,,57114102,2.0,0.0
57118105,571181,57118,00571,0089,2022,nacional,5,1,hombre,3-5,7283,1,,,4.0,0.0,0,1,1.0,0.0,,,0,0.0,,1.0,Madre,2.0,45.0,5,1,2,,0.0,1,,4.0,0.0,1,1.0,02,1.0,2.0,,,2.0,,57118102,2.0,0.0
57206105,572061,57206,00572,0089,2022,nacional,4,2,mujer,3-5,5923,1,,,3.0,0.0,0,1,1.0,0.0,,,0,0.0,,1.0,Madre,2.0,38.0,5,1,2,,0.0,1,,3.0,0.0,1,1.0,02,1.0,2.0,,,2.0,,57206102,1.0,1.0
57217105,572171,57217,00572,0089,2022,nacional,3,2,mujer,3-5,5923,1,,,3.0,0.0,0,1,1.0,0.0,,,0,0.0,,3.0,Abuela,2.0,50.0,5,1,3,,0.0,1,,3.0,0.0,1,1.0,01,3.0,2.0,,,2.0,,57217101,1.0,1.0
57307104,573071,57307,00573,0089,2022,nacional,4,2,mujer,3-5,4963,1,,,3.0,0.0,0,1,1.0,0.0,,,0,0.0,,1.0,Madre,2.0,32.0,4,1,2,,0.0,1,,3.0,0.0,1,1.0,02,1.0,2.0,,,2.0,,57307102,2.0,0.0
57314107,573141,57314,00573,0089,2022,nacional,4,1,hombre,3-5,4963,1,,,3.0,0.0,0,1,1.0,0.0,,,0,0.0,,1.0,Madre,2.0,23.0,8,2,4,,0.0,1,,3.0,0.0,1,1.0,02,1.0,2.0,,,2.0,,57314102,2.0,0.0
57314108,573141,57314,00573,0089,2022,nacional,0,1,hombre,0-2,4963,0,1.0,"No tiene necesidad, está pequeño",,,0,1,1.0,0.0,,,0,0.0,,1.0,Madre,2.0,23.0,8,2,4,0.0,0.0,2,1.0,,,1,1.0,02,1.0,2.0,,,2.0,,57314102,2.0,0.0
57315105,573151,57315,00573,0089,2022,nacional,4,1,hombre,3-5,4963,1,,,3.0,0.0,0,1,1.0,0.0,,,0,0.0,,1.0,Madre,2.0,36.0,5,1,4,,0.0,1,,3.0,0.0,1,1.0,03,1.0,2.0,,,2.0,,57315103,1.0,1.0
57320104,573201,57320,00573,0089,2022,nacional,3,2,mujer,3-5,4963,1,,,3.0,0.0,0,1,1.0,0.0,,,0,0.0,,1.0,Madre,2.0,35.0,4,1,2,,0.0,1,,3.0,0.0,1,1.0,01,1.0,2.0,,,2.0,,57320101,1.0,1.0
57504105,575041,57504,00575,0094,2022,nacional,5,1,hombre,3-5,10221,1,,,3.0,0.0,0,1,1.0,0.0,,,0,0.0,,1.0,Madre,2.0,29.0,5,1,3,,0.0,1,,3.0,0.0,1,1.0,03,1.0,2.0,,,2.0,,57504103,1.0,1.0
57704107,577041,57704,00577,0094,2022,nacional,5,2,mujer,3-5,8995,1,,,3.0,,0,1,1.0,0.0,,,0,0.0,,1.0,Madre,2.0,29.0,8,1,6,,0.0,1,,3.0,99999.0,1,1.0,05,1.0,2.0,,,2.0,,57704105,1.0,1.0
58104105,581041,58104,00581,0094,2022,nacional,3,2,mujer,3-5,8449,1,,,6.0,3500.0,0,1,1.0,0.0,,,0,0.0,,1.0,Madre,2.0,40.0,5,1,2,,0.0,1,,6.0,3500.0,1,1.0,02,1.0,2.0,,,2.0,,58104102,1.0,1.0
58404104,584041,58404,00584,0095,2022,nacional,3,1,hombre,3-5,15877,1,,,3.0,0.0,0,1,1.0,0.0,,,0,0.0,,1.0,Madre,2.0,24.0,4,1,2,,0.0,1,,3.0,0.0,1,1.0,02,1.0,2.0,,,2.0,,58404102,1.0,1.0
58405103,584051,58405,00584,0095,2022,nacional,0,2,mujer,0-2,15877,0,1.0,"No tiene necesidad, está pequeño",,,0,1,1.0,0.0,,,0,0.0,,1.0,Madre,2.0,19.0,3,1,2,0.0,0.0,2,1.0,,,1,1.0,02,1.0,2.0,,,2.0,,58405102,2.0,0.0
58503104,585031,58503,00585,0093,2022,nacional,5,1,hombre,3-5,10420,1,,,3.0,0.0,0,1,1.0,0.0,,,0,0.0,,1.0,Madre,2.0,23.0,6,3,3,,0.0,1,,3.0,0.0,1,1.0,01,1.0,2.0,,,2.0,,58503101,2.0,0.0
58503105,585031,58503,00585,0093,2022,nacional,2,1,hombre,0-2,10420,0,1.0,"No tiene necesidad, está pequeño",,,0,1,1.0,0.0,,,0,0.0,,1.0,Madre,2.0,23.0,6,3,3,0.0,0.0,2,1.0,,,1,1.0,01,1.0,2.0,,,2.0,,58503101,2.0,0.0
58503106,585031,58503,00585,0093,2022,nacional,0,2,mujer,0-2,10420,0,1.0,"No tiene necesidad, está pequeño",,,0,1,1.0,0.0,,,0,0.0,,1.0,Madre,2.0,23.0,6,3,3,0.0,0.0,2,1.0,,,1,1.0,01,1.0,2.0,,,2.0,,58503101,2.0,0.0
58602103,586021,58602,00586,0093,2022,nacional,1,2,mujer,0-2,9357,0,1.0,"No tiene necesidad, está pequeño",,,0,1,1.0,0.0,,,0,0.0,,1.0,Madre,2.0,43.0,3,1,2,0.0,0.0,2,1.0,,,1,1.0,01,1.0,2.0,,,2.0,,58602101,2.0,0.0
58602303,586023,58602,00586,0093,2022,nacional,2,1,hombre,0-2,9357,0,1.0,"No tiene necesidad, está pequeño",,,0,1,1.0,0.0,,,0,0.0,,1.0,Madre,2.0,24.0,3,1,2,0.0,0.0,2,1.0,,,1,1.0,02,1.0,2.0,,,2.0,,58602302,1.0,1.0
58605104,586051,58605,00586,0093,2022,nacional,2,2,mujer,0-2,9357,0,1.0,"No tiene necesidad, está pequeño",,,0,1,1.0,1.0,0.0,,0,0.0,,1.0,Madre,2.0,34.0,4,1,2,0.0,0.0,2,1.0,,,1,1.0,01,1.0,1.0,2.0,,2.0,,58605101,2.0,0.0
58803105,588031,58803,00588,0093,2022,nacional,4,1,hombre,3-5,11061,1,,,3.0,0.0,0,1,1.0,0.0,,,0,0.0,,1.0,Madre,2.0,17.0,6,2,3,,0.0,1,,3.0,0.0,1,1.0,04,1.0,2.0,,,2.0,,58803104,2.0,0.0
58803106,588031,58803,00588,0093,2022,nacional,1,2,mujer,0-2,11061,0,1.0,"No tiene necesidad, está pequeño",,,0,1,1.0,0.0,,,0,0.0,,1.0,Madre,2.0,17.0,6,2,3,0.0,0.0,2,1.0,,,1,1.0,04,1.0,2.0,,,2.0,,58803104,2.0,0.0
58804104,588041,58804,00588,0093,2022,nacional,2,2,mujer,0-2,11061,1,,,7.0,1800.0,0,1,1.0,0.0,,,0,0.0,,1.0,Madre,2.0,43.0,4,1,3,,0.0,1,,7.0,1800.0,1,1.0,03,1.0,2.0,,,2.0,,58804103,1.0,1.0
58901106,589011,58901,00589,0091,2022,nacional,5,1,hombre,3-5,6669,1,,,4.0,900.0,0,1,1.0,0.0,,,0,0.0,,1.0,Madre,2.0,32.0,6,1,4,,0.0,1,,4.0,900.0,1,1.0,02,1.0,2.0,,,2.0,,58901102,1.0,1.0
58907104,589071,58907,00589,0091,2022,nacional,4,2,mujer,3-5,6669,1,,,4.0,0.0,0,1,1.0,0.0,,,0,0.0,,1.0,Madre,2.0,28.0,4,1,2,,0.0,1,,4.0,0.0,1,1.0,02,1.0,2.0,,,2.0,,58907102,2.0,0.0
58914104,589141,58914,00589,0091,2022,nacional,3,1,hombre,3-5,6669,1,,,3.0,60.0,0,1,1.0,0.0,,,0,0.0,,3.0,Abuela,2.0,55.0,4,1,3,,0.0,1,,3.0,60.0,1,1.0,02,3.0,2.0,,,2.0,,58914102,1.0,1.0
58917108,589171,58917,00589,0091,2022,nacional,4,1,hombre,3-5,6669,1,,,5.0,1000.0,0,1,1.0,0.0,,,0,0.0,,2.0,Padre,1.0,29.0,9,1,7,,0.0,1,,5.0,1000.0,1,1.0,03,2.0,2.0,,,2.0,,58917103,1.0,1.0
58920103,589201,58920,00589,0091,2022,nacional,0,1,hombre,0-2,6669,0,1.0,"No tiene necesidad, está pequeño",,,0,1,1.0,0.0,,,0,0.0,,1.0,Madre,2.0,23.0,3,1,2,0.0,0.0,2,1.0,,,1,1.0,02,1.0,2.0,,,2.0,,58920102,1.0,1.0
59002103,590021,59002,00590,0091,2022,nacional,5,1,hombre,3-5,7234,1,,,3.0,30.0,0,1,1.0,0.0,,,0,0.0,,1.0,Madre,2.0,34.0,3,1,1,,0.0,1,,3.0,30.0,1,1.0,01,1.0,2.0,,,2.0,,59002101,2.0,0.0
59006105,590061,59006,00590,0091,2022,nacional,4,2,mujer,3-5,7234,1,,,3.0,50.0,0,1,1.0,0.0,,,0,0.0,,3.0,Abuela,2.0,40.0,7,2,5,,0.0,1,,3.0,50.0,1,1.0,07,3.0,2.0,,,2.0,,59006107,2.0,0.0
59006106,590061,59006,00590,0091,2022,nacional,1,2,mujer,0-2,7234,1,,,1.0,120.0,0,1,1.0,0.0,,,0,0.0,,3.0,Abuela,2.0,40.0,7,2,5,,0.0,1,,1.0,120.0,1,1.0,07,3.0,2.0,,,2.0,,59006107,2.0,0.0
59009103,590091,59009,00590,0091,2022,nacional,2,1,hombre,0-2,7234,0,1.0,"No tiene necesidad, está pequeño",,,0,1,1.0,0.0,,,0,0.0,,1.0,Madre,2.0,25.0,4,2,2,0.0,0.0,2,1.0,,,1,1.0,02,1.0,2.0,,,2.0,,59009102,2.0,0.0
59009104,590091,59009,00590,0091,2022,nacional,0,2,mujer,0-2,7234,0,1.0,"No tiene necesidad, está pequeño",,,0,1,1.0,0.0,,,0,0.0,,1.0,Madre,2.0,25.0,4,2,2,0.0,0.0,2,1.0,,,1,1.0,02,1.0,2.0,,,2.0,,59009102,2.0,0.0
59010104,590101,59010,00590,0091,2022,nacional,5,1,hombre,3-5,7234,1,,,3.0,0.0,0,1,1.0,1.0,0.0,,0,0.0,,1.0,Madre,2.0,25.0,4,1,3,,0.0,1,,3.0,0.0,1,1.0,03,1.0,1.0,2.0,,2.0,,59010103,1.0,1.0
59012204,590122,59012,00590,0091,2022,nacional,2,2,mujer,0-2,7234,0,4.0,Horarios incompatibles con madre/padre/tutor,,,0,1,1.0,1.0,0.0,,0,0.0,,1.0,Madre,2.0,32.0,4,1,2,1.0,0.0,2,4.0,,,1,1.0,02,1.0,1.0,2.0,,2.0,,59012202,2.0,0.0
59014104,590141,59014,00590,0091,2022,nacional,3,1,hombre,3-5,7234,1,,,3.0,0.0,0,1,1.0,0.0,,,0,0.0,,2.0,Padre,1.0,32.0,5,2,3,,0.0,1,,3.0,0.0,1,1.0,01,2.0,2.0,,,2.0,,59014101,1.0,1.0
59014105,590141,59014,00590,0091,2022,nacional,0,2,mujer,0-2,7234,0,1.0,"No tiene necesidad, está pequeño",,,0,1,1.0,0.0,,,0,0.0,,2.0,Padre,1.0,32.0,5,2,3,0.0,0.0,2,1.0,,,1,1.0,01,2.0,2.0,,,2.0,,59014101,1.0,1.0
59018104,590181,59018,00590,0091,2022,nacional,3,1,hombre,3-5,7234,1,,,4.0,0.0,0,1,1.0,0.0,,,0,0.0,,1.0,Madre,2.0,38.0,5,2,3,,0.0,1,,4.0,0.0,1,1.0,03,1.0,2.0,,,2.0,,59018103,2.0,0.0
59018105,590181,59018,00590,0091,2022,nacional,2,2,mujer,0-2,7234,0,1.0,"No tiene necesidad, está pequeño",,,0,1,1.0,0.0,,,0,0.0,,1.0,Madre,2.0,38.0,5,2,3,0.0,0.0,2,1.0,,,1,1.0,03,1.0,2.0,,,2.0,,59018103,2.0,0.0
59019104,590191,59019,00590,0091,2022,nacional,3,1,hombre,3-5,7234,1,,,3.0,0.0,0,1,1.0,0.0,,,0,0.0,,1.0,Madre,2.0,25.0,5,1,3,,0.0,1,,3.0,0.0,1,1.0,03,1.0,2.0,,,2.0,,59019103,1.0,1.0
59103104,591031,59103,00591,0091,2022,nacional,2,1,hombre,0-2,6713,0,1.0,"No tiene necesidad, está pequeño",,,0,1,1.0,0.0,,,0,0.0,,1.0,Madre,2.0,34.0,4,1,2,0.0,0.0,2,1.0,,,1,1.0,02,1.0,2.0,,,2.0,,59103102,1.0,1.0
59105107,591051,59105,00591,0091,2022,nacional,2,2,mujer,0-2,6713,0,1.0,"No tiene necesidad, está pequeño",,,0,1,1.0,0.0,,,0,0.0,,1.0,Madre,2.0,27.0,8,1,6,0.0,0.0,2,1.0,,,1,1.0,05,1.0,2.0,,,2.0,,59105105,1.0,1.0
59107103,591071,59107,00591,0091,2022,nacional,3,1,hombre,3-5,6713,0,1.0,"No tiene necesidad, está pequeño",,,0,1,1.0,0.0,,,0,0.0,,1.0,Madre,2.0,46.0,3,1,2,0.0,0.0,2,1.0,,,1,1.0,02,1.0,2.0,,,2.0,,59107102,1.0,1.0
59108103,591081,59108,00591,0091,2022,nacional,4,2,mujer,3-5,6713,1,,,3.0,1000.0,0,1,1.0,0.0,,,0,0.0,,1.0,Madre,2.0,26.0,4,2,2,,0.0,1,,3.0,1000.0,1,1.0,02,1.0,2.0,,,2.0,,59108102,1.0,1.0
59108104,591081,59108,00591,0091,2022,nacional,2,1,hombre,0-2,6713,0,1.0,"No tiene necesidad, está pequeño",,,0,1,1.0,0.0,,,0,0.0,,1.0,Madre,2.0,26.0,4,2,2,0.0,0.0,2,1.0,,,1,1.0,02,1.0,2.0,,,2.0,,59108102,1.0,1.0
59113104,591131,59113,00591,0091,2022,nacional,0,1,hombre,0-2,6713,0,3.0,No hay centros o quedan lejos,,,0,1,1.0,1.0,0.0,,0,0.0,,1.0,Madre,2.0,32.0,4,1,3,1.0,0.0,2,3.0,,,1,1.0,02,1.0,1.0,2.0,,2.0,,59113102,1.0,1.0
59119103,591191,59119,00591,0091,2022,nacional,3,1,hombre,3-5,6713,0,1.0,"No tiene necesidad, está pequeño",,,0,1,1.0,0.0,,,0,0.0,,1.0,Madre,2.0,29.0,3,1,2,0.0,0.0,2,1.0,,,1,1.0,01,1.0,2.0,,,2.0,,59119101,1.0,1.0
59201107,592011,59201,00592,0091,2022,nacional,3,2,mujer,3-5,8333,0,1.0,"No tiene necesidad, está pequeño",,,0,1,1.0,0.0,,,0,0.0,,1.0,Madre,2.0,21.0,7,1,3,0.0,0.0,2,1.0,,,1,1.0,06,1.0,2.0,,,2.0,,59201106,2.0,0.0
59204106,592041,59204,00592,0091,2022,nacional,2,2,mujer,0-2,8333,1,,,8.0,1600.0,0,1,1.0,0.0,,,0,0.0,,1.0,Madre,2.0,22.0,6,1,3,,0.0,1,,8.0,1600.0,1,1.0,03,1.0,2.0,,,2.0,,59204103,1.0,1.0
59207108,592071,59207,00592,0091,2022,nacional,3,2,mujer,3-5,8333,0,1.0,"No tiene necesidad, está pequeño",,,0,1,1.0,0.0,,,0,0.0,,1.0,Madre,2.0,37.0,9,2,3,0.0,0.0,2,1.0,,,1,1.0,02,1.0,2.0,,,2.0,,59207102,2.0,0.0
59207109,592071,59207,00592,0091,2022,nacional,0,2,mujer,0-2,8333,0,1.0,"No tiene necesidad, está pequeño",,,0,1,1.0,0.0,,,0,0.0,,1.0,Madre,2.0,37.0,9,2,3,0.0,0.0,2,1.0,,,1,1.0,02,1.0,2.0,,,2.0,,59207102,2.0,0.0
59208104,592081,59208,00592,0091,2022,nacional,3,2,mujer,3-5,8333,0,1.0,"No tiene necesidad, está pequeño",,,0,1,1.0,0.0,,,0,0.0,,1.0,Madre,2.0,25.0,4,1,2,0.0,0.0,2,1.0,,,1,1.0,02,1.0,2.0,,,2.0,,59208102,2.0,0.0
59211103,592111,59211,00592,0091,2022,nacional,4,1,hombre,3-5,8333,0,1.0,"No tiene necesidad, está pequeño",,,0,1,1.0,0.0,,,0,0.0,,1.0,Madre,2.0,20.0,4,2,2,0.0,0.0,2,1.0,,,1,1.0,02,1.0,2.0,,,2.0,,59211102,2.0,0.0
59211104,592111,59211,00592,0091,2022,nacional,0,1,hombre,0-2,8333,0,1.0,"No tiene necesidad, está pequeño",,,0,1,1.0,0.0,,,0,0.0,,1.0,Madre,2.0,20.0,4,2,2,0.0,0.0,2,1.0,,,1,1.0,02,1.0,2.0,,,2.0,,59211102,2.0,0.0
59213103,592131,59213,00592,0091,2022,nacional,5,1,hombre,3-5,8333,0,3.0,No hay centros o quedan lejos,,,0,1,1.0,0.0,,,0,0.0,,1.0,Madre,2.0,27.0,5,2,3,1.0,0.0,2,3.0,,,1,1.0,02,1.0,2.0,,,2.0,,59213102,2.0,0.0
59213104,592131,59213,00592,0091,2022,nacional,2,1,hombre,0-2,8333,0,3.0,No hay centros o quedan lejos,,,0,1,1.0,0.0,,,0,0.0,,1.0,Madre,2.0,27.0,5,2,3,1.0,0.0,2,3.0,,,1,1.0,02,1.0,2.0,,,2.0,,59213102,2.0,0.0
59217104,592171,59217,00592,0091,2022,nacional,2,2,mujer,0-2,8333,0,1.0,"No tiene necesidad, está pequeño",,,0,1,1.0,0.0,,,0,0.0,,3.0,Abuela,2.0,61.0,4,1,3,0.0,0.0,2,1.0,,,1,1.0,02,3.0,2.0,,,2.0,,59217102,1.0,1.0
59218104,592181,59218,00592,0091,2022,nacional,5,1,hombre,3-5,8333,1,,,3.0,0.0,0,1,1.0,0.0,,,0,0.0,,1.0,Madre,2.0,31.0,4,1,2,,0.0,1,,3.0,0.0,1,1.0,02,1.0,2.0,,,2.0,,59218102,2.0,0.0
59220103,592201,59220,00592,0091,2022,nacional,3,1,hombre,3-5,8333,1,,,3.0,0.0,0,1,1.0,0.0,,,0,0.0,,1.0,Madre,2.0,39.0,3,1,1,,0.0,1,,3.0,0.0,1,1.0,01,1.0,2.0,,,2.0,,59220101,1.0,1.0
59303104,593031,59303,00593,0093,2022,nacional,5,1,hombre,3-5,10231,1,,,5.0,75.0,0,1,1.0,0.0,,,0,0.0,,1.0,Madre,2.0,36.0,4,1,3,,0.0,1,,5.0,75.0,1,1.0,02,1.0,2.0,,,2.0,,59303102,2.0,0.0
59402105,594021,59402,00594,0092,2022,nacional,0,1,hombre,0-2,10278,0,3.0,No hay centros o quedan lejos,,,0,1,1.0,0.0,,,0,0.0,,1.0,Madre,2.0,41.0,5,1,2,1.0,0.0,2,3.0,,,1,1.0,02,1.0,2.0,,,2.0,,59402102,2.0,0.0
59403105,594031,59403,00594,0092,2022,nacional,1,2,mujer,0-2,10278,1,,,2.0,0.0,0,1,1.0,0.0,,,0,1.0,0.0,1.0,Madre,2.0,32.0,6,1,5,,0.0,1,,2.0,0.0,1,1.0,03,1.0,2.0,,,1.0,2.0,59403103,1.0,1.0
59405104,594051,59405,00594,0092,2022,nacional,3,2,mujer,3-5,10278,1,,,3.0,100.0,0,1,1.0,0.0,,,0,0.0,,1.0,Madre,2.0,25.0,5,2,2,,0.0,1,,3.0,100.0,1,1.0,03,1.0,2.0,,,2.0,,59405103,2.0,0.0
59405105,594051,59405,00594,0092,2022,nacional,1,2,mujer,0-2,10278,0,1.0,"No tiene necesidad, está pequeño",,,0,1,1.0,0.0,,,0,0.0,,1.0,Madre,2.0,25.0,5,2,2,0.0,0.0,2,1.0,,,1,1.0,03,1.0,2.0,,,2.0,,59405103,2.0,0.0
59409104,594091,59409,00594,0092,2022,nacional,5,1,hombre,3-5,10278,1,,,4.0,0.0,0,1,1.0,0.0,,,0,0.0,,2.0,Padre,1.0,44.0,4,1,1,,0.0,1,,4.0,0.0,1,1.0,01,2.0,2.0,,,2.0,,59409101,1.0,1.0
59502103,595021,59502,00595,0092,2022,nacional,4,2,mujer,3-5,10699,1,,,3.0,0.0,0,1,1.0,0.0,,,0,0.0,,1.0,Madre,2.0,27.0,4,2,2,,0.0,1,,3.0,0.0,1,1.0,02,1.0,2.0,,,2.0,,59502102,1.0,1.0
59502104,595021,59502,00595,0092,2022,nacional,1,2,mujer,0-2,10699,0,1.0,"No tiene necesidad, está pequeño",,,0,1,1.0,0.0,,,0,0.0,,1.0,Madre,2.0,27.0,4,2,2,0.0,0.0,2,1.0,,,1,1.0,02,1.0,2.0,,,2.0,,59502102,1.0,1.0
59504104,595041,59504,00595,0092,2022,nacional,2,2,mujer,0-2,10699,0,3.0,No hay centros o quedan lejos,,,0,1,1.0,0.0,,,0,0.0,,1.0,Madre,2.0,25.0,4,1,2,1.0,0.0,2,3.0,,,1,1.0,02,1.0,2.0,,,2.0,,59504102,1.0,1.0
59507106,595071,59507,00595,0092,2022,nacional,2,1,hombre,0-2,10699,0,1.0,"No tiene necesidad, está pequeño",,,0,1,1.0,0.0,,,0,0.0,,1.0,Madre,2.0,37.0,6,1,2,0.0,0.0,2,1.0,,,1,1.0,02,1.0,2.0,,,2.0,,59507102,1.0,1.0
59508103,595081,59508,00595,0092,2022,nacional,4,2,mujer,3-5,10699,1,,,3.0,0.0,0,1,1.0,0.0,,,0,0.0,,1.0,Madre,2.0,20.0,3,1,2,,0.0,1,,3.0,0.0,1,1.0,02,1.0,2.0,,,2.0,,59508102,1.0,1.0
59511103,595111,59511,00595,0092,2022,nacional,4,2,mujer,3-5,10699,1,,,3.0,0.0,0,1,1.0,1.0,0.0,,0,0.0,,1.0,Madre,2.0,23.0,3,1,2,,0.0,1,,3.0,0.0,1,1.0,02,1.0,1.0,2.0,,2.0,,59511102,1.0,1.0
59516106,595161,59516,00595,0092,2022,nacional,2,1,hombre,0-2,10699,0,3.0,No hay centros o quedan lejos,,,0,1,1.0,0.0,,,0,0.0,,1.0,Madre,2.0,21.0,6,1,4,1.0,0.0,2,3.0,,,1,1.0,04,1.0,2.0,,,2.0,,59516104,2.0,0.0
59517106,595171,59517,00595,0092,2022,nacional,1,1,hombre,0-2,10699,0,3.0,No hay centros o quedan lejos,,,0,1,1.0,0.0,,,0,0.0,,1.0,Madre,2.0,17.0,6,1,3,1.0,0.0,2,3.0,,,1,1.0,04,1.0,2.0,,,2.0,,59517104,2.0,0.0
59518104,595181,59518,00595,0092,2022,nacional,1,1,hombre,0-2,10699,0,1.0,"No tiene necesidad, está pequeño",,,0,1,1.0,0.0,,,0,0.0,,1.0,Madre,2.0,19.0,4,1,3,0.0,0.0,2,1.0,,,1,1.0,03,1.0,2.0,,,2.0,,59518103,2.0,0.0
59601104,596011,59601,00596,0092,2022,nacional,5,1,hombre,3-5,9852,1,,,3.0,0.0,0,1,1.0,0.0,,,0,0.0,,1.0,Madre,2.0,32.0,5,2,2,,0.0,1,,3.0,0.0,1,1.0,02,1.0,2.0,,,2.0,,59601102,1.0,1.0
59601105,596011,59601,00596,0092,2022,nacional,3,2,mujer,3-5,9852,1,,,3.0,0.0,0,1,1.0,0.0,,,0,0.0,,1.0,Madre,2.0,32.0,5,2,2,,0.0,1,,3.0,0.0,1,1.0,02,1.0,2.0,,,2.0,,59601102,1.0,1.0
59604105,596041,59604,00596,0092,2022,nacional,1,2,mujer,0-2,9852,0,1.0,"No tiene necesidad, está pequeño",,,0,1,1.0,1.0,0.0,,0,0.0,,1.0,Madre,2.0,22.0,5,1,4,0.0,0.0,2,1.0,,,1,1.0,04,1.0,1.0,2.0,,2.0,,59604104,1.0,1.0
59606103,596061,59606,00596,0092,2022,nacional,5,1,hombre,3-5,9852,1,,,3.0,40.0,0,1,1.0,0.0,,,0,0.0,,1.0,Madre,2.0,28.0,4,2,2,,0.0,1,,3.0,40.0,1,1.0,01,1.0,2.0,,,2.0,,59606101,1.0,1.0
59606104,596061,59606,00596,0092,2022,nacional,2,2,mujer,0-2,9852,0,1.0,"No tiene necesidad, está pequeño",,,0,1,1.0,0.0,,,0,0.0,,1.0,Madre,2.0,28.0,4,2,2,0.0,0.0,2,1.0,,,1,1.0,01,1.0,2.0,,,2.0,,59606101,1.0,1.0
59607104,596071,59607,00596,0092,2022,nacional,3,2,mujer,3-5,9852,0,1.0,"No tiene necesidad, está pequeño",,,0,1,1.0,0.0,,,0,0.0,,1.0,Madre,2.0,36.0,4,1,2,0.0,0.0,2,1.0,,,1,1.0,02,1.0,2.0,,,2.0,,59607102,1.0,1.0
59610105,596101,59610,00596,0092,2022,nacional,5,2,mujer,3-5,9852,1,,,3.0,40.0,0,1,1.0,0.0,,,0,0.0,,1.0,Madre,2.0,42.0,6,1,3,,0.0,1,,3.0,40.0,1,1.0,06,1.0,2.0,,,2.0,,59610106,1.0,1.0
59612105,596121,59612,00596,0092,2022,nacional,0,2,mujer,0-2,9852,0,3.0,No hay centros o quedan lejos,,,0,1,1.0,0.0,,,0,0.0,,1.0,Madre,2.0,30.0,5,1,2,1.0,0.0,2,3.0,,,1,1.0,01,1.0,2.0,,,2.0,,59612101,2.0,0.0
59614106,596141,59614,00596,0092,2022,nacional,5,1,hombre,3-5,9852,1,,,4.0,0.0,0,1,1.0,0.0,,,0,0.0,,3.0,Abuela,2.0,57.0,6,1,3,,0.0,1,,4.0,0.0,1,1.0,01,3.0,2.0,,,2.0,,59614101,2.0,0.0
59616105,596161,59616,00596,0092,2022,nacional,3,1,hombre,3-5,9852,0,6.0,Otra razón,,,0,1,1.0,0.0,,,0,0.0,,1.0,Madre,2.0,26.0,5,1,2,0.0,0.0,2,6.0,,,1,1.0,02,1.0,2.0,,,2.0,,59616102,1.0,1.0
59617103,596171,59617,00596,0092,2022,nacional,5,1,hombre,3-5,9852,0,7.0,Asiste a primaria,,,0,1,1.0,1.0,0.0,,0,0.0,,1.0,Madre,2.0,25.0,4,2,2,0.0,0.0,2,7.0,,,1,1.0,02,1.0,1.0,2.0,,2.0,,59617102,2.0,0.0
59617104,596171,59617,00596,0092,2022,nacional,2,2,mujer,0-2,9852,0,1.0,"No tiene necesidad, está pequeño",,,0,1,1.0,0.0,,,0,0.0,,1.0,Madre,2.0,25.0,4,2,2,0.0,0.0,2,1.0,,,1,1.0,02,1.0,2.0,,,2.0,,59617102,2.0,0.0
59620104,596201,59620,00596,0092,2022,nacional,3,1,hombre,3-5,9852,0,1.0,"No tiene necesidad, está pequeño",,,0,1,1.0,1.0,0.0,,0,0.0,,1.0,Madre,2.0,35.0,4,1,2,0.0,0.0,2,1.0,,,1,1.0,02,1.0,1.0,2.0,,2.0,,59620102,1.0,1.0
59803104,598031,59803,00598,0100,2022,nacional,5,1,hombre,3-5,3150,1,,,5.0,5000.0,0,1,1.0,0.0,,,0,0.0,,1.0,Madre,2.0,42.0,4,1,2,,0.0,1,,5.0,5000.0,1,1.0,02,1.0,2.0,,,2.0,,59803102,2.0,0.0
59903104,599031,59903,00599,0099,2022,nacional,4,2,mujer,3-5,3248,1,,,3.0,0.0,0,1,1.0,0.0,,,0,0.0,,3.0,Abuela,2.0,45.0,4,1,3,,0.0,1,,3.0,0.0,1,1.0,02,3.0,2.0,,,2.0,,59903102,2.0,0.0
59905106,599051,59905,00599,0099,2022,nacional,4,1,hombre,3-5,3248,0,6.0,Otra razón,,,0,1,1.0,0.0,,,0,0.0,,1.0,Madre,2.0,38.0,7,2,4,0.0,0.0,2,6.0,,,1,1.0,02,1.0,2.0,,,2.0,,59905102,1.0,1.0
59905107,599051,59905,00599,0099,2022,nacional,3,2,mujer,3-5,3248,0,1.0,"No tiene necesidad, está pequeño",,,0,1,1.0,0.0,,,0,0.0,,1.0,Madre,2.0,38.0,7,2,4,0.0,0.0,2,1.0,,,1,1.0,02,1.0,2.0,,,2.0,,59905102,1.0,1.0
60003105,600031,60003,00600,0100,2022,nacional,2,1,hombre,0-2,3652,1,,,6.0,3500.0,0,1,1.0,0.0,,,0,0.0,,1.0,Madre,2.0,31.0,5,1,3,,0.0,1,,6.0,3500.0,1,1.0,03,1.0,2.0,,,2.0,,60003103,1.0,1.0
60201105,602011,60201,00602,0099,2022,nacional,4,1,hombre,3-5,2634,1,,,6.0,0.0,0,1,1.0,0.0,,,0,0.0,,1.0,Madre,2.0,38.0,5,1,2,,0.0,1,,6.0,0.0,1,1.0,02,1.0,2.0,,,2.0,,60201102,1.0,1.0
60203105,602031,60203,00602,0099,2022,nacional,4,1,hombre,3-5,2634,1,,,3.0,0.0,0,1,0.0,0.0,,,0,0.0,,,,,,5,1,3,,0.0,1,,3.0,0.0,1,2.0,00,,2.0,,,2.0,,,,
60205104,602051,60205,00602,0099,2022,nacional,2,2,mujer,0-2,2634,0,1.0,"No tiene necesidad, está pequeño",,,0,1,1.0,0.0,,,0,0.0,,7.0,Otro,1.0,46.0,4,1,3,0.0,0.0,2,1.0,,,1,1.0,01,7.0,2.0,,,2.0,,60205101,1.0,1.0
60401109,604011,60401,00604,0098,2022,nacional,3,2,mujer,3-5,3596,1,,,3.0,0.0,0,1,1.0,0.0,,,0,0.0,,2.0,Padre,1.0,22.0,9,1,7,,0.0,1,,3.0,0.0,1,1.0,08,2.0,2.0,,,2.0,,60401108,1.0,1.0
60603103,606031,60603,00606,0098,2022,nacional,1,2,mujer,0-2,3439,0,6.0,Otra razón,,,0,1,1.0,0.0,,,0,0.0,,1.0,Madre,2.0,20.0,3,1,2,0.0,0.0,2,6.0,,,1,1.0,01,1.0,2.0,,,2.0,,60603101,2.0,0.0
60901105,609011,60901,00609,0098,2022,nacional,2,1,hombre,0-2,3499,0,1.0,"No tiene necesidad, está pequeño",,,0,1,1.0,0.0,,,0,0.0,,1.0,Madre,2.0,26.0,5,1,4,0.0,0.0,2,1.0,,,1,1.0,04,1.0,2.0,,,2.0,,60901104,2.0,0.0
61002104,610021,61002,00610,0099,2022,nacional,2,2,mujer,0-2,2651,1,,,8.0,1550.0,0,1,1.0,0.0,,,0,0.0,,1.0,Madre,2.0,23.0,4,1,3,,0.0,1,,8.0,1550.0,1,1.0,03,1.0,2.0,,,2.0,,61002103,1.0,1.0
61104104,611041,61104,00611,0100,2022,nacional,3,2,mujer,3-5,3690,0,2.0,No puede pagar los gastos escolares,,,0,1,1.0,0.0,,,0,1.0,1.0,1.0,Madre,2.0,32.0,4,1,2,1.0,1.0,2,2.0,,,1,1.0,02,1.0,2.0,,,1.0,1.0,61104102,2.0,0.0
61105105,611051,61105,00611,0100,2022,nacional,0,1,hombre,0-2,3690,0,1.0,"No tiene necesidad, está pequeño",,,0,1,1.0,0.0,,,0,0.0,,1.0,Madre,2.0,20.0,5,1,4,0.0,0.0,2,1.0,,,1,1.0,04,1.0,2.0,,,2.0,,61105104,2.0,0.0
61304103,613041,61304,00613,0099,2022,nacional,2,2,mujer,0-2,2950,0,1.0,"No tiene necesidad, está pequeño",,,0,1,1.0,1.0,0.0,,0,0.0,,1.0,Madre,2.0,24.0,3,1,2,0.0,0.0,2,1.0,,,1,1.0,02,1.0,1.0,2.0,,2.0,,61304102,2.0,0.0
61305105,613051,61305,00613,0099,2022,nacional,4,1,hombre,3-5,2950,1,,,3.0,0.0,0,1,1.0,0.0,,,0,0.0,,1.0,Madre,2.0,38.0,5,1,2,,0.0,1,,3.0,0.0,1,1.0,01,1.0,2.0,,,2.0,,61305101,1.0,1.0
61503105,615031,61503,00615,0099,2022,nacional,1,2,mujer,0-2,2543,1,,,5.0,0.0,0,1,1.0,0.0,,,0,0.0,,1.0,Madre,2.0,29.0,5,1,4,,0.0,1,,5.0,0.0,1,1.0,03,1.0,2.0,,,2.0,,61503103,1.0,1.0
61702104,617021,61702,00617,0100,2022,nacional,0,2,mujer,0-2,3871,0,1.0,"No tiene necesidad, está pequeño",,,0,1,1.0,0.0,,,0,0.0,,1.0,Madre,2.0,28.0,4,1,3,0.0,0.0,2,1.0,,,1,1.0,02,1.0,2.0,,,2.0,,61702102,2.0,0.0
61904107,619041,61904,00619,0098,2022,nacional,4,2,mujer,3-5,2858,1,,,3.0,0.0,0,1,1.0,0.0,,,0,0.0,,1.0,Madre,2.0,30.0,7,1,3,,0.0,1,,3.0,0.0,1,1.0,03,1.0,2.0,,,2.0,,61904103,1.0,1.0
61905109,619051,61905,00619,0098,2022,nacional,5,1,hombre,3-5,2858,1,,,3.0,0.0,0,1,1.0,0.0,,,0,0.0,,1.0,Madre,2.0,26.0,9,1,6,,0.0,1,,3.0,0.0,1,1.0,05,1.0,2.0,,,2.0,,61905105,2.0,0.0
62002103,620021,62002,00620,0096,2022,nacional,5,1,hombre,3-5,2191,1,,,5.0,0.0,0,1,1.0,1.0,0.0,,0,0.0,,1.0,Madre,2.0,26.0,4,1,2,,0.0,1,,5.0,0.0,1,1.0,02,1.0,1.0,2.0,,2.0,,62002102,2.0,0.0
62101104,621011,62101,00621,0096,2022,nacional,1,1,hombre,0-2,2671,0,1.0,"No tiene necesidad, está pequeño",,,0,1,1.0,0.0,,,0,0.0,,1.0,Madre,2.0,36.0,4,1,2,0.0,0.0,2,1.0,,,1,1.0,02,1.0,2.0,,,2.0,,62101102,1.0,1.0
62103103,621031,62103,00621,0096,2022,nacional,3,2,mujer,3-5,2671,1,,,3.0,0.0,0,1,1.0,1.0,0.0,,0,0.0,,1.0,Madre,2.0,27.0,4,2,2,,0.0,1,,3.0,0.0,1,1.0,01,1.0,1.0,2.0,,2.0,,62103101,1.0,1.0
62103104,621031,62103,00621,0096,2022,nacional,1,1,hombre,0-2,2671,0,1.0,"No tiene necesidad, está pequeño",,,0,1,1.0,1.0,0.0,,0,0.0,,1.0,Madre,2.0,27.0,4,2,2,0.0,0.0,2,1.0,,,1,1.0,01,1.0,1.0,2.0,,2.0,,62103101,1.0,1.0
62104106,621041,62104,00621,0096,2022,nacional,4,1,hombre,3-5,2671,1,,,3.0,0.0,0,1,1.0,0.0,,,0,0.0,,1.0,Madre,2.0,24.0,6,1,3,,0.0,1,,3.0,0.0,1,1.0,03,1.0,2.0,,,2.0,,62104103,2.0,0.0
62106104,621061,62106,00621,0096,2022,nacional,0,2,mujer,0-2,2671,0,1.0,"No tiene necesidad, está pequeño",,,0,1,1.0,1.0,1.0,300.0,0,0.0,,1.0,Madre,2.0,37.0,4,1,3,0.0,0.0,2,1.0,,,1,1.0,02,1.0,1.0,1.0,300.0,2.0,,62106102,1.0,1.0
62111106,621111,62111,00621,0096,2022,nacional,5,1,hombre,3-5,2671,1,,,3.0,0.0,0,1,1.0,0.0,,,0,0.0,,3.0,Abuela,2.0,63.0,6,1,4,,0.0,1,,3.0,0.0,1,1.0,01,3.0,2.0,,,2.0,,62111101,2.0,0.0
62114104,621141,62114,00621,0096,2022,nacional,5,1,hombre,3-5,2671,1,,,3.0,0.0,0,1,1.0,0.0,,,0,0.0,,1.0,Madre,2.0,30.0,6,3,2,,0.0,1,,3.0,0.0,1,1.0,02,1.0,2.0,,,2.0,,62114102,1.0,1.0
62114105,621141,62114,00621,0096,2022,nacional,1,2,mujer,0-2,2671,0,1.0,"No tiene necesidad, está pequeño",,,0,1,1.0,0.0,,,0,0.0,,1.0,Madre,2.0,30.0,6,3,2,0.0,0.0,2,1.0,,,1,1.0,02,1.0,2.0,,,2.0,,62114102,1.0,1.0
62114106,621141,62114,00621,0096,2022,nacional,1,1,hombre,0-2,2671,0,1.0,"No tiene necesidad, está pequeño",,,0,1,1.0,0.0,,,0,0.0,,1.0,Madre,2.0,30.0,6,3,2,0.0,0.0,2,1.0,,,1,1.0,02,1.0,2.0,,,2.0,,62114102,1.0,1.0
62302103,623021,62302,00623,0097,2022,nacional,1,1,hombre,0-2,2835,1,,,1.0,0.0,0,1,1.0,1.0,0.0,,0,0.0,,1.0,Madre,2.0,27.0,3,1,1,,0.0,1,,1.0,0.0,1,1.0,01,1.0,1.0,2.0,,2.0,,62302101,2.0,0.0
62304106,623041,62304,00623,0097,2022,nacional,4,2,mujer,3-5,2835,1,,,4.0,0.0,0,1,1.0,0.0,,,0,0.0,,1.0,Madre,2.0,32.0,7,2,3,,0.0,1,,4.0,0.0,1,1.0,01,1.0,2.0,,,2.0,,62304101,2.0,0.0
62304107,623041,62304,00623,0097,2022,nacional,3,1,hombre,3-5,2835,1,,,2.0,0.0,0,1,1.0,0.0,,,0,0.0,,1.0,Madre,2.0,32.0,7,2,3,,0.0,1,,2.0,0.0,1,1.0,01,1.0,2.0,,,2.0,,62304101,2.0,0.0
62305104,623051,62305,00623,0097,2022,nacional,2,1,hombre,0-2,2835,0,2.0,No puede pagar los gastos escolares,,,0,1,1.0,0.0,,,0,0.0,,1.0,Madre,2.0,33.0,4,1,1,1.0,0.0,2,2.0,,,1,1.0,01,1.0,2.0,,,2.0,,62305101,1.0,1.0
62312102,623121,62312,00623,0097,2022,nacional,4,2,mujer,3-5,2835,1,,,4.0,0.0,0,1,1.0,1.0,0.0,,0,0.0,,1.0,Madre,2.0,27.0,3,2,1,,0.0,1,,4.0,0.0,1,1.0,01,1.0,1.0,2.0,,2.0,,62312101,1.0,1.0
62312103,623121,62312,00623,0097,2022,nacional,1,1,hombre,0-2,2835,1,,,1.0,0.0,0,1,1.0,1.0,0.0,,0,1.0,1.0,1.0,Madre,2.0,27.0,3,2,1,,1.0,1,,1.0,0.0,1,1.0,01,1.0,1.0,2.0,,1.0,1.0,62312101,1.0,1.0
62313103,623131,62313,00623,0097,2022,nacional,4,1,hombre,3-5,2835,1,,,4.0,0.0,0,1,1.0,0.0,,,0,0.0,,1.0,Madre,2.0,25.0,3,1,2,,0.0,1,,4.0,0.0,1,1.0,02,1.0,2.0,,,2.0,,62313102,1.0,1.0
62314105,623141,62314,00623,0097,2022,nacional,0,1,hombre,0-2,2835,1,,,1.0,0.0,0,1,1.0,0.0,,,0,1.0,1.0,1.0,Madre,2.0,31.0,5,1,2,,1.0,1,,1.0,0.0,1,1.0,02,1.0,2.0,,,1.0,1.0,62314102,1.0,1.0
62316102,623161,62316,00623,0097,2022,nacional,4,1,hombre,3-5,2835,1,,,2.0,0.0,0,1,1.0,0.0,,,0,0.0,,1.0,Madre,2.0,32.0,3,2,1,,0.0,1,,2.0,0.0,1,1.0,01,1.0,2.0,,,2.0,,62316101,1.0,1.0
62316103,623161,62316,00623,0097,2022,nacional,1,2,mujer,0-2,2835,1,,,4.0,0.0,0,1,1.0,0.0,,,0,0.0,,1.0,Madre,2.0,32.0,3,2,1,,0.0,1,,4.0,0.0,1,1.0,01,1.0,2.0,,,2.0,,62316101,1.0,1.0
62318104,623181,62318,00623,0097,2022,nacional,5,1,hombre,3-5,2835,1,,,3.0,0.0,0,1,1.0,0.0,,,0,0.0,,1.0,Madre,2.0,42.0,4,1,2,,0.0,1,,3.0,0.0,1,1.0,02,1.0,2.0,,,2.0,,62318102,1.0,1.0
62320105,623201,62320,00623,0097,2022,nacional,3,1,hombre,3-5,2835,1,,,4.0,0.0,0,1,1.0,0.0,,,0,0.0,,1.0,Madre,2.0,40.0,5,1,4,,0.0,1,,4.0,0.0,1,1.0,02,1.0,2.0,,,2.0,,62320102,2.0,0.0
62416104,624161,62416,00624,0097,2022,nacional,1,1,hombre,0-2,5581,0,1.0,"No tiene necesidad, está pequeño",,,0,1,1.0,1.0,0.0,,0,0.0,,1.0,Madre,2.0,20.0,4,1,3,0.0,0.0,2,1.0,,,1,1.0,02,1.0,1.0,2.0,,2.0,,62416102,1.0,1.0
62502105,625021,62502,00625,0097,2022,nacional,2,1,hombre,0-2,6634,0,5.0,Enfermedad o discapacidad,,,0,0,,,,,0,,,,,,,5,1,3,0.0,,2,5.0,,,2,,,,,,,,,,,
62506105,625061,62506,00625,0097,2022,nacional,5,1,hombre,3-5,6634,1,,,3.0,0.0,0,1,1.0,0.0,,,0,0.0,,1.0,Madre,2.0,42.0,6,2,3,,0.0,1,,3.0,0.0,1,1.0,02,1.0,2.0,,,2.0,,62506102,1.0,1.0
62506106,625061,62506,00625,0097,2022,nacional,3,1,hombre,3-5,6634,0,1.0,"No tiene necesidad, está pequeño",,,0,1,1.0,0.0,,,0,0.0,,3.0,Abuela,2.0,42.0,6,2,3,0.0,0.0,2,1.0,,,1,1.0,02,3.0,2.0,,,2.0,,62506102,1.0,1.0
62508203,625082,62508,00625,0097,2022,nacional,0,2,mujer,0-2,6634,0,1.0,"No tiene necesidad, está pequeño",,,0,1,1.0,1.0,0.0,,0,0.0,,1.0,Madre,2.0,26.0,3,1,2,0.0,0.0,2,1.0,,,1,1.0,02,1.0,1.0,2.0,,2.0,,62508202,1.0,1.0
62510103,625101,62510,00625,0097,2022,nacional,3,1,hombre,3-5,6634,0,1.0,"No tiene necesidad, está pequeño",,,0,1,1.0,1.0,0.0,,0,0.0,,1.0,Madre,2.0,31.0,3,1,1,0.0,0.0,2,1.0,,,1,1.0,01,1.0,1.0,2.0,,2.0,,62510101,2.0,0.0
62511103,625111,62511,00625,0097,2022,nacional,4,2,mujer,3-5,6634,1,,,3.0,1700.0,0,1,1.0,0.0,,,0,0.0,,1.0,Madre,2.0,45.0,3,1,2,,0.0,1,,3.0,1700.0,1,1.0,02,1.0,2.0,,,2.0,,62511102,1.0,1.0
62518105,625181,62518,00625,0097,2022,nacional,4,2,mujer,3-5,6634,1,,,4.0,0.0,0,1,1.0,0.0,,,0,0.0,,1.0,Madre,2.0,28.0,5,1,2,,0.0,1,,4.0,0.0,1,1.0,01,1.0,2.0,,,2.0,,62518101,1.0,1.0
62901105,629011,62901,00629,0104,2022,nacional,4,2,mujer,3-5,5229,1,,,8.0,0.0,0,1,1.0,0.0,,,0,0.0,,1.0,Madre,2.0,39.0,5,1,4,,0.0,1,,8.0,0.0,1,1.0,01,1.0,2.0,,,2.0,,62901101,1.0,1.0
62902104,629021,62902,00629,0104,2022,nacional,4,1,hombre,3-5,5229,1,,,3.0,500.0,0,0,,,,,0,,,,,,,4,1,2,,,1,,3.0,500.0,2,,,,,,,,,,,
63703106,637031,63703,00637,0104,2022,nacional,0,2,mujer,0-2,6915,0,1.0,"No tiene necesidad, está pequeño",,,0,1,1.0,0.0,,,0,0.0,,3.0,Abuela,2.0,52.0,6,1,4,0.0,0.0,2,1.0,,,1,1.0,01,3.0,2.0,,,2.0,,63703101,2.0,0.0
63802106,638021,63802,00638,0103,2022,nacional,3,1,hombre,3-5,3084,1,,,6.0,0.0,0,1,1.0,0.0,,,0,0.0,,1.0,Madre,2.0,26.0,6,1,5,,0.0,1,,6.0,0.0,1,1.0,04,1.0,2.0,,,2.0,,63802104,1.0,1.0
63901204,639012,63901,00639,0103,2022,nacional,5,2,mujer,3-5,2555,0,1.0,"No tiene necesidad, está pequeño",,,0,1,1.0,0.0,,,0,0.0,,2.0,Padre,1.0,37.0,4,1,2,0.0,0.0,2,1.0,,,1,1.0,01,2.0,2.0,,,2.0,,63901201,1.0,1.0
63904106,639041,63904,00639,0103,2022,nacional,5,1,hombre,3-5,2555,1,,,3.0,0.0,0,1,0.0,1.0,1.0,500.0,0,1.0,1.0,,,,,6,1,2,,1.0,1,,3.0,0.0,1,2.0,00,,1.0,1.0,500.0,1.0,1.0,,,
64202104,642021,64202,00642,0103,2022,nacional,4,2,mujer,3-5,4531,1,,,3.0,0.0,0,1,1.0,0.0,,,0,0.0,,1.0,Madre,2.0,30.0,5,2,2,,0.0,1,,3.0,0.0,1,1.0,01,1.0,2.0,,,2.0,,64202101,2.0,0.0
64202105,642021,64202,00642,0103,2022,nacional,3,1,hombre,3-5,4531,0,1.0,"No tiene necesidad, está pequeño",,,0,1,1.0,1.0,0.0,,0,0.0,,1.0,Madre,2.0,30.0,5,2,2,0.0,0.0,2,1.0,,,1,1.0,01,1.0,1.0,2.0,,2.0,,64202101,2.0,0.0
64302107,643021,64302,00643,0103,2022,nacional,0,1,hombre,0-2,3223,0,1.0,"No tiene necesidad, está pequeño",,,0,1,1.0,0.0,,,0,0.0,,1.0,Madre,2.0,21.0,7,1,6,0.0,0.0,2,1.0,,,1,1.0,06,1.0,2.0,,,2.0,,64302106,2.0,0.0
64603103,646031,64603,00646,0105,2022,nacional,4,1,hombre,3-5,3889,1,,,6.0,5500.0,0,1,1.0,0.0,,,0,0.0,,1.0,Madre,2.0,40.0,4,2,2,,0.0,1,,6.0,5500.0,1,1.0,01,1.0,2.0,,,2.0,,64603101,1.0,1.0
64603104,646031,64603,00646,0105,2022,nacional,1,2,mujer,0-2,3889,0,1.0,"No tiene necesidad, está pequeño",,,0,1,1.0,0.0,,,0,0.0,,1.0,Madre,2.0,40.0,4,2,2,0.0,0.0,2,1.0,,,1,1.0,01,1.0,2.0,,,2.0,,64603101,1.0,1.0
64702104,647021,64702,00647,0102,2022,nacional,0,2,mujer,0-2,3718,0,1.0,"No tiene necesidad, está pequeño",,,0,1,1.0,0.0,,,0,0.0,,1.0,Madre,2.0,33.0,4,1,2,0.0,0.0,2,1.0,,,1,1.0,02,1.0,2.0,,,2.0,,64702102,2.0,0.0
64803104,648031,64803,00648,0103,2022,nacional,2,1,hombre,0-2,3982,0,1.0,"No tiene necesidad, está pequeño",,,0,1,1.0,0.0,,,0,0.0,,1.0,Madre,2.0,25.0,4,1,2,0.0,0.0,2,1.0,,,1,1.0,02,1.0,2.0,,,2.0,,64803102,2.0,0.0
65005103,650051,65005,00650,0102,2022,nacional,3,2,mujer,3-5,1385,0,6.0,Otra razón,,,0,1,1.0,0.0,,,0,0.0,,1.0,Madre,2.0,28.0,3,1,2,0.0,0.0,2,6.0,,,1,1.0,02,1.0,2.0,,,2.0,,65005102,2.0,0.0
65105105,651051,65105,00651,0103,2022,nacional,2,1,hombre,0-2,3050,1,,,8.0,1200.0,0,1,1.0,0.0,,,0,0.0,,1.0,Madre,2.0,32.0,5,1,2,,0.0,1,,8.0,1200.0,1,1.0,02,1.0,2.0,,,2.0,,65105102,1.0,1.0
65305104,653051,65305,00653,0105,2022,nacional,2,1,hombre,0-2,2740,1,,,6.0,3200.0,0,1,1.0,0.0,,,0,0.0,,2.0,Padre,1.0,29.0,4,1,3,,0.0,1,,6.0,3200.0,1,1.0,01,2.0,2.0,,,2.0,,65305101,1.0,1.0
65402105,654021,65402,00654,0103,2022,nacional,4,2,mujer,3-5,3650,1,,,4.0,0.0,0,1,1.0,1.0,1.0,1000.0,0,1.0,0.0,1.0,Madre,2.0,32.0,5,1,2,,0.0,1,,4.0,0.0,1,1.0,02,1.0,1.0,1.0,1000.0,1.0,2.0,65402102,1.0,1.0
65502104,655021,65502,00655,0103,2022,nacional,3,2,mujer,3-5,3918,0,1.0,"No tiene necesidad, está pequeño",,,0,1,1.0,0.0,,,0,0.0,,1.0,Madre,2.0,19.0,4,1,3,0.0,0.0,2,1.0,,,1,1.0,02,1.0,2.0,,,2.0,,65502102,2.0,0.0
65613103,656131,65613,00656,0101,2022,nacional,5,2,mujer,3-5,3344,1,,,4.0,500.0,0,1,1.0,0.0,,,0,0.0,,1.0,Madre,2.0,31.0,3,1,2,,0.0,1,,4.0,500.0,1,1.0,02,1.0,2.0,,,2.0,,65613102,1.0,1.0
65616103,656161,65616,00656,0101,2022,nacional,3,1,hombre,3-5,3344,0,1.0,"No tiene necesidad, está pequeño",,,0,1,1.0,0.0,,,0,0.0,,1.0,Madre,2.0,30.0,3,1,2,0.0,0.0,2,1.0,,,1,1.0,02,1.0,2.0,,,2.0,,65616102,2.0,0.0
65705105,657051,65705,00657,0101,2022,nacional,4,1,hombre,3-5,2925,0,1.0,"No tiene necesidad, está pequeño",,,0,1,1.0,0.0,,,0,0.0,,1.0,Madre,2.0,30.0,5,1,2,0.0,0.0,2,1.0,,,1,1.0,02,1.0,2.0,,,2.0,,65705102,2.0,0.0
65901103,659011,65901,00659,0101,2022,nacional,4,1,hombre,3-5,3539,1,,,3.0,0.0,0,1,1.0,0.0,,,0,0.0,,1.0,Madre,2.0,20.0,3,1,2,,0.0,1,,3.0,0.0,1,1.0,02,1.0,2.0,,,2.0,,65901102,2.0,0.0
65904104,659041,65904,00659,0101,2022,nacional,5,1,hombre,3-5,3539,1,,,3.0,0.0,0,1,1.0,0.0,,,0,0.0,,1.0,Madre,2.0,22.0,4,1,2,,0.0,1,,3.0,0.0,1,1.0,02,1.0,2.0,,,2.0,,65904102,2.0,0.0
65911105,659111,65911,00659,0101,2022,nacional,4,2,mujer,3-5,3539,1,,,3.0,0.0,0,1,1.0,0.0,,,0,0.0,,1.0,Madre,2.0,31.0,5,1,2,,0.0,1,,3.0,0.0,1,1.0,02,1.0,2.0,,,2.0,,65911102,2.0,0.0
65913103,659131,65913,00659,0101,2022,nacional,5,2,mujer,3-5,3539,1,,,3.0,0.0,0,1,1.0,0.0,,,0,0.0,,1.0,Madre,2.0,46.0,3,1,2,,0.0,1,,3.0,0.0,1,1.0,02,1.0,2.0,,,2.0,,65913102,2.0,0.0
65915103,659151,65915,00659,0101,2022,nacional,4,2,mujer,3-5,3539,1,,,3.0,0.0,0,1,1.0,0.0,,,0,0.0,,1.0,Madre,2.0,27.0,4,2,2,,0.0,1,,3.0,0.0,1,1.0,02,1.0,2.0,,,2.0,,65915102,2.0,0.0
65915104,659151,65915,00659,0101,2022,nacional,3,2,mujer,3-5,3539,1,,,3.0,0.0,0,1,1.0,0.0,,,0,0.0,,1.0,Madre,2.0,27.0,4,2,2,,0.0,1,,3.0,0.0,1,1.0,02,1.0,2.0,,,2.0,,65915102,2.0,0.0
65919105,659191,65919,00659,0101,2022,nacional,4,1,hombre,3-5,3539,1,,,3.0,0.0,0,1,1.0,1.0,0.0,,0,0.0,,1.0,Madre,2.0,39.0,6,2,2,,0.0,1,,3.0,0.0,1,1.0,02,1.0,1.0,2.0,,2.0,,65919102,2.0,0.0
65919106,659191,65919,00659,0101,2022,nacional,0,1,hombre,0-2,3539,0,1.0,"No tiene necesidad, está pequeño",,,0,1,1.0,0.0,,,0,0.0,,1.0,Madre,2.0,39.0,6,2,2,0.0,0.0,2,1.0,,,1,1.0,02,1.0,2.0,,,2.0,,65919102,2.0,0.0
66104103,661041,66104,00661,0109,2022,nacional,4,1,hombre,3-5,4044,1,,,7.0,0.0,0,1,1.0,0.0,,,0,0.0,,1.0,Madre,2.0,39.0,3,1,2,,0.0,1,,7.0,0.0,1,1.0,02,1.0,2.0,,,2.0,,66104102,1.0,1.0
66201203,662012,66201,00662,0108,2022,nacional,4,2,mujer,3-5,4273,1,,,3.0,0.0,0,1,1.0,1.0,0.0,,0,0.0,,1.0,Madre,2.0,26.0,3,1,2,,0.0,1,,3.0,0.0,1,1.0,02,1.0,1.0,2.0,,2.0,,66201202,1.0,1.0
66204103,662041,66204,00662,0108,2022,nacional,3,1,hombre,3-5,4273,0,6.0,Otra razón,,,0,1,1.0,0.0,,,0,0.0,,1.0,Madre,2.0,29.0,5,3,2,0.0,0.0,2,6.0,,,1,1.0,02,1.0,2.0,,,2.0,,66204102,2.0,0.0
66204104,662041,66204,00662,0108,2022,nacional,1,2,mujer,0-2,4273,0,1.0,"No tiene necesidad, está pequeño",,,0,1,1.0,0.0,,,0,0.0,,1.0,Madre,2.0,29.0,5,3,2,0.0,0.0,2,1.0,,,1,1.0,02,1.0,2.0,,,2.0,,66204102,2.0,0.0
66204105,662041,66204,00662,0108,2022,nacional,1,1,hombre,0-2,4273,0,1.0,"No tiene necesidad, está pequeño",,,0,1,1.0,0.0,,,0,0.0,,1.0,Madre,2.0,29.0,5,3,2,0.0,0.0,2,1.0,,,1,1.0,02,1.0,2.0,,,2.0,,66204102,2.0,0.0
66302106,663021,66302,00663,0109,2022,nacional,0,1,hombre,0-2,3320,0,1.0,"No tiene necesidad, está pequeño",,,0,1,1.0,1.0,0.0,,0,0.0,,1.0,Madre,2.0,35.0,6,1,3,0.0,0.0,2,1.0,,,1,1.0,02,1.0,1.0,2.0,,2.0,,66302102,1.0,1.0
66403104,664031,66403,00664,0109,2022,nacional,0,1,hombre,0-2,2977,1,,,7.0,0.0,0,1,1.0,0.0,,,0,0.0,,1.0,Madre,2.0,39.0,4,1,2,,0.0,1,,7.0,0.0,1,1.0,02,1.0,2.0,,,2.0,,66403102,1.0,1.0
66501106,665011,66501,00665,0109,2022,nacional,1,2,mujer,0-2,3762,0,1.0,"No tiene necesidad, está pequeño",,,0,1,1.0,0.0,,,0,0.0,,1.0,Madre,2.0,24.0,6,1,5,0.0,0.0,2,1.0,,,1,1.0,03,1.0,2.0,,,2.0,,66501103,1.0,1.0
66701103,667011,66701,00667,0109,2022,nacional,3,1,hombre,3-5,2767,1,,,6.0,1800.0,0,1,1.0,1.0,0.0,,0,0.0,,1.0,Madre,2.0,29.0,3,1,2,,0.0,1,,6.0,1800.0,1,1.0,01,1.0,1.0,2.0,,2.0,,66701101,1.0,1.0
67001204,670012,67001,00670,0108,2022,nacional,2,1,hombre,0-2,3287,0,1.0,"No tiene necesidad, está pequeño",,,0,1,1.0,1.0,0.0,,0,0.0,,1.0,Madre,2.0,26.0,5,2,1,0.0,0.0,2,1.0,,,1,1.0,01,1.0,1.0,2.0,,2.0,,67001201,1.0,1.0
67001205,670012,67001,00670,0108,2022,nacional,0,1,hombre,0-2,3287,0,1.0,"No tiene necesidad, está pequeño",,,0,1,1.0,1.0,0.0,,0,0.0,,1.0,Madre,2.0,26.0,5,2,1,0.0,0.0,2,1.0,,,1,1.0,01,1.0,1.0,2.0,,2.0,,67001201,1.0,1.0
67004104,670041,67004,00670,0108,2022,nacional,4,1,hombre,3-5,3287,1,,,3.0,188.0,0,1,1.0,0.0,,,0,0.0,,1.0,Madre,2.0,35.0,4,1,2,,0.0,1,,3.0,188.0,1,1.0,02,1.0,2.0,,,2.0,,67004102,1.0,1.0
67301103,673011,67301,00673,0109,2022,nacional,5,1,hombre,3-5,3333,1,,,5.0,0.0,0,1,1.0,0.0,,,0,0.0,,1.0,Madre,2.0,32.0,5,2,2,,0.0,1,,5.0,0.0,1,1.0,02,1.0,2.0,,,2.0,,67301102,1.0,1.0
67301105,673011,67301,00673,0109,2022,nacional,3,1,hombre,3-5,3333,1,,,4.0,800.0,0,1,1.0,0.0,,,0,0.0,,1.0,Madre,2.0,32.0,5,2,2,,0.0,1,,4.0,800.0,1,1.0,02,1.0,2.0,,,2.0,,67301102,1.0,1.0
67302105,673021,67302,00673,0109,2022,nacional,5,2,mujer,3-5,3333,1,,,3.0,0.0,0,1,1.0,0.0,,,0,0.0,,3.0,Abuela,2.0,47.0,5,1,3,,0.0,1,,3.0,0.0,1,1.0,02,3.0,2.0,,,2.0,,67302102,1.0,1.0
67303104,673031,67303,00673,0109,2022,nacional,1,1,hombre,0-2,3333,0,1.0,"No tiene necesidad, está pequeño",,,0,1,1.0,1.0,0.0,,0,0.0,,1.0,Madre,2.0,31.0,4,1,3,0.0,0.0,2,1.0,,,1,1.0,01,1.0,1.0,2.0,,2.0,,67303101,2.0,0.0
67401103,674011,67401,00674,0110,2022,nacional,3,1,hombre,3-5,3621,0,1.0,"No tiene necesidad, está pequeño",,,0,1,1.0,1.0,0.0,,0,0.0,,1.0,Madre,2.0,18.0,3,1,2,0.0,0.0,2,1.0,,,1,1.0,02,1.0,1.0,2.0,,2.0,,67401102,2.0,0.0
67402104,674021,67402,00674,0110,2022,nacional,4,2,mujer,3-5,3621,1,,,3.0,0.0,0,1,1.0,0.0,,,0,0.0,,1.0,Madre,2.0,35.0,4,1,3,,0.0,1,,3.0,0.0,1,1.0,02,1.0,2.0,,,2.0,,67402102,2.0,0.0
67403108,674031,67403,00674,0110,2022,nacional,3,1,hombre,3-5,3621,0,6.0,Otra razón,,,0,1,1.0,0.0,,,0,0.0,,3.0,Abuela,2.0,43.0,8,1,5,0.0,0.0,2,6.0,,,1,1.0,02,3.0,2.0,,,2.0,,67403102,1.0,1.0
67404104,674041,67404,00674,0110,2022,nacional,1,1,hombre,0-2,3621,0,6.0,Otra razón,,,0,1,1.0,0.0,,,0,1.0,1.0,1.0,Madre,2.0,33.0,4,1,3,0.0,1.0,2,6.0,,,1,1.0,02,1.0,2.0,,,1.0,1.0,67404102,1.0,1.0
67501104,675011,67501,00675,0109,2022,nacional,4,1,hombre,3-5,3074,0,4.0,Horarios incompatibles con madre/padre/tutor,,,0,1,1.0,0.0,,,0,0.0,,2.0,Padre,1.0,42.0,4,1,2,1.0,0.0,2,4.0,,,1,1.0,02,2.0,2.0,,,2.0,,67501102,1.0,1.0
67705103,677051,67705,00677,0109,2022,nacional,5,2,mujer,3-5,3290,1,,,3.0,0.0,0,1,1.0,1.0,0.0,,0,0.0,,1.0,Madre,2.0,27.0,4,2,2,,0.0,1,,3.0,0.0,1,1.0,02,1.0,1.0,2.0,,2.0,,67705102,2.0,0.0
67705104,677051,67705,00677,0109,2022,nacional,1,1,hombre,0-2,3290,0,1.0,"No tiene necesidad, está pequeño",,,0,1,1.0,0.0,,,0,0.0,,1.0,Madre,2.0,27.0,4,2,2,0.0,0.0,2,1.0,,,1,1.0,02,1.0,2.0,,,2.0,,67705102,2.0,0.0
67805103,678051,67805,00678,0108,2022,nacional,5,2,mujer,3-5,4341,1,,,3.0,0.0,0,1,1.0,0.0,,,0,0.0,,1.0,Madre,2.0,27.0,4,2,2,,0.0,1,,3.0,0.0,1,1.0,01,1.0,2.0,,,2.0,,67805101,1.0,1.0
67805104,678051,67805,00678,0108,2022,nacional,3,1,hombre,3-5,4341,0,1.0,"No tiene necesidad, está pequeño",,,0,1,1.0,1.0,0.0,,0,0.0,,1.0,Madre,2.0,27.0,4,2,2,0.0,0.0,2,1.0,,,1,1.0,01,1.0,1.0,2.0,,2.0,,67805101,1.0,1.0
67902105,679021,67902,00679,0108,2022,nacional,4,1,hombre,3-5,4323,1,,,3.0,0.0,0,1,1.0,0.0,,,0,0.0,,1.0,Madre,2.0,43.0,5,1,4,,0.0,1,,3.0,0.0,1,1.0,01,1.0,2.0,,,2.0,,67902101,1.0,1.0
67905105,679051,67905,00679,0108,2022,nacional,5,1,hombre,3-5,4323,1,,,3.0,0.0,0,1,1.0,0.0,,,0,0.0,,1.0,Madre,2.0,29.0,5,1,2,,0.0,1,,3.0,0.0,1,1.0,02,1.0,2.0,,,2.0,,67905102,2.0,0.0
68005105,680051,68005,00680,0106,2022,nacional,3,1,hombre,3-5,3454,0,6.0,Otra razón,,,0,1,1.0,0.0,,,0,0.0,,1.0,Madre,2.0,30.0,5,1,4,0.0,0.0,2,6.0,,,1,1.0,04,1.0,2.0,,,2.0,,68005104,1.0,1.0
68010103,680101,68010,00680,0106,2022,nacional,1,1,hombre,0-2,3454,0,1.0,"No tiene necesidad, está pequeño",,,0,1,1.0,1.0,0.0,,0,0.0,,1.0,Madre,2.0,24.0,4,2,2,0.0,0.0,2,1.0,,,1,1.0,02,1.0,1.0,2.0,,2.0,,68010102,1.0,1.0
68010104,680101,68010,00680,0106,2022,nacional,4,1,hombre,3-5,3454,1,,,3.0,0.0,0,1,1.0,1.0,0.0,,0,0.0,,1.0,Madre,2.0,24.0,4,2,2,,0.0,1,,3.0,0.0,1,1.0,02,1.0,1.0,2.0,,2.0,,68010102,1.0,1.0
68011104,680111,68011,00680,0106,2022,nacional,1,1,hombre,0-2,3454,0,1.0,"No tiene necesidad, está pequeño",,,0,1,1.0,1.0,0.0,,0,0.0,,1.0,Madre,2.0,36.0,4,1,2,0.0,0.0,2,1.0,,,1,1.0,02,1.0,1.0,2.0,,2.0,,68011102,1.0,1.0
68015106,680151,68015,00680,0106,2022,nacional,3,2,mujer,3-5,3454,0,1.0,"No tiene necesidad, está pequeño",,,0,1,1.0,1.0,0.0,,0,0.0,,1.0,Madre,2.0,36.0,6,1,3,0.0,0.0,2,1.0,,,1,1.0,03,1.0,1.0,2.0,,2.0,,68015103,1.0,1.0
68016105,680161,68016,00680,0106,2022,nacional,4,1,hombre,3-5,3454,0,1.0,"No tiene necesidad, está pequeño",,,0,1,1.0,0.0,,,0,0.0,,3.0,Abuela,2.0,49.0,8,3,5,0.0,0.0,2,1.0,,,1,1.0,01,3.0,2.0,,,2.0,,68016101,1.0,1.0
68016106,680161,68016,00680,0106,2022,nacional,0,1,hombre,0-2,3454,0,1.0,"No tiene necesidad, está pequeño",,,0,1,1.0,0.0,,,0,0.0,,1.0,Madre,2.0,25.0,8,3,5,0.0,0.0,2,1.0,,,1,1.0,03,1.0,2.0,,,2.0,,68016103,2.0,0.0
68016107,680161,68016,00680,0106,2022,nacional,2,1,hombre,0-2,3454,0,1.0,"No tiene necesidad, está pequeño",,,0,1,1.0,0.0,,,0,0.0,,1.0,Madre,2.0,30.0,8,3,5,0.0,0.0,2,1.0,,,1,1.0,04,1.0,2.0,,,2.0,,68016104,2.0,0.0
68020104,680201,68020,00680,0106,2022,nacional,2,2,mujer,0-2,3454,0,1.0,"No tiene necesidad, está pequeño",,,0,1,1.0,0.0,,,0,0.0,,3.0,Abuela,2.0,51.0,4,1,3,0.0,0.0,2,1.0,,,1,1.0,01,3.0,2.0,,,2.0,,68020101,1.0,1.0
68103103,681031,68103,00681,0106,2022,nacional,0,2,mujer,0-2,2339,0,1.0,"No tiene necesidad, está pequeño",,,0,1,1.0,0.0,,,0,0.0,,1.0,Madre,2.0,31.0,3,1,2,0.0,0.0,2,1.0,,,1,1.0,02,1.0,2.0,,,2.0,,68103102,2.0,0.0
68108105,681081,68108,00681,0106,2022,nacional,2,1,hombre,0-2,2339,0,1.0,"No tiene necesidad, está pequeño",,,0,1,1.0,0.0,,,0,0.0,,1.0,Madre,2.0,36.0,5,1,2,0.0,0.0,2,1.0,,,1,1.0,02,1.0,2.0,,,2.0,,68108102,1.0,1.0
68109104,681091,68109,00681,0106,2022,nacional,5,1,hombre,3-5,2339,1,,,3.0,50.0,0,1,1.0,0.0,,,0,0.0,,1.0,Madre,2.0,42.0,4,1,3,,0.0,1,,3.0,50.0,1,1.0,01,1.0,2.0,,,2.0,,68109101,2.0,0.0
68115103,681151,68115,00681,0106,2022,nacional,5,2,mujer,3-5,2339,1,,,6.0,2000.0,0,1,1.0,0.0,,,0,0.0,,1.0,Madre,2.0,26.0,3,1,2,,0.0,1,,6.0,2000.0,1,1.0,02,1.0,2.0,,,2.0,,68115102,2.0,0.0
68120103,681201,68120,00681,0106,2022,nacional,5,1,hombre,3-5,2339,1,,,3.0,0.0,0,1,1.0,0.0,,,0,0.0,,1.0,Madre,2.0,31.0,3,1,1,,0.0,1,,3.0,0.0,1,1.0,01,1.0,2.0,,,2.0,,68120101,1.0,1.0
68209105,682091,68209,00682,0106,2022,nacional,0,2,mujer,0-2,3573,0,1.0,"No tiene necesidad, está pequeño",,,0,1,0.0,0.0,,,0,0.0,,1.0,Madre,2.0,30.0,5,1,4,0.0,0.0,2,1.0,,,1,2.0,03,1.0,2.0,,,2.0,,68209103,2.0,0.0
68211107,682111,68211,00682,0106,2022,nacional,3,1,hombre,3-5,3573,0,1.0,"No tiene necesidad, está pequeño",,,0,1,1.0,1.0,0.0,,0,0.0,,3.0,Abuela,2.0,61.0,7,1,5,0.0,0.0,2,1.0,,,1,1.0,02,3.0,1.0,2.0,,2.0,,68211102,2.0,0.0
68218103,682181,68218,00682,0106,2022,nacional,0,2,mujer,0-2,3573,0,1.0,"No tiene necesidad, está pequeño",,,0,1,1.0,1.0,0.0,,0,0.0,,1.0,Madre,2.0,19.0,3,1,2,0.0,0.0,2,1.0,,,1,1.0,02,1.0,1.0,2.0,,2.0,,68218102,2.0,0.0
68302106,683021,68302,00683,0107,2022,nacional,4,1,hombre,3-5,4690,1,,,3.0,200.0,0,1,1.0,0.0,,,0,0.0,,1.0,Madre,2.0,25.0,6,1,5,,0.0,1,,3.0,200.0,1,1.0,05,1.0,2.0,,,2.0,,68302105,2.0,0.0
68306106,683061,68306,00683,0107,2022,nacional,3,2,mujer,3-5,4690,1,,,2.0,,0,1,1.0,0.0,,,0,1.0,0.0,1.0,Madre,2.0,42.0,6,1,4,,0.0,1,,2.0,99999.0,1,1.0,04,1.0,2.0,,,1.0,2.0,68306104,1.0,1.0
68307106,683071,68307,00683,0107,2022,nacional,3,1,hombre,3-5,4690,1,,,2.0,,0,1,1.0,0.0,,,0,0.0,,1.0,Madre,2.0,26.0,6,1,5,,0.0,1,,2.0,99999.0,1,1.0,05,1.0,2.0,,,2.0,,68307105,2.0,0.0
68310103,683101,68310,00683,0107,2022,nacional,5,1,hombre,3-5,4690,1,,,3.0,0.0,0,1,1.0,0.0,,,0,0.0,,2.0,Padre,1.0,30.0,4,2,2,,0.0,1,,3.0,0.0,1,1.0,01,2.0,2.0,,,2.0,,68310101,1.0,1.0
68310104,683101,68310,00683,0107,2022,nacional,0,2,mujer,0-2,4690,0,1.0,"No tiene necesidad, está pequeño",,,0,1,1.0,0.0,,,0,0.0,,1.0,Madre,2.0,29.0,4,2,2,0.0,0.0,2,1.0,,,1,1.0,02,1.0,2.0,,,2.0,,68310102,1.0,1.0
68312107,683121,68312,00683,0107,2022,nacional,2,2,mujer,0-2,4690,0,4.0,Horarios incompatibles con madre/padre/tutor,,,0,1,1.0,0.0,,,0,0.0,,1.0,Madre,2.0,37.0,7,1,3,1.0,0.0,2,4.0,,,1,1.0,03,1.0,2.0,,,2.0,,68312103,1.0,1.0
68314105,683141,68314,00683,0107,2022,nacional,5,1,hombre,3-5,4690,1,,,3.0,0.0,0,1,1.0,0.0,,,0,0.0,,1.0,Madre,2.0,24.0,6,2,4,,0.0,1,,3.0,0.0,1,1.0,04,1.0,2.0,,,2.0,,68314104,2.0,0.0
68314106,683141,68314,00683,0107,2022,nacional,1,1,hombre,0-2,4690,0,1.0,"No tiene necesidad, está pequeño",,,0,1,1.0,0.0,,,0,0.0,,1.0,Madre,2.0,24.0,6,2,4,0.0,0.0,2,1.0,,,1,1.0,04,1.0,2.0,,,2.0,,68314104,2.0,0.0
68315106,683151,68315,00683,0107,2022,nacional,0,1,hombre,0-2,4690,0,1.0,"No tiene necesidad, está pequeño",,,0,1,1.0,1.0,0.0,,0,0.0,,1.0,Madre,2.0,20.0,6,1,4,0.0,0.0,2,1.0,,,1,1.0,05,1.0,1.0,2.0,,2.0,,68315105,1.0,1.0
68317104,683171,68317,00683,0107,2022,nacional,4,1,hombre,3-5,4690,1,,,3.0,0.0,0,1,1.0,0.0,,,0,0.0,,1.0,Madre,2.0,24.0,8,2,5,,0.0,1,,3.0,0.0,1,1.0,03,1.0,2.0,,,2.0,,68317103,2.0,0.0
68317108,683171,68317,00683,0107,2022,nacional,1,2,mujer,0-2,4690,0,1.0,"No tiene necesidad, está pequeño",,,0,1,1.0,0.0,,,0,0.0,,1.0,Madre,2.0,26.0,8,2,5,0.0,0.0,2,1.0,,,1,1.0,05,1.0,2.0,,,2.0,,68317105,2.0,0.0
68318106,683181,68318,00683,0107,2022,nacional,1,1,hombre,0-2,4690,0,1.0,"No tiene necesidad, está pequeño",,,0,1,1.0,0.0,,,0,0.0,,1.0,Madre,2.0,23.0,6,1,4,0.0,0.0,2,1.0,,,1,1.0,04,1.0,2.0,,,2.0,,68318104,2.0,0.0
68320105,683201,68320,00683,0107,2022,nacional,5,1,hombre,3-5,4690,1,,,3.0,0.0,0,1,1.0,1.0,0.0,,0,1.0,1.0,1.0,Madre,2.0,25.0,5,1,4,,1.0,1,,3.0,0.0,1,1.0,03,1.0,1.0,2.0,,1.0,1.0,68320103,1.0,1.0
68401105,684011,68401,00684,0107,2022,nacional,2,2,mujer,0-2,2889,1,,,3.0,0.0,0,1,1.0,0.0,,,0,0.0,,3.0,Abuela,2.0,50.0,5,1,3,,0.0,1,,3.0,0.0,1,1.0,02,3.0,2.0,,,2.0,,68401102,1.0,1.0
68403103,684031,68403,00684,0107,2022,nacional,0,2,mujer,0-2,2889,0,3.0,No hay centros o quedan lejos,,,0,1,1.0,1.0,0.0,,0,0.0,,1.0,Madre,2.0,27.0,3,1,1,1.0,0.0,2,3.0,,,1,1.0,01,1.0,1.0,2.0,,2.0,,68403101,2.0,0.0
68408103,684081,68408,00684,0107,2022,nacional,2,2,mujer,0-2,2889,1,,,3.0,0.0,0,1,1.0,1.0,0.0,,0,0.0,,1.0,Madre,2.0,32.0,3,1,2,,0.0,1,,3.0,0.0,1,1.0,01,1.0,1.0,2.0,,2.0,,68408101,2.0,0.0
68414102,684141,68414,00684,0107,2022,nacional,3,2,mujer,3-5,2889,1,,,3.0,0.0,0,1,1.0,1.0,0.0,,0,0.0,,1.0,Madre,2.0,22.0,2,1,1,,0.0,1,,3.0,0.0,1,1.0,01,1.0,1.0,2.0,,2.0,,68414101,1.0,1.0
68416103,684161,68416,00684,0107,2022,nacional,3,1,hombre,3-5,2889,1,,,3.0,0.0,0,1,1.0,1.0,0.0,,0,0.0,,1.0,Madre,2.0,23.0,3,1,2,,0.0,1,,3.0,0.0,1,1.0,02,1.0,1.0,2.0,,2.0,,68416102,1.0,1.0
68417104,684171,68417,00684,0107,2022,nacional,5,2,mujer,3-5,2889,1,,,3.0,0.0,0,1,1.0,0.0,,,0,0.0,,3.0,Abuela,2.0,69.0,5,2,3,,0.0,1,,3.0,0.0,1,1.0,01,3.0,2.0,,,2.0,,68417101,2.0,0.0
68417105,684171,68417,00684,0107,2022,nacional,0,1,hombre,0-2,2889,1,,,2.0,0.0,0,1,1.0,0.0,,,0,0.0,,1.0,Madre,2.0,27.0,5,2,3,,0.0,1,,2.0,0.0,1,1.0,02,1.0,2.0,,,2.0,,68417102,2.0,0.0
68419106,684191,68419,00684,0107,2022,nacional,4,1,hombre,3-5,2889,1,,,3.0,0.0,0,1,1.0,0.0,,,0,0.0,,4.0,Abuelo,2.0,45.0,6,1,3,,0.0,1,,3.0,0.0,1,1.0,01,4.0,2.0,,,2.0,,68419101,2.0,0.0
68501103,685011,68501,00685,0107,2022,nacional,5,2,mujer,3-5,5850,1,,,5.0,0.0,0,1,1.0,1.0,0.0,,0,0.0,,1.0,Madre,2.0,26.0,3,1,2,,0.0,1,,5.0,0.0,1,1.0,02,1.0,1.0,2.0,,2.0,,68501102,1.0,1.0
68503104,685031,68503,00685,0107,2022,nacional,0,1,hombre,0-2,5850,0,3.0,No hay centros o quedan lejos,,,0,1,1.0,0.0,,,0,0.0,,1.0,Madre,2.0,29.0,4,1,2,1.0,0.0,2,3.0,,,1,1.0,02,1.0,2.0,,,2.0,,68503102,2.0,0.0
68504103,685041,68504,00685,0107,2022,nacional,4,1,hombre,3-5,5850,1,,,3.0,0.0,0,1,1.0,0.0,,,0,0.0,,1.0,Madre,2.0,35.0,3,1,2,,0.0,1,,3.0,0.0,1,1.0,02,1.0,2.0,,,2.0,,68504102,2.0,0.0
68505204,685052,68505,00685,0107,2022,nacional,0,2,mujer,0-2,5850,0,1.0,"No tiene necesidad, está pequeño",,,0,1,1.0,1.0,0.0,,0,0.0,,1.0,Madre,2.0,23.0,4,1,2,0.0,0.0,2,1.0,,,1,1.0,02,1.0,1.0,2.0,,2.0,,68505202,1.0,1.0
68510104,685101,68510,00685,0107,2022,nacional,2,1,hombre,0-2,5850,0,3.0,No hay centros o quedan lejos,,,0,1,1.0,1.0,0.0,,0,1.0,1.0,1.0,Madre,2.0,26.0,4,1,2,1.0,1.0,2,3.0,,,1,1.0,02,1.0,1.0,2.0,,1.0,1.0,68510102,1.0,1.0
68511106,685111,68511,00685,0107,2022,nacional,3,2,mujer,3-5,5850,0,1.0,"No tiene necesidad, está pequeño",,,0,1,1.0,1.0,0.0,,0,0.0,,2.0,Padre,1.0,47.0,6,1,1,0.0,0.0,2,1.0,,,1,1.0,01,2.0,1.0,2.0,,2.0,,68511101,1.0,1.0
68512103,685121,68512,00685,0107,2022,nacional,0,2,mujer,0-2,5850,0,1.0,"No tiene necesidad, está pequeño",,,0,1,1.0,1.0,0.0,,0,0.0,,1.0,Madre,2.0,22.0,3,1,2,0.0,0.0,2,1.0,,,1,1.0,02,1.0,1.0,2.0,,2.0,,68512102,2.0,0.0
68516105,685161,68516,00685,0107,2022,nacional,0,2,mujer,0-2,5850,0,1.0,"No tiene necesidad, está pequeño",,,0,1,1.0,0.0,,,0,0.0,,1.0,Madre,2.0,33.0,5,1,2,0.0,0.0,2,1.0,,,1,1.0,02,1.0,2.0,,,2.0,,68516102,2.0,0.0
68517107,685171,68517,00685,0107,2022,nacional,3,2,mujer,3-5,5850,0,6.0,Otra razón,,,0,1,1.0,0.0,,,0,0.0,,1.0,Madre,2.0,29.0,7,1,5,0.0,0.0,2,6.0,,,1,1.0,03,1.0,2.0,,,2.0,,68517103,1.0,1.0
68518103,685181,68518,00685,0107,2022,nacional,0,1,hombre,0-2,5850,0,1.0,"No tiene necesidad, está pequeño",,,0,1,1.0,1.0,0.0,,0,0.0,,1.0,Madre,2.0,18.0,3,1,2,0.0,0.0,2,1.0,,,1,1.0,02,1.0,1.0,2.0,,2.0,,68518102,2.0,0.0
68601103,686011,68601,00686,0114,2022,nacional,4,1,hombre,3-5,4782,1,,,3.0,1000.0,0,1,1.0,0.0,,,0,0.0,,1.0,Madre,2.0,26.0,3,1,2,,0.0,1,,3.0,1000.0,1,1.0,02,1.0,2.0,,,2.0,,68601102,2.0,0.0
68702104,687021,68702,00687,0114,2022,nacional,0,1,hombre,0-2,4890,0,1.0,"No tiene necesidad, está pequeño",,,0,1,1.0,0.0,,,0,0.0,,1.0,Madre,2.0,43.0,4,1,3,0.0,0.0,2,1.0,,,1,1.0,02,1.0,2.0,,,2.0,,68702102,1.0,1.0
68801105,688011,68801,00688,0115,2022,nacional,1,2,mujer,0-2,6391,0,1.0,"No tiene necesidad, está pequeño",,,0,1,1.0,0.0,,,0,0.0,,1.0,Madre,2.0,24.0,5,1,4,0.0,0.0,2,1.0,,,1,1.0,04,1.0,2.0,,,2.0,,68801104,2.0,0.0
68901103,689011,68901,00689,0113,2022,nacional,4,2,mujer,3-5,5157,1,,,3.0,135.0,0,1,1.0,0.0,,,0,0.0,,1.0,Madre,2.0,29.0,3,1,2,,0.0,1,,3.0,135.0,1,1.0,01,1.0,2.0,,,2.0,,68901101,2.0,0.0
69101108,691011,69101,00691,0113,2022,nacional,4,2,mujer,3-5,5007,1,,,4.0,120.0,0,1,1.0,0.0,,,0,0.0,,1.0,Madre,2.0,31.0,10,2,7,,0.0,1,,4.0,120.0,1,1.0,06,1.0,2.0,,,2.0,,69101106,2.0,0.0
69101109,691011,69101,00691,0113,2022,nacional,4,2,mujer,3-5,5007,1,,,4.0,120.0,0,1,1.0,0.0,,,0,0.0,,1.0,Madre,2.0,31.0,10,2,7,,0.0,1,,4.0,120.0,1,1.0,06,1.0,2.0,,,2.0,,69101106,2.0,0.0
69104106,691041,69104,00691,0113,2022,nacional,5,2,mujer,3-5,5007,1,,,3.0,450.0,0,1,1.0,0.0,,,0,1.0,0.0,1.0,Madre,2.0,35.0,6,1,3,,0.0,1,,3.0,450.0,1,1.0,03,1.0,2.0,,,1.0,2.0,69104103,2.0,0.0
69105105,691051,69105,00691,0113,2022,nacional,1,1,hombre,0-2,5007,0,1.0,"No tiene necesidad, está pequeño",,,0,1,1.0,0.0,,,0,0.0,,1.0,Madre,2.0,36.0,5,1,3,0.0,0.0,2,1.0,,,1,1.0,02,1.0,2.0,,,2.0,,69105102,2.0,0.0
69203103,692031,69203,00692,0114,2022,nacional,1,1,hombre,0-2,5688,0,1.0,"No tiene necesidad, está pequeño",,,0,1,1.0,0.0,,,0,0.0,,1.0,Madre,2.0,29.0,3,1,2,0.0,0.0,2,1.0,,,1,1.0,02,1.0,2.0,,,2.0,,69203102,1.0,1.0
69205105,692051,69205,00692,0114,2022,nacional,1,1,hombre,0-2,5688,1,,,9.0,2000.0,0,1,1.0,0.0,,,0,0.0,,1.0,Madre,2.0,27.0,5,1,4,,0.0,1,,9.0,2000.0,1,1.0,04,1.0,2.0,,,2.0,,69205104,1.0,1.0
69301104,693011,69301,00693,0113,2022,nacional,2,1,hombre,0-2,6239,0,1.0,"No tiene necesidad, está pequeño",,,0,1,1.0,1.0,0.0,,0,1.0,1.0,1.0,Madre,2.0,36.0,5,1,2,0.0,1.0,2,1.0,,,1,1.0,02,1.0,1.0,2.0,,1.0,1.0,69301102,1.0,1.0
69303102,693031,69303,00693,0113,2022,nacional,5,1,hombre,3-5,6239,1,,,3.0,150.0,0,1,1.0,0.0,,,0,0.0,,1.0,Madre,2.0,23.0,3,2,1,,0.0,1,,3.0,150.0,1,1.0,01,1.0,2.0,,,2.0,,69303101,2.0,0.0
69303103,693031,69303,00693,0113,2022,nacional,0,1,hombre,0-2,6239,0,1.0,"No tiene necesidad, está pequeño",,,0,1,1.0,0.0,,,0,0.0,,1.0,Madre,2.0,23.0,3,2,1,0.0,0.0,2,1.0,,,1,1.0,01,1.0,2.0,,,2.0,,69303101,2.0,0.0
69403104,694031,69403,00694,0114,2022,nacional,5,1,hombre,3-5,3773,1,,,6.0,1300.0,0,1,1.0,0.0,,,0,1.0,0.0,1.0,Madre,2.0,38.0,4,1,2,,0.0,1,,6.0,1300.0,1,1.0,02,1.0,2.0,,,1.0,2.0,69403102,1.0,1.0
69505103,695051,69505,00695,0114,2022,nacional,3,1,hombre,3-5,4582,0,6.0,Otra razón,,,0,1,1.0,0.0,,,0,1.0,0.0,1.0,Madre,2.0,18.0,5,2,2,0.0,0.0,2,6.0,,,1,1.0,02,1.0,2.0,,,1.0,2.0,69505102,2.0,0.0
69505104,695051,69505,00695,0114,2022,nacional,1,2,mujer,0-2,4582,0,1.0,"No tiene necesidad, está pequeño",,,0,1,1.0,0.0,,,0,0.0,,1.0,Madre,2.0,18.0,5,2,2,0.0,0.0,2,1.0,,,1,1.0,02,1.0,2.0,,,2.0,,69505102,2.0,0.0
69802104,698021,69802,00698,0115,2022,nacional,1,1,hombre,0-2,5157,0,1.0,"No tiene necesidad, está pequeño",,,0,1,1.0,0.0,,,0,0.0,,3.0,Abuela,2.0,36.0,4,1,3,0.0,0.0,2,1.0,,,1,1.0,02,3.0,2.0,,,2.0,,69802102,2.0,0.0
70002105,700021,70002,00700,0113,2022,nacional,3,1,hombre,3-5,4456,1,,,3.0,0.0,0,1,1.0,0.0,,,0,0.0,,1.0,Madre,2.0,40.0,5,1,2,,0.0,1,,3.0,0.0,1,1.0,02,1.0,2.0,,,2.0,,70002102,2.0,0.0
70003105,700031,70003,00700,0113,2022,nacional,4,2,mujer,3-5,4456,1,,,3.0,0.0,0,1,1.0,0.0,,,0,0.0,,1.0,Madre,2.0,31.0,5,1,2,,0.0,1,,3.0,0.0,1,1.0,02,1.0,2.0,,,2.0,,70003102,2.0,0.0
70305107,703051,70305,00703,0115,2022,nacional,5,2,mujer,3-5,6085,1,,,3.0,,0,1,1.0,0.0,,,0,0.0,,1.0,Madre,2.0,42.0,7,1,4,,0.0,1,,3.0,99999.0,1,1.0,02,1.0,2.0,,,2.0,,70305102,2.0,0.0
70402103,704021,70402,00704,0113,2022,nacional,5,1,hombre,3-5,5303,1,,,3.0,200.0,0,1,1.0,0.0,,,0,0.0,,1.0,Madre,2.0,20.0,4,2,2,,0.0,1,,3.0,200.0,1,1.0,02,1.0,2.0,,,2.0,,70402102,2.0,0.0
70402104,704021,70402,00704,0113,2022,nacional,2,1,hombre,0-2,5303,0,1.0,"No tiene necesidad, está pequeño",,,0,1,1.0,0.0,,,0,0.0,,1.0,Madre,2.0,20.0,4,2,2,0.0,0.0,2,1.0,,,1,1.0,02,1.0,2.0,,,2.0,,70402102,2.0,0.0
70503105,705031,70503,00705,0113,2022,nacional,4,2,mujer,3-5,4353,1,,,3.0,50.0,0,1,1.0,0.0,,,0,0.0,,3.0,Abuela,2.0,45.0,5,1,2,,0.0,1,,3.0,50.0,1,1.0,02,3.0,2.0,,,2.0,,70503102,1.0,1.0
70504105,705041,70504,00705,0113,2022,nacional,4,1,hombre,3-5,4353,1,,,5.0,1500.0,0,1,1.0,0.0,,,0,1.0,0.0,1.0,Madre,2.0,24.0,6,2,4,,0.0,1,,5.0,1500.0,1,1.0,03,1.0,2.0,,,1.0,2.0,70504103,2.0,0.0
70504106,705041,70504,00705,0113,2022,nacional,0,1,hombre,0-2,4353,0,1.0,"No tiene necesidad, está pequeño",,,0,1,1.0,0.0,,,0,0.0,,1.0,Madre,2.0,24.0,6,2,4,0.0,0.0,2,1.0,,,1,1.0,03,1.0,2.0,,,2.0,,70504103,2.0,0.0
70607104,706071,70607,00706,0111,2022,nacional,4,2,mujer,3-5,3811,1,,,3.0,40.0,0,1,1.0,0.0,,,0,0.0,,3.0,Abuela,2.0,63.0,5,2,3,,0.0,1,,3.0,40.0,1,1.0,01,3.0,2.0,,,2.0,,70607101,2.0,0.0
70607105,706071,70607,00706,0111,2022,nacional,1,1,hombre,0-2,3811,0,2.0,No puede pagar los gastos escolares,,,0,1,1.0,0.0,,,0,0.0,,1.0,Madre,2.0,34.0,5,2,3,1.0,0.0,2,2.0,,,1,1.0,03,1.0,2.0,,,2.0,,70607103,1.0,1.0
70609104,706091,70609,00706,0111,2022,nacional,5,2,mujer,3-5,3811,1,,,3.0,30.0,0,1,1.0,0.0,,,0,0.0,,1.0,Madre,2.0,33.0,6,2,2,,0.0,1,,3.0,30.0,1,1.0,01,1.0,2.0,,,2.0,,70609101,1.0,1.0
70609105,706091,70609,00706,0111,2022,nacional,2,2,mujer,0-2,3811,0,2.0,No puede pagar los gastos escolares,,,0,1,1.0,0.0,,,0,1.0,0.0,1.0,Madre,2.0,33.0,6,2,2,1.0,0.0,2,2.0,,,1,1.0,01,1.0,2.0,,,1.0,2.0,70609101,1.0,1.0
70610104,706101,70610,00706,0111,2022,nacional,2,1,hombre,0-2,3811,0,1.0,"No tiene necesidad, está pequeño",,,0,0,,,,,0,,,,,,,4,1,2,0.0,,2,1.0,,,2,,,,,,,,,,,
70614104,706141,70614,00706,0111,2022,nacional,4,2,mujer,3-5,3811,1,,,3.0,50.0,0,1,1.0,0.0,,,0,0.0,,1.0,Madre,2.0,24.0,6,1,5,,0.0,1,,3.0,50.0,1,1.0,03,1.0,2.0,,,2.0,,70614103,2.0,0.0
70618108,706181,70618,00706,0111,2022,nacional,4,1,hombre,3-5,3811,1,,,3.0,0.0,0,1,1.0,0.0,,,0,0.0,,3.0,Abuela,2.0,76.0,9,1,8,,0.0,1,,3.0,0.0,1,1.0,01,3.0,2.0,,,2.0,,70618101,2.0,0.0
70619105,706191,70619,00706,0111,2022,nacional,4,2,mujer,3-5,3811,1,,,3.0,50.0,0,1,1.0,0.0,,,0,0.0,,1.0,Madre,2.0,37.0,5,1,2,,0.0,1,,3.0,50.0,1,1.0,02,1.0,2.0,,,2.0,,70619102,2.0,0.0
70709103,707091,70709,00707,0111,2022,nacional,2,1,hombre,0-2,3052,1,,,4.0,1300.0,0,1,1.0,0.0,,,0,0.0,,1.0,Madre,2.0,26.0,3,1,2,,0.0,1,,4.0,1300.0,1,1.0,02,1.0,2.0,,,2.0,,70709102,1.0,1.0
70716104,707161,70716,00707,0111,2022,nacional,2,2,mujer,0-2,3052,1,,,8.0,1300.0,0,1,1.0,0.0,,,0,0.0,,1.0,Madre,2.0,34.0,4,1,3,,0.0,1,,8.0,1300.0,1,1.0,03,1.0,2.0,,,2.0,,70716103,1.0,1.0
70804104,708041,70804,00708,0111,2022,nacional,5,1,hombre,3-5,3935,1,,,3.0,0.0,0,1,1.0,0.0,,,0,0.0,,1.0,Madre,2.0,33.0,4,1,2,,0.0,1,,3.0,0.0,1,1.0,02,1.0,2.0,,,2.0,,70804102,1.0,1.0
70813107,708131,70813,00708,0111,2022,nacional,4,2,mujer,3-5,3935,1,,,3.0,,0,1,1.0,0.0,,,0,0.0,,1.0,Madre,2.0,29.0,7,1,6,,0.0,1,,3.0,99999.0,1,1.0,05,1.0,2.0,,,2.0,,70813105,1.0,1.0
70820202,708202,70820,00708,0111,2022,nacional,2,2,mujer,0-2,3935,0,1.0,"No tiene necesidad, está pequeño",,,0,1,1.0,0.0,,,0,1.0,1.0,1.0,Madre,2.0,20.0,2,1,1,0.0,1.0,2,1.0,,,1,1.0,01,1.0,2.0,,,1.0,1.0,70820201,2.0,0.0
70916105,709161,70916,00709,0112,2022,nacional,1,1,hombre,0-2,4288,1,,,2.0,0.0,0,1,1.0,0.0,,,0,0.0,,1.0,Madre,2.0,21.0,5,1,4,,0.0,1,,2.0,0.0,1,1.0,03,1.0,2.0,,,2.0,,70916103,2.0,0.0
70918103,709181,70918,00709,0112,2022,nacional,4,1,hombre,3-5,4288,1,,,3.0,100.0,0,1,1.0,0.0,,,0,0.0,,1.0,Madre,2.0,24.0,4,2,2,,0.0,1,,3.0,100.0,1,1.0,02,1.0,2.0,,,2.0,,70918102,2.0,0.0
70918104,709181,70918,00709,0112,2022,nacional,2,1,hombre,0-2,4288,0,1.0,"No tiene necesidad, está pequeño",,,0,1,1.0,0.0,,,0,0.0,,1.0,Madre,2.0,24.0,4,2,2,0.0,0.0,2,1.0,,,1,1.0,02,1.0,2.0,,,2.0,,70918102,2.0,0.0
71001104,710011,71001,00710,0112,2022,nacional,3,2,mujer,3-5,4714,0,3.0,No hay centros o quedan lejos,,,0,1,1.0,1.0,0.0,,0,0.0,,1.0,Madre,2.0,42.0,4,1,2,1.0,0.0,2,3.0,,,1,1.0,01,1.0,1.0,2.0,,2.0,,71001101,1.0,1.0
71002104,710021,71002,00710,0112,2022,nacional,5,1,hombre,3-5,4714,1,,,3.0,200.0,0,1,1.0,1.0,0.0,,0,0.0,,2.0,Padre,1.0,38.0,4,1,2,,0.0,1,,3.0,200.0,1,1.0,01,2.0,1.0,2.0,,2.0,,71002101,1.0,1.0
71005103,710051,71005,00710,0112,2022,nacional,4,1,hombre,3-5,4714,1,,,3.0,100.0,0,1,1.0,0.0,,,0,0.0,,1.0,Madre,2.0,38.0,3,1,2,,0.0,1,,3.0,100.0,1,1.0,02,1.0,2.0,,,2.0,,71005102,2.0,0.0
71013103,710131,71013,00710,0112,2022,nacional,2,2,mujer,0-2,4714,0,3.0,No hay centros o quedan lejos,,,0,1,1.0,0.0,,,0,0.0,,1.0,Madre,2.0,22.0,3,1,2,1.0,0.0,2,3.0,,,1,1.0,02,1.0,2.0,,,2.0,,71013102,2.0,0.0
71014106,710141,71014,00710,0112,2022,nacional,1,1,hombre,0-2,4714,0,3.0,No hay centros o quedan lejos,,,0,1,1.0,1.0,1.0,250.0,0,0.0,,1.0,Madre,2.0,41.0,6,1,3,1.0,0.0,2,3.0,,,1,1.0,02,1.0,1.0,1.0,250.0,2.0,,71014102,1.0,1.0
71101104,711011,71101,00711,0112,2022,nacional,3,2,mujer,3-5,4648,1,,,4.0,80.0,0,1,1.0,1.0,0.0,,0,0.0,,1.0,Madre,2.0,27.0,5,2,2,,0.0,1,,4.0,80.0,1,1.0,02,1.0,1.0,2.0,,2.0,,71101102,2.0,0.0
71101105,711011,71101,00711,0112,2022,nacional,1,2,mujer,0-2,4648,0,3.0,No hay centros o quedan lejos,,,0,1,1.0,0.0,,,0,0.0,,1.0,Madre,2.0,27.0,5,2,2,1.0,0.0,2,3.0,,,1,1.0,02,1.0,2.0,,,2.0,,71101102,2.0,0.0
71105103,711051,71105,00711,0112,2022,nacional,3,1,hombre,3-5,4648,1,,,4.0,0.0,0,1,1.0,0.0,,,0,0.0,,1.0,Madre,2.0,34.0,3,1,2,,0.0,1,,4.0,0.0,1,1.0,01,1.0,2.0,,,2.0,,71105101,2.0,0.0
71117103,711171,71117,00711,0112,2022,nacional,4,1,hombre,3-5,4648,1,,,3.0,0.0,0,1,1.0,0.0,,,0,1.0,0.0,1.0,Madre,2.0,33.0,4,1,2,,0.0,1,,3.0,0.0,1,1.0,02,1.0,2.0,,,1.0,2.0,71117102,2.0,0.0
71118105,711181,71118,00711,0112,2022,nacional,4,2,mujer,3-5,4648,1,,,4.0,100.0,0,1,1.0,0.0,,,0,0.0,,3.0,Abuela,2.0,62.0,5,1,4,,0.0,1,,4.0,100.0,1,1.0,02,3.0,2.0,,,2.0,,71118102,2.0,0.0
71203106,712031,71203,00712,0117,2022,nacional,3,2,mujer,3-5,5028,0,5.0,Enfermedad o discapacidad,,,0,0,,,,,0,,,,,,,6,1,3,0.0,,2,5.0,,,2,,,,,,,,,,,
71204104,712041,71204,00712,0117,2022,nacional,3,2,mujer,3-5,5028,0,1.0,"No tiene necesidad, está pequeño",,,0,1,1.0,1.0,0.0,,0,0.0,,1.0,Madre,2.0,31.0,4,1,3,0.0,0.0,2,1.0,,,1,1.0,01,1.0,1.0,2.0,,2.0,,71204101,1.0,1.0
71301102,713011,71301,00713,0118,2022,nacional,4,1,hombre,3-5,4361,1,,,3.0,0.0,0,1,1.0,0.0,,,0,0.0,,1.0,Madre,2.0,26.0,3,2,1,,0.0,1,,3.0,0.0,1,1.0,01,1.0,2.0,,,2.0,,71301101,2.0,0.0
71301103,713011,71301,00713,0118,2022,nacional,5,1,hombre,3-5,4361,1,,,3.0,0.0,0,1,1.0,0.0,,,0,0.0,,1.0,Madre,2.0,26.0,3,2,1,,0.0,1,,3.0,0.0,1,1.0,01,1.0,2.0,,,2.0,,71301101,2.0,0.0
71403105,714031,71403,00714,0117,2022,nacional,2,1,hombre,0-2,4886,0,1.0,"No tiene necesidad, está pequeño",,,0,1,1.0,0.0,,,0,0.0,,1.0,Madre,2.0,25.0,5,1,2,0.0,0.0,2,1.0,,,1,1.0,02,1.0,2.0,,,2.0,,71403102,2.0,0.0
71405104,714051,71405,00714,0117,2022,nacional,5,2,mujer,3-5,4886,1,,,3.0,0.0,0,1,1.0,0.0,,,0,0.0,,1.0,Madre,2.0,29.0,4,1,2,,0.0,1,,3.0,0.0,1,1.0,02,1.0,2.0,,,2.0,,71405102,1.0,1.0
71601102,716011,71601,00716,0118,2022,nacional,3,1,hombre,3-5,3559,0,6.0,Otra razón,,,0,1,1.0,1.0,0.0,,0,0.0,,1.0,Madre,2.0,21.0,2,1,1,0.0,0.0,2,6.0,,,1,1.0,01,1.0,1.0,2.0,,2.0,,71601101,1.0,1.0
71803103,718031,71803,00718,0117,2022,nacional,3,1,hombre,3-5,4742,1,,,4.0,0.0,0,1,1.0,0.0,,,0,0.0,,3.0,Abuela,2.0,49.0,4,2,2,,0.0,1,,4.0,0.0,1,1.0,02,3.0,2.0,,,2.0,,71803102,2.0,0.0
71803104,718031,71803,00718,0117,2022,nacional,1,2,mujer,0-2,4742,1,,,4.0,0.0,0,1,1.0,0.0,,,0,0.0,,3.0,Abuela,2.0,49.0,4,2,2,,0.0,1,,4.0,0.0,1,1.0,02,3.0,2.0,,,2.0,,71803102,2.0,0.0
72004103,720041,72004,00720,0118,2022,nacional,1,2,mujer,0-2,4472,0,6.0,Otra razón,,,0,1,1.0,0.0,,,0,1.0,0.0,1.0,Madre,2.0,26.0,3,1,2,0.0,0.0,2,6.0,,,1,1.0,02,1.0,2.0,,,1.0,2.0,72004102,1.0,1.0
72404104,724041,72404,00724,0118,2022,nacional,4,1,hombre,3-5,4578,1,,,5.0,3000.0,0,1,1.0,0.0,,,0,0.0,,1.0,Madre,2.0,35.0,4,1,2,,0.0,1,,5.0,3000.0,1,1.0,02,1.0,2.0,,,2.0,,72404102,1.0,1.0
72502104,725021,72502,00725,0117,2022,nacional,3,1,hombre,3-5,5107,0,1.0,"No tiene necesidad, está pequeño",,,0,1,1.0,0.0,,,0,0.0,,1.0,Madre,2.0,26.0,4,1,2,0.0,0.0,2,1.0,,,1,1.0,02,1.0,2.0,,,2.0,,72502102,1.0,1.0
72603106,726031,72603,00726,0118,2022,nacional,4,2,mujer,3-5,4599,0,1.0,"No tiene necesidad, está pequeño",,,0,1,1.0,0.0,,,0,0.0,,8.0,Otro parentesco mujer,2.0,20.0,6,1,4,0.0,0.0,2,1.0,,,1,1.0,03,8.0,2.0,,,2.0,,72603103,1.0,1.0
72605107,726051,72605,00726,0118,2022,nacional,0,1,hombre,0-2,4599,0,1.0,"No tiene necesidad, está pequeño",,,0,1,1.0,0.0,,,0,0.0,,1.0,Madre,2.0,20.0,7,1,4,0.0,0.0,2,1.0,,,1,1.0,04,1.0,2.0,,,2.0,,72605104,1.0,1.0
72703102,727031,72703,00727,0118,2022,nacional,5,1,hombre,3-5,4228,1,,,4.0,2600.0,0,1,1.0,1.0,0.0,,0,0.0,,2.0,Padre,1.0,34.0,2,1,1,,0.0,1,,4.0,2600.0,1,1.0,01,2.0,1.0,2.0,,2.0,,72703101,1.0,1.0
73001107,730011,73001,00730,0117,2022,nacional,4,1,hombre,3-5,4419,1,,,3.0,0.0,0,1,1.0,0.0,,,0,0.0,,1.0,Madre,2.0,20.0,8,2,6,,0.0,1,,3.0,0.0,1,1.0,05,1.0,2.0,,,2.0,,73001105,2.0,0.0
73001108,730011,73001,00730,0117,2022,nacional,2,2,mujer,0-2,4419,0,1.0,"No tiene necesidad, está pequeño",,,0,1,1.0,0.0,,,0,0.0,,1.0,Madre,2.0,20.0,8,2,6,0.0,0.0,2,1.0,,,1,1.0,05,1.0,2.0,,,2.0,,73001105,2.0,0.0
73002106,730021,73002,00730,0117,2022,nacional,5,1,hombre,3-5,4419,1,,,6.0,0.0,0,1,1.0,1.0,1.0,1000.0,0,0.0,,1.0,Madre,2.0,43.0,6,1,3,,0.0,1,,6.0,0.0,1,1.0,02,1.0,1.0,1.0,1000.0,2.0,,73002102,1.0,1.0
73003106,730031,73003,00730,0117,2022,nacional,5,1,hombre,3-5,4419,1,,,4.0,0.0,0,1,1.0,0.0,,,0,0.0,,1.0,Madre,2.0,39.0,6,1,2,,0.0,1,,4.0,0.0,1,1.0,02,1.0,2.0,,,2.0,,73003102,2.0,0.0
73104103,731041,73104,00731,0119,2022,nacional,2,1,hombre,0-2,4566,0,1.0,"No tiene necesidad, está pequeño",,,0,1,1.0,0.0,,,0,0.0,,1.0,Madre,1.0,32.0,3,1,2,0.0,0.0,2,1.0,,,1,1.0,01,1.0,2.0,,,2.0,,73104101,1.0,1.0
73202103,732021,73202,00732,0118,2022,nacional,0,1,hombre,0-2,4946,0,4.0,Horarios incompatibles con madre/padre/tutor,,,0,1,1.0,0.0,,,0,0.0,,1.0,Madre,2.0,17.0,3,1,1,1.0,0.0,2,4.0,,,1,1.0,02,1.0,2.0,,,2.0,,73202102,2.0,0.0
73303106,733031,73303,00733,0117,2022,nacional,0,1,hombre,0-2,5652,0,4.0,Horarios incompatibles con madre/padre/tutor,,,0,1,1.0,0.0,,,0,0.0,,3.0,Abuela,2.0,59.0,6,1,4,1.0,0.0,2,4.0,,,1,1.0,02,3.0,2.0,,,2.0,,73303102,2.0,0.0
73401105,734011,73401,00734,0117,2022,nacional,0,2,mujer,0-2,5945,0,1.0,"No tiene necesidad, está pequeño",,,0,1,1.0,0.0,,,0,0.0,,1.0,Madre,2.0,17.0,5,1,2,0.0,0.0,2,1.0,,,1,1.0,03,1.0,2.0,,,2.0,,73401103,2.0,0.0
73402103,734021,73402,00734,0117,2022,nacional,1,2,mujer,0-2,5945,0,1.0,"No tiene necesidad, está pequeño",,,0,1,1.0,1.0,0.0,,0,0.0,,2.0,Padre,1.0,34.0,3,1,2,0.0,0.0,2,1.0,,,1,1.0,01,2.0,1.0,2.0,,2.0,,73402101,1.0,1.0
73503107,735031,73503,00735,0117,2022,nacional,4,2,mujer,3-5,5513,1,,,3.0,0.0,0,1,1.0,0.0,,,0,0.0,,1.0,Madre,2.0,27.0,7,1,4,,0.0,1,,3.0,0.0,1,1.0,04,1.0,2.0,,,2.0,,73503104,2.0,0.0
73505104,735051,73505,00735,0117,2022,nacional,1,2,mujer,0-2,5513,0,1.0,"No tiene necesidad, está pequeño",,,0,1,1.0,0.0,,,0,0.0,,3.0,Abuela,2.0,52.0,4,1,3,0.0,0.0,2,1.0,,,1,1.0,02,3.0,2.0,,,2.0,,73505102,1.0,1.0
73804106,738041,73804,00738,0118,2022,nacional,4,1,hombre,3-5,4282,1,,,3.0,0.0,0,1,1.0,0.0,,,0,0.0,,1.0,Madre,2.0,33.0,7,2,2,,0.0,1,,3.0,0.0,1,1.0,02,1.0,2.0,,,2.0,,73804102,2.0,0.0
73804107,738041,73804,00738,0118,2022,nacional,3,2,mujer,3-5,4282,0,1.0,"No tiene necesidad, está pequeño",,,0,1,1.0,0.0,,,0,0.0,,1.0,Madre,2.0,33.0,7,2,2,0.0,0.0,2,1.0,,,1,1.0,02,1.0,2.0,,,2.0,,73804102,2.0,0.0
73903104,739031,73903,00739,0117,2022,nacional,5,1,hombre,3-5,4684,1,,,3.0,0.0,0,1,1.0,0.0,,,0,0.0,,1.0,Madre,2.0,28.0,5,2,2,,0.0,1,,3.0,0.0,1,1.0,02,1.0,2.0,,,2.0,,73903102,1.0,1.0
73903105,739031,73903,00739,0117,2022,nacional,0,1,hombre,0-2,4684,0,1.0,"No tiene necesidad, está pequeño",,,0,1,1.0,0.0,,,0,0.0,,1.0,Madre,2.0,28.0,5,2,2,0.0,0.0,2,1.0,,,1,1.0,02,1.0,2.0,,,2.0,,73903102,1.0,1.0
74012104,740121,74012,00740,0116,2022,nacional,2,1,hombre,0-2,5379,0,1.0,"No tiene necesidad, está pequeño",,,0,1,1.0,1.0,,,0,0.0,,1.0,Madre,2.0,33.0,5,2,2,0.0,0.0,2,1.0,,,1,1.0,02,1.0,1.0,,,2.0,,74012102,1.0,1.0
74012105,740121,74012,00740,0116,2022,nacional,1,2,mujer,0-2,5379,0,1.0,"No tiene necesidad, está pequeño",,,0,1,1.0,1.0,,,0,0.0,,1.0,Madre,2.0,33.0,5,2,2,0.0,0.0,2,1.0,,,1,1.0,02,1.0,1.0,,,2.0,,74012102,1.0,1.0
74014103,740141,74014,00740,0116,2022,nacional,0,2,mujer,0-2,5379,0,1.0,"No tiene necesidad, está pequeño",,,0,1,1.0,1.0,0.0,,0,0.0,,1.0,Madre,1.0,23.0,3,1,2,0.0,0.0,2,1.0,,,1,1.0,01,1.0,1.0,2.0,,2.0,,74014101,1.0,1.0
74102104,741021,74102,00741,0116,2022,nacional,1,1,hombre,0-2,5838,0,1.0,"No tiene necesidad, está pequeño",,,0,1,1.0,0.0,,,0,0.0,,1.0,Madre,2.0,18.0,4,1,3,0.0,0.0,2,1.0,,,1,1.0,03,1.0,2.0,,,2.0,,74102103,2.0,0.0
74105105,741051,74105,00741,0116,2022,nacional,5,2,mujer,3-5,5838,1,,,3.0,0.0,0,1,1.0,0.0,,,0,0.0,,1.0,Madre,2.0,30.0,5,1,2,,0.0,1,,3.0,0.0,1,1.0,02,1.0,2.0,,,2.0,,74105102,2.0,0.0
74107102,741071,74107,00741,0116,2022,nacional,1,2,mujer,0-2,5838,0,9.0,No sabe,,,0,1,1.0,0.0,,,0,0.0,,1.0,Madre,2.0,27.0,3,2,1,,0.0,2,9.0,,,1,1.0,01,1.0,2.0,,,2.0,,74107101,2.0,0.0
74107103,741071,74107,00741,0116,2022,nacional,2,2,mujer,0-2,5838,0,9.0,No sabe,,,0,1,1.0,0.0,,,0,1.0,0.0,1.0,Madre,2.0,27.0,3,2,1,,0.0,2,9.0,,,1,1.0,01,1.0,2.0,,,1.0,2.0,74107101,2.0,0.0
74111102,741111,74111,00741,0116,2022,nacional,0,1,hombre,0-2,5838,1,,,8.0,300.0,0,0,,,,,0,,,,,,,2,1,1,,,1,,8.0,300.0,2,,,,,,,,,,,
74112104,741121,74112,00741,0116,2022,nacional,4,2,mujer,3-5,5838,1,,,3.0,0.0,0,1,1.0,0.0,,,0,0.0,,1.0,Madre,2.0,33.0,4,1,2,,0.0,1,,3.0,0.0,1,1.0,02,1.0,2.0,,,2.0,,74112102,2.0,0.0
74113106,741131,74113,00741,0116,2022,nacional,5,2,mujer,3-5,5838,1,,,3.0,0.0,0,1,1.0,0.0,,,0,0.0,,1.0,Madre,2.0,27.0,7,2,2,,0.0,1,,3.0,0.0,1,1.0,02,1.0,2.0,,,2.0,,74113102,1.0,1.0
74113107,741131,74113,00741,0116,2022,nacional,0,2,mujer,0-2,5838,0,1.0,"No tiene necesidad, está pequeño",,,0,1,1.0,0.0,,,0,0.0,,1.0,Madre,2.0,27.0,7,2,2,0.0,0.0,2,1.0,,,1,1.0,02,1.0,2.0,,,2.0,,74113102,1.0,1.0
74120103,741201,74120,00741,0116,2022,nacional,0,2,mujer,0-2,5838,1,,,7.0,0.0,0,1,1.0,1.0,0.0,,0,0.0,,1.0,Madre,2.0,22.0,3,1,2,,0.0,1,,7.0,0.0,1,1.0,02,1.0,1.0,2.0,,2.0,,74120102,2.0,0.0
74205103,742051,74205,00742,0116,2022,nacional,4,2,mujer,3-5,4174,1,,,3.0,0.0,0,1,1.0,1.0,0.0,,0,0.0,,1.0,Madre,2.0,32.0,3,1,1,,0.0,1,,3.0,0.0,1,1.0,01,1.0,1.0,2.0,,2.0,,74205101,1.0,1.0
74213103,742131,74213,00742,0116,2022,nacional,5,1,hombre,3-5,4174,1,,,3.0,0.0,0,1,1.0,1.0,0.0,,0,0.0,,3.0,Abuela,2.0,53.0,3,1,2,,0.0,1,,3.0,0.0,1,1.0,02,3.0,1.0,2.0,,2.0,,74213102,1.0,1.0
74214102,742141,74214,00742,0116,2022,nacional,3,1,hombre,3-5,4174,1,,,3.0,0.0,0,1,1.0,0.0,,,0,0.0,,1.0,Madre,2.0,30.0,3,2,1,,0.0,1,,3.0,0.0,1,1.0,01,1.0,2.0,,,2.0,,74214101,1.0,1.0
74214103,742141,74214,00742,0116,2022,nacional,1,2,mujer,0-2,4174,0,1.0,"No tiene necesidad, está pequeño",,,0,1,1.0,0.0,,,0,0.0,,1.0,Madre,2.0,30.0,3,2,1,0.0,0.0,2,1.0,,,1,1.0,01,1.0,2.0,,,2.0,,74214101,1.0,1.0
74216105,742161,74216,00742,0116,2022,nacional,3,1,hombre,3-5,4174,1,,,3.0,0.0,0,0,,,,,0,,,,,,,6,1,5,,,1,,3.0,0.0,2,,,,,,,,,,,
74301104,743011,74301,00743,0116,2022,nacional,0,2,mujer,0-2,4225,0,1.0,"No tiene necesidad, está pequeño",,,0,1,1.0,1.0,0.0,,0,0.0,,1.0,Madre,2.0,23.0,4,1,2,0.0,0.0,2,1.0,,,1,1.0,02,1.0,1.0,2.0,,2.0,,74301102,2.0,0.0
74307108,743071,74307,00743,0116,2022,nacional,5,2,mujer,3-5,4225,1,,,5.0,0.0,0,1,1.0,0.0,,,0,0.0,,3.0,Abuela,2.0,55.0,9,2,4,,0.0,1,,5.0,0.0,1,1.0,01,3.0,2.0,,,2.0,,74307101,2.0,0.0
74307109,743071,74307,00743,0116,2022,nacional,3,1,hombre,3-5,4225,1,,,5.0,0.0,0,1,1.0,0.0,,,0,0.0,,3.0,Abuela,2.0,55.0,9,2,4,,0.0,1,,5.0,0.0,1,1.0,01,3.0,2.0,,,2.0,,74307101,2.0,0.0
74317105,743171,74317,00743,0116,2022,nacional,0,2,mujer,0-2,4225,0,1.0,"No tiene necesidad, está pequeño",,,0,1,1.0,0.0,,,0,0.0,,3.0,Abuela,2.0,47.0,5,1,3,0.0,0.0,2,1.0,,,1,1.0,02,3.0,2.0,,,2.0,,74317102,1.0,1.0
74403105,744031,74403,00744,0123,2022,nacional,3,1,hombre,3-5,2776,1,,,3.0,120.0,0,1,1.0,0.0,,,0,0.0,,1.0,Madre,2.0,22.0,5,1,4,,0.0,1,,3.0,120.0,1,1.0,02,1.0,2.0,,,2.0,,74403102,2.0,0.0
74405103,744051,74405,00744,0123,2022,nacional,4,2,mujer,3-5,2776,0,6.0,Otra razón,,,0,1,1.0,1.0,0.0,,0,0.0,,1.0,Madre,2.0,20.0,3,1,2,0.0,0.0,2,6.0,,,1,1.0,01,1.0,1.0,2.0,,2.0,,74405101,2.0,0.0
74405204,744052,74405,00744,0123,2022,nacional,4,1,hombre,3-5,2776,1,,,3.0,0.0,0,1,1.0,0.0,,,0,0.0,,3.0,Abuela,2.0,37.0,4,1,3,,0.0,1,,3.0,0.0,1,1.0,02,3.0,2.0,,,2.0,,74405202,2.0,0.0
74503105,745031,74503,00745,0124,2022,nacional,3,2,mujer,3-5,2879,0,6.0,Otra razón,,,0,1,1.0,1.0,0.0,,0,0.0,,1.0,Madre,2.0,29.0,6,2,2,0.0,0.0,2,6.0,,,1,1.0,02,1.0,1.0,2.0,,2.0,,74503102,1.0,1.0
74503106,745031,74503,00745,0124,2022,nacional,0,1,hombre,0-2,2879,0,1.0,"No tiene necesidad, está pequeño",,,0,1,1.0,1.0,0.0,,0,0.0,,1.0,Madre,2.0,29.0,6,2,2,0.0,0.0,2,1.0,,,1,1.0,02,1.0,1.0,2.0,,2.0,,74503102,1.0,1.0
74801104,748011,74801,00748,0123,2022,nacional,3,2,mujer,3-5,2911,1,,,3.0,,0,1,1.0,0.0,,,0,0.0,,3.0,Abuela,2.0,68.0,4,1,3,,0.0,1,,3.0,99999.0,1,1.0,02,3.0,2.0,,,2.0,,74801102,2.0,0.0
74903103,749031,74903,00749,0123,2022,nacional,5,1,hombre,3-5,3100,1,,,3.0,0.0,0,1,1.0,0.0,,,0,0.0,,1.0,Madre,2.0,36.0,3,1,2,,0.0,1,,3.0,0.0,1,1.0,02,1.0,2.0,,,2.0,,74903102,1.0,1.0
74904204,749042,74904,00749,0123,2022,nacional,1,2,mujer,0-2,3100,0,1.0,"No tiene necesidad, está pequeño",,,0,1,1.0,0.0,,,0,0.0,,1.0,Madre,2.0,26.0,4,1,2,0.0,0.0,2,1.0,,,1,1.0,02,1.0,2.0,,,2.0,,74904202,2.0,0.0
75001103,750011,75001,00750,0124,2022,nacional,5,2,mujer,3-5,2498,1,,,6.0,1500.0,0,1,1.0,1.0,0.0,,0,0.0,,1.0,Madre,2.0,37.0,4,2,2,,0.0,1,,6.0,1500.0,1,1.0,02,1.0,1.0,2.0,,2.0,,75001102,1.0,1.0
75001104,750011,75001,00750,0124,2022,nacional,0,1,hombre,0-2,2498,0,1.0,"No tiene necesidad, está pequeño",,,0,1,1.0,1.0,0.0,,0,1.0,0.0,1.0,Madre,2.0,37.0,4,2,2,0.0,0.0,2,1.0,,,1,1.0,02,1.0,1.0,2.0,,1.0,2.0,75001102,1.0,1.0
75004104,750041,75004,00750,0124,2022,nacional,0,2,mujer,0-2,2498,0,1.0,"No tiene necesidad, está pequeño",,,0,1,1.0,0.0,,,0,0.0,,1.0,Madre,2.0,33.0,4,1,2,0.0,0.0,2,1.0,,,1,1.0,02,1.0,2.0,,,2.0,,75004102,1.0,1.0
75102104,751021,75102,00751,0120,2022,nacional,1,1,hombre,0-2,3370,0,1.0,"No tiene necesidad, está pequeño",,,0,1,1.0,0.0,,,0,0.0,,1.0,Madre,2.0,28.0,4,1,2,0.0,0.0,2,1.0,,,1,1.0,02,1.0,2.0,,,2.0,,75102102,2.0,0.0
75103103,751031,75103,00751,0120,2022,nacional,3,1,hombre,3-5,3370,1,,,3.0,0.0,0,1,1.0,0.0,,,0,0.0,,1.0,Madre,2.0,36.0,5,3,2,,0.0,1,,3.0,0.0,1,1.0,02,1.0,2.0,,,2.0,,75103102,2.0,0.0
75103104,751031,75103,00751,0120,2022,nacional,2,1,hombre,0-2,3370,0,1.0,"No tiene necesidad, está pequeño",,,0,1,1.0,0.0,,,0,0.0,,1.0,Madre,2.0,36.0,5,3,2,0.0,0.0,2,1.0,,,1,1.0,02,1.0,2.0,,,2.0,,75103102,2.0,0.0
75103105,751031,75103,00751,0120,2022,nacional,0,2,mujer,0-2,3370,0,1.0,"No tiene necesidad, está pequeño",,,0,1,1.0,0.0,,,0,0.0,,1.0,Madre,2.0,36.0,5,3,2,0.0,0.0,2,1.0,,,1,1.0,02,1.0,2.0,,,2.0,,75103102,2.0,0.0
75108105,751081,75108,00751,0120,2022,nacional,3,2,mujer,3-5,3370,1,,,3.0,0.0,0,1,1.0,0.0,,,0,0.0,,1.0,Madre,2.0,24.0,6,2,2,,0.0,1,,3.0,0.0,1,1.0,02,1.0,2.0,,,2.0,,75108102,2.0,0.0
75108106,751081,75108,00751,0120,2022,nacional,4,2,mujer,3-5,3370,1,,,3.0,0.0,0,1,1.0,0.0,,,0,0.0,,1.0,Madre,2.0,24.0,6,2,2,,0.0,1,,3.0,0.0,1,1.0,02,1.0,2.0,,,2.0,,75108102,2.0,0.0
75117103,751171,75117,00751,0120,2022,nacional,5,2,mujer,3-5,3370,1,,,4.0,0.0,0,1,1.0,1.0,,,0,0.0,,1.0,Madre,2.0,30.0,4,2,2,,0.0,1,,4.0,0.0,1,1.0,01,1.0,1.0,,,2.0,,75117101,1.0,1.0
75117104,751171,75117,00751,0120,2022,nacional,3,1,hombre,3-5,3370,1,,,4.0,0.0,0,1,1.0,1.0,,,0,0.0,,1.0,Madre,2.0,30.0,4,2,2,,0.0,1,,4.0,0.0,1,1.0,01,1.0,1.0,,,2.0,,75117101,1.0,1.0
75119105,751191,75119,00751,0120,2022,nacional,3,1,hombre,3-5,3370,1,,,3.0,0.0,0,1,1.0,0.0,,,0,0.0,,1.0,Madre,2.0,27.0,6,2,4,,0.0,1,,3.0,0.0,1,1.0,04,1.0,2.0,,,2.0,,75119104,1.0,1.0
75119106,751191,75119,00751,0120,2022,nacional,1,2,mujer,0-2,3370,0,1.0,"No tiene necesidad, está pequeño",,,0,1,1.0,0.0,,,0,0.0,,3.0,Abuela,2.0,56.0,6,2,4,0.0,0.0,2,1.0,,,1,1.0,02,3.0,2.0,,,2.0,,75119102,2.0,0.0
75203103,752031,75203,00752,0120,2022,nacional,2,2,mujer,0-2,2949,0,5.0,Enfermedad o discapacidad,,,0,1,1.0,0.0,,,0,0.0,,1.0,Madre,2.0,23.0,4,2,2,0.0,0.0,2,5.0,,,1,1.0,02,1.0,2.0,,,2.0,,75203102,2.0,0.0
75203104,752031,75203,00752,0120,2022,nacional,0,1,hombre,0-2,2949,0,1.0,"No tiene necesidad, está pequeño",,,0,1,1.0,0.0,,,0,0.0,,1.0,Madre,2.0,23.0,4,2,2,0.0,0.0,2,1.0,,,1,1.0,02,1.0,2.0,,,2.0,,75203102,2.0,0.0
75203204,752032,75203,00752,0120,2022,nacional,5,2,mujer,3-5,2949,1,,,3.0,0.0,0,1,1.0,0.0,,,0,0.0,,1.0,Madre,2.0,29.0,5,1,3,,0.0,1,,3.0,0.0,1,1.0,03,1.0,2.0,,,2.0,,75203203,2.0,0.0
75204104,752041,75204,00752,0120,2022,nacional,5,1,hombre,3-5,2949,1,,,4.0,0.0,0,1,1.0,0.0,,,0,0.0,,1.0,Madre,2.0,44.0,4,1,2,,0.0,1,,4.0,0.0,1,1.0,02,1.0,2.0,,,2.0,,75204102,1.0,1.0
75209105,752091,75209,00752,0120,2022,nacional,2,1,hombre,0-2,2949,0,1.0,"No tiene necesidad, está pequeño",,,0,1,1.0,0.0,,,0,0.0,,1.0,Madre,2.0,34.0,5,1,2,0.0,0.0,2,1.0,,,1,1.0,02,1.0,2.0,,,2.0,,75209102,1.0,1.0
75215107,752151,75215,00752,0120,2022,nacional,4,2,mujer,3-5,2949,1,,,4.0,1700.0,0,1,1.0,0.0,,,0,0.0,,1.0,Madre,2.0,31.0,8,2,6,,0.0,1,,4.0,1700.0,1,1.0,06,1.0,2.0,,,2.0,,75215106,1.0,1.0
75215108,752151,75215,00752,0120,2022,nacional,0,2,mujer,0-2,2949,0,2.0,No puede pagar los gastos escolares,,,0,1,1.0,0.0,,,0,0.0,,1.0,Madre,2.0,31.0,8,2,6,1.0,0.0,2,2.0,,,1,1.0,06,1.0,2.0,,,2.0,,75215106,1.0,1.0
75217105,752171,75217,00752,0120,2022,nacional,3,1,hombre,3-5,2949,1,,,3.0,30.0,0,1,1.0,0.0,,,0,0.0,,1.0,Madre,2.0,40.0,5,1,3,,0.0,1,,3.0,30.0,1,1.0,02,1.0,2.0,,,2.0,,75217102,2.0,0.0
75220105,752201,75220,00752,0120,2022,nacional,4,2,mujer,3-5,2949,1,,,3.0,15.0,0,1,1.0,0.0,,,0,0.0,,1.0,Madre,2.0,21.0,6,2,4,,0.0,1,,3.0,15.0,1,1.0,04,1.0,2.0,,,2.0,,75220104,1.0,1.0
75220106,752201,75220,00752,0120,2022,nacional,2,1,hombre,0-2,2949,0,1.0,"No tiene necesidad, está pequeño",,,0,1,1.0,0.0,,,0,0.0,,1.0,Madre,2.0,21.0,6,2,4,0.0,0.0,2,1.0,,,1,1.0,04,1.0,2.0,,,2.0,,75220104,1.0,1.0
75301107,753011,75301,00753,0120,2022,nacional,0,1,hombre,0-2,2711,0,1.0,"No tiene necesidad, está pequeño",,,0,1,1.0,0.0,,,0,0.0,,3.0,Abuela,2.0,39.0,7,1,5,0.0,0.0,2,1.0,,,1,1.0,02,3.0,2.0,,,2.0,,75301102,1.0,1.0
75312104,753121,75312,00753,0120,2022,nacional,5,1,hombre,3-5,2711,1,,,3.0,0.0,0,1,1.0,1.0,1.0,600.0,0,1.0,1.0,2.0,Padre,1.0,38.0,4,1,2,,1.0,1,,3.0,0.0,1,1.0,01,2.0,1.0,1.0,600.0,1.0,1.0,75312101,1.0,1.0
75314104,753141,75314,00753,0120,2022,nacional,1,2,mujer,0-2,2711,0,1.0,"No tiene necesidad, está pequeño",,,0,1,1.0,0.0,,,0,0.0,,1.0,Madre,2.0,38.0,4,1,3,0.0,0.0,2,1.0,,,1,1.0,02,1.0,2.0,,,2.0,,75314102,1.0,1.0
75401103,754011,75401,00754,0120,2022,nacional,1,1,hombre,0-2,3202,0,1.0,"No tiene necesidad, está pequeño",,,0,1,1.0,0.0,,,0,0.0,,1.0,Madre,2.0,25.0,3,1,2,0.0,0.0,2,1.0,,,1,1.0,02,1.0,2.0,,,2.0,,75401102,2.0,0.0
75404103,754041,75404,00754,0120,2022,nacional,5,2,mujer,3-5,3202,1,,,5.0,0.0,0,1,1.0,1.0,0.0,,0,0.0,,1.0,Madre,2.0,39.0,3,1,1,,0.0,1,,5.0,0.0,1,1.0,01,1.0,1.0,2.0,,2.0,,75404101,1.0,1.0
75412104,754121,75412,00754,0120,2022,nacional,3,1,hombre,3-5,3202,1,,,3.0,0.0,0,1,1.0,1.0,0.0,,0,0.0,,1.0,Madre,2.0,20.0,5,2,3,,0.0,1,,3.0,0.0,1,1.0,03,1.0,1.0,2.0,,2.0,,75412103,1.0,1.0
75412105,754121,75412,00754,0120,2022,nacional,0,2,mujer,0-2,3202,0,1.0,"No tiene necesidad, está pequeño",,,0,1,1.0,0.0,,,0,0.0,,1.0,Madre,2.0,20.0,5,2,3,0.0,0.0,2,1.0,,,1,1.0,03,1.0,2.0,,,2.0,,75412103,1.0,1.0
75414104,754141,75414,00754,0120,2022,nacional,5,2,mujer,3-5,3202,1,,,3.0,0.0,0,1,1.0,1.0,0.0,,0,1.0,1.0,1.0,Madre,2.0,31.0,5,2,2,,1.0,1,,3.0,0.0,1,1.0,02,1.0,1.0,2.0,,1.0,1.0,75414102,1.0,1.0
75414105,754141,75414,00754,0120,2022,nacional,4,1,hombre,3-5,3202,1,,,3.0,0.0,0,1,1.0,1.0,0.0,,0,1.0,1.0,1.0,Madre,2.0,31.0,5,2,2,,1.0,1,,3.0,0.0,1,1.0,02,1.0,1.0,2.0,,1.0,1.0,75414102,1.0,1.0
75504107,755041,75504,00755,0120,2022,nacional,4,1,hombre,3-5,2811,1,,,4.0,0.0,0,1,1.0,0.0,,,0,0.0,,1.0,Madre,2.0,33.0,7,1,4,,0.0,1,,4.0,0.0,1,1.0,03,1.0,2.0,,,2.0,,75504103,1.0,1.0
75515104,755151,75515,00755,0120,2022,nacional,3,1,hombre,3-5,2811,1,,,3.0,0.0,0,1,1.0,0.0,,,0,0.0,,5.0,Tía,2.0,64.0,4,1,3,,0.0,1,,3.0,0.0,1,1.0,02,5.0,2.0,,,2.0,,75515102,2.0,0.0
75518103,755181,75518,00755,0120,2022,nacional,3,1,hombre,3-5,2811,1,,,3.0,,0,1,1.0,0.0,,,0,0.0,,3.0,Abuela,2.0,56.0,3,1,2,,0.0,1,,3.0,99999.0,1,1.0,01,3.0,2.0,,,2.0,,75518101,2.0,0.0
75519103,755191,75519,00755,0120,2022,nacional,2,2,mujer,0-2,2811,1,,,3.0,0.0,0,1,1.0,1.0,0.0,,0,1.0,0.0,1.0,Madre,2.0,39.0,3,1,1,,0.0,1,,3.0,0.0,1,1.0,01,1.0,1.0,2.0,,1.0,2.0,75519101,1.0,1.0
75520103,755201,75520,00755,0120,2022,nacional,3,1,hombre,3-5,2811,0,6.0,Otra razón,,,0,1,1.0,1.0,1.0,800.0,0,0.0,,1.0,Madre,2.0,38.0,4,2,2,0.0,0.0,2,6.0,,,1,1.0,02,1.0,1.0,1.0,800.0,2.0,,75520102,2.0,0.0
75520104,755201,75520,00755,0120,2022,nacional,0,1,hombre,0-2,2811,0,1.0,"No tiene necesidad, está pequeño",,,0,1,1.0,0.0,,,0,1.0,0.0,1.0,Madre,2.0,38.0,4,2,2,0.0,0.0,2,1.0,,,1,1.0,02,1.0,2.0,,,1.0,2.0,75520102,2.0,0.0
75603104,756031,75603,00756,0123,2022,nacional,5,2,mujer,3-5,3135,1,,,4.0,0.0,0,1,1.0,0.0,,,0,0.0,,1.0,Madre,2.0,25.0,4,1,2,,0.0,1,,4.0,0.0,1,1.0,02,1.0,2.0,,,2.0,,75603102,1.0,1.0
75604103,756041,75604,00756,0123,2022,nacional,0,1,hombre,0-2,3135,0,1.0,"No tiene necesidad, está pequeño",,,0,1,1.0,0.0,,,0,0.0,,1.0,Madre,2.0,17.0,3,1,1,0.0,0.0,2,1.0,,,1,1.0,02,1.0,2.0,,,2.0,,75604102,2.0,0.0
75605104,756051,75605,00756,0123,2022,nacional,4,2,mujer,3-5,3135,1,,,3.0,0.0,0,1,1.0,0.0,,,0,0.0,,1.0,Madre,2.0,30.0,4,1,2,,0.0,1,,3.0,0.0,1,1.0,02,1.0,2.0,,,2.0,,75605102,1.0,1.0
75706108,757061,75706,00757,0122,2022,nacional,4,1,hombre,3-5,3195,0,1.0,"No tiene necesidad, está pequeño",,,0,1,1.0,0.0,,,0,0.0,,1.0,Madre,2.0,36.0,8,1,4,0.0,0.0,2,1.0,,,1,1.0,06,1.0,2.0,,,2.0,,75706106,2.0,0.0
75707104,757071,75707,00757,0122,2022,nacional,1,1,hombre,0-2,3195,0,1.0,"No tiene necesidad, está pequeño",,,0,1,1.0,1.0,0.0,,0,0.0,,1.0,Madre,2.0,32.0,5,2,2,0.0,0.0,2,1.0,,,1,1.0,02,1.0,1.0,2.0,,2.0,,75707102,2.0,0.0
75707105,757071,75707,00757,0122,2022,nacional,0,1,hombre,0-2,3195,0,1.0,"No tiene necesidad, está pequeño",,,0,1,1.0,1.0,0.0,,0,0.0,,1.0,Madre,2.0,32.0,5,2,2,0.0,0.0,2,1.0,,,1,1.0,02,1.0,1.0,2.0,,2.0,,75707102,2.0,0.0
75712103,757121,75712,00757,0122,2022,nacional,3,2,mujer,3-5,3195,1,,,4.0,1200.0,0,1,1.0,1.0,0.0,,0,0.0,,1.0,Madre,2.0,23.0,3,1,2,,0.0,1,,4.0,1200.0,1,1.0,02,1.0,1.0,2.0,,2.0,,75712102,2.0,0.0
75716103,757161,75716,00757,0122,2022,nacional,2,2,mujer,0-2,3195,0,1.0,"No tiene necesidad, está pequeño",,,0,1,1.0,0.0,,,0,0.0,,1.0,Madre,2.0,30.0,4,1,2,0.0,0.0,2,1.0,,,1,1.0,02,1.0,2.0,,,2.0,,75716102,2.0,0.0
75717103,757171,75717,00757,0122,2022,nacional,3,1,hombre,3-5,3195,1,,,3.0,0.0,0,1,1.0,0.0,,,0,1.0,1.0,1.0,Madre,2.0,24.0,4,2,2,,1.0,1,,3.0,0.0,1,1.0,01,1.0,2.0,,,1.0,1.0,75717101,2.0,0.0
75717104,757171,75717,00757,0122,2022,nacional,1,1,hombre,0-2,3195,0,1.0,"No tiene necesidad, está pequeño",,,0,1,1.0,0.0,,,0,0.0,,1.0,Madre,2.0,24.0,4,2,2,0.0,0.0,2,1.0,,,1,1.0,01,1.0,2.0,,,2.0,,75717101,2.0,0.0
75718103,757181,75718,00757,0122,2022,nacional,1,1,hombre,0-2,3195,0,1.0,"No tiene necesidad, está pequeño",,,0,1,1.0,1.0,0.0,,0,0.0,,1.0,Madre,2.0,21.0,4,2,2,0.0,0.0,2,1.0,,,1,1.0,02,1.0,1.0,2.0,,2.0,,75718102,2.0,0.0
75718104,757181,75718,00757,0122,2022,nacional,0,2,mujer,0-2,3195,0,1.0,"No tiene necesidad, está pequeño",,,0,1,1.0,1.0,0.0,,0,0.0,,1.0,Madre,2.0,21.0,4,2,2,0.0,0.0,2,1.0,,,1,1.0,02,1.0,1.0,2.0,,2.0,,75718102,2.0,0.0
75719103,757191,75719,00757,0122,2022,nacional,4,2,mujer,3-5,3195,1,,,3.0,0.0,0,1,1.0,1.0,0.0,,0,0.0,,1.0,Madre,2.0,23.0,3,1,2,,0.0,1,,3.0,0.0,1,1.0,01,1.0,1.0,2.0,,2.0,,75719101,2.0,0.0
75806104,758061,75806,00758,0121,2022,nacional,5,1,hombre,3-5,4719,1,,,3.0,0.0,0,1,1.0,0.0,,,0,0.0,,1.0,Madre,2.0,27.0,5,2,2,,0.0,1,,3.0,0.0,1,1.0,02,1.0,2.0,,,2.0,,75806102,1.0,1.0
75806105,758061,75806,00758,0121,2022,nacional,3,2,mujer,3-5,4719,1,,,3.0,0.0,0,1,1.0,0.0,,,0,0.0,,1.0,Madre,2.0,27.0,5,2,2,,0.0,1,,3.0,0.0,1,1.0,02,1.0,2.0,,,2.0,,75806102,1.0,1.0
75808103,758081,75808,00758,0121,2022,nacional,4,2,mujer,3-5,4719,1,,,3.0,0.0,0,1,1.0,0.0,,,0,0.0,,1.0,Madre,2.0,21.0,3,1,2,,0.0,1,,3.0,0.0,1,1.0,02,1.0,2.0,,,2.0,,75808102,1.0,1.0
75812103,758121,75812,00758,0121,2022,nacional,1,2,mujer,0-2,4719,0,1.0,"No tiene necesidad, está pequeño",,,0,1,1.0,1.0,0.0,,0,0.0,,1.0,Madre,2.0,31.0,3,1,2,0.0,0.0,2,1.0,,,1,1.0,02,1.0,1.0,2.0,,2.0,,75812102,2.0,0.0
75813103,758131,75813,00758,0121,2022,nacional,5,2,mujer,3-5,4719,1,,,3.0,0.0,0,1,1.0,0.0,,,0,0.0,,1.0,Madre,2.0,23.0,4,2,2,,0.0,1,,3.0,0.0,1,1.0,02,1.0,2.0,,,2.0,,75813102,2.0,0.0
75813104,758131,75813,00758,0121,2022,nacional,5,2,mujer,3-5,4719,1,,,3.0,0.0,0,1,1.0,0.0,,,0,0.0,,1.0,Madre,2.0,23.0,4,2,2,,0.0,1,,3.0,0.0,1,1.0,02,1.0,2.0,,,2.0,,75813102,2.0,0.0
75816106,758161,75816,00758,0121,2022,nacional,3,2,mujer,3-5,4719,0,1.0,"No tiene necesidad, está pequeño",,,0,1,1.0,0.0,,,0,0.0,,1.0,Madre,2.0,29.0,7,2,2,0.0,0.0,2,1.0,,,1,1.0,02,1.0,2.0,,,2.0,,75816102,2.0,0.0
75816107,758161,75816,00758,0121,2022,nacional,0,1,hombre,0-2,4719,0,1.0,"No tiene necesidad, está pequeño",,,0,1,0.0,0.0,,,0,0.0,,1.0,Madre,2.0,29.0,7,2,2,0.0,0.0,2,1.0,,,1,2.0,02,1.0,2.0,,,2.0,,75816102,2.0,0.0
75901105,759011,75901,00759,0122,2022,nacional,5,2,mujer,3-5,2481,1,,,3.0,0.0,0,1,1.0,0.0,,,0,0.0,,1.0,Madre,2.0,34.0,5,1,2,,0.0,1,,3.0,0.0,1,1.0,02,1.0,2.0,,,2.0,,75901102,1.0,1.0
75909103,759091,75909,00759,0122,2022,nacional,3,2,mujer,3-5,2481,1,,,3.0,0.0,0,1,1.0,1.0,0.0,,0,0.0,,1.0,Madre,2.0,40.0,4,2,2,,0.0,1,,3.0,0.0,1,1.0,02,1.0,1.0,2.0,,2.0,,75909102,2.0,0.0
75909104,759091,75909,00759,0122,2022,nacional,3,2,mujer,3-5,2481,1,,,3.0,0.0,0,1,1.0,1.0,0.0,,0,0.0,,1.0,Madre,2.0,40.0,4,2,2,,0.0,1,,3.0,0.0,1,1.0,02,1.0,1.0,2.0,,2.0,,75909102,2.0,0.0
75915103,759151,75915,00759,0122,2022,nacional,5,2,mujer,3-5,2481,1,,,3.0,0.0,0,1,1.0,0.0,,,0,0.0,,1.0,Madre,2.0,27.0,3,1,2,,0.0,1,,3.0,0.0,1,1.0,02,1.0,2.0,,,2.0,,75915102,2.0,0.0
75916106,759161,75916,00759,0122,2022,nacional,5,1,hombre,3-5,2481,1,,,3.0,0.0,0,1,1.0,0.0,,,0,0.0,,1.0,Madre,2.0,30.0,6,1,2,,0.0,1,,3.0,0.0,1,1.0,02,1.0,2.0,,,2.0,,75916102,2.0,0.0
75917104,759171,75917,00759,0122,2022,nacional,4,1,hombre,3-5,2481,1,,,3.0,0.0,0,1,1.0,0.0,,,0,0.0,,1.0,Madre,2.0,29.0,4,1,2,,0.0,1,,3.0,0.0,1,1.0,02,1.0,2.0,,,2.0,,75917102,2.0,0.0
75918104,759181,75918,00759,0122,2022,nacional,2,2,mujer,0-2,2481,0,1.0,"No tiene necesidad, está pequeño",,,0,1,1.0,0.0,,,0,0.0,,1.0,Madre,2.0,30.0,4,1,1,0.0,0.0,2,1.0,,,1,1.0,01,1.0,2.0,,,2.0,,75918101,2.0,0.0
76002105,760021,76002,00760,0121,2022,nacional,4,1,hombre,3-5,3775,1,,,3.0,0.0,0,1,1.0,0.0,,,0,0.0,,3.0,Abuela,2.0,58.0,6,2,4,,0.0,1,,3.0,0.0,1,1.0,02,3.0,2.0,,,2.0,,76002102,2.0,0.0
76002106,760021,76002,00760,0121,2022,nacional,2,2,mujer,0-2,3775,0,1.0,"No tiene necesidad, está pequeño",,,0,1,1.0,0.0,,,0,0.0,,3.0,Abuela,2.0,58.0,6,2,4,0.0,0.0,2,1.0,,,1,1.0,02,3.0,2.0,,,2.0,,76002102,2.0,0.0
76003108,760031,76003,00760,0121,2022,nacional,2,2,mujer,0-2,3775,0,1.0,"No tiene necesidad, está pequeño",,,0,1,1.0,0.0,,,0,0.0,,1.0,Madre,2.0,24.0,8,1,5,0.0,0.0,2,1.0,,,1,1.0,07,1.0,2.0,,,2.0,,76003107,1.0,1.0
76005106,760051,76005,00760,0121,2022,nacional,2,2,mujer,0-2,3775,0,1.0,"No tiene necesidad, está pequeño",,,0,1,1.0,0.0,,,0,0.0,,1.0,Madre,2.0,24.0,6,1,4,0.0,0.0,2,1.0,,,1,1.0,05,1.0,2.0,,,2.0,,76005105,2.0,0.0
76008105,760081,76008,00760,0121,2022,nacional,3,2,mujer,3-5,3775,1,,,3.0,0.0,0,1,1.0,0.0,,,0,0.0,,1.0,Madre,2.0,36.0,6,2,2,,0.0,1,,3.0,0.0,1,1.0,02,1.0,2.0,,,2.0,,76008102,2.0,0.0
76008106,760081,76008,00760,0121,2022,nacional,1,1,hombre,0-2,3775,0,1.0,"No tiene necesidad, está pequeño",,,0,1,1.0,0.0,,,0,0.0,,1.0,Madre,2.0,36.0,6,2,2,0.0,0.0,2,1.0,,,1,1.0,02,1.0,2.0,,,2.0,,76008102,2.0,0.0
76011104,760111,76011,00760,0121,2022,nacional,5,1,hombre,3-5,3775,1,,,3.0,0.0,0,1,1.0,0.0,,,0,0.0,,1.0,Madre,2.0,28.0,5,2,2,,0.0,1,,3.0,0.0,1,1.0,02,1.0,2.0,,,2.0,,76011102,2.0,0.0
76011105,760111,76011,00760,0121,2022,nacional,3,1,hombre,3-5,3775,1,,,3.0,0.0,0,1,1.0,0.0,,,0,0.0,,1.0,Madre,2.0,28.0,5,2,2,,0.0,1,,3.0,0.0,1,1.0,02,1.0,2.0,,,2.0,,76011102,2.0,0.0
76013105,760131,76013,00760,0121,2022,nacional,0,1,hombre,0-2,3775,0,1.0,"No tiene necesidad, está pequeño",,,0,0,,,,,0,,,,,,,5,1,2,0.0,,2,1.0,,,2,,,,,,,,,,,
76015105,760151,76015,00760,0121,2022,nacional,1,1,hombre,0-2,3775,1,,,2.0,0.0,0,1,1.0,0.0,,,0,0.0,,1.0,Madre,2.0,34.0,5,1,2,,0.0,1,,2.0,0.0,1,1.0,02,1.0,2.0,,,2.0,,76015102,2.0,0.0
76016103,760161,76016,00760,0121,2022,nacional,4,2,mujer,3-5,3775,1,,,4.0,0.0,0,1,1.0,0.0,,,0,0.0,,1.0,Madre,2.0,24.0,4,2,1,,0.0,1,,4.0,0.0,1,1.0,01,1.0,2.0,,,2.0,,76016101,1.0,1.0
76016104,760161,76016,00760,0121,2022,nacional,2,1,hombre,0-2,3775,1,,,3.0,0.0,0,1,1.0,1.0,0.0,,0,0.0,,1.0,Madre,2.0,24.0,4,2,1,,0.0,1,,3.0,0.0,1,1.0,01,1.0,1.0,2.0,,2.0,,76016101,1.0,1.0
76101103,761011,76101,00761,0126,2022,nacional,2,2,mujer,0-2,4785,1,,,6.0,0.0,0,1,1.0,0.0,,,0,0.0,,1.0,Madre,2.0,35.0,3,1,2,,0.0,1,,6.0,0.0,1,1.0,01,1.0,2.0,,,2.0,,76101101,1.0,1.0
76105103,761051,76105,00761,0126,2022,nacional,4,1,hombre,3-5,4785,1,,,3.0,35.0,0,1,1.0,0.0,,,0,0.0,,1.0,Madre,2.0,31.0,4,2,2,,0.0,1,,3.0,35.0,1,1.0,02,1.0,2.0,,,2.0,,76105102,2.0,0.0
76105104,761051,76105,00761,0126,2022,nacional,2,2,mujer,0-2,4785,0,1.0,"No tiene necesidad, está pequeño",,,0,1,1.0,0.0,,,0,0.0,,1.0,Madre,2.0,31.0,4,2,2,0.0,0.0,2,1.0,,,1,1.0,02,1.0,2.0,,,2.0,,76105102,2.0,0.0
76204104,762041,76204,00762,0127,2022,nacional,3,1,hombre,3-5,4582,1,,,3.0,0.0,0,1,1.0,0.0,,,0,0.0,,3.0,Abuela,2.0,62.0,4,1,3,,0.0,1,,3.0,0.0,1,1.0,02,3.0,2.0,,,2.0,,76204102,2.0,0.0
76305104,763051,76305,00763,0126,2022,nacional,5,1,hombre,3-5,3868,1,,,4.0,0.0,0,1,1.0,0.0,,,0,0.0,,1.0,Madre,2.0,29.0,5,2,3,,0.0,1,,4.0,0.0,1,1.0,03,1.0,2.0,,,2.0,,76305103,2.0,0.0
76305105,763051,76305,00763,0126,2022,nacional,3,1,hombre,3-5,3868,0,1.0,"No tiene necesidad, está pequeño",,,0,1,1.0,0.0,,,0,0.0,,1.0,Madre,2.0,29.0,5,2,3,0.0,0.0,2,1.0,,,1,1.0,03,1.0,2.0,,,2.0,,76305103,2.0,0.0
76401104,764011,76401,00764,0126,2022,nacional,2,1,hombre,0-2,5102,1,,,8.0,0.0,0,1,1.0,1.0,0.0,,0,0.0,,2.0,Padre,1.0,36.0,4,1,2,,0.0,1,,8.0,0.0,1,1.0,01,2.0,1.0,2.0,,2.0,,76401101,1.0,1.0
76505104,765051,76505,00765,0128,2022,nacional,0,1,hombre,0-2,6261,0,1.0,"No tiene necesidad, está pequeño",,,0,1,1.0,1.0,0.0,,0,1.0,0.0,1.0,Madre,2.0,33.0,4,1,2,0.0,0.0,2,1.0,,,1,1.0,02,1.0,1.0,2.0,,1.0,2.0,76505102,1.0,1.0
76604106,766041,76604,00766,0126,2022,nacional,5,1,hombre,3-5,5959,1,,,3.0,,0,1,1.0,1.0,0.0,,0,0.0,,3.0,Abuela,2.0,54.0,6,1,2,,0.0,1,,3.0,99999.0,1,1.0,02,3.0,1.0,2.0,,2.0,,76604102,2.0,0.0
76705104,767051,76705,00767,0126,2022,nacional,3,1,hombre,3-5,3098,0,1.0,"No tiene necesidad, está pequeño",,,0,1,1.0,1.0,,,0,0.0,,1.0,Madre,2.0,24.0,5,2,2,0.0,0.0,2,1.0,,,1,1.0,02,1.0,1.0,,,2.0,,76705102,1.0,1.0
76705105,767051,76705,00767,0126,2022,nacional,1,1,hombre,0-2,3098,0,1.0,"No tiene necesidad, está pequeño",,,0,1,1.0,1.0,,,0,0.0,,1.0,Madre,2.0,24.0,5,2,2,0.0,0.0,2,1.0,,,1,1.0,02,1.0,1.0,,,2.0,,76705102,1.0,1.0
76803103,768031,76803,00768,0126,2022,nacional,5,2,mujer,3-5,4978,1,,,3.0,50.0,0,1,1.0,0.0,,,0,1.0,1.0,7.0,Otro,2.0,48.0,3,1,2,,1.0,1,,3.0,50.0,1,1.0,02,7.0,2.0,,,1.0,1.0,76803102,1.0,1.0
76805104,768051,76805,00768,0126,2022,nacional,3,2,mujer,3-5,4978,1,,,8.0,0.0,0,1,1.0,1.0,0.0,,0,0.0,,1.0,Madre,2.0,36.0,4,1,2,,0.0,1,,8.0,0.0,1,1.0,02,1.0,1.0,2.0,,2.0,,76805102,1.0,1.0
76903105,769031,76903,00769,0126,2022,nacional,4,2,mujer,3-5,5097,0,1.0,"No tiene necesidad, está pequeño",,,0,1,1.0,0.0,,,0,0.0,,1.0,Madre,2.0,35.0,5,1,3,0.0,0.0,2,1.0,,,1,1.0,02,1.0,2.0,,,2.0,,76903102,2.0,0.0
77001103,770011,77001,00770,0127,2022,nacional,4,1,hombre,3-5,6479,1,,,8.0,2000.0,0,1,1.0,1.0,0.0,,0,0.0,,1.0,Madre,2.0,22.0,3,1,2,,0.0,1,,8.0,2000.0,1,1.0,02,1.0,1.0,2.0,,2.0,,77001102,2.0,0.0
77101104,771011,77101,00771,0127,2022,nacional,0,1,hombre,0-2,5138,1,,,8.0,0.0,0,1,1.0,0.0,,,0,0.0,,1.0,Madre,2.0,30.0,4,1,2,,0.0,1,,8.0,0.0,1,1.0,02,1.0,2.0,,,2.0,,77101102,1.0,1.0
77203106,772031,77203,00772,0128,2022,nacional,3,2,mujer,3-5,7573,0,6.0,Otra razón,,,0,1,1.0,0.0,,,0,0.0,,1.0,Madre,2.0,39.0,6,1,4,0.0,0.0,2,6.0,,,1,1.0,02,1.0,2.0,,,2.0,,77203102,2.0,0.0
77204103,772041,77204,00772,0128,2022,nacional,4,1,hombre,3-5,7573,1,,,3.0,350.0,0,1,1.0,0.0,,,0,0.0,,1.0,Madre,2.0,28.0,3,1,2,,0.0,1,,3.0,350.0,1,1.0,02,1.0,2.0,,,2.0,,77204102,2.0,0.0
77301103,773011,77301,00773,0127,2022,nacional,3,1,hombre,3-5,4447,0,1.0,"No tiene necesidad, está pequeño",,,0,1,1.0,1.0,0.0,,0,0.0,,1.0,Madre,2.0,25.0,3,1,2,0.0,0.0,2,1.0,,,1,1.0,02,1.0,1.0,2.0,,2.0,,77301102,1.0,1.0
77302104,773021,77302,00773,0127,2022,nacional,0,1,hombre,0-2,4447,1,,,5.0,0.0,0,1,1.0,1.0,0.0,,0,0.0,,1.0,Madre,2.0,29.0,4,1,2,,0.0,1,,5.0,0.0,1,1.0,02,1.0,1.0,2.0,,2.0,,77302102,1.0,1.0
77304105,773041,77304,00773,0127,2022,nacional,3,1,hombre,3-5,4447,1,,,5.0,0.0,0,1,1.0,0.0,,,0,0.0,,1.0,Madre,2.0,41.0,5,1,2,,0.0,1,,5.0,0.0,1,1.0,02,1.0,2.0,,,2.0,,77304102,1.0,1.0
77305104,773051,77305,00773,0127,2022,nacional,2,1,hombre,0-2,4447,0,1.0,"No tiene necesidad, está pequeño",,,0,1,1.0,0.0,,,0,0.0,,1.0,Madre,2.0,35.0,4,1,2,0.0,0.0,2,1.0,,,1,1.0,02,1.0,2.0,,,2.0,,77305102,2.0,0.0
77404103,774041,77404,00774,0126,2022,nacional,2,1,hombre,0-2,3704,0,1.0,"No tiene necesidad, está pequeño",,,0,1,1.0,0.0,,,0,0.0,,1.0,Madre,2.0,29.0,4,2,2,0.0,0.0,2,1.0,,,1,1.0,02,1.0,2.0,,,2.0,,77404102,1.0,1.0
77404104,774041,77404,00774,0126,2022,nacional,0,2,mujer,0-2,3704,0,1.0,"No tiene necesidad, está pequeño",,,0,1,1.0,0.0,,,0,0.0,,1.0,Madre,2.0,29.0,4,2,2,0.0,0.0,2,1.0,,,1,1.0,02,1.0,2.0,,,2.0,,77404102,1.0,1.0
77405104,774051,77405,00774,0126,2022,nacional,4,2,mujer,3-5,3704,0,1.0,"No tiene necesidad, está pequeño",,,0,1,1.0,0.0,,,0,0.0,,1.0,Madre,2.0,23.0,7,3,3,0.0,0.0,2,1.0,,,1,1.0,02,1.0,2.0,,,2.0,,77405102,1.0,1.0
77405105,774051,77405,00774,0126,2022,nacional,2,1,hombre,0-2,3704,0,1.0,"No tiene necesidad, está pequeño",,,0,1,1.0,0.0,,,0,0.0,,1.0,Madre,2.0,23.0,7,3,3,0.0,0.0,2,1.0,,,1,1.0,02,1.0,2.0,,,2.0,,77405102,1.0,1.0
77405106,774051,77405,00774,0126,2022,nacional,0,2,mujer,0-2,3704,0,1.0,"No tiene necesidad, está pequeño",,,0,1,1.0,0.0,,,0,0.0,,1.0,Madre,2.0,23.0,7,3,3,0.0,0.0,2,1.0,,,1,1.0,02,1.0,2.0,,,2.0,,77405102,1.0,1.0
77501107,775011,77501,00775,0126,2022,nacional,5,2,mujer,3-5,5488,1,,,3.0,,0,1,1.0,0.0,,,0,0.0,,1.0,Madre,2.0,28.0,7,1,5,,0.0,1,,3.0,99999.0,1,1.0,04,1.0,2.0,,,2.0,,77501104,1.0,1.0
77604103,776041,77604,00776,0128,2022,nacional,1,2,mujer,0-2,5632,1,,,1.0,700.0,0,1,1.0,1.0,,,0,0.0,,1.0,Madre,2.0,37.0,3,1,2,,0.0,1,,1.0,700.0,1,1.0,02,1.0,1.0,,,2.0,,77604102,2.0,0.0
77805103,778051,77805,00778,0127,2022,nacional,2,2,mujer,0-2,4554,0,1.0,"No tiene necesidad, está pequeño",,,0,1,1.0,0.0,,,0,0.0,,1.0,Madre,2.0,30.0,3,1,2,0.0,0.0,2,1.0,,,1,1.0,02,1.0,2.0,,,2.0,,77805102,1.0,1.0
77901103,779011,77901,00779,0127,2022,nacional,5,2,mujer,3-5,4734,1,,,3.0,200.0,0,1,1.0,1.0,1.0,300.0,0,0.0,,1.0,Madre,2.0,28.0,4,2,2,,0.0,1,,3.0,200.0,1,1.0,02,1.0,1.0,1.0,300.0,2.0,,77901102,1.0,1.0
77901104,779011,77901,00779,0127,2022,nacional,1,1,hombre,0-2,4734,0,5.0,Enfermedad o discapacidad,,,0,1,1.0,1.0,1.0,300.0,0,0.0,,2.0,Padre,1.0,31.0,4,2,2,0.0,0.0,2,5.0,,,1,1.0,01,2.0,1.0,1.0,300.0,2.0,,77901101,1.0,1.0
77905104,779051,77905,00779,0127,2022,nacional,0,2,mujer,0-2,4734,0,1.0,"No tiene necesidad, está pequeño",,,0,1,1.0,0.0,,,0,0.0,,1.0,Madre,2.0,27.0,4,1,3,0.0,0.0,2,1.0,,,1,1.0,03,1.0,2.0,,,2.0,,77905103,,
78102105,781021,78102,00781,0126,2022,nacional,2,1,hombre,0-2,5005,0,1.0,"No tiene necesidad, está pequeño",,,0,1,1.0,1.0,0.0,,0,0.0,,1.0,Madre,2.0,37.0,5,1,2,0.0,0.0,2,1.0,,,1,1.0,01,1.0,1.0,2.0,,2.0,,78102101,1.0,1.0
78104104,781041,78104,00781,0126,2022,nacional,5,1,hombre,3-5,5005,1,,,3.0,0.0,0,1,1.0,0.0,,,0,1.0,0.0,1.0,Madre,2.0,35.0,6,3,2,,0.0,1,,3.0,0.0,1,1.0,02,1.0,2.0,,,1.0,2.0,78104102,2.0,0.0
78104105,781041,78104,00781,0126,2022,nacional,3,1,hombre,3-5,5005,0,1.0,"No tiene necesidad, está pequeño",,,0,1,1.0,0.0,,,0,0.0,,1.0,Madre,2.0,35.0,6,3,2,0.0,0.0,2,1.0,,,1,1.0,02,1.0,2.0,,,2.0,,78104102,2.0,0.0
78104106,781041,78104,00781,0126,2022,nacional,3,2,mujer,3-5,5005,0,1.0,"No tiene necesidad, está pequeño",,,0,1,1.0,0.0,,,0,0.0,,1.0,Madre,2.0,35.0,6,3,2,0.0,0.0,2,1.0,,,1,1.0,02,1.0,2.0,,,2.0,,78104102,2.0,0.0
78205105,782051,78205,00782,0126,2022,nacional,2,1,hombre,0-2,4849,0,1.0,"No tiene necesidad, está pequeño",,,0,1,1.0,0.0,,,0,0.0,,1.0,Madre,2.0,36.0,5,1,2,0.0,0.0,2,1.0,,,1,1.0,02,1.0,2.0,,,2.0,,78205102,2.0,0.0
78301105,783011,78301,00783,0128,2022,nacional,0,2,mujer,0-2,5761,0,1.0,"No tiene necesidad, está pequeño",,,0,1,1.0,0.0,,,0,0.0,,1.0,Madre,2.0,18.0,5,1,4,0.0,0.0,2,1.0,,,1,1.0,04,1.0,2.0,,,2.0,,78301104,2.0,0.0
78401104,784011,78401,00784,0126,2022,nacional,5,1,hombre,3-5,4416,1,,,4.0,,0,1,1.0,0.0,,,0,0.0,,1.0,Madre,2.0,41.0,5,1,3,,0.0,1,,4.0,99999.0,1,1.0,02,1.0,2.0,,,2.0,,78401102,2.0,0.0
78404104,784041,78404,00784,0126,2022,nacional,3,1,hombre,3-5,4416,1,,,4.0,1500.0,0,1,1.0,0.0,,,0,0.0,,1.0,Madre,2.0,39.0,4,1,2,,0.0,1,,4.0,1500.0,1,1.0,02,1.0,2.0,,,2.0,,78404102,2.0,0.0
78503104,785031,78503,00785,0127,2022,nacional,5,2,mujer,3-5,4265,1,,,6.0,2000.0,0,1,1.0,0.0,,,0,0.0,,2.0,Padre,1.0,36.0,4,1,3,,0.0,1,,6.0,2000.0,1,1.0,02,2.0,2.0,,,2.0,,78503102,1.0,1.0
78602103,786021,78602,00786,0126,2022,nacional,3,2,mujer,3-5,6267,0,1.0,"No tiene necesidad, está pequeño",,,0,1,0.0,1.0,1.0,400.0,0,0.0,,,,,,3,1,2,0.0,0.0,2,1.0,,,1,2.0,00,,1.0,1.0,400.0,2.0,,,,
78603103,786031,78603,00786,0126,2022,nacional,3,1,hombre,3-5,6267,1,,,5.0,1500.0,0,1,1.0,0.0,,,0,1.0,1.0,1.0,Madre,2.0,30.0,3,1,2,,1.0,1,,5.0,1500.0,1,1.0,02,1.0,2.0,,,1.0,1.0,78603102,1.0,1.0
78801105,788011,78801,00788,0127,2022,nacional,2,1,hombre,0-2,4870,0,3.0,No hay centros o quedan lejos,,,0,1,1.0,1.0,0.0,,0,0.0,,1.0,Madre,2.0,43.0,5,1,3,1.0,0.0,2,3.0,,,1,1.0,02,1.0,1.0,2.0,,2.0,,78801102,1.0,1.0
78802104,788021,78802,00788,0127,2022,nacional,0,1,hombre,0-2,4870,0,1.0,"No tiene necesidad, está pequeño",,,0,1,1.0,0.0,,,0,0.0,,1.0,Madre,2.0,37.0,4,1,3,0.0,0.0,2,1.0,,,1,1.0,02,1.0,2.0,,,2.0,,78802102,1.0,1.0
78803104,788031,78803,00788,0127,2022,nacional,1,1,hombre,0-2,4870,1,,,5.0,0.0,0,1,1.0,1.0,0.0,,0,0.0,,1.0,Madre,2.0,32.0,4,1,1,,0.0,1,,5.0,0.0,1,1.0,01,1.0,1.0,2.0,,2.0,,78803101,1.0,1.0
78901107,789011,78901,00789,0127,2022,nacional,2,2,mujer,0-2,5441,1,,,7.0,0.0,0,1,1.0,0.0,,,0,1.0,0.0,1.0,Madre,2.0,28.0,7,1,5,,0.0,1,,7.0,0.0,1,1.0,05,1.0,2.0,,,1.0,2.0,78901105,1.0,1.0
78902106,789021,78902,00789,0127,2022,nacional,5,2,mujer,3-5,5441,1,,,3.0,0.0,0,1,1.0,0.0,,,0,0.0,,1.0,Madre,2.0,34.0,8,1,4,,0.0,1,,3.0,0.0,1,1.0,04,1.0,2.0,,,2.0,,78902104,1.0,1.0
79001103,790011,79001,00790,0126,2022,nacional,1,2,mujer,0-2,5127,0,1.0,"No tiene necesidad, está pequeño",,,0,1,0.0,1.0,0.0,,0,1.0,1.0,1.0,Madre,2.0,19.0,3,1,2,0.0,1.0,2,1.0,,,1,2.0,02,1.0,1.0,2.0,,1.0,1.0,79001102,2.0,0.0
79004104,790041,79004,00790,0126,2022,nacional,3,2,mujer,3-5,5127,0,1.0,"No tiene necesidad, está pequeño",,,0,1,1.0,0.0,,,0,0.0,,1.0,Madre,2.0,30.0,4,1,2,0.0,0.0,2,1.0,,,1,1.0,02,1.0,2.0,,,2.0,,79004102,1.0,1.0
79005105,790051,79005,00790,0126,2022,nacional,1,1,hombre,0-2,5127,0,1.0,"No tiene necesidad, está pequeño",,,0,1,1.0,0.0,,,0,0.0,,1.0,Madre,2.0,37.0,5,1,2,0.0,0.0,2,1.0,,,1,1.0,02,1.0,2.0,,,2.0,,79005102,1.0,1.0
79102103,791021,79102,00791,0128,2022,nacional,4,2,mujer,3-5,9127,1,,,3.0,450.0,0,1,1.0,0.0,,,0,0.0,,1.0,Madre,2.0,23.0,3,1,2,,0.0,1,,3.0,450.0,1,1.0,02,1.0,2.0,,,2.0,,79102102,2.0,0.0
79301106,793011,79301,00793,0125,2022,nacional,2,2,mujer,0-2,5303,0,3.0,No hay centros o quedan lejos,,,0,1,1.0,0.0,,,0,0.0,,1.0,Madre,2.0,19.0,7,2,5,1.0,0.0,2,3.0,,,1,1.0,05,1.0,2.0,,,2.0,,79301105,2.0,0.0
79301107,793011,79301,00793,0125,2022,nacional,0,1,hombre,0-2,5303,0,3.0,No hay centros o quedan lejos,,,0,1,1.0,0.0,,,0,0.0,,1.0,Madre,2.0,19.0,7,2,5,1.0,0.0,2,3.0,,,1,1.0,05,1.0,2.0,,,2.0,,79301105,2.0,0.0
79308103,793081,79308,00793,0125,2022,nacional,0,2,mujer,0-2,5303,0,1.0,"No tiene necesidad, está pequeño",,,0,1,1.0,0.0,,,0,0.0,,1.0,Madre,2.0,25.0,3,1,2,0.0,0.0,2,1.0,,,1,1.0,02,1.0,2.0,,,2.0,,79308102,1.0,1.0
79310105,793101,79310,00793,0125,2022,nacional,3,1,hombre,3-5,5303,0,1.0,"No tiene necesidad, está pequeño",,,0,1,1.0,0.0,,,0,0.0,,1.0,Madre,2.0,21.0,5,1,3,0.0,0.0,2,1.0,,,1,1.0,03,1.0,2.0,,,2.0,,79310103,1.0,1.0
79312103,793121,79312,00793,0125,2022,nacional,5,1,hombre,3-5,5303,1,,,3.0,50.0,0,1,1.0,1.0,1.0,200.0,0,0.0,,1.0,Madre,2.0,29.0,3,1,2,,0.0,1,,3.0,50.0,1,1.0,02,1.0,1.0,1.0,200.0,2.0,,79312102,1.0,1.0
79313105,793131,79313,00793,0125,2022,nacional,5,1,hombre,3-5,5303,1,,,3.0,300.0,0,1,1.0,1.0,0.0,,0,0.0,,1.0,Madre,2.0,37.0,6,2,2,,0.0,1,,3.0,300.0,1,1.0,01,1.0,1.0,2.0,,2.0,,79313101,1.0,1.0
79313106,793131,79313,00793,0125,2022,nacional,3,2,mujer,3-5,5303,0,1.0,"No tiene necesidad, está pequeño",,,0,1,1.0,0.0,,,0,0.0,,1.0,Madre,2.0,37.0,6,2,2,0.0,0.0,2,1.0,,,1,1.0,01,1.0,2.0,,,2.0,,79313101,1.0,1.0
79320103,793201,79320,00793,0125,2022,nacional,3,1,hombre,3-5,5303,0,4.0,Horarios incompatibles con madre/padre/tutor,,,0,1,1.0,0.0,,,0,0.0,,1.0,Madre,2.0,26.0,4,2,2,1.0,0.0,2,4.0,,,1,1.0,01,1.0,2.0,,,2.0,,79320101,1.0,1.0
79320104,793201,79320,00793,0125,2022,nacional,2,2,mujer,0-2,5303,0,4.0,Horarios incompatibles con madre/padre/tutor,,,0,1,1.0,0.0,,,0,0.0,,1.0,Madre,2.0,26.0,4,2,2,1.0,0.0,2,4.0,,,1,1.0,01,1.0,2.0,,,2.0,,79320101,1.0,1.0
79401105,794011,79401,00794,0125,2022,nacional,1,1,hombre,0-2,5988,0,1.0,"No tiene necesidad, está pequeño",,,0,1,1.0,0.0,,,0,0.0,,1.0,Madre,2.0,34.0,5,1,2,0.0,0.0,2,1.0,,,1,1.0,02,1.0,2.0,,,2.0,,79401102,2.0,0.0
79408106,794081,79408,00794,0125,2022,nacional,1,2,mujer,0-2,5988,0,1.0,"No tiene necesidad, está pequeño",,,0,1,1.0,0.0,,,0,0.0,,1.0,Madre,2.0,35.0,6,1,4,0.0,0.0,2,1.0,,,1,1.0,04,1.0,2.0,,,2.0,,79408104,1.0,1.0
79411107,794111,79411,00794,0125,2022,nacional,5,1,hombre,3-5,5988,1,,,3.0,200.0,0,1,1.0,0.0,,,0,0.0,,1.0,Madre,2.0,33.0,7,1,5,,0.0,1,,3.0,200.0,1,1.0,05,1.0,2.0,,,2.0,,79411105,1.0,1.0
79414109,794141,79414,00794,0125,2022,nacional,4,1,hombre,3-5,5988,1,,,3.0,50.0,0,1,1.0,0.0,,,0,0.0,,3.0,Abuela,2.0,70.0,9,1,6,,0.0,1,,3.0,50.0,1,1.0,01,3.0,2.0,,,2.0,,79414101,2.0,0.0
79504105,795041,79504,00795,0125,2022,nacional,3,1,hombre,3-5,4481,1,,,5.0,200.0,0,1,0.0,0.0,,,0,0.0,,1.0,Madre,2.0,36.0,7,2,3,,0.0,1,,5.0,200.0,1,2.0,01,1.0,2.0,,,2.0,,79504101,2.0,0.0
79504106,795041,79504,00795,0125,2022,nacional,2,1,hombre,0-2,4481,0,1.0,"No tiene necesidad, está pequeño",,,0,1,1.0,0.0,,,0,0.0,,1.0,Madre,2.0,36.0,7,2,3,0.0,0.0,2,1.0,,,1,1.0,01,1.0,2.0,,,2.0,,79504101,2.0,0.0
79512104,795121,79512,00795,0125,2022,nacional,0,2,mujer,0-2,4481,0,3.0,No hay centros o quedan lejos,,,0,1,1.0,0.0,,,0,0.0,,1.0,Madre,2.0,21.0,4,1,2,1.0,0.0,2,3.0,,,1,1.0,02,1.0,2.0,,,2.0,,79512102,2.0,0.0
79514104,795141,79514,00795,0125,2022,nacional,0,1,hombre,0-2,4481,0,1.0,"No tiene necesidad, está pequeño",,,0,1,1.0,0.0,,,0,0.0,,1.0,Madre,2.0,30.0,4,1,1,0.0,0.0,2,1.0,,,1,1.0,01,1.0,2.0,,,2.0,,79514101,2.0,0.0
79516104,795161,79516,00795,0125,2022,nacional,4,2,mujer,3-5,4481,1,,,4.0,100.0,0,1,1.0,0.0,,,0,0.0,,1.0,Madre,2.0,26.0,5,2,2,,0.0,1,,4.0,100.0,1,1.0,02,1.0,2.0,,,2.0,,79516102,2.0,0.0
79516105,795161,79516,00795,0125,2022,nacional,3,2,mujer,3-5,4481,0,3.0,No hay centros o quedan lejos,,,0,1,1.0,0.0,,,0,0.0,,1.0,Madre,2.0,26.0,5,2,2,1.0,0.0,2,3.0,,,1,1.0,02,1.0,2.0,,,2.0,,79516102,2.0,0.0
79517107,795171,79517,00795,0125,2022,nacional,4,1,hombre,3-5,4481,1,,,3.0,100.0,0,1,1.0,0.0,,,0,1.0,0.0,8.0,Otro parentesco mujer,2.0,39.0,7,1,2,,0.0,1,,3.0,100.0,1,1.0,01,8.0,2.0,,,1.0,2.0,79517101,1.0,1.0
79520103,795201,79520,00795,0125,2022,nacional,4,1,hombre,3-5,4481,1,,,3.0,50.0,0,1,1.0,0.0,,,0,0.0,,1.0,Madre,2.0,23.0,3,1,2,,0.0,1,,3.0,50.0,1,1.0,02,1.0,2.0,,,2.0,,79520102,2.0,0.0
79603105,796031,79603,00796,0133,2022,nacional,5,1,hombre,3-5,1978,1,,,5.0,2200.0,0,1,1.0,0.0,,,0,0.0,,1.0,Madre,2.0,39.0,5,1,2,,0.0,1,,5.0,2200.0,1,1.0,02,1.0,2.0,,,2.0,,79603102,1.0,1.0
79604104,796041,79604,00796,0133,2022,nacional,2,2,mujer,0-2,1978,0,1.0,"No tiene necesidad, está pequeño",,,0,1,1.0,1.0,0.0,,0,0.0,,1.0,Madre,2.0,39.0,4,1,2,0.0,0.0,2,1.0,,,1,1.0,02,1.0,1.0,2.0,,2.0,,79604102,1.0,1.0
79905103,799051,79905,00799,0131,2022,nacional,0,2,mujer,0-2,1983,0,1.0,"No tiene necesidad, está pequeño",,,0,1,1.0,0.0,,,0,0.0,,1.0,Madre,2.0,22.0,3,1,2,0.0,0.0,2,1.0,,,1,1.0,02,1.0,2.0,,,2.0,,79905102,2.0,0.0
80001104,800011,80001,00800,0131,2022,nacional,5,2,mujer,3-5,2066,1,,,3.0,0.0,0,1,1.0,0.0,,,0,0.0,,1.0,Madre,2.0,42.0,4,1,2,,0.0,1,,3.0,0.0,1,1.0,02,1.0,2.0,,,2.0,,80001102,1.0,1.0
80002103,800021,80002,00800,0131,2022,nacional,0,1,hombre,0-2,2066,0,1.0,"No tiene necesidad, está pequeño",,,0,1,1.0,1.0,0.0,,0,0.0,,1.0,Madre,2.0,24.0,3,1,2,0.0,0.0,2,1.0,,,1,1.0,02,1.0,1.0,2.0,,2.0,,80002102,2.0,0.0
80005103,800051,80005,00800,0131,2022,nacional,4,1,hombre,3-5,2066,1,,,3.0,0.0,0,1,1.0,0.0,,,0,0.0,,1.0,Madre,2.0,23.0,3,1,2,,0.0,1,,3.0,0.0,1,1.0,02,1.0,2.0,,,2.0,,80005102,2.0,0.0
80303105,803031,80303,00803,0131,2022,nacional,0,1,hombre,0-2,1962,0,1.0,"No tiene necesidad, está pequeño",,,0,1,1.0,0.0,,,0,0.0,,1.0,Madre,2.0,33.0,5,1,2,0.0,0.0,2,1.0,,,1,1.0,02,1.0,2.0,,,2.0,,80303102,1.0,1.0
80402105,804021,80402,00804,0131,2022,nacional,1,2,mujer,0-2,1945,0,1.0,"No tiene necesidad, está pequeño",,,0,1,1.0,0.0,,,0,0.0,,3.0,Abuela,2.0,47.0,5,1,4,0.0,0.0,2,1.0,,,1,1.0,01,3.0,2.0,,,2.0,,80402101,1.0,1.0
80405105,804051,80405,00804,0131,2022,nacional,0,2,mujer,0-2,1945,0,1.0,"No tiene necesidad, está pequeño",,,0,1,1.0,0.0,,,0,0.0,,1.0,Madre,2.0,21.0,5,1,4,0.0,0.0,2,1.0,,,1,1.0,04,1.0,2.0,,,2.0,,80405104,2.0,0.0
80502104,805021,80502,00805,0131,2022,nacional,4,2,mujer,3-5,2190,1,,,4.0,0.0,0,1,1.0,0.0,,,0,0.0,,1.0,Madre,2.0,31.0,4,1,2,,0.0,1,,4.0,0.0,1,1.0,02,1.0,2.0,,,2.0,,80502102,1.0,1.0
80904104,809041,80904,00809,0131,2022,nacional,2,1,hombre,0-2,1659,0,1.0,"No tiene necesidad, está pequeño",,,0,1,0.0,0.0,,,0,0.0,,1.0,Madre,2.0,27.0,4,1,2,0.0,0.0,2,1.0,,,1,2.0,01,1.0,2.0,,,2.0,,80904101,1.0,1.0
81004104,810041,81004,00810,0129,2022,nacional,4,1,hombre,3-5,2223,1,,,3.0,0.0,0,1,1.0,1.0,0.0,,0,0.0,,1.0,Madre,2.0,33.0,5,2,1,,0.0,1,,3.0,0.0,1,1.0,01,1.0,1.0,2.0,,2.0,,81004101,1.0,1.0
81004105,810041,81004,00810,0129,2022,nacional,3,1,hombre,3-5,2223,0,1.0,"No tiene necesidad, está pequeño",,,0,1,1.0,1.0,0.0,,0,0.0,,1.0,Madre,2.0,33.0,5,2,1,0.0,0.0,2,1.0,,,1,1.0,01,1.0,1.0,2.0,,2.0,,81004101,1.0,1.0
81004303,810043,81004,00810,0129,2022,nacional,0,2,mujer,0-2,2223,0,1.0,"No tiene necesidad, está pequeño",,,0,1,1.0,0.0,,,0,0.0,,1.0,Madre,2.0,28.0,3,1,2,0.0,0.0,2,1.0,,,1,1.0,02,1.0,2.0,,,2.0,,81004302,2.0,0.0
81012103,810121,81012,00810,0129,2022,nacional,2,1,hombre,0-2,2223,1,,,8.0,750.0,0,1,1.0,1.0,,,0,0.0,,2.0,Padre,1.0,19.0,3,1,2,,0.0,1,,8.0,750.0,1,1.0,02,2.0,1.0,,,2.0,,81012102,1.0,1.0
81013108,810131,81013,00810,0129,2022,nacional,5,1,hombre,3-5,2223,1,,,3.0,0.0,0,1,1.0,0.0,,,0,0.0,,1.0,Madre,2.0,41.0,10,2,4,,0.0,1,,3.0,0.0,1,1.0,02,1.0,2.0,,,2.0,,81013102,2.0,0.0
81013109,810131,81013,00810,0129,2022,nacional,2,1,hombre,0-2,2223,1,,,5.0,600.0,0,1,1.0,0.0,,,0,0.0,,1.0,Madre,2.0,41.0,10,2,4,,0.0,1,,5.0,600.0,1,1.0,02,1.0,2.0,,,2.0,,81013102,2.0,0.0
81014103,810141,81014,00810,0129,2022,nacional,3,2,mujer,3-5,2223,1,,,4.0,600.0,0,1,1.0,0.0,,,0,0.0,,1.0,Madre,2.0,31.0,3,1,2,,0.0,1,,4.0,600.0,1,1.0,01,1.0,2.0,,,2.0,,81014101,1.0,1.0
81104102,811041,81104,00811,0129,2022,nacional,5,2,mujer,3-5,1920,1,,,5.0,0.0,0,1,1.0,0.0,,,0,0.0,,1.0,Madre,2.0,28.0,3,1,2,,0.0,1,,5.0,0.0,1,1.0,03,1.0,2.0,,,2.0,,81104103,1.0,1.0
81112103,811121,81112,00811,0129,2022,nacional,3,1,hombre,3-5,1920,0,1.0,"No tiene necesidad, está pequeño",,,0,1,1.0,0.0,,,0,0.0,,1.0,Madre,2.0,31.0,3,1,2,0.0,0.0,2,1.0,,,1,1.0,02,1.0,2.0,,,2.0,,81112102,2.0,0.0
81114103,811141,81114,00811,0129,2022,nacional,5,1,hombre,3-5,1920,1,,,3.0,0.0,0,1,1.0,0.0,,,0,0.0,,1.0,Madre,2.0,23.0,4,2,2,,0.0,1,,3.0,0.0,1,1.0,02,1.0,2.0,,,2.0,,81114102,2.0,0.0
81114104,811141,81114,00811,0129,2022,nacional,2,1,hombre,0-2,1920,0,1.0,"No tiene necesidad, está pequeño",,,0,1,1.0,0.0,,,0,0.0,,1.0,Madre,2.0,23.0,4,2,2,0.0,0.0,2,1.0,,,1,1.0,02,1.0,2.0,,,2.0,,81114102,2.0,0.0
81119106,811191,81119,00811,0129,2022,nacional,4,2,mujer,3-5,1920,0,1.0,"No tiene necesidad, está pequeño",,,0,1,1.0,0.0,,,0,0.0,,1.0,Madre,2.0,39.0,6,1,4,0.0,0.0,2,1.0,,,1,1.0,02,1.0,2.0,,,2.0,,81119102,1.0,1.0
81120105,811201,81120,00811,0129,2022,nacional,2,2,mujer,0-2,1920,0,3.0,No hay centros o quedan lejos,,,0,1,0.0,0.0,,,0,0.0,,1.0,Madre,2.0,22.0,5,1,4,1.0,0.0,2,3.0,,,1,2.0,04,1.0,2.0,,,2.0,,81120104,2.0,0.0
81120203,811202,81120,00811,0129,2022,nacional,4,1,hombre,3-5,1920,1,,,5.0,0.0,0,1,1.0,0.0,,,0,0.0,,1.0,Madre,2.0,32.0,3,1,1,,0.0,1,,5.0,0.0,1,1.0,01,1.0,2.0,,,2.0,,81120201,2.0,0.0
81305106,813051,81305,00813,0131,2022,nacional,3,1,hombre,3-5,2730,0,1.0,"No tiene necesidad, está pequeño",,,0,1,1.0,0.0,,,0,0.0,,3.0,Abuela,2.0,57.0,6,1,5,0.0,0.0,2,1.0,,,1,1.0,01,3.0,2.0,,,2.0,,81305101,1.0,1.0
81401106,814011,81401,00814,0131,2022,nacional,0,2,mujer,0-2,3298,0,1.0,"No tiene necesidad, está pequeño",,,0,1,1.0,0.0,,,0,0.0,,1.0,Madre,2.0,25.0,6,1,5,0.0,0.0,2,1.0,,,1,1.0,04,1.0,2.0,,,2.0,,81401104,2.0,0.0
81402106,814021,81402,00814,0131,2022,nacional,0,1,hombre,0-2,3298,0,1.0,"No tiene necesidad, está pequeño",,,0,1,1.0,0.0,,,0,0.0,,1.0,Madre,2.0,23.0,6,1,5,0.0,0.0,2,1.0,,,1,1.0,04,1.0,2.0,,,2.0,,81402104,2.0,0.0
81504104,815041,81504,00815,0131,2022,nacional,5,2,mujer,3-5,1886,1,,,4.0,800.0,0,1,1.0,0.0,,,0,0.0,,3.0,Abuela,2.0,58.0,4,1,2,,0.0,1,,4.0,800.0,1,1.0,01,3.0,2.0,,,2.0,,81504101,2.0,0.0
81601105,816011,81601,00816,0131,2022,nacional,2,1,hombre,0-2,1994,0,1.0,"No tiene necesidad, está pequeño",,,0,1,1.0,0.0,,,0,0.0,,1.0,Madre,2.0,32.0,5,1,4,0.0,0.0,2,1.0,,,1,1.0,02,1.0,2.0,,,2.0,,81601102,2.0,0.0
81603104,816031,81603,00816,0131,2022,nacional,5,2,mujer,3-5,1994,1,,,3.0,50.0,0,1,1.0,0.0,,,0,0.0,,3.0,Abuela,2.0,52.0,4,1,2,,0.0,1,,3.0,50.0,1,1.0,02,3.0,2.0,,,2.0,,81603102,2.0,0.0
81802106,818021,81802,00818,0131,2022,nacional,3,2,mujer,3-5,2010,0,1.0,"No tiene necesidad, está pequeño",,,0,1,1.0,0.0,,,0,0.0,,1.0,Madre,2.0,32.0,6,1,2,0.0,0.0,2,1.0,,,1,1.0,02,1.0,2.0,,,2.0,,81802102,2.0,0.0
81901103,819011,81901,00819,0131,2022,nacional,5,2,mujer,3-5,2534,1,,,5.0,1600.0,0,1,1.0,0.0,,,0,0.0,,3.0,Abuela,2.0,74.0,3,1,2,,0.0,1,,5.0,1600.0,1,1.0,01,3.0,2.0,,,2.0,,81901101,1.0,1.0
81903104,819031,81903,00819,0131,2022,nacional,3,2,mujer,3-5,2534,1,,,5.0,1500.0,0,1,1.0,0.0,,,0,0.0,,1.0,Madre,2.0,38.0,5,2,2,,0.0,1,,5.0,1500.0,1,1.0,02,1.0,2.0,,,2.0,,81903102,1.0,1.0
81903105,819031,81903,00819,0131,2022,nacional,1,2,mujer,0-2,2534,1,,,5.0,1500.0,0,1,1.0,0.0,,,0,0.0,,1.0,Madre,2.0,38.0,5,2,2,,0.0,1,,5.0,1500.0,1,1.0,02,1.0,2.0,,,2.0,,81903102,1.0,1.0
82002104,820021,82002,00820,0132,2022,nacional,4,1,hombre,3-5,1345,0,1.0,"No tiene necesidad, está pequeño",,,0,1,1.0,0.0,,,0,0.0,,2.0,Padre,1.0,27.0,5,2,2,0.0,0.0,2,1.0,,,1,1.0,01,2.0,2.0,,,2.0,,82002101,1.0,1.0
82002105,820021,82002,00820,0132,2022,nacional,0,2,mujer,0-2,1345,0,1.0,"No tiene necesidad, está pequeño",,,0,1,1.0,0.0,,,0,0.0,,1.0,Madre,2.0,28.0,5,2,2,0.0,0.0,2,1.0,,,1,1.0,02,1.0,2.0,,,2.0,,82002102,2.0,0.0
82402103,824021,82402,00824,0131,2022,nacional,4,1,hombre,3-5,1563,1,,,6.0,1400.0,0,1,1.0,0.0,,,0,0.0,,1.0,Madre,2.0,29.0,4,2,2,,0.0,1,,6.0,1400.0,1,1.0,02,1.0,2.0,,,2.0,,82402102,1.0,1.0
82402104,824021,82402,00824,0131,2022,nacional,3,1,hombre,3-5,1563,1,,,6.0,1400.0,0,1,1.0,0.0,,,0,0.0,,1.0,Madre,2.0,29.0,4,2,2,,0.0,1,,6.0,1400.0,1,1.0,02,1.0,2.0,,,2.0,,82402102,1.0,1.0
82403104,824031,82403,00824,0131,2022,nacional,3,1,hombre,3-5,1563,0,1.0,"No tiene necesidad, está pequeño",,,0,1,1.0,0.0,,,0,0.0,,1.0,Madre,2.0,25.0,4,1,3,0.0,0.0,2,1.0,,,1,1.0,02,1.0,2.0,,,2.0,,82403102,2.0,0.0
82502104,825021,82502,00825,0130,2022,nacional,4,2,mujer,3-5,2087,1,,,5.0,9999.0,0,1,1.0,0.0,,,0,0.0,,1.0,Madre,2.0,29.0,4,1,2,,0.0,1,,5.0,9999.0,1,1.0,02,1.0,2.0,,,2.0,,82502102,2.0,0.0
82503107,825031,82503,00825,0130,2022,nacional,0,1,hombre,0-2,2087,0,3.0,No hay centros o quedan lejos,,,0,1,1.0,0.0,,,0,0.0,,1.0,Madre,2.0,19.0,7,1,4,1.0,0.0,2,3.0,,,1,1.0,03,1.0,2.0,,,2.0,,82503103,2.0,0.0
82505103,825051,82505,00825,0130,2022,nacional,2,2,mujer,0-2,2087,1,,,8.0,333.0,0,1,1.0,0.0,,,0,0.0,,1.0,Madre,2.0,27.0,3,1,2,,0.0,1,,8.0,333.0,1,1.0,02,1.0,2.0,,,2.0,,82505102,1.0,1.0
82506105,825061,82506,00825,0130,2022,nacional,5,2,mujer,3-5,2087,1,,,4.0,500.0,0,1,1.0,0.0,,,0,0.0,,1.0,Madre,2.0,22.0,5,1,3,,0.0,1,,4.0,500.0,1,1.0,02,1.0,2.0,,,2.0,,82506102,2.0,0.0
82509104,825091,82509,00825,0130,2022,nacional,4,2,mujer,3-5,2087,1,,,3.0,110.0,0,1,1.0,0.0,,,0,0.0,,1.0,Madre,2.0,28.0,4,1,2,,0.0,1,,3.0,110.0,1,1.0,02,1.0,2.0,,,2.0,,82509102,2.0,0.0
82513104,825131,82513,00825,0130,2022,nacional,4,1,hombre,3-5,2087,1,,,3.0,0.0,0,1,1.0,0.0,,,0,0.0,,1.0,Madre,2.0,37.0,6,3,3,,0.0,1,,3.0,0.0,1,1.0,02,1.0,2.0,,,2.0,,82513102,2.0,0.0
82513105,825131,82513,00825,0130,2022,nacional,2,2,mujer,0-2,2087,0,1.0,"No tiene necesidad, está pequeño",,,0,1,1.0,0.0,,,0,0.0,,1.0,Madre,2.0,37.0,6,3,3,0.0,0.0,2,1.0,,,1,1.0,02,1.0,2.0,,,2.0,,82513102,2.0,0.0
82513106,825131,82513,00825,0130,2022,nacional,0,2,mujer,0-2,2087,0,1.0,"No tiene necesidad, está pequeño",,,0,0,,,,,0,,,,,,,6,3,3,0.0,,2,1.0,,,2,,,,,,,,,,,
82520102,825201,82520,00825,0130,2022,nacional,4,1,hombre,3-5,2087,0,2.0,No puede pagar los gastos escolares,,,0,1,1.0,0.0,,,0,1.0,1.0,1.0,Madre,2.0,32.0,2,1,1,1.0,1.0,2,2.0,,,1,1.0,01,1.0,2.0,,,1.0,1.0,82520101,1.0,1.0
82609105,826091,82609,00826,0130,2022,nacional,5,2,mujer,3-5,1747,1,,,3.0,0.0,0,1,1.0,0.0,,,0,0.0,,1.0,Madre,2.0,32.0,5,1,2,,0.0,1,,3.0,0.0,1,1.0,02,1.0,2.0,,,2.0,,82609102,1.0,1.0
82615104,826151,82615,00826,0130,2022,nacional,1,1,hombre,0-2,1747,0,1.0,"No tiene necesidad, está pequeño",,,0,1,1.0,0.0,,,0,0.0,,3.0,Abuela,2.0,58.0,4,1,3,0.0,0.0,2,1.0,,,1,1.0,01,3.0,2.0,,,2.0,,82615101,2.0,0.0
82703104,827031,82703,00827,0137,2022,nacional,3,1,hombre,3-5,18048,0,1.0,"No tiene necesidad, está pequeño",,,0,1,1.0,0.0,,,0,0.0,,1.0,Madre,2.0,27.0,4,1,3,0.0,0.0,2,1.0,,,1,1.0,03,1.0,2.0,,,2.0,,82703103,1.0,1.0
82902103,829021,82902,00829,0136,2022,nacional,3,1,hombre,3-5,10037,1,,,4.0,0.0,0,1,1.0,0.0,,,0,0.0,,1.0,Madre,2.0,21.0,3,1,2,,0.0,1,,4.0,0.0,1,1.0,02,1.0,2.0,,,2.0,,82902102,2.0,0.0
83205102,832051,83205,00832,0137,2022,nacional,3,2,mujer,3-5,21569,1,,,5.0,3500.0,0,1,1.0,1.0,0.0,,0,1.0,1.0,1.0,Madre,1.0,39.0,2,1,1,,1.0,1,,5.0,3500.0,1,1.0,01,1.0,1.0,2.0,,1.0,1.0,83205101,1.0,1.0
83301104,833011,83301,00833,0136,2022,nacional,3,2,mujer,3-5,14162,1,,,7.0,0.0,0,1,1.0,0.0,,,0,0.0,,1.0,Madre,2.0,30.0,5,2,3,,0.0,1,,7.0,0.0,1,1.0,02,1.0,2.0,,,2.0,,83301102,1.0,1.0
83301105,833011,83301,00833,0136,2022,nacional,3,2,mujer,3-5,14162,1,,,7.0,0.0,0,1,1.0,0.0,,,0,0.0,,1.0,Madre,2.0,30.0,5,2,3,,0.0,1,,7.0,0.0,1,1.0,02,1.0,2.0,,,2.0,,83301102,1.0,1.0
83402104,834021,83402,00834,0136,2022,nacional,3,2,mujer,3-5,10161,1,,,5.0,2000.0,0,1,1.0,1.0,1.0,,0,0.0,,1.0,Madre,2.0,44.0,7,3,4,,0.0,1,,5.0,2000.0,1,1.0,03,1.0,1.0,1.0,99999.0,2.0,,83402103,1.0,1.0
83402105,834021,83402,00834,0136,2022,nacional,0,2,mujer,0-2,10161,0,1.0,"No tiene necesidad, está pequeño",,,0,1,1.0,1.0,1.0,,0,0.0,,4.0,Abuelo,2.0,72.0,7,3,4,0.0,0.0,2,1.0,,,1,1.0,02,4.0,1.0,1.0,99999.0,2.0,,83402102,2.0,0.0
83402106,834021,83402,00834,0136,2022,nacional,0,2,mujer,0-2,10161,0,1.0,"No tiene necesidad, está pequeño",,,0,1,1.0,1.0,1.0,,0,0.0,,3.0,Abuela,2.0,72.0,7,3,4,0.0,0.0,2,1.0,,,1,1.0,02,3.0,1.0,1.0,99999.0,2.0,,83402102,2.0,0.0
83502107,835021,83502,00835,0136,2022,nacional,3,1,hombre,3-5,11354,0,1.0,"No tiene necesidad, está pequeño",,,0,1,1.0,0.0,,,0,0.0,,3.0,Abuela,2.0,50.0,7,1,5,0.0,0.0,2,1.0,,,1,1.0,02,3.0,2.0,,,2.0,,83502102,2.0,0.0
83602106,836021,83602,00836,0136,2022,nacional,3,1,hombre,3-5,16436,0,2.0,No puede pagar los gastos escolares,,,0,1,1.0,0.0,,,0,0.0,,3.0,Abuela,2.0,59.0,6,1,4,1.0,0.0,2,2.0,,,1,1.0,02,3.0,2.0,,,2.0,,83602102,2.0,0.0
84001105,840011,84001,00840,0137,2022,nacional,5,1,hombre,3-5,18154,1,,,8.0,1350.0,0,1,1.0,1.0,,,0,0.0,,1.0,Madre,2.0,30.0,5,1,2,,0.0,1,,8.0,1350.0,1,1.0,02,1.0,1.0,,,2.0,,84001102,1.0,1.0
84005103,840051,84005,00840,0137,2022,nacional,5,2,mujer,3-5,18154,1,,,3.0,600.0,0,1,1.0,0.0,,,0,0.0,,1.0,Madre,2.0,35.0,3,1,1,,0.0,1,,3.0,600.0,1,1.0,01,1.0,2.0,,,2.0,,84005101,1.0,1.0
84102104,841021,84102,00841,0134,2022,nacional,4,2,mujer,3-5,12434,1,,,3.0,0.0,0,1,1.0,0.0,,,0,0.0,,1.0,Madre,2.0,27.0,5,2,3,,0.0,1,,3.0,0.0,1,1.0,02,1.0,2.0,,,2.0,,84102102,2.0,0.0
84102105,841021,84102,00841,0134,2022,nacional,0,2,mujer,0-2,12434,0,1.0,"No tiene necesidad, está pequeño",,,0,1,1.0,0.0,,,0,0.0,,1.0,Madre,2.0,27.0,5,2,3,0.0,0.0,2,1.0,,,1,1.0,02,1.0,2.0,,,2.0,,84102102,2.0,0.0
84107103,841071,84107,00841,0134,2022,nacional,4,1,hombre,3-5,12434,1,,,3.0,0.0,0,0,,,,,0,,,,,,,4,2,2,,,1,,3.0,0.0,2,,,,,,,,,,,
84107104,841071,84107,00841,0134,2022,nacional,0,2,mujer,0-2,12434,0,1.0,"No tiene necesidad, está pequeño",,,0,1,1.0,0.0,,,0,0.0,,1.0,Madre,2.0,28.0,4,2,2,0.0,0.0,2,1.0,,,1,1.0,02,1.0,2.0,,,2.0,,84107102,2.0,0.0
84109106,841091,84109,00841,0134,2022,nacional,1,1,hombre,0-2,12434,0,1.0,"No tiene necesidad, está pequeño",,,0,1,1.0,0.0,,,0,0.0,,1.0,Madre,2.0,22.0,6,1,4,0.0,0.0,2,1.0,,,1,1.0,04,1.0,2.0,,,2.0,,84109104,2.0,0.0
84201103,842011,84201,00842,0136,2022,nacional,5,1,hombre,3-5,11859,1,,,3.0,0.0,0,1,1.0,1.0,1.0,300.0,0,0.0,,1.0,Madre,2.0,39.0,3,1,1,,0.0,1,,3.0,0.0,1,1.0,01,1.0,1.0,1.0,300.0,2.0,,84201101,1.0,1.0
84401107,844011,84401,00844,0134,2022,nacional,2,2,mujer,0-2,14873,0,1.0,"No tiene necesidad, está pequeño",,,0,1,1.0,0.0,,,0,0.0,,1.0,Madre,2.0,20.0,9,3,5,0.0,0.0,2,1.0,,,1,1.0,02,1.0,2.0,,,2.0,,84401102,2.0,0.0
84401108,844011,84401,00844,0134,2022,nacional,2,2,mujer,0-2,14873,0,1.0,"No tiene necesidad, está pequeño",,,0,1,1.0,0.0,,,0,0.0,,3.0,Abuela,2.0,53.0,9,3,5,0.0,0.0,2,1.0,,,1,1.0,01,3.0,2.0,,,2.0,,84401101,2.0,0.0
84401109,844011,84401,00844,0134,2022,nacional,1,2,mujer,0-2,14873,0,1.0,"No tiene necesidad, está pequeño",,,0,1,1.0,0.0,,,0,0.0,,1.0,Madre,2.0,19.0,9,3,5,0.0,0.0,2,1.0,,,1,1.0,03,1.0,2.0,,,2.0,,84401103,2.0,0.0
84405105,844051,84405,00844,0134,2022,nacional,1,2,mujer,0-2,14873,0,1.0,"No tiene necesidad, está pequeño",,,0,1,1.0,0.0,,,0,0.0,,1.0,Madre,2.0,18.0,5,1,4,0.0,0.0,2,1.0,,,1,1.0,04,1.0,2.0,,,2.0,,84405104,2.0,0.0
84406104,844061,84406,00844,0134,2022,nacional,5,2,mujer,3-5,14873,0,7.0,Asiste a primaria,,,0,1,1.0,0.0,,,0,0.0,,1.0,Madre,2.0,36.0,4,1,2,0.0,0.0,2,7.0,,,1,1.0,02,1.0,2.0,,,2.0,,84406102,2.0,0.0
84409103,844091,84409,00844,0134,2022,nacional,3,2,mujer,3-5,14873,1,,,3.0,0.0,0,1,1.0,0.0,,,0,0.0,,1.0,Madre,2.0,27.0,3,1,1,,0.0,1,,3.0,0.0,1,1.0,01,1.0,2.0,,,2.0,,84409101,2.0,0.0
84410105,844101,84410,00844,0134,2022,nacional,3,1,hombre,3-5,14873,0,1.0,"No tiene necesidad, está pequeño",,,0,1,1.0,0.0,,,0,0.0,,1.0,Madre,2.0,33.0,5,1,2,0.0,0.0,2,1.0,,,1,1.0,02,1.0,2.0,,,2.0,,84410102,2.0,0.0
84411103,844111,84411,00844,0134,2022,nacional,4,1,hombre,3-5,14873,0,5.0,Enfermedad o discapacidad,,,0,0,,,,,0,,,,,,,3,1,2,0.0,,2,5.0,,,2,,,,,,,,,,,
84414104,844141,84414,00844,0134,2022,nacional,4,1,hombre,3-5,14873,1,,,3.0,0.0,0,1,1.0,0.0,,,0,0.0,,1.0,Madre,2.0,39.0,4,1,2,,0.0,1,,3.0,0.0,1,1.0,02,1.0,2.0,,,2.0,,84414102,2.0,0.0
84501104,845011,84501,00845,0134,2022,nacional,3,1,hombre,3-5,14586,0,1.0,"No tiene necesidad, está pequeño",,,0,1,1.0,0.0,,,0,0.0,,1.0,Madre,2.0,25.0,4,1,3,0.0,0.0,2,1.0,,,1,1.0,03,1.0,2.0,,,2.0,,84501103,1.0,1.0
84505104,845051,84505,00845,0134,2022,nacional,0,2,mujer,0-2,14586,0,1.0,"No tiene necesidad, está pequeño",,,0,1,1.0,0.0,,,0,0.0,,1.0,Madre,2.0,31.0,4,1,3,0.0,0.0,2,1.0,,,1,1.0,03,1.0,2.0,,,2.0,,84505103,2.0,0.0
84506104,845061,84506,00845,0134,2022,nacional,4,2,mujer,3-5,14586,1,,,3.0,0.0,0,1,1.0,0.0,,,0,0.0,,1.0,Madre,2.0,29.0,4,1,3,,0.0,1,,3.0,0.0,1,1.0,02,1.0,2.0,,,2.0,,84506102,2.0,0.0
84507103,845071,84507,00845,0134,2022,nacional,1,2,mujer,0-2,14586,0,1.0,"No tiene necesidad, está pequeño",,,0,1,1.0,1.0,0.0,,0,0.0,,1.0,Madre,2.0,32.0,3,1,2,0.0,0.0,2,1.0,,,1,1.0,02,1.0,1.0,2.0,,2.0,,84507102,1.0,1.0
84514104,845141,84514,00845,0134,2022,nacional,5,2,mujer,3-5,14586,1,,,3.0,0.0,0,1,1.0,0.0,,,0,0.0,,1.0,Madre,2.0,25.0,4,1,2,,0.0,1,,3.0,0.0,1,1.0,02,1.0,2.0,,,2.0,,84514102,2.0,0.0
84603104,846031,84603,00846,0135,2022,nacional,4,1,hombre,3-5,10192,1,,,3.0,100.0,0,1,1.0,1.0,0.0,,0,0.0,,1.0,Madre,2.0,31.0,4,1,2,,0.0,1,,3.0,100.0,1,1.0,02,1.0,1.0,2.0,,2.0,,84603102,1.0,1.0
84609103,846091,84609,00846,0135,2022,nacional,2,1,hombre,0-2,10192,0,1.0,"No tiene necesidad, está pequeño",,,0,1,1.0,0.0,,,0,0.0,,1.0,Madre,2.0,42.0,4,2,2,0.0,0.0,2,1.0,,,1,1.0,02,1.0,2.0,,,2.0,,84609102,2.0,0.0
84609104,846091,84609,00846,0135,2022,nacional,2,1,hombre,0-2,10192,0,1.0,"No tiene necesidad, está pequeño",,,0,1,1.0,0.0,,,0,0.0,,1.0,Madre,2.0,42.0,4,2,2,0.0,0.0,2,1.0,,,1,1.0,02,1.0,2.0,,,2.0,,84609102,2.0,0.0
84615104,846151,84615,00846,0135,2022,nacional,5,2,mujer,3-5,10192,1,,,5.0,0.0,0,1,1.0,0.0,,,0,0.0,,1.0,Madre,2.0,29.0,4,1,2,,0.0,1,,5.0,0.0,1,1.0,02,1.0,2.0,,,2.0,,84615102,2.0,0.0
84617106,846171,84617,00846,0135,2022,nacional,4,1,hombre,3-5,10192,1,,,4.0,0.0,0,1,1.0,0.0,,,0,1.0,1.0,3.0,Abuela,2.0,51.0,7,2,5,,1.0,1,,4.0,0.0,1,1.0,01,3.0,2.0,,,1.0,1.0,84617101,2.0,0.0
84617107,846171,84617,00846,0135,2022,nacional,3,2,mujer,3-5,10192,0,1.0,"No tiene necesidad, está pequeño",,,0,1,1.0,0.0,,,0,1.0,1.0,3.0,Abuela,2.0,51.0,7,2,5,0.0,1.0,2,1.0,,,1,1.0,01,3.0,2.0,,,1.0,1.0,84617101,2.0,0.0
84618105,846181,84618,00846,0135,2022,nacional,5,1,hombre,3-5,10192,1,,,4.0,0.0,0,1,1.0,0.0,,,0,0.0,,1.0,Madre,2.0,32.0,5,1,3,,0.0,1,,4.0,0.0,1,1.0,02,1.0,2.0,,,2.0,,84618102,2.0,0.0
84702105,847021,84702,00847,0135,2022,nacional,4,2,mujer,3-5,11140,1,,,3.0,0.0,0,1,1.0,0.0,,,0,1.0,0.0,1.0,Madre,2.0,33.0,5,1,2,,0.0,1,,3.0,0.0,1,1.0,02,1.0,2.0,,,1.0,2.0,84702102,1.0,1.0
84706103,847061,84706,00847,0135,2022,nacional,2,1,hombre,0-2,11140,1,,,2.0,0.0,0,1,1.0,1.0,0.0,,0,1.0,1.0,1.0,Madre,2.0,22.0,3,1,2,,1.0,1,,2.0,0.0,1,1.0,02,1.0,1.0,2.0,,1.0,1.0,84706102,2.0,0.0
84707102,847071,84707,00847,0135,2022,nacional,3,1,hombre,3-5,11140,1,,,3.0,0.0,0,1,1.0,0.0,,,0,0.0,,1.0,Madre,2.0,25.0,2,1,1,,0.0,1,,3.0,0.0,1,1.0,01,1.0,2.0,,,2.0,,84707101,2.0,0.0
84720104,847201,84720,00847,0135,2022,nacional,4,2,mujer,3-5,11140,1,,,3.0,0.0,0,1,1.0,0.0,,,0,0.0,,1.0,Madre,2.0,21.0,4,1,3,,0.0,1,,3.0,0.0,1,1.0,03,1.0,2.0,,,2.0,,84720103,2.0,0.0
84810103,848101,84810,00848,0135,2022,nacional,0,1,hombre,0-2,10740,0,1.0,"No tiene necesidad, está pequeño",,,0,1,1.0,0.0,,,0,0.0,,1.0,Madre,2.0,21.0,3,1,2,0.0,0.0,2,1.0,,,1,1.0,02,1.0,2.0,,,2.0,,84810102,2.0,0.0
84814104,848141,84814,00848,0135,2022,nacional,4,1,hombre,3-5,10740,1,,,3.0,0.0,0,1,1.0,0.0,,,0,0.0,,1.0,Madre,2.0,29.0,4,1,2,,0.0,1,,3.0,0.0,1,1.0,02,1.0,2.0,,,2.0,,84814102,2.0,0.0
84815103,848151,84815,00848,0135,2022,nacional,4,1,hombre,3-5,10740,1,,,3.0,0.0,0,1,1.0,0.0,,,0,0.0,,1.0,Madre,2.0,34.0,3,1,1,,0.0,1,,3.0,0.0,1,1.0,01,1.0,2.0,,,2.0,,84815101,1.0,1.0
84902107,849021,84902,00849,0135,2022,nacional,3,1,hombre,3-5,11148,0,1.0,"No tiene necesidad, está pequeño",,,0,1,1.0,0.0,,,0,0.0,,1.0,Madre,2.0,21.0,7,1,4,0.0,0.0,2,1.0,,,1,1.0,03,1.0,2.0,,,2.0,,84902103,1.0,1.0
84907103,849071,84907,00849,0135,2022,nacional,4,1,hombre,3-5,11148,1,,,3.0,0.0,0,1,1.0,1.0,0.0,,0,0.0,,1.0,Madre,2.0,34.0,3,1,2,,0.0,1,,3.0,0.0,1,1.0,02,1.0,1.0,2.0,,2.0,,84907102,2.0,0.0
84909107,849091,84909,00849,0135,2022,nacional,5,1,hombre,3-5,11148,1,,,3.0,0.0,0,1,1.0,0.0,,,0,1.0,1.0,7.0,Otro,2.0,27.0,7,1,4,,1.0,1,,3.0,0.0,1,1.0,03,7.0,2.0,,,1.0,1.0,84909103,1.0,1.0
84910103,849101,84910,00849,0135,2022,nacional,3,2,mujer,3-5,11148,0,1.0,"No tiene necesidad, está pequeño",,,0,1,1.0,1.0,0.0,,0,1.0,1.0,1.0,Madre,2.0,25.0,3,1,2,0.0,1.0,2,1.0,,,1,1.0,02,1.0,1.0,2.0,,1.0,1.0,84910102,1.0,1.0
84916105,849161,84916,00849,0135,2022,nacional,1,1,hombre,0-2,11148,0,1.0,"No tiene necesidad, está pequeño",,,0,1,1.0,0.0,,,0,0.0,,1.0,Madre,2.0,35.0,5,1,2,0.0,0.0,2,1.0,,,1,1.0,01,1.0,2.0,,,2.0,,84916101,1.0,1.0
85202103,852021,85202,00852,0142,2022,nacional,2,1,hombre,0-2,3720,1,,,5.0,0.0,0,1,1.0,1.0,0.0,,0,0.0,,1.0,Madre,2.0,30.0,3,1,2,,0.0,1,,5.0,0.0,1,1.0,02,1.0,1.0,2.0,,2.0,,85202102,1.0,1.0
85704105,857041,85704,00857,0142,2022,nacional,5,1,hombre,3-5,3774,1,,,5.0,0.0,0,1,1.0,0.0,,,0,0.0,,5.0,Tía,2.0,32.0,5,1,2,,0.0,1,,5.0,0.0,1,1.0,02,5.0,2.0,,,2.0,,85704102,2.0,0.0
85805104,858051,85805,00858,0143,2022,nacional,3,2,mujer,3-5,4670,1,,,8.0,0.0,0,1,1.0,0.0,,,0,1.0,1.0,1.0,Madre,2.0,38.0,4,1,2,,1.0,1,,8.0,0.0,1,1.0,02,1.0,2.0,,,1.0,1.0,85805102,1.0,1.0
85902106,859021,85902,00859,0141,2022,nacional,0,2,mujer,0-2,3491,0,1.0,"No tiene necesidad, está pequeño",,,0,1,1.0,0.0,,,0,0.0,,1.0,Madre,2.0,37.0,6,1,3,0.0,0.0,2,1.0,,,1,1.0,02,1.0,2.0,,,2.0,,85902102,1.0,1.0
85904105,859041,85904,00859,0141,2022,nacional,4,2,mujer,3-5,3491,1,,,3.0,0.0,0,1,1.0,0.0,,,0,0.0,,1.0,Madre,2.0,29.0,5,1,2,,0.0,1,,3.0,0.0,1,1.0,02,1.0,2.0,,,2.0,,85904102,2.0,0.0
85905103,859051,85905,00859,0141,2022,nacional,0,1,hombre,0-2,3491,0,6.0,Otra razón,,,0,1,1.0,1.0,1.0,600.0,0,1.0,1.0,1.0,Madre,2.0,33.0,3,1,2,0.0,1.0,2,6.0,,,1,1.0,01,1.0,1.0,1.0,600.0,1.0,1.0,85905101,1.0,1.0
86005104,860051,86005,00860,0142,2022,nacional,2,2,mujer,0-2,4754,0,1.0,"No tiene necesidad, está pequeño",,,0,1,1.0,1.0,0.0,,0,0.0,,3.0,Abuela,2.0,64.0,4,1,3,0.0,0.0,2,1.0,,,1,1.0,03,3.0,1.0,2.0,,2.0,,86005103,2.0,0.0
86403108,864031,86403,00864,0141,2022,nacional,4,2,mujer,3-5,4057,1,,,3.0,1300.0,0,1,1.0,0.0,,,0,0.0,,1.0,Madre,2.0,35.0,8,1,2,,0.0,1,,3.0,1300.0,1,1.0,02,1.0,2.0,,,2.0,,86403102,1.0,1.0
86505105,865051,86505,00865,0141,2022,nacional,3,1,hombre,3-5,4044,0,1.0,"No tiene necesidad, está pequeño",,,0,1,1.0,0.0,,,0,0.0,,1.0,Madre,2.0,35.0,5,1,3,0.0,0.0,2,1.0,,,1,1.0,02,1.0,2.0,,,2.0,,86505102,1.0,1.0
86602103,866021,86602,00866,0141,2022,nacional,4,2,mujer,3-5,3369,1,,,3.0,0.0,0,1,1.0,0.0,,,0,0.0,,1.0,Madre,2.0,23.0,3,1,2,,0.0,1,,3.0,0.0,1,1.0,02,1.0,2.0,,,2.0,,86602102,2.0,0.0
86602205,866022,86602,00866,0141,2022,nacional,5,2,mujer,3-5,3369,1,,,3.0,0.0,0,1,1.0,0.0,,,0,0.0,,3.0,Abuela,2.0,60.0,6,2,4,,0.0,1,,3.0,0.0,1,1.0,02,3.0,2.0,,,2.0,,86602202,2.0,0.0
86602206,866022,86602,00866,0141,2022,nacional,0,2,mujer,0-2,3369,0,1.0,"No tiene necesidad, está pequeño",,,0,1,1.0,0.0,,,0,0.0,,1.0,Madre,2.0,28.0,6,2,4,0.0,0.0,2,1.0,,,1,1.0,04,1.0,2.0,,,2.0,,86602204,2.0,0.0
86605106,866051,86605,00866,0141,2022,nacional,5,1,hombre,3-5,3369,1,,,3.0,0.0,0,1,1.0,0.0,,,0,0.0,,1.0,Madre,2.0,37.0,6,1,2,,0.0,1,,3.0,0.0,1,1.0,02,1.0,2.0,,,2.0,,86605102,2.0,0.0
86802105,868021,86802,00868,0141,2022,nacional,5,2,mujer,3-5,4376,1,,,3.0,0.0,0,1,1.0,1.0,0.0,,0,0.0,,1.0,Madre,2.0,21.0,5,1,3,,0.0,1,,3.0,0.0,1,1.0,03,1.0,1.0,2.0,,2.0,,86802103,2.0,0.0
86901104,869011,86901,00869,0139,2022,nacional,2,2,mujer,0-2,2720,1,,,3.0,0.0,0,1,0.0,0.0,,,0,0.0,,,,,,5,2,2,,0.0,1,,3.0,0.0,1,2.0,00,,2.0,,,2.0,,,,
86901105,869011,86901,00869,0139,2022,nacional,0,2,mujer,0-2,2720,0,1.0,"No tiene necesidad, está pequeño",,,0,1,0.0,1.0,0.0,,0,0.0,,,,,,5,2,2,0.0,0.0,2,1.0,,,1,2.0,00,,1.0,2.0,,2.0,,,,
86910103,869101,86910,00869,0139,2022,nacional,2,2,mujer,0-2,2720,1,,,6.0,2300.0,0,1,1.0,0.0,,,0,1.0,0.0,3.0,Abuela,2.0,53.0,3,1,2,,0.0,1,,6.0,2300.0,1,1.0,01,3.0,2.0,,,1.0,2.0,86910101,1.0,1.0
86912104,869121,86912,00869,0139,2022,nacional,1,1,hombre,0-2,2720,0,1.0,"No tiene necesidad, está pequeño",,,0,1,1.0,1.0,0.0,,0,0.0,,1.0,Madre,2.0,30.0,4,1,2,0.0,0.0,2,1.0,,,1,1.0,02,1.0,1.0,2.0,,2.0,,86912102,1.0,1.0
86914103,869141,86914,00869,0139,2022,nacional,0,2,mujer,0-2,2720,0,1.0,"No tiene necesidad, está pequeño",,,0,1,1.0,1.0,0.0,,0,0.0,,1.0,Madre,2.0,27.0,3,1,2,0.0,0.0,2,1.0,,,1,1.0,02,1.0,1.0,2.0,,2.0,,86914102,1.0,1.0
86916103,869161,86916,00869,0139,2022,nacional,2,2,mujer,0-2,2720,1,,,2.0,240.0,0,1,1.0,0.0,,,0,1.0,1.0,2.0,Padre,1.0,32.0,4,2,2,,1.0,1,,2.0,240.0,1,1.0,01,2.0,2.0,,,1.0,1.0,86916101,1.0,1.0
86916104,869161,86916,00869,0139,2022,nacional,0,1,hombre,0-2,2720,0,1.0,"No tiene necesidad, está pequeño",,,0,1,1.0,0.0,,,0,0.0,,1.0,Madre,2.0,37.0,4,2,2,0.0,0.0,2,1.0,,,1,1.0,02,1.0,2.0,,,2.0,,86916102,1.0,1.0
86920106,869201,86920,00869,0139,2022,nacional,1,2,mujer,0-2,2720,0,1.0,"No tiene necesidad, está pequeño",,,0,1,1.0,0.0,,,0,0.0,,3.0,Abuela,2.0,38.0,6,1,4,0.0,0.0,2,1.0,,,1,1.0,02,3.0,2.0,,,2.0,,86920102,2.0,0.0
87003105,870031,87003,00870,0138,2022,nacional,3,2,mujer,3-5,4029,1,,,3.0,0.0,0,1,1.0,0.0,,,0,0.0,,3.0,Abuela,2.0,39.0,5,1,3,,0.0,1,,3.0,0.0,1,1.0,02,3.0,2.0,,,2.0,,87003102,1.0,1.0
87004105,870041,87004,00870,0138,2022,nacional,0,2,mujer,0-2,4029,0,1.0,"No tiene necesidad, está pequeño",,,0,1,1.0,1.0,0.0,,0,0.0,,1.0,Madre,2.0,31.0,5,1,3,0.0,0.0,2,1.0,,,1,1.0,01,1.0,1.0,2.0,,2.0,,87004101,1.0,1.0
87005103,870051,87005,00870,0138,2022,nacional,2,2,mujer,0-2,4029,0,1.0,"No tiene necesidad, está pequeño",,,0,1,1.0,1.0,0.0,,0,0.0,,1.0,Madre,2.0,27.0,4,2,2,0.0,0.0,2,1.0,,,1,1.0,02,1.0,1.0,2.0,,2.0,,87005102,2.0,0.0
87005104,870051,87005,00870,0138,2022,nacional,0,2,mujer,0-2,4029,0,1.0,"No tiene necesidad, está pequeño",,,0,1,1.0,1.0,0.0,,0,0.0,,1.0,Madre,2.0,27.0,4,2,2,0.0,0.0,2,1.0,,,1,1.0,02,1.0,1.0,2.0,,2.0,,87005102,2.0,0.0
87006103,870061,87006,00870,0138,2022,nacional,0,2,mujer,0-2,4029,0,1.0,"No tiene necesidad, está pequeño",,,0,1,1.0,0.0,,,0,0.0,,1.0,Madre,2.0,31.0,3,1,2,0.0,0.0,2,1.0,,,1,1.0,02,1.0,2.0,,,2.0,,87006102,2.0,0.0
87009103,870091,87009,00870,0138,2022,nacional,5,2,mujer,3-5,4029,1,,,3.0,0.0,0,1,1.0,0.0,,,0,0.0,,1.0,Madre,2.0,40.0,4,2,2,,0.0,1,,3.0,0.0,1,1.0,02,1.0,2.0,,,2.0,,87009102,2.0,0.0
87009104,870091,87009,00870,0138,2022,nacional,0,2,mujer,0-2,4029,0,1.0,"No tiene necesidad, está pequeño",,,0,1,1.0,0.0,,,0,0.0,,1.0,Madre,2.0,40.0,4,2,2,0.0,0.0,2,1.0,,,1,1.0,02,1.0,2.0,,,2.0,,87009102,2.0,0.0
87010103,870101,87010,00870,0138,2022,nacional,1,2,mujer,0-2,4029,0,6.0,Otra razón,,,0,1,1.0,1.0,0.0,,0,0.0,,1.0,Madre,2.0,21.0,3,1,2,0.0,0.0,2,6.0,,,1,1.0,02,1.0,1.0,2.0,,2.0,,87010102,2.0,0.0
87015104,870151,87015,00870,0138,2022,nacional,4,2,mujer,3-5,4029,1,,,3.0,0.0,0,1,1.0,0.0,,,0,1.0,0.0,1.0,Madre,2.0,34.0,6,2,3,,0.0,1,,3.0,0.0,1,1.0,01,1.0,2.0,,,1.0,2.0,87015101,2.0,0.0
87015105,870151,87015,00870,0138,2022,nacional,0,1,hombre,0-2,4029,0,1.0,"No tiene necesidad, está pequeño",,,0,1,1.0,0.0,,,0,1.0,0.0,1.0,Madre,2.0,34.0,6,2,3,0.0,0.0,2,1.0,,,1,1.0,01,1.0,2.0,,,1.0,2.0,87015101,2.0,0.0
87102107,871021,87102,00871,0139,2022,nacional,0,2,mujer,0-2,2673,0,1.0,"No tiene necesidad, está pequeño",,,0,1,1.0,0.0,,,0,0.0,,3.0,Abuela,2.0,49.0,7,1,5,0.0,0.0,2,1.0,,,1,1.0,03,3.0,2.0,,,2.0,,87102103,1.0,1.0
87104105,871041,87104,00871,0139,2022,nacional,5,1,hombre,3-5,2673,0,7.0,Asiste a primaria,,,0,1,1.0,0.0,,,0,0.0,,1.0,Madre,2.0,36.0,5,1,4,0.0,0.0,2,7.0,,,1,1.0,04,1.0,2.0,,,2.0,,87104104,1.0,1.0
87108104,871081,87108,00871,0139,2022,nacional,4,1,hombre,3-5,2673,1,,,3.0,0.0,0,1,1.0,0.0,,,0,0.0,,1.0,Madre,2.0,32.0,5,2,3,,0.0,1,,3.0,0.0,1,1.0,02,1.0,2.0,,,2.0,,87108102,2.0,0.0
87108105,871081,87108,00871,0139,2022,nacional,0,1,hombre,0-2,2673,0,1.0,"No tiene necesidad, está pequeño",,,0,1,1.0,0.0,,,0,0.0,,1.0,Madre,2.0,32.0,5,2,3,0.0,0.0,2,1.0,,,1,1.0,02,1.0,2.0,,,2.0,,87108102,2.0,0.0
87114104,871141,87114,00871,0139,2022,nacional,3,2,mujer,3-5,2673,1,,,3.0,0.0,0,1,1.0,0.0,,,0,0.0,,1.0,Madre,2.0,25.0,4,1,2,,0.0,1,,3.0,0.0,1,1.0,01,1.0,2.0,,,2.0,,87114101,2.0,0.0
87118103,871181,87118,00871,0139,2022,nacional,4,2,mujer,3-5,2673,1,,,3.0,0.0,0,1,1.0,0.0,,,0,0.0,,1.0,Madre,2.0,29.0,3,1,2,,0.0,1,,3.0,0.0,1,1.0,02,1.0,2.0,,,2.0,,87118102,,
87119104,871191,87119,00871,0139,2022,nacional,2,1,hombre,0-2,2673,0,6.0,Otra razón,,,0,1,1.0,1.0,1.0,150.0,0,0.0,,1.0,Madre,2.0,38.0,4,1,2,0.0,0.0,2,6.0,,,1,1.0,02,1.0,1.0,1.0,150.0,2.0,,87119102,1.0,1.0
87301104,873011,87301,00873,0138,2022,nacional,2,1,hombre,0-2,3437,0,6.0,Otra razón,,,0,1,1.0,1.0,0.0,,0,0.0,,1.0,Madre,2.0,28.0,4,1,2,0.0,0.0,2,6.0,,,1,1.0,02,1.0,1.0,2.0,,2.0,,87301102,1.0,1.0
87303105,873031,87303,00873,0138,2022,nacional,3,2,mujer,3-5,3437,0,5.0,Enfermedad o discapacidad,,,0,1,1.0,0.0,,,0,1.0,0.0,1.0,Madre,2.0,39.0,5,1,2,0.0,0.0,2,5.0,,,1,1.0,02,1.0,2.0,,,1.0,2.0,87303102,1.0,1.0
87304105,873041,87304,00873,0138,2022,nacional,2,1,hombre,0-2,3437,0,1.0,"No tiene necesidad, está pequeño",,,0,1,1.0,0.0,,,0,1.0,1.0,1.0,Madre,2.0,36.0,5,1,3,0.0,1.0,2,1.0,,,1,1.0,01,1.0,2.0,,,1.0,1.0,87304101,2.0,0.0
87307104,873071,87307,00873,0138,2022,nacional,1,2,mujer,0-2,3437,0,1.0,"No tiene necesidad, está pequeño",,,0,1,1.0,0.0,,,0,0.0,,1.0,Madre,2.0,32.0,5,2,2,0.0,0.0,2,1.0,,,1,1.0,02,1.0,2.0,,,2.0,,87307102,2.0,0.0
87307105,873071,87307,00873,0138,2022,nacional,0,2,mujer,0-2,3437,0,2.0,No puede pagar los gastos escolares,,,0,1,1.0,0.0,,,0,0.0,,1.0,Madre,2.0,32.0,5,2,2,1.0,0.0,2,2.0,,,1,1.0,02,1.0,2.0,,,2.0,,87307102,2.0,0.0
87309104,873091,87309,00873,0138,2022,nacional,2,1,hombre,0-2,3437,1,,,2.0,0.0,0,1,1.0,1.0,0.0,,0,1.0,1.0,8.0,Otro parentesco mujer,2.0,21.0,4,1,3,,1.0,1,,2.0,0.0,1,1.0,02,8.0,1.0,2.0,,1.0,1.0,87309102,1.0,1.0
87312107,873121,87312,00873,0138,2022,nacional,5,1,hombre,3-5,3437,1,,,3.0,0.0,0,1,1.0,0.0,,,0,0.0,,1.0,Madre,2.0,38.0,8,2,3,,0.0,1,,3.0,0.0,1,1.0,02,1.0,2.0,,,2.0,,87312102,2.0,0.0
87312108,873121,87312,00873,0138,2022,nacional,0,2,mujer,0-2,3437,0,3.0,No hay centros o quedan lejos,,,0,1,1.0,1.0,0.0,,0,0.0,,1.0,Madre,2.0,38.0,8,2,3,1.0,0.0,2,3.0,,,1,1.0,02,1.0,1.0,2.0,,2.0,,87312102,2.0,0.0
87315107,873151,87315,00873,0138,2022,nacional,3,1,hombre,3-5,3437,1,,,2.0,0.0,0,1,1.0,0.0,,,0,0.0,,1.0,Madre,2.0,30.0,8,1,4,,0.0,1,,2.0,0.0,1,1.0,04,1.0,2.0,,,2.0,,87315104,2.0,0.0
87320104,873201,87320,00873,0138,2022,nacional,1,1,hombre,0-2,3437,0,1.0,"No tiene necesidad, está pequeño",,,0,1,1.0,0.0,,,0,0.0,,1.0,Madre,2.0,31.0,4,1,2,0.0,0.0,2,1.0,,,1,1.0,02,1.0,2.0,,,2.0,,87320102,1.0,1.0
87401104,874011,87401,00874,0140,2022,nacional,4,2,mujer,3-5,2727,1,,,3.0,0.0,0,1,1.0,1.0,0.0,,0,0.0,,1.0,Madre,2.0,35.0,4,1,2,,0.0,1,,3.0,0.0,1,1.0,02,1.0,1.0,2.0,,2.0,,87401102,1.0,1.0
87409104,874091,87409,00874,0140,2022,nacional,3,2,mujer,3-5,2727,1,,,3.0,0.0,0,1,1.0,1.0,0.0,,0,0.0,,1.0,Madre,2.0,24.0,4,1,2,,0.0,1,,3.0,0.0,1,1.0,02,1.0,1.0,2.0,,2.0,,87409102,1.0,1.0
87411103,874111,87411,00874,0140,2022,nacional,1,2,mujer,0-2,2727,0,1.0,"No tiene necesidad, está pequeño",,,0,1,1.0,1.0,0.0,,0,1.0,0.0,1.0,Madre,2.0,38.0,3,1,2,0.0,0.0,2,1.0,,,1,1.0,02,1.0,1.0,2.0,,1.0,2.0,87411102,2.0,0.0
87419104,874191,87419,00874,0140,2022,nacional,2,2,mujer,0-2,2727,0,1.0,"No tiene necesidad, está pequeño",,,0,1,1.0,1.0,0.0,,0,0.0,,1.0,Madre,2.0,31.0,4,1,2,0.0,0.0,2,1.0,,,1,1.0,02,1.0,1.0,2.0,,2.0,,87419102,2.0,0.0
87502103,875021,87502,00875,0140,2022,nacional,0,1,hombre,0-2,2837,1,,,1.0,0.0,0,1,1.0,1.0,0.0,,0,0.0,,1.0,Madre,2.0,20.0,3,1,2,,0.0,1,,1.0,0.0,1,1.0,02,1.0,1.0,2.0,,2.0,,87502102,2.0,0.0
87503103,875031,87503,00875,0140,2022,nacional,4,2,mujer,3-5,2837,1,,,3.0,0.0,0,1,1.0,1.0,0.0,,0,0.0,,1.0,Madre,2.0,20.0,4,2,2,,0.0,1,,3.0,0.0,1,1.0,02,1.0,1.0,2.0,,2.0,,87503102,2.0,0.0
87503104,875031,87503,00875,0140,2022,nacional,0,2,mujer,0-2,2837,0,1.0,"No tiene necesidad, está pequeño",,,0,1,1.0,1.0,0.0,,0,0.0,,1.0,Madre,2.0,20.0,4,2,2,0.0,0.0,2,1.0,,,1,1.0,02,1.0,1.0,2.0,,2.0,,87503102,2.0,0.0
87514104,875141,87514,00875,0140,2022,nacional,5,1,hombre,3-5,2837,1,,,3.0,0.0,0,0,,,,,0,,,,,,,4,1,2,,,1,,3.0,0.0,2,,,,,,,,,,,
87519104,875191,87519,00875,0140,2022,nacional,4,2,mujer,3-5,2837,1,,,3.0,0.0,0,1,1.0,1.0,0.0,,0,0.0,,1.0,Madre,2.0,37.0,4,1,2,,0.0,1,,3.0,0.0,1,1.0,02,1.0,1.0,2.0,,2.0,,87519102,1.0,1.0
87520103,875201,87520,00875,0140,2022,nacional,3,1,hombre,3-5,2837,1,,,3.0,0.0,0,1,1.0,1.0,0.0,,0,0.0,,1.0,Madre,2.0,27.0,4,2,2,,0.0,1,,3.0,0.0,1,1.0,01,1.0,1.0,2.0,,2.0,,87520101,2.0,0.0
87520104,875201,87520,00875,0140,2022,nacional,5,2,mujer,3-5,2837,1,,,3.0,0.0,0,1,1.0,1.0,0.0,,0,0.0,,1.0,Madre,2.0,27.0,4,2,2,,0.0,1,,3.0,0.0,1,1.0,01,1.0,1.0,2.0,,2.0,,87520101,2.0,0.0
87604103,876041,87604,00876,0147,2022,nacional,1,1,hombre,0-2,1503,1,,,7.0,0.0,0,1,1.0,0.0,,,0,0.0,,2.0,Padre,1.0,34.0,3,1,2,,0.0,1,,7.0,0.0,1,1.0,01,2.0,2.0,,,2.0,,87604101,1.0,1.0
87705103,877051,87705,00877,0147,2022,nacional,3,1,hombre,3-5,1486,1,,,3.0,80.0,0,1,1.0,0.0,,,0,0.0,,1.0,Madre,2.0,24.0,4,2,2,,0.0,1,,3.0,80.0,1,1.0,02,1.0,2.0,,,2.0,,87705102,2.0,0.0
87705104,877051,87705,00877,0147,2022,nacional,1,1,hombre,0-2,1486,0,1.0,"No tiene necesidad, está pequeño",,,0,1,1.0,0.0,,,0,0.0,,1.0,Madre,2.0,24.0,4,2,2,0.0,0.0,2,1.0,,,1,1.0,02,1.0,2.0,,,2.0,,87705102,2.0,0.0
87904105,879041,87904,00879,0146,2022,nacional,3,2,mujer,3-5,2436,0,2.0,No puede pagar los gastos escolares,,,0,1,1.0,0.0,,,0,0.0,,1.0,Madre,2.0,31.0,6,2,3,1.0,0.0,2,2.0,,,1,1.0,03,1.0,2.0,,,2.0,,87904103,2.0,0.0
87904106,879041,87904,00879,0146,2022,nacional,0,2,mujer,0-2,2436,0,1.0,"No tiene necesidad, está pequeño",,,0,1,1.0,0.0,,,0,0.0,,1.0,Madre,2.0,31.0,6,2,3,0.0,0.0,2,1.0,,,1,1.0,03,1.0,2.0,,,2.0,,87904103,2.0,0.0
88101104,881011,88101,00881,0146,2022,nacional,5,2,mujer,3-5,1970,1,,,4.0,42.0,0,1,1.0,0.0,,,0,0.0,,3.0,Abuela,2.0,49.0,4,1,2,,0.0,1,,4.0,42.0,1,1.0,02,3.0,2.0,,,2.0,,88101102,2.0,0.0
88203104,882031,88203,00882,0147,2022,nacional,1,2,mujer,0-2,1486,0,1.0,"No tiene necesidad, está pequeño",,,0,1,1.0,0.0,,,0,0.0,,1.0,Madre,2.0,27.0,4,1,3,0.0,0.0,2,1.0,,,1,1.0,02,1.0,2.0,,,2.0,,88203102,1.0,1.0
88205103,882051,88205,00882,0147,2022,nacional,5,1,hombre,3-5,1486,1,,,4.0,80.0,0,1,1.0,0.0,,,0,0.0,,1.0,Madre,2.0,38.0,3,1,2,,0.0,1,,4.0,80.0,1,1.0,02,1.0,2.0,,,2.0,,88205102,2.0,0.0
88403105,884031,88403,00884,0146,2022,nacional,4,1,hombre,3-5,2003,1,,,3.0,37.0,0,1,1.0,0.0,,,0,0.0,,1.0,Madre,2.0,40.0,7,2,4,,0.0,1,,3.0,37.0,1,1.0,02,1.0,2.0,,,2.0,,88403102,2.0,0.0
88403107,884031,88403,00884,0146,2022,nacional,1,2,mujer,0-2,2003,0,1.0,"No tiene necesidad, está pequeño",,,0,1,1.0,0.0,,,0,0.0,,3.0,Abuela,2.0,40.0,7,2,4,0.0,0.0,2,1.0,,,1,1.0,02,3.0,2.0,,,2.0,,88403102,2.0,0.0
88503103,885031,88503,00885,0148,2022,nacional,5,1,hombre,3-5,2206,1,,,6.0,1600.0,0,1,1.0,0.0,,,0,0.0,,1.0,Madre,2.0,33.0,4,1,2,,0.0,1,,6.0,1600.0,1,1.0,02,1.0,2.0,,,2.0,,88503102,1.0,1.0
88504104,885041,88504,00885,0148,2022,nacional,1,2,mujer,0-2,2206,0,1.0,"No tiene necesidad, está pequeño",,,0,1,1.0,0.0,,,0,0.0,,1.0,Madre,2.0,28.0,4,1,2,0.0,0.0,2,1.0,,,1,1.0,02,1.0,2.0,,,2.0,,88504102,1.0,1.0
88703104,887031,88703,00887,0147,2022,nacional,0,2,mujer,0-2,1643,0,1.0,"No tiene necesidad, está pequeño",,,0,1,1.0,0.0,,,0,0.0,,1.0,Madre,2.0,33.0,4,1,2,0.0,0.0,2,1.0,,,1,1.0,02,1.0,2.0,,,2.0,,88703102,1.0,1.0
88704104,887041,88704,00887,0147,2022,nacional,5,1,hombre,3-5,1643,1,,,3.0,50.0,0,1,1.0,0.0,,,0,0.0,,1.0,Madre,2.0,30.0,5,2,2,,0.0,1,,3.0,50.0,1,1.0,02,1.0,2.0,,,2.0,,88704102,2.0,0.0
88704105,887041,88704,00887,0147,2022,nacional,1,1,hombre,0-2,1643,0,1.0,"No tiene necesidad, está pequeño",,,0,1,1.0,0.0,,,0,0.0,,1.0,Madre,2.0,30.0,5,2,2,0.0,0.0,2,1.0,,,1,1.0,02,1.0,2.0,,,2.0,,88704102,2.0,0.0
88803103,888031,88803,00888,0147,2022,nacional,4,1,hombre,3-5,1375,1,,,3.0,0.0,0,1,1.0,1.0,0.0,,0,0.0,,1.0,Madre,2.0,24.0,3,1,2,,0.0,1,,3.0,0.0,1,1.0,02,1.0,1.0,2.0,,2.0,,88803102,2.0,0.0
88901105,889011,88901,00889,0147,2022,nacional,5,1,hombre,3-5,1744,0,7.0,Asiste a primaria,,,0,1,1.0,0.0,,,0,0.0,,1.0,Madre,2.0,36.0,5,1,2,0.0,0.0,2,7.0,,,1,1.0,02,1.0,2.0,,,2.0,,88901102,1.0,1.0
88902105,889021,88902,00889,0147,2022,nacional,0,2,mujer,0-2,1744,0,2.0,No puede pagar los gastos escolares,,,0,1,1.0,0.0,,,0,0.0,,1.0,Madre,2.0,31.0,5,1,2,1.0,0.0,2,2.0,,,1,1.0,02,1.0,2.0,,,2.0,,88902102,1.0,1.0
88903105,889031,88903,00889,0147,2022,nacional,5,1,hombre,3-5,1744,1,,,3.0,40.0,0,1,1.0,0.0,,,0,0.0,,1.0,Madre,2.0,41.0,5,1,2,,0.0,1,,3.0,40.0,1,1.0,02,1.0,2.0,,,2.0,,88903102,1.0,1.0
89004103,890041,89004,00890,0148,2022,nacional,4,1,hombre,3-5,2352,1,,,3.0,0.0,0,1,1.0,0.0,,,0,0.0,,1.0,Madre,2.0,46.0,3,1,2,,0.0,1,,3.0,0.0,1,1.0,02,1.0,2.0,,,2.0,,89004102,1.0,1.0
89104106,891041,89104,00891,0144,2022,nacional,5,1,hombre,3-5,3019,1,,,3.0,0.0,0,1,1.0,0.0,,,0,0.0,,1.0,Madre,2.0,30.0,7,1,5,,0.0,1,,3.0,0.0,1,1.0,04,1.0,2.0,,,2.0,,89104104,2.0,0.0
89107103,891071,89107,00891,0144,2022,nacional,3,2,mujer,3-5,3019,0,1.0,"No tiene necesidad, está pequeño",,,0,1,1.0,0.0,,,0,0.0,,3.0,Abuela,2.0,64.0,3,1,2,0.0,0.0,2,1.0,,,1,1.0,01,3.0,2.0,,,2.0,,89107101,2.0,0.0
89108105,891081,89108,00891,0144,2022,nacional,5,2,mujer,3-5,3019,1,,,4.0,,0,1,1.0,0.0,,,0,0.0,,3.0,Abuela,2.0,61.0,6,1,4,,0.0,1,,4.0,99999.0,1,1.0,01,3.0,2.0,,,2.0,,89108101,1.0,1.0
89111103,891111,89111,00891,0144,2022,nacional,0,2,mujer,0-2,3019,0,1.0,"No tiene necesidad, está pequeño",,,0,1,1.0,0.0,,,0,0.0,,1.0,Madre,2.0,23.0,3,1,2,0.0,0.0,2,1.0,,,1,1.0,02,1.0,2.0,,,2.0,,89111102,2.0,0.0
89116106,891161,89116,00891,0144,2022,nacional,3,2,mujer,3-5,3019,0,1.0,"No tiene necesidad, está pequeño",,,0,1,1.0,0.0,,,0,0.0,,1.0,Madre,2.0,24.0,6,1,3,0.0,0.0,2,1.0,,,1,1.0,03,1.0,2.0,,,2.0,,89116103,1.0,1.0
89118107,891181,89118,00891,0144,2022,nacional,5,1,hombre,3-5,3019,1,,,3.0,60.0,0,1,1.0,0.0,,,0,0.0,,1.0,Madre,2.0,36.0,7,1,2,,0.0,1,,3.0,60.0,1,1.0,02,1.0,2.0,,,2.0,,89118102,1.0,1.0
89119104,891191,89119,00891,0144,2022,nacional,3,2,mujer,3-5,3019,0,1.0,"No tiene necesidad, está pequeño",,,0,1,1.0,0.0,,,0,0.0,,1.0,Madre,2.0,29.0,4,1,2,0.0,0.0,2,1.0,,,1,1.0,02,1.0,2.0,,,2.0,,89119102,2.0,0.0
89207103,892071,89207,00892,0144,2022,nacional,3,2,mujer,3-5,2784,0,1.0,"No tiene necesidad, está pequeño",,,0,1,1.0,0.0,,,0,0.0,,1.0,Madre,2.0,20.0,4,2,2,0.0,0.0,2,1.0,,,1,1.0,02,1.0,2.0,,,2.0,,89207102,2.0,0.0
89207104,892071,89207,00892,0144,2022,nacional,1,2,mujer,0-2,2784,0,1.0,"No tiene necesidad, está pequeño",,,0,1,1.0,0.0,,,0,0.0,,1.0,Madre,2.0,20.0,4,2,2,0.0,0.0,2,1.0,,,1,1.0,02,1.0,2.0,,,2.0,,89207102,2.0,0.0
89215103,892151,89215,00892,0144,2022,nacional,0,2,mujer,0-2,2784,0,1.0,"No tiene necesidad, está pequeño",,,0,1,1.0,0.0,,,0,0.0,,1.0,Madre,2.0,17.0,3,1,1,0.0,0.0,2,1.0,,,1,1.0,02,1.0,2.0,,,2.0,,89215102,2.0,0.0
89218103,892181,89218,00892,0144,2022,nacional,4,2,mujer,3-5,2784,0,1.0,"No tiene necesidad, está pequeño",,,0,1,1.0,0.0,,,0,0.0,,1.0,Madre,2.0,26.0,3,1,1,0.0,0.0,2,1.0,,,1,1.0,01,1.0,2.0,,,2.0,,89218101,2.0,0.0
89304103,893041,89304,00893,0144,2022,nacional,5,1,hombre,3-5,2626,1,,,3.0,0.0,0,1,1.0,0.0,,,0,0.0,,1.0,Madre,2.0,45.0,3,1,2,,0.0,1,,3.0,0.0,1,1.0,02,1.0,2.0,,,2.0,,89304102,1.0,1.0
89309103,893091,89309,00893,0144,2022,nacional,4,1,hombre,3-5,2626,1,,,3.0,0.0,0,1,1.0,0.0,,,0,0.0,,1.0,Madre,1.0,37.0,4,1,2,,0.0,1,,3.0,0.0,1,1.0,01,1.0,2.0,,,2.0,,89309101,1.0,1.0
89310106,893101,89310,00893,0144,2022,nacional,3,1,hombre,3-5,2626,1,,,3.0,,0,1,1.0,0.0,,,0,0.0,,1.0,Madre,2.0,25.0,7,2,5,,0.0,1,,3.0,99999.0,1,1.0,05,1.0,2.0,,,2.0,,89310105,2.0,0.0
89310107,893101,89310,00893,0144,2022,nacional,1,2,mujer,0-2,2626,0,1.0,"No tiene necesidad, está pequeño",,,0,1,1.0,0.0,,,0,0.0,,1.0,Madre,2.0,25.0,7,2,5,0.0,0.0,2,1.0,,,1,1.0,05,1.0,2.0,,,2.0,,89310105,2.0,0.0
89315103,893151,89315,00893,0144,2022,nacional,1,2,mujer,0-2,2626,1,,,1.0,0.0,0,1,1.0,0.0,,,0,0.0,,1.0,Madre,2.0,17.0,3,1,1,,0.0,1,,1.0,0.0,1,1.0,02,1.0,2.0,,,2.0,,89315102,2.0,0.0
89319104,893191,89319,00893,0144,2022,nacional,4,1,hombre,3-5,2626,0,1.0,"No tiene necesidad, está pequeño",,,0,1,1.0,1.0,0.0,,0,0.0,,3.0,Abuela,2.0,45.0,4,1,2,0.0,0.0,2,1.0,,,1,1.0,02,3.0,1.0,2.0,,2.0,,89319102,2.0,0.0
89404104,894041,89404,00894,0145,2022,nacional,1,2,mujer,0-2,2316,0,1.0,"No tiene necesidad, está pequeño",,,0,1,1.0,0.0,,,0,0.0,,1.0,Madre,2.0,34.0,4,1,1,0.0,0.0,2,1.0,,,1,1.0,01,1.0,2.0,,,2.0,,89404101,1.0,1.0
89405104,894051,89405,00894,0145,2022,nacional,4,2,mujer,3-5,2316,1,,,3.0,0.0,0,1,1.0,1.0,1.0,,0,0.0,,1.0,Madre,2.0,34.0,5,2,2,,0.0,1,,3.0,0.0,1,1.0,02,1.0,1.0,1.0,99999.0,2.0,,89405102,1.0,1.0
89405105,894051,89405,00894,0145,2022,nacional,0,2,mujer,0-2,2316,0,1.0,"No tiene necesidad, está pequeño",,,0,1,1.0,1.0,0.0,,0,0.0,,1.0,Madre,2.0,34.0,5,2,2,0.0,0.0,2,1.0,,,1,1.0,02,1.0,1.0,2.0,,2.0,,89405102,1.0,1.0
89409104,894091,89409,00894,0145,2022,nacional,5,1,hombre,3-5,2316,1,,,3.0,0.0,0,1,1.0,0.0,,,0,0.0,,1.0,Madre,2.0,32.0,4,1,2,,0.0,1,,3.0,0.0,1,1.0,02,1.0,2.0,,,2.0,,89409102,1.0,1.0
89411104,894111,89411,00894,0145,2022,nacional,2,2,mujer,0-2,2316,0,1.0,"No tiene necesidad, está pequeño",,,0,1,1.0,0.0,,,0,0.0,,3.0,Abuela,2.0,48.0,4,1,2,0.0,0.0,2,1.0,,,1,1.0,01,3.0,2.0,,,2.0,,89411101,2.0,0.0
89416108,894161,89416,00894,0145,2022,nacional,2,2,mujer,0-2,2316,0,1.0,"No tiene necesidad, está pequeño",,,0,1,1.0,0.0,,,0,0.0,,1.0,Madre,2.0,30.0,8,1,4,0.0,0.0,2,1.0,,,1,1.0,04,1.0,2.0,,,2.0,,89416104,2.0,0.0
89417105,894171,89417,00894,0145,2022,nacional,0,2,mujer,0-2,2316,0,1.0,"No tiene necesidad, está pequeño",,,0,1,1.0,1.0,0.0,,0,0.0,,1.0,Madre,2.0,30.0,5,1,1,0.0,0.0,2,1.0,,,1,1.0,01,1.0,1.0,2.0,,2.0,,89417101,2.0,0.0
89501103,895011,89501,00895,0145,2022,nacional,1,2,mujer,0-2,2407,0,3.0,No hay centros o quedan lejos,,,0,1,1.0,0.0,,,0,0.0,,1.0,Madre,2.0,26.0,3,1,2,1.0,0.0,2,3.0,,,1,1.0,02,1.0,2.0,,,2.0,,89501102,1.0,1.0
89505105,895051,89505,00895,0145,2022,nacional,1,2,mujer,0-2,2407,0,1.0,"No tiene necesidad, está pequeño",,,0,1,1.0,0.0,,,0,0.0,,1.0,Madre,2.0,36.0,5,1,2,0.0,0.0,2,1.0,,,1,1.0,02,1.0,2.0,,,2.0,,89505102,2.0,0.0
89506104,895061,89506,00895,0145,2022,nacional,5,1,hombre,3-5,2407,1,,,3.0,50.0,0,1,1.0,0.0,,,0,0.0,,1.0,Madre,2.0,27.0,5,2,2,,0.0,1,,3.0,50.0,1,1.0,02,1.0,2.0,,,2.0,,89506102,2.0,0.0
89506105,895061,89506,00895,0145,2022,nacional,2,1,hombre,0-2,2407,0,1.0,"No tiene necesidad, está pequeño",,,0,1,1.0,0.0,,,0,0.0,,1.0,Madre,2.0,27.0,5,2,2,0.0,0.0,2,1.0,,,1,1.0,02,1.0,2.0,,,2.0,,89506102,2.0,0.0
89510105,895101,89510,00895,0145,2022,nacional,5,1,hombre,3-5,2407,0,7.0,Asiste a primaria,,,0,1,1.0,0.0,,,0,0.0,,1.0,Madre,2.0,35.0,5,1,2,0.0,0.0,2,7.0,,,1,1.0,02,1.0,2.0,,,2.0,,89510102,2.0,0.0
89514104,895141,89514,00895,0145,2022,nacional,5,1,hombre,3-5,2407,1,,,3.0,50.0,0,1,1.0,1.0,1.0,,0,0.0,,1.0,Madre,2.0,33.0,4,1,2,,0.0,1,,3.0,50.0,1,1.0,02,1.0,1.0,1.0,99999.0,2.0,,89514102,1.0,1.0
89515105,895151,89515,00895,0145,2022,nacional,0,2,mujer,0-2,2407,0,1.0,"No tiene necesidad, está pequeño",,,0,1,1.0,0.0,,,0,0.0,,1.0,Madre,2.0,38.0,5,1,2,0.0,0.0,2,1.0,,,1,1.0,02,1.0,2.0,,,2.0,,89515102,2.0,0.0
89520104,895201,89520,00895,0145,2022,nacional,3,2,mujer,3-5,2407,1,,,3.0,30.0,0,1,1.0,0.0,,,0,0.0,,1.0,Madre,2.0,30.0,5,2,2,,0.0,1,,3.0,30.0,1,1.0,02,1.0,2.0,,,2.0,,89520102,2.0,0.0
89520105,895201,89520,00895,0145,2022,nacional,0,2,mujer,0-2,2407,0,1.0,"No tiene necesidad, está pequeño",,,0,1,1.0,0.0,,,0,0.0,,1.0,Madre,2.0,30.0,5,2,2,0.0,0.0,2,1.0,,,1,1.0,02,1.0,2.0,,,2.0,,89520102,2.0,0.0
89604106,896041,89604,00896,0145,2022,nacional,0,2,mujer,0-2,2098,0,1.0,"No tiene necesidad, está pequeño",,,0,1,1.0,1.0,0.0,,0,0.0,,1.0,Madre,2.0,20.0,6,1,4,0.0,0.0,2,1.0,,,1,1.0,04,1.0,1.0,2.0,,2.0,,89604104,2.0,0.0
89609104,896091,89609,00896,0145,2022,nacional,4,2,mujer,3-5,2098,1,,,3.0,0.0,0,1,1.0,0.0,,,0,0.0,,2.0,Padre,1.0,25.0,5,1,4,,0.0,1,,3.0,0.0,1,1.0,03,2.0,2.0,,,2.0,,89609103,1.0,1.0
89617104,896171,89617,00896,0145,2022,nacional,4,1,hombre,3-5,2098,1,,,3.0,0.0,0,1,1.0,0.0,,,0,0.0,,1.0,Madre,2.0,41.0,4,1,2,,0.0,1,,3.0,0.0,1,1.0,02,1.0,2.0,,,2.0,,89617102,1.0,1.0
89619104,896191,89619,00896,0145,2022,nacional,5,1,hombre,3-5,2098,1,,,3.0,0.0,0,1,1.0,0.0,,,0,0.0,,1.0,Madre,2.0,38.0,4,1,2,,0.0,1,,3.0,0.0,1,1.0,02,1.0,2.0,,,2.0,,89619102,1.0,1.0
89701107,897011,89701,00897,0145,2022,nacional,2,1,hombre,0-2,2135,0,1.0,"No tiene necesidad, está pequeño",,,0,1,1.0,0.0,,,0,0.0,,1.0,Madre,2.0,26.0,7,1,5,0.0,0.0,2,1.0,,,1,1.0,04,1.0,2.0,,,2.0,,89701104,2.0,0.0
89706106,897061,89706,00897,0145,2022,nacional,0,2,mujer,0-2,2135,0,1.0,"No tiene necesidad, está pequeño",,,0,1,1.0,0.0,,,0,0.0,,3.0,Abuela,2.0,62.0,6,1,4,0.0,0.0,2,1.0,,,1,1.0,02,3.0,2.0,,,2.0,,89706102,2.0,0.0
89713105,897131,89713,00897,0145,2022,nacional,4,1,hombre,3-5,2135,1,,,3.0,50.0,0,1,1.0,0.0,,,0,0.0,,1.0,Madre,2.0,33.0,6,2,2,,0.0,1,,3.0,50.0,1,1.0,02,1.0,2.0,,,2.0,,89713102,1.0,1.0
89713106,897131,89713,00897,0145,2022,nacional,3,2,mujer,3-5,2135,1,,,3.0,50.0,0,1,1.0,0.0,,,0,0.0,,1.0,Madre,2.0,33.0,6,2,2,,0.0,1,,3.0,50.0,1,1.0,02,1.0,2.0,,,2.0,,89713102,1.0,1.0
89715105,897151,89715,00897,0145,2022,nacional,3,2,mujer,3-5,2135,1,,,3.0,0.0,0,1,1.0,0.0,,,0,0.0,,1.0,Madre,2.0,34.0,5,1,2,,0.0,1,,3.0,0.0,1,1.0,02,1.0,2.0,,,2.0,,89715102,2.0,0.0
89717103,897171,89717,00897,0145,2022,nacional,3,1,hombre,3-5,2135,1,,,6.0,19.0,0,1,1.0,0.0,,,0,1.0,0.0,1.0,Madre,2.0,29.0,3,1,1,,0.0,1,,6.0,19.0,1,1.0,01,1.0,2.0,,,1.0,2.0,89717101,2.0,0.0
