 MUN,AÑO,SEXO,NOM_ENT,EDAD_QUIN,PORCENTAJE
"Álvaro Obregón","2015","Hombres","Ciudad de México","Hasta 4 años","0.267377317845959"
"Álvaro Obregón","2015","Hombres","Ciudad de México","5 a 9 años","0.28593399475026"
"Álvaro Obregón","2015","Hombres","Ciudad de México","10 a 14 años","0.303673780464246"
"Álvaro Obregón","2015","Hombres","Ciudad de México","15 a 19 años","0.324548662097816"
"Álvaro Obregón","2015","Hombres","Ciudad de México","20 a 24 años","0.350313851803133"
"Álvaro Obregón","2015","Hombres","Ciudad de México","25 a 29 años","0.345346270240411"
"Álvaro Obregón","2015","Hombres","Ciudad de México","30 a 34 años","0.322219418298407"
"Álvaro Obregón","2015","Hombres","Ciudad de México","35 a 39 años","0.305329640985153"
"Álvaro Obregón","2015","Hombres","Ciudad de México","40 a 44 años","0.295515907631243"
"Álvaro Obregón","2015","Hombres","Ciudad de México","45 a 49 años","0.264860409854181"
"Álvaro Obregón","2015","Hombres","Ciudad de México","50 a 54 años","0.232946458081229"
"Álvaro Obregón","2015","Hombres","Ciudad de México","55 a 59 años","0.198206504352595"
"Álvaro Obregón","2015","Hombres","Ciudad de México","60 a 64 años","0.155860631297928"
"Álvaro Obregón","2015","Hombres","Ciudad de México","65 y más","0.308321228992926"
"Álvaro Obregón","2016","Hombres","Ciudad de México","Hasta 4 años","0.26063647077145"
"Álvaro Obregón","2016","Hombres","Ciudad de México","5 a 9 años","0.279412723009414"
"Álvaro Obregón","2016","Hombres","Ciudad de México","10 a 14 años","0.298862711357092"
"Álvaro Obregón","2016","Hombres","Ciudad de México","15 a 19 años","0.319163153482608"
"Álvaro Obregón","2016","Hombres","Ciudad de México","20 a 24 años","0.346709020001127"
"Álvaro Obregón","2016","Hombres","Ciudad de México","25 a 29 años","0.347228128151235"
"Álvaro Obregón","2016","Hombres","Ciudad de México","30 a 34 años","0.325447675555197"
"Álvaro Obregón","2016","Hombres","Ciudad de México","35 a 39 años","0.304904246636014"
"Álvaro Obregón","2016","Hombres","Ciudad de México","40 a 44 años","0.295438806537228"
"Álvaro Obregón","2016","Hombres","Ciudad de México","45 a 49 años","0.267760401767618"
"Álvaro Obregón","2016","Hombres","Ciudad de México","50 a 54 años","0.236194208299324"
"Álvaro Obregón","2016","Hombres","Ciudad de México","55 a 59 años","0.203788605907451"
"Álvaro Obregón","2016","Hombres","Ciudad de México","60 a 64 años","0.1624366715669"
"Álvaro Obregón","2016","Hombres","Ciudad de México","65 y más","0.320709433078676"
"Álvaro Obregón","2017","Hombres","Ciudad de México","Hasta 4 años","0.255528569404689"
"Álvaro Obregón","2017","Hombres","Ciudad de México","5 a 9 años","0.273441980770213"
"Álvaro Obregón","2017","Hombres","Ciudad de México","10 a 14 años","0.293941288656114"
"Álvaro Obregón","2017","Hombres","Ciudad de México","15 a 19 años","0.314164325546249"
"Álvaro Obregón","2017","Hombres","Ciudad de México","20 a 24 años","0.341603560845814"
"Álvaro Obregón","2017","Hombres","Ciudad de México","25 a 29 años","0.34809040382642"
"Álvaro Obregón","2017","Hombres","Ciudad de México","30 a 34 años","0.328806688321892"
"Álvaro Obregón","2017","Hombres","Ciudad de México","35 a 39 años","0.306262975067316"
"Álvaro Obregón","2017","Hombres","Ciudad de México","40 a 44 años","0.295278440275626"
"Álvaro Obregón","2017","Hombres","Ciudad de México","45 a 49 años","0.270933440128649"
"Álvaro Obregón","2017","Hombres","Ciudad de México","50 a 54 años","0.239239631494275"
"Álvaro Obregón","2017","Hombres","Ciudad de México","55 a 59 años","0.208451991726015"
"Álvaro Obregón","2017","Hombres","Ciudad de México","60 a 64 años","0.16823798558219"
"Álvaro Obregón","2017","Hombres","Ciudad de México","65 y más","0.332773939821105"
"Álvaro Obregón","2018","Hombres","Ciudad de México","Hasta 4 años","0.25103427070712"
"Álvaro Obregón","2018","Hombres","Ciudad de México","5 a 9 años","0.267392365890441"
"Álvaro Obregón","2018","Hombres","Ciudad de México","10 a 14 años","0.288838171543219"
"Álvaro Obregón","2018","Hombres","Ciudad de México","15 a 19 años","0.309587182066484"
"Álvaro Obregón","2018","Hombres","Ciudad de México","20 a 24 años","0.335844192184945"
"Álvaro Obregón","2018","Hombres","Ciudad de México","25 a 29 años","0.348032576831341"
"Álvaro Obregón","2018","Hombres","Ciudad de México","30 a 34 años","0.331984168372248"
"Álvaro Obregón","2018","Hombres","Ciudad de México","35 a 39 años","0.308613880933197"
"Álvaro Obregón","2018","Hombres","Ciudad de México","40 a 44 años","0.294567375941434"
"Álvaro Obregón","2018","Hombres","Ciudad de México","45 a 49 años","0.273685642536356"
"Álvaro Obregón","2018","Hombres","Ciudad de México","50 a 54 años","0.242263500267381"
"Álvaro Obregón","2018","Hombres","Ciudad de México","55 a 59 años","0.212677357863471"
"Álvaro Obregón","2018","Hombres","Ciudad de México","60 a 64 años","0.173966517334991"
"Álvaro Obregón","2018","Hombres","Ciudad de México","65 y más","0.3453559987148"
"Álvaro Obregón","2019","Hombres","Ciudad de México","Hasta 4 años","0.247153953737997"
"Álvaro Obregón","2019","Hombres","Ciudad de México","5 a 9 años","0.261194149667381"
"Álvaro Obregón","2019","Hombres","Ciudad de México","10 a 14 años","0.283516732469935"
"Álvaro Obregón","2019","Hombres","Ciudad de México","15 a 19 años","0.305374261464102"
"Álvaro Obregón","2019","Hombres","Ciudad de México","20 a 24 años","0.329889240791907"
"Álvaro Obregón","2019","Hombres","Ciudad de México","25 a 29 años","0.346896922927186"
"Álvaro Obregón","2019","Hombres","Ciudad de México","30 a 34 años","0.334783378489689"
"Álvaro Obregón","2019","Hombres","Ciudad de México","35 a 39 años","0.311729996845385"
"Álvaro Obregón","2019","Hombres","Ciudad de México","40 a 44 años","0.293747916254439"
"Álvaro Obregón","2019","Hombres","Ciudad de México","45 a 49 años","0.275765835663493"
"Álvaro Obregón","2019","Hombres","Ciudad de México","50 a 54 años","0.245326956633622"
"Álvaro Obregón","2019","Hombres","Ciudad de México","55 a 59 años","0.216493620513656"
"Álvaro Obregón","2019","Hombres","Ciudad de México","60 a 64 años","0.179543988166374"
"Álvaro Obregón","2019","Hombres","Ciudad de México","65 y más","0.358467904588232"
"Álvaro Obregón","2020","Hombres","Ciudad de México","Hasta 4 años","0.243883643274572"
"Álvaro Obregón","2020","Hombres","Ciudad de México","5 a 9 años","0.254816549492745"
"Álvaro Obregón","2020","Hombres","Ciudad de México","10 a 14 años","0.278079467591861"
"Álvaro Obregón","2020","Hombres","Ciudad de México","15 a 19 años","0.30123150428917"
"Álvaro Obregón","2020","Hombres","Ciudad de México","20 a 24 años","0.324172866323045"
"Álvaro Obregón","2020","Hombres","Ciudad de México","25 a 29 años","0.344563956115359"
"Álvaro Obregón","2020","Hombres","Ciudad de México","30 a 34 años","0.337134902194287"
"Álvaro Obregón","2020","Hombres","Ciudad de México","35 a 39 años","0.315313442318663"
"Álvaro Obregón","2020","Hombres","Ciudad de México","40 a 44 años","0.293203690798341"
"Álvaro Obregón","2020","Hombres","Ciudad de México","45 a 49 años","0.277059358695236"
"Álvaro Obregón","2020","Hombres","Ciudad de México","50 a 54 años","0.248418692608479"
"Álvaro Obregón","2020","Hombres","Ciudad de México","55 a 59 años","0.219999789325337"
"Álvaro Obregón","2020","Hombres","Ciudad de México","60 a 64 años","0.184861473092687"
"Álvaro Obregón","2020","Hombres","Ciudad de México","65 y más","0.372095808184045"
"Álvaro Obregón","2021","Hombres","Ciudad de México","Hasta 4 años","0.240308926415401"
"Álvaro Obregón","2021","Hombres","Ciudad de México","5 a 9 años","0.249194037157755"
"Álvaro Obregón","2021","Hombres","Ciudad de México","10 a 14 años","0.272617410352287"
"Álvaro Obregón","2021","Hombres","Ciudad de México","15 a 19 años","0.29689597545577"
"Álvaro Obregón","2021","Hombres","Ciudad de México","20 a 24 años","0.318986582038949"
"Álvaro Obregón","2021","Hombres","Ciudad de México","25 a 29 años","0.340910592795708"
"Álvaro Obregón","2021","Hombres","Ciudad de México","30 a 34 años","0.339033613151386"
"Álvaro Obregón","2021","Hombres","Ciudad de México","35 a 39 años","0.319019901204232"
"Álvaro Obregón","2021","Hombres","Ciudad de México","40 a 44 años","0.29338635671254"
"Álvaro Obregón","2021","Hombres","Ciudad de México","45 a 49 años","0.27740426376473"
"Álvaro Obregón","2021","Hombres","Ciudad de México","50 a 54 años","0.251504165950767"
"Álvaro Obregón","2021","Hombres","Ciudad de México","55 a 59 años","0.223282832955364"
"Álvaro Obregón","2021","Hombres","Ciudad de México","60 a 64 años","0.189874816564112"
"Álvaro Obregón","2021","Hombres","Ciudad de México","65 y más","0.386191338416431"
"Álvaro Obregón","2022","Hombres","Ciudad de México","Hasta 4 años","0.236247178353434"
"Álvaro Obregón","2022","Hombres","Ciudad de México","5 a 9 años","0.244603903469699"
"Álvaro Obregón","2022","Hombres","Ciudad de México","10 a 14 años","0.267148144595602"
"Álvaro Obregón","2022","Hombres","Ciudad de México","15 a 19 años","0.292318467116231"
"Álvaro Obregón","2022","Hombres","Ciudad de México","20 a 24 años","0.314284080138212"
"Álvaro Obregón","2022","Hombres","Ciudad de México","25 a 29 años","0.336127291061286"
"Álvaro Obregón","2022","Hombres","Ciudad de México","30 a 34 años","0.340255580033503"
"Álvaro Obregón","2022","Hombres","Ciudad de México","35 a 39 años","0.32262967779094"
"Álvaro Obregón","2022","Hombres","Ciudad de México","40 a 44 años","0.294577342214236"
"Álvaro Obregón","2022","Hombres","Ciudad de México","45 a 49 años","0.276884675190452"
"Álvaro Obregón","2022","Hombres","Ciudad de México","50 a 54 años","0.254418326309307"
"Álvaro Obregón","2022","Hombres","Ciudad de México","55 a 59 años","0.226421628050288"
"Álvaro Obregón","2022","Hombres","Ciudad de México","60 a 64 años","0.194519190089792"
"Álvaro Obregón","2022","Hombres","Ciudad de México","65 y más","0.400733344356941"
"Álvaro Obregón","2023","Hombres","Ciudad de México","Hasta 4 años","0.232259440083911"
"Álvaro Obregón","2023","Hombres","Ciudad de México","5 a 9 años","0.240489105283735"
"Álvaro Obregón","2023","Hombres","Ciudad de México","10 a 14 años","0.261520471905506"
"Álvaro Obregón","2023","Hombres","Ciudad de México","15 a 19 años","0.287491867908744"
"Álvaro Obregón","2023","Hombres","Ciudad de México","20 a 24 años","0.309972904552165"
"Álvaro Obregón","2023","Hombres","Ciudad de México","25 a 29 años","0.33068088324603"
"Álvaro Obregón","2023","Hombres","Ciudad de México","30 a 34 años","0.340494034161809"
"Álvaro Obregón","2023","Hombres","Ciudad de México","35 a 39 años","0.325963880021741"
"Álvaro Obregón","2023","Hombres","Ciudad de México","40 a 44 años","0.296669394276569"
"Álvaro Obregón","2023","Hombres","Ciudad de México","45 a 49 años","0.275883356427692"
"Álvaro Obregón","2023","Hombres","Ciudad de México","50 a 54 años","0.256937284375523"
"Álvaro Obregón","2023","Hombres","Ciudad de México","55 a 59 años","0.229560823582072"
"Álvaro Obregón","2023","Hombres","Ciudad de México","60 a 64 años","0.198760911275957"
"Álvaro Obregón","2023","Hombres","Ciudad de México","65 y más","0.415687303053964"
"Álvaro Obregón","2024","Hombres","Ciudad de México","Hasta 4 años","0.228331990488906"
"Álvaro Obregón","2024","Hombres","Ciudad de México","5 a 9 años","0.236883122457575"
"Álvaro Obregón","2024","Hombres","Ciudad de México","10 a 14 años","0.255684434838362"
"Álvaro Obregón","2024","Hombres","Ciudad de México","15 a 19 años","0.282377380120954"
"Álvaro Obregón","2024","Hombres","Ciudad de México","20 a 24 años","0.30599638907494"
"Álvaro Obregón","2024","Hombres","Ciudad de México","25 a 29 años","0.32503243841173"
"Álvaro Obregón","2024","Hombres","Ciudad de México","30 a 34 años","0.339597307634182"
"Álvaro Obregón","2024","Hombres","Ciudad de México","35 a 39 años","0.328799407658058"
"Álvaro Obregón","2024","Hombres","Ciudad de México","40 a 44 años","0.299468466108008"
"Álvaro Obregón","2024","Hombres","Ciudad de México","45 a 49 años","0.274787551876867"
"Álvaro Obregón","2024","Hombres","Ciudad de México","50 a 54 años","0.258847794769256"
"Álvaro Obregón","2024","Hombres","Ciudad de México","55 a 59 años","0.232724924951242"
"Álvaro Obregón","2024","Hombres","Ciudad de México","60 a 64 años","0.202633882781754"
"Álvaro Obregón","2024","Hombres","Ciudad de México","65 y más","0.430954695320373"
"Álvaro Obregón","2025","Hombres","Ciudad de México","Hasta 4 años","0.224428237544037"
"Álvaro Obregón","2025","Hombres","Ciudad de México","5 a 9 años","0.233775211332388"
"Álvaro Obregón","2025","Hombres","Ciudad de México","10 a 14 años","0.249611271239989"
"Álvaro Obregón","2025","Hombres","Ciudad de México","15 a 19 años","0.277080615071222"
"Álvaro Obregón","2025","Hombres","Ciudad de México","20 a 24 años","0.302095537727816"
"Álvaro Obregón","2025","Hombres","Ciudad de México","25 a 29 años","0.319590293223758"
"Álvaro Obregón","2025","Hombres","Ciudad de México","30 a 34 años","0.337421270798418"
"Álvaro Obregón","2025","Hombres","Ciudad de México","35 a 39 años","0.331077880913278"
"Álvaro Obregón","2025","Hombres","Ciudad de México","40 a 44 años","0.302655907859012"
"Álvaro Obregón","2025","Hombres","Ciudad de México","45 a 49 años","0.273987371947019"
"Álvaro Obregón","2025","Hombres","Ciudad de México","50 a 54 años","0.260011740874989"
"Álvaro Obregón","2025","Hombres","Ciudad de México","55 a 59 años","0.235927032636181"
"Álvaro Obregón","2025","Hombres","Ciudad de México","60 a 64 años","0.206216208280164"
"Álvaro Obregón","2025","Hombres","Ciudad de México","65 y más","0.446469298329178"
"Álvaro Obregón","2026","Hombres","Ciudad de México","Hasta 4 años","0.22052255753565"
"Álvaro Obregón","2026","Hombres","Ciudad de México","5 a 9 años","0.23032356009279"
"Álvaro Obregón","2026","Hombres","Ciudad de México","10 a 14 años","0.2441708481093"
"Álvaro Obregón","2026","Hombres","Ciudad de México","15 a 19 años","0.271696828914846"
"Álvaro Obregón","2026","Hombres","Ciudad de México","20 a 24 años","0.297952725673423"
"Álvaro Obregón","2026","Hombres","Ciudad de México","25 a 29 años","0.314666132556986"
"Álvaro Obregón","2026","Hombres","Ciudad de México","30 a 34 años","0.333863509125329"
"Álvaro Obregón","2026","Hombres","Ciudad de México","35 a 39 años","0.33280697903316"
"Álvaro Obregón","2026","Hombres","Ciudad de México","40 a 44 años","0.305921660092015"
"Álvaro Obregón","2026","Hombres","Ciudad de México","45 a 49 años","0.273888566872004"
"Álvaro Obregón","2026","Hombres","Ciudad de México","50 a 54 años","0.260299791537621"
"Álvaro Obregón","2026","Hombres","Ciudad de México","55 a 59 años","0.239112991285088"
"Álvaro Obregón","2026","Hombres","Ciudad de México","60 a 64 años","0.209597586795352"
"Álvaro Obregón","2026","Hombres","Ciudad de México","65 y más","0.46213075818735"
"Álvaro Obregón","2027","Hombres","Ciudad de México","Hasta 4 años","0.216589370231172"
"Álvaro Obregón","2027","Hombres","Ciudad de México","5 a 9 años","0.226330818220747"
"Álvaro Obregón","2027","Hombres","Ciudad de México","10 a 14 años","0.239623835789854"
"Álvaro Obregón","2027","Hombres","Ciudad de México","15 a 19 años","0.266221145752131"
"Álvaro Obregón","2027","Hombres","Ciudad de México","20 a 24 años","0.293540044454376"
"Álvaro Obregón","2027","Hombres","Ciudad de México","25 a 29 años","0.310204234418024"
"Álvaro Obregón","2027","Hombres","Ciudad de México","30 a 34 años","0.329123389194073"
"Álvaro Obregón","2027","Hombres","Ciudad de México","35 a 39 años","0.333746067059497"
"Álvaro Obregón","2027","Hombres","Ciudad de México","40 a 44 años","0.309031652715575"
"Álvaro Obregón","2027","Hombres","Ciudad de México","45 a 49 años","0.274744912743009"
"Álvaro Obregón","2027","Hombres","Ciudad de México","50 a 54 años","0.259783221212725"
"Álvaro Obregón","2027","Hombres","Ciudad de México","55 a 59 años","0.24212684673162"
"Álvaro Obregón","2027","Hombres","Ciudad de México","60 a 64 años","0.212857403466648"
"Álvaro Obregón","2027","Hombres","Ciudad de México","65 y más","0.47784959339602"
"Álvaro Obregón","2028","Hombres","Ciudad de México","Hasta 4 años","0.212625966319685"
"Álvaro Obregón","2028","Hombres","Ciudad de México","5 a 9 años","0.222377686615911"
"Álvaro Obregón","2028","Hombres","Ciudad de México","10 a 14 años","0.235444086780808"
"Álvaro Obregón","2028","Hombres","Ciudad de México","15 a 19 años","0.26053610025764"
"Álvaro Obregón","2028","Hombres","Ciudad de México","20 a 24 años","0.288852290398538"
"Álvaro Obregón","2028","Hombres","Ciudad de México","25 a 29 años","0.306149715378734"
"Álvaro Obregón","2028","Hombres","Ciudad de México","30 a 34 años","0.323662085469869"
"Álvaro Obregón","2028","Hombres","Ciudad de México","35 a 39 años","0.333572186374154"
"Álvaro Obregón","2028","Hombres","Ciudad de México","40 a 44 años","0.311806165666569"
"Álvaro Obregón","2028","Hombres","Ciudad de México","45 a 49 años","0.276498602969908"
"Álvaro Obregón","2028","Hombres","Ciudad de México","50 a 54 años","0.258816539370138"
"Álvaro Obregón","2028","Hombres","Ciudad de México","55 a 59 años","0.244754603954583"
"Álvaro Obregón","2028","Hombres","Ciudad de México","60 a 64 años","0.216110339696991"
"Álvaro Obregón","2028","Hombres","Ciudad de México","65 y más","0.49357053921583"
"Álvaro Obregón","2029","Hombres","Ciudad de México","Hasta 4 años","0.208594544864347"
"Álvaro Obregón","2029","Hombres","Ciudad de México","5 a 9 años","0.218404347104865"
"Álvaro Obregón","2029","Hombres","Ciudad de México","10 a 14 años","0.231654392492231"
"Álvaro Obregón","2029","Hombres","Ciudad de México","15 a 19 años","0.254589346804553"
"Álvaro Obregón","2029","Hombres","Ciudad de México","20 a 24 años","0.283848444459432"
"Álvaro Obregón","2029","Hombres","Ciudad de México","25 a 29 años","0.302412132727078"
"Álvaro Obregón","2029","Hombres","Ciudad de México","30 a 34 años","0.317887549919007"
"Álvaro Obregón","2029","Hombres","Ciudad de México","35 a 39 años","0.332148095768649"
"Álvaro Obregón","2029","Hombres","Ciudad de México","40 a 44 años","0.314049918949915"
"Álvaro Obregón","2029","Hombres","Ciudad de México","45 a 49 años","0.278909481525838"
"Álvaro Obregón","2029","Hombres","Ciudad de México","50 a 54 años","0.257768449382499"
"Álvaro Obregón","2029","Hombres","Ciudad de México","55 a 59 años","0.246789191550808"
"Álvaro Obregón","2029","Hombres","Ciudad de México","60 a 64 años","0.219403493629362"
"Álvaro Obregón","2029","Hombres","Ciudad de México","65 y más","0.509258171173556"
"Álvaro Obregón","2030","Hombres","Ciudad de México","Hasta 4 años","0.204469864659392"
"Álvaro Obregón","2030","Hombres","Ciudad de México","5 a 9 años","0.214397578139426"
"Álvaro Obregón","2030","Hombres","Ciudad de México","10 a 14 años","0.228223429403813"
"Álvaro Obregón","2030","Hombres","Ciudad de México","15 a 19 años","0.24834101182891"
"Álvaro Obregón","2030","Hombres","Ciudad de México","20 a 24 años","0.278637065135375"
"Álvaro Obregón","2030","Hombres","Ciudad de México","25 a 29 años","0.298743249496775"
"Álvaro Obregón","2030","Hombres","Ciudad de México","30 a 34 años","0.312238556913951"
"Álvaro Obregón","2030","Hombres","Ciudad de México","35 a 39 años","0.32933565245936"
"Álvaro Obregón","2030","Hombres","Ciudad de México","40 a 44 años","0.31566937408673"
"Álvaro Obregón","2030","Hombres","Ciudad de México","45 a 49 años","0.281725940397245"
"Álvaro Obregón","2030","Hombres","Ciudad de México","50 a 54 años","0.257014938302281"
"Álvaro Obregón","2030","Hombres","Ciudad de México","55 a 59 años","0.248101652491275"
"Álvaro Obregón","2030","Hombres","Ciudad de México","60 a 64 años","0.222740960765585"
"Álvaro Obregón","2030","Hombres","Ciudad de México","65 y más","0.524880833244049"
"Álvaro Obregón","2015","Mujeres","Ciudad de México","Hasta 4 años","0.265721457325052"
"Álvaro Obregón","2015","Mujeres","Ciudad de México","5 a 9 años","0.284609306333534"
"Álvaro Obregón","2015","Mujeres","Ciudad de México","10 a 14 años","0.299953613827274"
"Álvaro Obregón","2015","Mujeres","Ciudad de México","15 a 19 años","0.322804489015794"
"Álvaro Obregón","2015","Mujeres","Ciudad de México","20 a 24 años","0.352974267706724"
"Álvaro Obregón","2015","Mujeres","Ciudad de México","25 a 29 años","0.358659388828505"
"Álvaro Obregón","2015","Mujeres","Ciudad de México","30 a 34 años","0.35251062676087"
"Álvaro Obregón","2015","Mujeres","Ciudad de México","35 a 39 años","0.349485921542679"
"Álvaro Obregón","2015","Mujeres","Ciudad de México","40 a 44 años","0.336724756461554"
"Álvaro Obregón","2015","Mujeres","Ciudad de México","45 a 49 años","0.301874412031527"
"Álvaro Obregón","2015","Mujeres","Ciudad de México","50 a 54 años","0.2720137273045"
"Álvaro Obregón","2015","Mujeres","Ciudad de México","55 a 59 años","0.235308819091056"
"Álvaro Obregón","2015","Mujeres","Ciudad de México","60 a 64 años","0.185699237884676"
"Álvaro Obregón","2015","Mujeres","Ciudad de México","65 y más","0.424628871981449"
"Álvaro Obregón","2016","Mujeres","Ciudad de México","Hasta 4 años","0.259465716220142"
"Álvaro Obregón","2016","Mujeres","Ciudad de México","5 a 9 años","0.279070332527427"
"Álvaro Obregón","2016","Mujeres","Ciudad de México","10 a 14 años","0.295449851391486"
"Álvaro Obregón","2016","Mujeres","Ciudad de México","15 a 19 años","0.3173407525301"
"Álvaro Obregón","2016","Mujeres","Ciudad de México","20 a 24 años","0.348012312803526"
"Álvaro Obregón","2016","Mujeres","Ciudad de México","25 a 29 años","0.3568813307724"
"Álvaro Obregón","2016","Mujeres","Ciudad de México","30 a 34 años","0.352220402275682"
"Álvaro Obregón","2016","Mujeres","Ciudad de México","35 a 39 años","0.348730228330272"
"Álvaro Obregón","2016","Mujeres","Ciudad de México","40 a 44 años","0.338513738141968"
"Álvaro Obregón","2016","Mujeres","Ciudad de México","45 a 49 años","0.306163360021383"
"Álvaro Obregón","2016","Mujeres","Ciudad de México","50 a 54 años","0.27645270206837"
"Álvaro Obregón","2016","Mujeres","Ciudad de México","55 a 59 años","0.242125295035669"
"Álvaro Obregón","2016","Mujeres","Ciudad de México","60 a 64 años","0.193053007569039"
"Álvaro Obregón","2016","Mujeres","Ciudad de México","65 y más","0.439684603141819"
"Álvaro Obregón","2017","Mujeres","Ciudad de México","Hasta 4 años","0.254246671984331"
"Álvaro Obregón","2017","Mujeres","Ciudad de México","5 a 9 años","0.273828760164286"
"Álvaro Obregón","2017","Mujeres","Ciudad de México","10 a 14 años","0.291001765261155"
"Álvaro Obregón","2017","Mujeres","Ciudad de México","15 a 19 años","0.312374089493679"
"Álvaro Obregón","2017","Mujeres","Ciudad de México","20 a 24 años","0.342111899478025"
"Álvaro Obregón","2017","Mujeres","Ciudad de México","25 a 29 años","0.354334128330751"
"Álvaro Obregón","2017","Mujeres","Ciudad de México","30 a 34 años","0.351681926771389"
"Álvaro Obregón","2017","Mujeres","Ciudad de México","35 a 39 años","0.348565589939139"
"Álvaro Obregón","2017","Mujeres","Ciudad de México","40 a 44 años","0.33974701975426"
"Álvaro Obregón","2017","Mujeres","Ciudad de México","45 a 49 años","0.310815921077554"
"Álvaro Obregón","2017","Mujeres","Ciudad de México","50 a 54 años","0.280879195976257"
"Álvaro Obregón","2017","Mujeres","Ciudad de México","55 a 59 años","0.248036099999492"
"Álvaro Obregón","2017","Mujeres","Ciudad de México","60 a 64 años","0.19952291314283"
"Álvaro Obregón","2017","Mujeres","Ciudad de México","65 y más","0.454852567430567"
"Álvaro Obregón","2018","Mujeres","Ciudad de México","Hasta 4 años","0.249629620207944"
"Álvaro Obregón","2018","Mujeres","Ciudad de México","5 a 9 años","0.268465209185087"
"Álvaro Obregón","2018","Mujeres","Ciudad de México","10 a 14 años","0.286427039190302"
"Álvaro Obregón","2018","Mujeres","Ciudad de México","15 a 19 años","0.307773302681721"
"Álvaro Obregón","2018","Mujeres","Ciudad de México","20 a 24 años","0.335954794586455"
"Álvaro Obregón","2018","Mujeres","Ciudad de México","25 a 29 años","0.351328528396337"
"Álvaro Obregón","2018","Mujeres","Ciudad de México","30 a 34 años","0.350974600711505"
"Álvaro Obregón","2018","Mujeres","Ciudad de México","35 a 39 años","0.348685131000249"
"Álvaro Obregón","2018","Mujeres","Ciudad de México","40 a 44 años","0.340069203922625"
"Álvaro Obregón","2018","Mujeres","Ciudad de México","45 a 49 años","0.315150482862434"
"Álvaro Obregón","2018","Mujeres","Ciudad de México","50 a 54 años","0.285420557336561"
"Álvaro Obregón","2018","Mujeres","Ciudad de México","55 a 59 años","0.25347858378049"
"Álvaro Obregón","2018","Mujeres","Ciudad de México","60 a 64 años","0.20587531017061"
"Álvaro Obregón","2018","Mujeres","Ciudad de México","65 y más","0.470712760586171"
"Álvaro Obregón","2019","Mujeres","Ciudad de México","Hasta 4 años","0.245625919796156"
"Álvaro Obregón","2019","Mujeres","Ciudad de México","5 a 9 años","0.262899346964799"
"Álvaro Obregón","2019","Mujeres","Ciudad de México","10 a 14 años","0.281590080978048"
"Álvaro Obregón","2019","Mujeres","Ciudad de México","15 a 19 años","0.303392246423598"
"Álvaro Obregón","2019","Mujeres","Ciudad de México","20 a 24 años","0.329889240791907"
"Álvaro Obregón","2019","Mujeres","Ciudad de México","25 a 29 años","0.34786024867313"
"Álvaro Obregón","2019","Mujeres","Ciudad de México","30 a 34 años","0.349930845391422"
"Álvaro Obregón","2019","Mujeres","Ciudad de México","35 a 39 años","0.348967519645478"
"Álvaro Obregón","2019","Mujeres","Ciudad de México","40 a 44 años","0.339777170574983"
"Álvaro Obregón","2019","Mujeres","Ciudad de México","45 a 49 años","0.318927258165653"
"Álvaro Obregón","2019","Mujeres","Ciudad de México","50 a 54 años","0.290149285594305"
"Álvaro Obregón","2019","Mujeres","Ciudad de México","55 a 59 años","0.258514553914297"
"Álvaro Obregón","2019","Mujeres","Ciudad de México","60 a 64 años","0.212075609333984"
"Álvaro Obregón","2019","Mujeres","Ciudad de México","65 y más","0.487276736801579"
"Álvaro Obregón","2020","Mujeres","Ciudad de México","Hasta 4 años","0.24228695108855"
"Álvaro Obregón","2020","Mujeres","Ciudad de México","5 a 9 años","0.257056353809247"
"Álvaro Obregón","2020","Mujeres","Ciudad de México","10 a 14 años","0.276560392387105"
"Álvaro Obregón","2020","Mujeres","Ciudad de México","15 a 19 años","0.299013876253029"
"Álvaro Obregón","2020","Mujeres","Ciudad de México","20 a 24 años","0.324239395164129"
"Álvaro Obregón","2020","Mujeres","Ciudad de México","25 a 29 años","0.34379887444289"
"Álvaro Obregón","2020","Mujeres","Ciudad de México","30 a 34 años","0.348533510300051"
"Álvaro Obregón","2020","Mujeres","Ciudad de México","35 a 39 años","0.349254239411796"
"Álvaro Obregón","2020","Mujeres","Ciudad de México","40 a 44 años","0.339152943707176"
"Álvaro Obregón","2020","Mujeres","Ciudad de México","45 a 49 años","0.321966326427085"
"Álvaro Obregón","2020","Mujeres","Ciudad de México","50 a 54 años","0.295044322068337"
"Álvaro Obregón","2020","Mujeres","Ciudad de México","55 a 59 años","0.263221359749718"
"Álvaro Obregón","2020","Mujeres","Ciudad de México","60 a 64 años","0.218037188513352"
"Álvaro Obregón","2020","Mujeres","Ciudad de México","65 y más","0.504499290081825"
"Álvaro Obregón","2021","Mujeres","Ciudad de México","Hasta 4 años","0.238887308696624"
"Álvaro Obregón","2021","Mujeres","Ciudad de México","5 a 9 años","0.251637442611903"
"Álvaro Obregón","2021","Mujeres","Ciudad de México","10 a 14 años","0.271440133178925"
"Álvaro Obregón","2021","Mujeres","Ciudad de México","15 a 19 años","0.294485889166906"
"Álvaro Obregón","2021","Mujeres","Ciudad de México","20 a 24 años","0.319153177865368"
"Álvaro Obregón","2021","Mujeres","Ciudad de México","25 a 29 años","0.338978081209246"
"Álvaro Obregón","2021","Mujeres","Ciudad de México","30 a 34 años","0.346830297827801"
"Álvaro Obregón","2021","Mujeres","Ciudad de México","35 a 39 años","0.349406979943084"
"Álvaro Obregón","2021","Mujeres","Ciudad de México","40 a 44 años","0.33857825122584"
"Álvaro Obregón","2021","Mujeres","Ciudad de México","45 a 49 años","0.324017775996807"
"Álvaro Obregón","2021","Mujeres","Ciudad de México","50 a 54 años","0.300039083380878"
"Álvaro Obregón","2021","Mujeres","Ciudad de México","55 a 59 años","0.267719493055564"
"Álvaro Obregón","2021","Mujeres","Ciudad de México","60 a 64 años","0.223693769327198"
"Álvaro Obregón","2021","Mujeres","Ciudad de México","65 y más","0.522355660543011"
"Álvaro Obregón","2022","Mujeres","Ciudad de México","Hasta 4 años","0.235223451708032"
"Álvaro Obregón","2022","Mujeres","Ciudad de México","5 a 9 años","0.246962925739537"
"Álvaro Obregón","2022","Mujeres","Ciudad de México","10 a 14 años","0.26620231019496"
"Álvaro Obregón","2022","Mujeres","Ciudad de México","15 a 19 años","0.289803660356876"
"Álvaro Obregón","2022","Mujeres","Ciudad de México","20 a 24 años","0.314506629408951"
"Álvaro Obregón","2022","Mujeres","Ciudad de México","25 a 29 años","0.333512337130098"
"Álvaro Obregón","2022","Mujeres","Ciudad de México","30 a 34 años","0.344706565448291"
"Álvaro Obregón","2022","Mujeres","Ciudad de México","35 a 39 años","0.349380100133819"
"Álvaro Obregón","2022","Mujeres","Ciudad de México","40 a 44 años","0.338308273914533"
"Álvaro Obregón","2022","Mujeres","Ciudad de México","45 a 49 años","0.324999827524315"
"Álvaro Obregón","2022","Mujeres","Ciudad de México","50 a 54 años","0.304948138230693"
"Álvaro Obregón","2022","Mujeres","Ciudad de México","55 a 59 años","0.27218888557785"
"Álvaro Obregón","2022","Mujeres","Ciudad de México","60 a 64 años","0.228958689736718"
"Álvaro Obregón","2022","Mujeres","Ciudad de México","65 y más","0.540805855360333"
"Álvaro Obregón","2023","Mujeres","Ciudad de México","Hasta 4 años","0.231579210304522"
"Álvaro Obregón","2023","Mujeres","Ciudad de México","5 a 9 años","0.242697064239785"
"Álvaro Obregón","2023","Mujeres","Ciudad de México","10 a 14 años","0.260762182971105"
"Álvaro Obregón","2023","Mujeres","Ciudad de México","15 a 19 años","0.284960521024787"
"Álvaro Obregón","2023","Mujeres","Ciudad de México","20 a 24 años","0.310140174170047"
"Álvaro Obregón","2023","Mujeres","Ciudad de México","25 a 29 años","0.327736937971296"
"Álvaro Obregón","2023","Mujeres","Ciudad de México","30 a 34 años","0.342055217262046"
"Álvaro Obregón","2023","Mujeres","Ciudad de México","35 a 39 años","0.349069389905256"
"Álvaro Obregón","2023","Mujeres","Ciudad de México","40 a 44 años","0.338263772590041"
"Álvaro Obregón","2023","Mujeres","Ciudad de México","45 a 49 años","0.325116380624469"
"Álvaro Obregón","2023","Mujeres","Ciudad de México","50 a 54 años","0.309549154853529"
"Álvaro Obregón","2023","Mujeres","Ciudad de México","55 a 59 años","0.27676430974854"
"Álvaro Obregón","2023","Mujeres","Ciudad de México","60 a 64 años","0.233831774492008"
"Álvaro Obregón","2023","Mujeres","Ciudad de México","65 y más","0.559806805821607"
"Álvaro Obregón","2024","Mujeres","Ciudad de México","Hasta 4 años","0.227929584278615"
"Álvaro Obregón","2024","Mujeres","Ciudad de México","5 a 9 años","0.238883975558741"
"Álvaro Obregón","2024","Mujeres","Ciudad de México","10 a 14 años","0.255092003473213"
"Álvaro Obregón","2024","Mujeres","Ciudad de México","15 a 19 años","0.279851163356354"
"Álvaro Obregón","2024","Mujeres","Ciudad de México","20 a 24 años","0.30594049932351"
"Álvaro Obregón","2024","Mujeres","Ciudad de México","25 a 29 años","0.321980857983695"
"Álvaro Obregón","2024","Mujeres","Ciudad de México","30 a 34 años","0.338870740865603"
"Álvaro Obregón","2024","Mujeres","Ciudad de México","35 a 39 años","0.348327286807425"
"Álvaro Obregón","2024","Mujeres","Ciudad de México","40 a 44 años","0.338334199251882"
"Álvaro Obregón","2024","Mujeres","Ciudad de México","45 a 49 años","0.324652388102011"
"Álvaro Obregón","2024","Mujeres","Ciudad de México","50 a 54 años","0.313619751169884"
"Álvaro Obregón","2024","Mujeres","Ciudad de México","55 a 59 años","0.281516677948944"
"Álvaro Obregón","2024","Mujeres","Ciudad de México","60 a 64 años","0.238347433945021"
"Álvaro Obregón","2024","Mujeres","Ciudad de México","65 y más","0.579308451514076"
"Álvaro Obregón","2025","Mujeres","Ciudad de México","Hasta 4 años","0.224215296894182"
"Álvaro Obregón","2025","Mujeres","Ciudad de México","5 a 9 años","0.235545980946967"
"Álvaro Obregón","2025","Mujeres","Ciudad de México","10 a 14 años","0.249084523316665"
"Álvaro Obregón","2025","Mujeres","Ciudad de México","15 a 19 años","0.274547742078216"
"Álvaro Obregón","2025","Mujeres","Ciudad de México","20 a 24 años","0.301692071233355"
"Álvaro Obregón","2025","Mujeres","Ciudad de México","25 a 29 años","0.316586709320547"
"Álvaro Obregón","2025","Mujeres","Ciudad de México","30 a 34 años","0.335011679234274"
"Álvaro Obregón","2025","Mujeres","Ciudad de México","35 a 39 años","0.347104466665486"
"Álvaro Obregón","2025","Mujeres","Ciudad de México","40 a 44 años","0.338373900021451"
"Álvaro Obregón","2025","Mujeres","Ciudad de México","45 a 49 años","0.32388272842872"
"Álvaro Obregón","2025","Mujeres","Ciudad de México","50 a 54 años","0.316945346204512"
"Álvaro Obregón","2025","Mujeres","Ciudad de México","55 a 59 años","0.286450003664821"
"Álvaro Obregón","2025","Mujeres","Ciudad de México","60 a 64 años","0.242573022392166"
"Álvaro Obregón","2025","Mujeres","Ciudad de México","65 y más","0.599192573885362"
"Álvaro Obregón","2026","Mujeres","Ciudad de México","Hasta 4 años","0.220410160717334"
"Álvaro Obregón","2026","Mujeres","Ciudad de México","5 a 9 años","0.232043231413022"
"Álvaro Obregón","2026","Mujeres","Ciudad de México","10 a 14 años","0.243417789426584"
"Álvaro Obregón","2026","Mujeres","Ciudad de México","15 a 19 años","0.26916790050274"
"Álvaro Obregón","2026","Mujeres","Ciudad de México","20 a 24 años","0.297244625718033"
"Álvaro Obregón","2026","Mujeres","Ciudad de México","25 a 29 años","0.31171009623528"
"Álvaro Obregón","2026","Mujeres","Ciudad de México","30 a 34 años","0.330311769666549"
"Álvaro Obregón","2026","Mujeres","Ciudad de México","35 a 39 años","0.345429141730028"
"Álvaro Obregón","2026","Mujeres","Ciudad de México","40 a 44 años","0.338224505675983"
"Álvaro Obregón","2026","Mujeres","Ciudad de México","45 a 49 años","0.323174571703494"
"Álvaro Obregón","2026","Mujeres","Ciudad de México","50 a 54 años","0.31930812115343"
"Álvaro Obregón","2026","Mujeres","Ciudad de México","55 a 59 años","0.291489908620263"
"Álvaro Obregón","2026","Mujeres","Ciudad de México","60 a 64 años","0.24665481779408"
"Álvaro Obregón","2026","Mujeres","Ciudad de México","65 y más","0.61937390701119"
"Álvaro Obregón","2027","Mujeres","Ciudad de México","Hasta 4 años","0.21646534716649"
"Álvaro Obregón","2027","Mujeres","Ciudad de México","5 a 9 años","0.228112240422544"
"Álvaro Obregón","2027","Mujeres","Ciudad de México","10 a 14 años","0.23836105549491"
"Álvaro Obregón","2027","Mujeres","Ciudad de México","15 a 19 años","0.263684310338179"
"Álvaro Obregón","2027","Mujeres","Ciudad de México","20 a 24 años","0.292615508881292"
"Álvaro Obregón","2027","Mujeres","Ciudad de México","25 a 29 años","0.307216406041592"
"Álvaro Obregón","2027","Mujeres","Ciudad de México","30 a 34 años","0.324884055346758"
"Álvaro Obregón","2027","Mujeres","Ciudad de México","35 a 39 años","0.343194369623459"
"Álvaro Obregón","2027","Mujeres","Ciudad de México","40 a 44 años","0.337850103018067"
"Álvaro Obregón","2027","Mujeres","Ciudad de México","45 a 49 años","0.322764388423101"
"Álvaro Obregón","2027","Mujeres","Ciudad de México","50 a 54 años","0.320610897027257"
"Álvaro Obregón","2027","Mujeres","Ciudad de México","55 a 59 años","0.296448949062374"
"Álvaro Obregón","2027","Mujeres","Ciudad de México","60 a 64 años","0.25071826266687"
"Álvaro Obregón","2027","Mujeres","Ciudad de México","65 y más","0.639744792102392"
"Álvaro Obregón","2028","Mujeres","Ciudad de México","Hasta 4 años","0.21237708250702"
"Álvaro Obregón","2028","Mujeres","Ciudad de México","5 a 9 años","0.224074621702261"
"Álvaro Obregón","2028","Mujeres","Ciudad de México","10 a 14 años","0.233622709788125"
"Álvaro Obregón","2028","Mujeres","Ciudad de México","15 a 19 años","0.258035949230417"
"Álvaro Obregón","2028","Mujeres","Ciudad de México","20 a 24 años","0.287811503545576"
"Álvaro Obregón","2028","Mujeres","Ciudad de México","25 a 29 años","0.302970790316972"
"Álvaro Obregón","2028","Mujeres","Ciudad de México","30 a 34 años","0.319046422034996"
"Álvaro Obregón","2028","Mujeres","Ciudad de México","35 a 39 años","0.34026942351495"
"Álvaro Obregón","2028","Mujeres","Ciudad de México","40 a 44 años","0.337124437154914"
"Álvaro Obregón","2028","Mujeres","Ciudad de México","45 a 49 años","0.322576047014605"
"Álvaro Obregón","2028","Mujeres","Ciudad de México","50 a 54 años","0.321060118337465"
"Álvaro Obregón","2028","Mujeres","Ciudad de México","55 a 59 años","0.301126787523138"
"Álvaro Obregón","2028","Mujeres","Ciudad de México","60 a 64 años","0.254913588671533"
"Álvaro Obregón","2028","Mujeres","Ciudad de México","65 y más","0.660220877596"
"Álvaro Obregón","2029","Mujeres","Ciudad de México","Hasta 4 años","0.208106325539877"
"Álvaro Obregón","2029","Mujeres","Ciudad de México","5 a 9 años","0.219880359016054"
"Álvaro Obregón","2029","Mujeres","Ciudad de México","10 a 14 años","0.229201941932102"
"Álvaro Obregón","2029","Mujeres","Ciudad de México","15 a 19 años","0.252193665933316"
"Álvaro Obregón","2029","Mujeres","Ciudad de México","20 a 24 años","0.282724404619372"
"Álvaro Obregón","2029","Mujeres","Ciudad de México","25 a 29 años","0.298858350202446"
"Álvaro Obregón","2029","Mujeres","Ciudad de México","30 a 34 años","0.313130249989867"
"Álvaro Obregón","2029","Mujeres","Ciudad de México","35 a 39 años","0.336632901191108"
"Álvaro Obregón","2029","Mujeres","Ciudad de México","40 a 44 años","0.335906249173291"
"Álvaro Obregón","2029","Mujeres","Ciudad de México","45 a 49 años","0.322497248657028"
"Álvaro Obregón","2029","Mujeres","Ciudad de México","50 a 54 años","0.320907697368055"
"Álvaro Obregón","2029","Mujeres","Ciudad de México","55 a 59 años","0.305284678985008"
"Álvaro Obregón","2029","Mujeres","Ciudad de México","60 a 64 años","0.25930123098258"
"Álvaro Obregón","2029","Mujeres","Ciudad de México","65 y más","0.680770755253722"
"Álvaro Obregón","2030","Mujeres","Ciudad de México","Hasta 4 años","0.203660602136909"
"Álvaro Obregón","2030","Mujeres","Ciudad de México","5 a 9 años","0.215491792254332"
"Álvaro Obregón","2030","Mujeres","Ciudad de México","10 a 14 años","0.225134554141942"
"Álvaro Obregón","2030","Mujeres","Ciudad de México","15 a 19 años","0.246084195216917"
"Álvaro Obregón","2030","Mujeres","Ciudad de México","20 a 24 años","0.277428870383499"
"Álvaro Obregón","2030","Mujeres","Ciudad de México","25 a 29 años","0.294708334948059"
"Álvaro Obregón","2030","Mujeres","Ciudad de México","30 a 34 años","0.307451370161237"
"Álvaro Obregón","2030","Mujeres","Ciudad de México","35 a 39 años","0.332139576128807"
"Álvaro Obregón","2030","Mujeres","Ciudad de México","40 a 44 años","0.334157033403165"
"Álvaro Obregón","2030","Mujeres","Ciudad de México","45 a 49 años","0.322382833604227"
"Álvaro Obregón","2030","Mujeres","Ciudad de México","50 a 54 años","0.320467958903142"
"Álvaro Obregón","2030","Mujeres","Ciudad de México","55 a 59 años","0.308739351358991"
"Álvaro Obregón","2030","Mujeres","Ciudad de México","60 a 64 años","0.263876572647839"
"Álvaro Obregón","2030","Mujeres","Ciudad de México","65 y más","0.701402645718545"
"Azcapotzalco","2015","Hombres","Ciudad de México","Hasta 4 años","0.129101925280067"
"Azcapotzalco","2015","Hombres","Ciudad de México","5 a 9 años","0.142459200148718"
"Azcapotzalco","2015","Hombres","Ciudad de México","10 a 14 años","0.155750240596534"
"Azcapotzalco","2015","Hombres","Ciudad de México","15 a 19 años","0.168632835449192"
"Azcapotzalco","2015","Hombres","Ciudad de México","20 a 24 años","0.182983626630388"
"Azcapotzalco","2015","Hombres","Ciudad de México","25 a 29 años","0.181813485195613"
"Azcapotzalco","2015","Hombres","Ciudad de México","30 a 34 años","0.170365969461075"
"Azcapotzalco","2015","Hombres","Ciudad de México","35 a 39 años","0.162042510575981"
"Azcapotzalco","2015","Hombres","Ciudad de México","40 a 44 años","0.161457439858594"
"Azcapotzalco","2015","Hombres","Ciudad de México","45 a 49 años","0.151456042312314"
"Azcapotzalco","2015","Hombres","Ciudad de México","50 a 54 años","0.139081244686068"
"Azcapotzalco","2015","Hombres","Ciudad de México","55 a 59 años","0.121926529689469"
"Azcapotzalco","2015","Hombres","Ciudad de México","60 a 64 años","0.0968788795432121"
"Azcapotzalco","2015","Hombres","Ciudad de México","65 y más","0.21381574952968"
"Azcapotzalco","2016","Hombres","Ciudad de México","Hasta 4 años","0.124508642046214"
"Azcapotzalco","2016","Hombres","Ciudad de México","5 a 9 años","0.138226351034185"
"Azcapotzalco","2016","Hombres","Ciudad de México","10 a 14 años","0.152032418856217"
"Azcapotzalco","2016","Hombres","Ciudad de México","15 a 19 años","0.164181758539605"
"Azcapotzalco","2016","Hombres","Ciudad de México","20 a 24 años","0.178948728682051"
"Azcapotzalco","2016","Hombres","Ciudad de México","25 a 29 años","0.180483963423861"
"Azcapotzalco","2016","Hombres","Ciudad de México","30 a 34 años","0.169825679065252"
"Azcapotzalco","2016","Hombres","Ciudad de México","35 a 39 años","0.159653368293979"
"Azcapotzalco","2016","Hombres","Ciudad de México","40 a 44 años","0.159587099168433"
"Azcapotzalco","2016","Hombres","Ciudad de México","45 a 49 años","0.151933015167898"
"Azcapotzalco","2016","Hombres","Ciudad de México","50 a 54 años","0.140258604217588"
"Azcapotzalco","2016","Hombres","Ciudad de México","55 a 59 años","0.124585956026017"
"Azcapotzalco","2016","Hombres","Ciudad de México","60 a 64 años","0.0999448861772544"
"Azcapotzalco","2016","Hombres","Ciudad de México","65 y más","0.220830816026967"
"Azcapotzalco","2017","Hombres","Ciudad de México","Hasta 4 años","0.120874086067919"
"Azcapotzalco","2017","Hombres","Ciudad de México","5 a 9 años","0.134433466540157"
"Azcapotzalco","2017","Hombres","Ciudad de México","10 a 14 años","0.148445931445452"
"Azcapotzalco","2017","Hombres","Ciudad de México","15 a 19 años","0.160148770826136"
"Azcapotzalco","2017","Hombres","Ciudad de México","20 a 24 años","0.174382252528045"
"Azcapotzalco","2017","Hombres","Ciudad de México","25 a 29 años","0.178835740979807"
"Azcapotzalco","2017","Hombres","Ciudad de México","30 a 34 años","0.169530933842379"
"Azcapotzalco","2017","Hombres","Ciudad de México","35 a 39 años","0.158369585613398"
"Azcapotzalco","2017","Hombres","Ciudad de México","40 a 44 años","0.157817043621864"
"Azcapotzalco","2017","Hombres","Ciudad de México","45 a 49 años","0.152656301420939"
"Azcapotzalco","2017","Hombres","Ciudad de México","50 a 54 años","0.141395495633482"
"Azcapotzalco","2017","Hombres","Ciudad de México","55 a 59 años","0.126742082018007"
"Azcapotzalco","2017","Hombres","Ciudad de México","60 a 64 años","0.102573895308322"
"Azcapotzalco","2017","Hombres","Ciudad de México","65 y más","0.227658351351728"
"Azcapotzalco","2018","Hombres","Ciudad de México","Hasta 4 años","0.11768095520658"
"Azcapotzalco","2018","Hombres","Ciudad de México","5 a 9 años","0.130765219305207"
"Azcapotzalco","2018","Hombres","Ciudad de México","10 a 14 años","0.144944447178782"
"Azcapotzalco","2018","Hombres","Ciudad de México","15 a 19 años","0.156535578857024"
"Azcapotzalco","2018","Hombres","Ciudad de México","20 a 24 años","0.169741505597311"
"Azcapotzalco","2018","Hombres","Ciudad de México","25 a 29 años","0.176930661695457"
"Azcapotzalco","2018","Hombres","Ciudad de México","30 a 34 años","0.169332276711724"
"Azcapotzalco","2018","Hombres","Ciudad de México","35 a 39 años","0.157774325753935"
"Azcapotzalco","2018","Hombres","Ciudad de México","40 a 44 años","0.155905145168417"
"Azcapotzalco","2018","Hombres","Ciudad de México","45 a 49 años","0.153217506811725"
"Azcapotzalco","2018","Hombres","Ciudad de México","50 a 54 años","0.142610736506922"
"Azcapotzalco","2018","Hombres","Ciudad de México","55 a 59 años","0.128719074877273"
"Azcapotzalco","2018","Hombres","Ciudad de México","60 a 64 años","0.105205004316259"
"Azcapotzalco","2018","Hombres","Ciudad de México","65 y más","0.234897380326819"
"Azcapotzalco","2019","Hombres","Ciudad de México","Hasta 4 años","0.114967945058986"
"Azcapotzalco","2019","Hombres","Ciudad de México","5 a 9 años","0.127214362013165"
"Azcapotzalco","2019","Hombres","Ciudad de México","10 a 14 años","0.141509230266189"
"Azcapotzalco","2019","Hombres","Ciudad de México","15 a 19 años","0.153312738831428"
"Azcapotzalco","2019","Hombres","Ciudad de México","20 a 24 años","0.16528233804252"
"Azcapotzalco","2019","Hombres","Ciudad de México","25 a 29 años","0.174760577565826"
"Azcapotzalco","2019","Hombres","Ciudad de México","30 a 34 años","0.169157786445741"
"Azcapotzalco","2019","Hombres","Ciudad de México","35 a 39 años","0.157775040849994"
"Azcapotzalco","2019","Hombres","Ciudad de México","40 a 44 años","0.154098901221796"
"Azcapotzalco","2019","Hombres","Ciudad de México","45 a 49 años","0.153512047606451"
"Azcapotzalco","2019","Hombres","Ciudad de México","50 a 54 años","0.14392308098591"
"Azcapotzalco","2019","Hombres","Ciudad de México","55 a 59 años","0.130547247639935"
"Azcapotzalco","2019","Hombres","Ciudad de México","60 a 64 años","0.107803901867889"
"Azcapotzalco","2019","Hombres","Ciudad de México","65 y más","0.242547706493026"
"Azcapotzalco","2020","Hombres","Ciudad de México","Hasta 4 años","0.11269985679667"
"Azcapotzalco","2020","Hombres","Ciudad de México","5 a 9 años","0.12374364441665"
"Azcapotzalco","2020","Hombres","Ciudad de México","10 a 14 años","0.138213667352468"
"Azcapotzalco","2020","Hombres","Ciudad de México","15 a 19 años","0.150333004569977"
"Azcapotzalco","2020","Hombres","Ciudad de México","20 a 24 años","0.161232646367608"
"Azcapotzalco","2020","Hombres","Ciudad de México","25 a 29 años","0.172276433987589"
"Azcapotzalco","2020","Hombres","Ciudad de México","30 a 34 años","0.169005432634282"
"Azcapotzalco","2020","Hombres","Ciudad de México","35 a 39 años","0.158194495958096"
"Azcapotzalco","2020","Hombres","Ciudad de México","40 a 44 años","0.152617161447202"
"Azcapotzalco","2020","Hombres","Ciudad de México","45 a 49 años","0.153459860100935"
"Azcapotzalco","2020","Hombres","Ciudad de México","50 a 54 años","0.14534334148866"
"Azcapotzalco","2020","Hombres","Ciudad de México","55 a 59 años","0.13225933607543"
"Azcapotzalco","2020","Hombres","Ciudad de México","60 a 64 años","0.110326994797999"
"Azcapotzalco","2020","Hombres","Ciudad de México","65 y más","0.250614144364259"
"Azcapotzalco","2021","Hombres","Ciudad de México","Hasta 4 años","0.110486352081176"
"Azcapotzalco","2021","Hombres","Ciudad de México","5 a 9 años","0.120826399707591"
"Azcapotzalco","2021","Hombres","Ciudad de México","10 a 14 años","0.13508700244907"
"Azcapotzalco","2021","Hombres","Ciudad de México","15 a 19 años","0.147470625546226"
"Azcapotzalco","2021","Hombres","Ciudad de México","20 a 24 años","0.157721822065217"
"Azcapotzalco","2021","Hombres","Ciudad de México","25 a 29 años","0.169450168245125"
"Azcapotzalco","2021","Hombres","Ciudad de México","30 a 34 años","0.168917061600584"
"Azcapotzalco","2021","Hombres","Ciudad de México","35 a 39 años","0.158910205627007"
"Azcapotzalco","2021","Hombres","Ciudad de México","40 a 44 años","0.151702159537272"
"Azcapotzalco","2021","Hombres","Ciudad de México","45 a 49 años","0.153001606983342"
"Azcapotzalco","2021","Hombres","Ciudad de México","50 a 54 años","0.146848667794261"
"Azcapotzalco","2021","Hombres","Ciudad de México","55 a 59 años","0.133931938052564"
"Azcapotzalco","2021","Hombres","Ciudad de México","60 a 64 años","0.112740948932049"
"Azcapotzalco","2021","Hombres","Ciudad de México","65 y más","0.259089829247052"
"Azcapotzalco","2022","Hombres","Ciudad de México","Hasta 4 años","0.108236837824118"
"Azcapotzalco","2022","Hombres","Ciudad de México","5 a 9 años","0.118574251449964"
"Azcapotzalco","2022","Hombres","Ciudad de México","10 a 14 años","0.132149756965069"
"Azcapotzalco","2022","Hombres","Ciudad de México","15 a 19 años","0.144712663298309"
"Azcapotzalco","2022","Hombres","Ciudad de México","20 a 24 años","0.15473850794512"
"Azcapotzalco","2022","Hombres","Ciudad de México","25 a 29 años","0.16642234465894"
"Azcapotzalco","2022","Hombres","Ciudad de México","30 a 34 años","0.168803621855852"
"Azcapotzalco","2022","Hombres","Ciudad de México","35 a 39 años","0.159823758781516"
"Azcapotzalco","2022","Hombres","Ciudad de México","40 a 44 años","0.151489288592325"
"Azcapotzalco","2022","Hombres","Ciudad de México","45 a 49 años","0.152190318795154"
"Azcapotzalco","2022","Hombres","Ciudad de México","50 a 54 años","0.148351343874899"
"Azcapotzalco","2022","Hombres","Ciudad de México","55 a 59 años","0.135632653052141"
"Azcapotzalco","2022","Hombres","Ciudad de México","60 a 64 años","0.11502459058167"
"Azcapotzalco","2022","Hombres","Ciudad de México","65 y más","0.267938194506727"
"Azcapotzalco","2023","Hombres","Ciudad de México","Hasta 4 años","0.106227358663306"
"Azcapotzalco","2023","Hombres","Ciudad de México","5 a 9 años","0.116754193282051"
"Azcapotzalco","2023","Hombres","Ciudad de México","10 a 14 años","0.129332868546822"
"Azcapotzalco","2023","Hombres","Ciudad de México","15 a 19 años","0.142045359505899"
"Azcapotzalco","2023","Hombres","Ciudad de México","20 a 24 años","0.152248806196737"
"Azcapotzalco","2023","Hombres","Ciudad de México","25 a 29 años","0.163433567979153"
"Azcapotzalco","2023","Hombres","Ciudad de México","30 a 34 años","0.168540866978502"
"Azcapotzalco","2023","Hombres","Ciudad de México","35 a 39 años","0.160879918479479"
"Azcapotzalco","2023","Hombres","Ciudad de México","40 a 44 años","0.151947720884548"
"Azcapotzalco","2023","Hombres","Ciudad de México","45 a 49 años","0.151234037181583"
"Azcapotzalco","2023","Hombres","Ciudad de México","50 a 54 años","0.149717459312781"
"Azcapotzalco","2023","Hombres","Ciudad de México","55 a 59 años","0.137428718052339"
"Azcapotzalco","2023","Hombres","Ciudad de México","60 a 64 años","0.117166791672828"
"Azcapotzalco","2023","Hombres","Ciudad de México","65 y más","0.277165756831458"
"Azcapotzalco","2024","Hombres","Ciudad de México","Hasta 4 años","0.104446767470913"
"Azcapotzalco","2024","Hombres","Ciudad de México","5 a 9 años","0.115356446949895"
"Azcapotzalco","2024","Hombres","Ciudad de México","10 a 14 años","0.126601464937453"
"Azcapotzalco","2024","Hombres","Ciudad de México","15 a 19 años","0.139467285716457"
"Azcapotzalco","2024","Hombres","Ciudad de México","20 a 24 años","0.150231651841724"
"Azcapotzalco","2024","Hombres","Ciudad de México","25 a 29 años","0.16072774716013"
"Azcapotzalco","2024","Hombres","Ciudad de México","30 a 34 años","0.168105194348786"
"Azcapotzalco","2024","Hombres","Ciudad de México","35 a 39 años","0.162002033492716"
"Azcapotzalco","2024","Hombres","Ciudad de México","40 a 44 años","0.152970249661755"
"Azcapotzalco","2024","Hombres","Ciudad de México","45 a 49 años","0.150365787245154"
"Azcapotzalco","2024","Hombres","Ciudad de México","50 a 54 años","0.150835261157159"
"Azcapotzalco","2024","Hombres","Ciudad de México","55 a 59 años","0.139344328263313"
"Azcapotzalco","2024","Hombres","Ciudad de México","60 a 64 años","0.119190483897939"
"Azcapotzalco","2024","Hombres","Ciudad de México","65 y más","0.286714424831861"
"Azcapotzalco","2025","Hombres","Ciudad de México","Hasta 4 años","0.102906370892851"
"Azcapotzalco","2025","Hombres","Ciudad de México","5 a 9 años","0.114405165984995"
"Azcapotzalco","2025","Hombres","Ciudad de México","10 a 14 años","0.1239650804232"
"Azcapotzalco","2025","Hombres","Ciudad de México","15 a 19 años","0.137032911882693"
"Azcapotzalco","2025","Hombres","Ciudad de México","20 a 24 años","0.148565329182709"
"Azcapotzalco","2025","Hombres","Ciudad de México","25 a 29 años","0.158528710115376"
"Azcapotzalco","2025","Hombres","Ciudad de México","30 a 34 años","0.16742738779877"
"Azcapotzalco","2025","Hombres","Ciudad de México","35 a 39 años","0.163190989606927"
"Azcapotzalco","2025","Hombres","Ciudad de México","40 a 44 años","0.154415593352396"
"Azcapotzalco","2025","Hombres","Ciudad de México","45 a 49 años","0.149809350873964"
"Azcapotzalco","2025","Hombres","Ciudad de México","50 a 54 años","0.151636157501664"
"Azcapotzalco","2025","Hombres","Ciudad de México","55 a 59 años","0.141415006308647"
"Azcapotzalco","2025","Hombres","Ciudad de México","60 a 64 años","0.12116322976722"
"Azcapotzalco","2025","Hombres","Ciudad de México","65 y más","0.29653666602635"
"Azcapotzalco","2026","Hombres","Ciudad de México","Hasta 4 años","0.101595484075675"
"Azcapotzalco","2026","Hombres","Ciudad de México","5 a 9 años","0.113487067453489"
"Azcapotzalco","2026","Hombres","Ciudad de México","10 a 14 años","0.121849390736187"
"Azcapotzalco","2026","Hombres","Ciudad de México","15 a 19 años","0.13479750420617"
"Azcapotzalco","2026","Hombres","Ciudad de México","20 a 24 años","0.147127435175416"
"Azcapotzalco","2026","Hombres","Ciudad de México","25 a 29 años","0.156995875823546"
"Azcapotzalco","2026","Hombres","Ciudad de México","30 a 34 años","0.166493406971233"
"Azcapotzalco","2026","Hombres","Ciudad de México","35 a 39 años","0.164447784877885"
"Azcapotzalco","2026","Hombres","Ciudad de México","40 a 44 años","0.156164139368008"
"Azcapotzalco","2026","Hombres","Ciudad de México","45 a 49 años","0.14978000008767"
"Azcapotzalco","2026","Hombres","Ciudad de México","50 a 54 años","0.152050415817649"
"Azcapotzalco","2026","Hombres","Ciudad de México","55 a 59 años","0.143586935398468"
"Azcapotzalco","2026","Hombres","Ciudad de México","60 a 64 años","0.123130714464987"
"Azcapotzalco","2026","Hombres","Ciudad de México","65 y más","0.30659604100191"
"Azcapotzalco","2027","Hombres","Ciudad de México","Hasta 4 años","0.100503781688739"
"Azcapotzalco","2027","Hombres","Ciudad de México","5 a 9 años","0.112522744138839"
"Azcapotzalco","2027","Hombres","Ciudad de México","10 a 14 años","0.120392571334121"
"Azcapotzalco","2027","Hombres","Ciudad de México","15 a 19 años","0.132772328154205"
"Azcapotzalco","2027","Hombres","Ciudad de México","20 a 24 años","0.145896223362383"
"Azcapotzalco","2027","Hombres","Ciudad de México","25 a 29 años","0.156145038434748"
"Azcapotzalco","2027","Hombres","Ciudad de México","30 a 34 años","0.165412943813718"
"Azcapotzalco","2027","Hombres","Ciudad de México","35 a 39 años","0.165717364063392"
"Azcapotzalco","2027","Hombres","Ciudad de México","40 a 44 años","0.158106857821537"
"Azcapotzalco","2027","Hombres","Ciudad de México","45 a 49 años","0.15042870263531"
"Azcapotzalco","2027","Hombres","Ciudad de México","50 a 54 años","0.152119926244611"
"Azcapotzalco","2027","Hombres","Ciudad de México","55 a 59 años","0.145806024769886"
"Azcapotzalco","2027","Hombres","Ciudad de México","60 a 64 años","0.125150547088288"
"Azcapotzalco","2027","Hombres","Ciudad de México","65 y más","0.316833830966485"
"Azcapotzalco","2028","Hombres","Ciudad de México","Hasta 4 años","0.0996327153699103"
"Azcapotzalco","2028","Hombres","Ciudad de México","5 a 9 años","0.111782770588178"
"Azcapotzalco","2028","Hombres","Ciudad de México","10 a 14 años","0.119373726874451"
"Azcapotzalco","2028","Hombres","Ciudad de México","15 a 19 años","0.130890259660482"
"Azcapotzalco","2028","Hombres","Ciudad de México","20 a 24 años","0.144895630573159"
"Azcapotzalco","2028","Hombres","Ciudad de México","25 a 29 años","0.155959647336163"
"Azcapotzalco","2028","Hombres","Ciudad de México","30 a 34 años","0.164410384066187"
"Azcapotzalco","2028","Hombres","Ciudad de México","35 a 39 años","0.166853970590531"
"Azcapotzalco","2028","Hombres","Ciudad de México","40 a 44 años","0.160190672151463"
"Azcapotzalco","2028","Hombres","Ciudad de México","45 a 49 años","0.151751248322014"
"Azcapotzalco","2028","Hombres","Ciudad de México","50 a 54 años","0.152056696637557"
"Azcapotzalco","2028","Hombres","Ciudad de México","55 a 59 años","0.147938800828014"
"Azcapotzalco","2028","Hombres","Ciudad de México","60 a 64 años","0.127304070177995"
"Azcapotzalco","2028","Hombres","Ciudad de México","65 y más","0.327225649151204"
"Azcapotzalco","2029","Hombres","Ciudad de México","Hasta 4 años","0.098983629551893"
"Azcapotzalco","2029","Hombres","Ciudad de México","5 a 9 años","0.111268590228097"
"Azcapotzalco","2029","Hombres","Ciudad de México","10 a 14 años","0.11880760491294"
"Azcapotzalco","2029","Hombres","Ciudad de México","15 a 19 años","0.129139688291263"
"Azcapotzalco","2029","Hombres","Ciudad de México","20 a 24 años","0.144126886158721"
"Azcapotzalco","2029","Hombres","Ciudad de México","25 a 29 años","0.15644590864826"
"Azcapotzalco","2029","Hombres","Ciudad de México","30 a 34 años","0.163712428826422"
"Azcapotzalco","2029","Hombres","Ciudad de México","35 a 39 años","0.167777138551081"
"Azcapotzalco","2029","Hombres","Ciudad de México","40 a 44 años","0.162338602355238"
"Azcapotzalco","2029","Hombres","Ciudad de México","45 a 49 años","0.153641486017001"
"Azcapotzalco","2029","Hombres","Ciudad de México","50 a 54 años","0.152085996541363"
"Azcapotzalco","2029","Hombres","Ciudad de México","55 a 59 años","0.14987197867458"
"Azcapotzalco","2029","Hombres","Ciudad de México","60 a 64 años","0.129627907615733"
"Azcapotzalco","2029","Hombres","Ciudad de México","65 y más","0.337756941031167"
"Azcapotzalco","2030","Hombres","Ciudad de México","Hasta 4 años","0.0985248625963421"
"Azcapotzalco","2030","Hombres","Ciudad de México","5 a 9 años","0.110960150089703"
"Azcapotzalco","2030","Hombres","Ciudad de México","10 a 14 años","0.118710833403621"
"Azcapotzalco","2030","Hombres","Ciudad de México","15 a 19 años","0.127532934705052"
"Azcapotzalco","2030","Hombres","Ciudad de México","20 a 24 años","0.143649796772524"
"Azcapotzalco","2030","Hombres","Ciudad de México","25 a 29 años","0.157498444164305"
"Azcapotzalco","2030","Hombres","Ciudad de México","30 a 34 años","0.16355081598738"
"Azcapotzalco","2030","Hombres","Ciudad de México","35 a 39 años","0.16842918724967"
"Azcapotzalco","2030","Hombres","Ciudad de México","40 a 44 años","0.164531049465317"
"Azcapotzalco","2030","Hombres","Ciudad de México","45 a 49 años","0.155971103628916"
"Azcapotzalco","2030","Hombres","Ciudad de México","50 a 54 años","0.152460500010258"
"Azcapotzalco","2030","Hombres","Ciudad de México","55 a 59 años","0.151537256850806"
"Azcapotzalco","2030","Hombres","Ciudad de México","60 a 64 años","0.132137752438616"
"Azcapotzalco","2030","Hombres","Ciudad de México","65 y más","0.348427409151733"
"Azcapotzalco","2015","Mujeres","Ciudad de México","Hasta 4 años","0.126176571693131"
"Azcapotzalco","2015","Mujeres","Ciudad de México","5 a 9 años","0.136310438081083"
"Azcapotzalco","2015","Mujeres","Ciudad de México","10 a 14 años","0.147581328693391"
"Azcapotzalco","2015","Mujeres","Ciudad de México","15 a 19 años","0.160717822159255"
"Azcapotzalco","2015","Mujeres","Ciudad de México","20 a 24 años","0.178590076714914"
"Azcapotzalco","2015","Mujeres","Ciudad de México","25 a 29 años","0.187333020265304"
"Azcapotzalco","2015","Mujeres","Ciudad de México","30 a 34 años","0.187631075159067"
"Azcapotzalco","2015","Mujeres","Ciudad de México","35 a 39 años","0.189220701259138"
"Azcapotzalco","2015","Mujeres","Ciudad de México","40 a 44 años","0.191605140409245"
"Azcapotzalco","2015","Mujeres","Ciudad de México","45 a 49 años","0.180654382830978"
"Azcapotzalco","2015","Mujeres","Ciudad de México","50 a 54 años","0.165287997196959"
"Azcapotzalco","2015","Mujeres","Ciudad de México","55 a 59 años","0.146234562136387"
"Azcapotzalco","2015","Mujeres","Ciudad de México","60 a 64 años","0.123670702771491"
"Azcapotzalco","2015","Mujeres","Ciudad de México","65 y más","0.311886848647946"
"Azcapotzalco","2016","Mujeres","Ciudad de México","Hasta 4 años","0.121725338773292"
"Azcapotzalco","2016","Mujeres","Ciudad de México","5 a 9 años","0.131809290710504"
"Azcapotzalco","2016","Mujeres","Ciudad de México","10 a 14 años","0.143704598745967"
"Azcapotzalco","2016","Mujeres","Ciudad de México","15 a 19 años","0.156604988518874"
"Azcapotzalco","2016","Mujeres","Ciudad de México","20 a 24 años","0.174541831833258"
"Azcapotzalco","2016","Mujeres","Ciudad de México","25 a 29 años","0.184570559499182"
"Azcapotzalco","2016","Mujeres","Ciudad de México","30 a 34 años","0.185321609588701"
"Azcapotzalco","2016","Mujeres","Ciudad de México","35 a 39 años","0.18658072297407"
"Azcapotzalco","2016","Mujeres","Ciudad de México","40 a 44 años","0.190932395551575"
"Azcapotzalco","2016","Mujeres","Ciudad de México","45 a 49 años","0.182096512145474"
"Azcapotzalco","2016","Mujeres","Ciudad de México","50 a 54 años","0.16676625443589"
"Azcapotzalco","2016","Mujeres","Ciudad de México","55 a 59 años","0.149094487623689"
"Azcapotzalco","2016","Mujeres","Ciudad de México","60 a 64 años","0.127601201238349"
"Azcapotzalco","2016","Mujeres","Ciudad de México","65 y más","0.321559886856513"
"Azcapotzalco","2017","Mujeres","Ciudad de México","Hasta 4 años","0.117967715192451"
"Azcapotzalco","2017","Mujeres","Ciudad de México","5 a 9 años","0.127648250884122"
"Azcapotzalco","2017","Mujeres","Ciudad de México","10 a 14 años","0.140025191494478"
"Azcapotzalco","2017","Mujeres","Ciudad de México","15 a 19 años","0.152921521576875"
"Azcapotzalco","2017","Mujeres","Ciudad de México","20 a 24 años","0.170227136751712"
"Azcapotzalco","2017","Mujeres","Ciudad de México","25 a 29 años","0.181631603456968"
"Azcapotzalco","2017","Mujeres","Ciudad de México","30 a 34 años","0.183090314314617"
"Azcapotzalco","2017","Mujeres","Ciudad de México","35 a 39 años","0.18444956761379"
"Azcapotzalco","2017","Mujeres","Ciudad de México","40 a 44 años","0.190074445087603"
"Azcapotzalco","2017","Mujeres","Ciudad de México","45 a 49 años","0.183841771423103"
"Azcapotzalco","2017","Mujeres","Ciudad de México","50 a 54 años","0.168337443140666"
"Azcapotzalco","2017","Mujeres","Ciudad de México","55 a 59 años","0.151484912398888"
"Azcapotzalco","2017","Mujeres","Ciudad de México","60 a 64 años","0.130996655352817"
"Azcapotzalco","2017","Mujeres","Ciudad de México","65 y más","0.33138153400244"
"Azcapotzalco","2018","Mujeres","Ciudad de México","Hasta 4 años","0.11467256988551"
"Azcapotzalco","2018","Mujeres","Ciudad de México","5 a 9 años","0.123642424647966"
"Azcapotzalco","2018","Mujeres","Ciudad de México","10 a 14 años","0.13647230322312"
"Azcapotzalco","2018","Mujeres","Ciudad de México","15 a 19 años","0.149589748042199"
"Azcapotzalco","2018","Mujeres","Ciudad de México","20 a 24 años","0.166014204666426"
"Azcapotzalco","2018","Mujeres","Ciudad de México","25 a 29 años","0.178689239879466"
"Azcapotzalco","2018","Mujeres","Ciudad de México","30 a 34 años","0.180978709590721"
"Azcapotzalco","2018","Mujeres","Ciudad de México","35 a 39 años","0.182670926333823"
"Azcapotzalco","2018","Mujeres","Ciudad de México","40 a 44 años","0.188842540338078"
"Azcapotzalco","2018","Mujeres","Ciudad de México","45 a 49 años","0.185513408052629"
"Azcapotzalco","2018","Mujeres","Ciudad de México","50 a 54 años","0.170084373041992"
"Azcapotzalco","2018","Mujeres","Ciudad de México","55 a 59 años","0.153693097138218"
"Azcapotzalco","2018","Mujeres","Ciudad de México","60 a 64 años","0.134370857594431"
"Azcapotzalco","2018","Mujeres","Ciudad de México","65 y más","0.341827782106633"
"Azcapotzalco","2019","Mujeres","Ciudad de México","Hasta 4 años","0.111856513626686"
"Azcapotzalco","2019","Mujeres","Ciudad de México","5 a 9 años","0.11977350107898"
"Azcapotzalco","2019","Mujeres","Ciudad de México","10 a 14 años","0.132994316488826"
"Azcapotzalco","2019","Mujeres","Ciudad de México","15 a 19 años","0.146547313190377"
"Azcapotzalco","2019","Mujeres","Ciudad de México","20 a 24 años","0.162071252222708"
"Azcapotzalco","2019","Mujeres","Ciudad de México","25 a 29 años","0.17575712144094"
"Azcapotzalco","2019","Mujeres","Ciudad de México","30 a 34 años","0.178946061841305"
"Azcapotzalco","2019","Mujeres","Ciudad de México","35 a 39 años","0.18118274920545"
"Azcapotzalco","2019","Mujeres","Ciudad de México","40 a 44 años","0.187427757489498"
"Azcapotzalco","2019","Mujeres","Ciudad de México","45 a 49 años","0.186951630971388"
"Azcapotzalco","2019","Mujeres","Ciudad de México","50 a 54 años","0.172047763683572"
"Azcapotzalco","2019","Mujeres","Ciudad de México","55 a 59 años","0.155737662260872"
"Azcapotzalco","2019","Mujeres","Ciudad de México","60 a 64 años","0.137689145411585"
"Azcapotzalco","2019","Mujeres","Ciudad de México","65 y más","0.352865113468147"
"Azcapotzalco","2020","Mujeres","Ciudad de México","Hasta 4 años","0.109528648704988"
"Azcapotzalco","2020","Mujeres","Ciudad de México","5 a 9 años","0.116004122570519"
"Azcapotzalco","2020","Mujeres","Ciudad de México","10 a 14 años","0.129631446852604"
"Azcapotzalco","2020","Mujeres","Ciudad de México","15 a 19 años","0.143669032321374"
"Azcapotzalco","2020","Mujeres","Ciudad de México","20 a 24 años","0.158560404584059"
"Azcapotzalco","2020","Mujeres","Ciudad de México","25 a 29 años","0.172797576576082"
"Azcapotzalco","2020","Mujeres","Ciudad de México","30 a 34 años","0.176999981704569"
"Azcapotzalco","2020","Mujeres","Ciudad de México","35 a 39 años","0.179927250712274"
"Azcapotzalco","2020","Mujeres","Ciudad de México","40 a 44 años","0.186014639671481"
"Azcapotzalco","2020","Mujeres","Ciudad de México","45 a 49 años","0.188065945604911"
"Azcapotzalco","2020","Mujeres","Ciudad de México","50 a 54 años","0.174216858519212"
"Azcapotzalco","2020","Mujeres","Ciudad de México","55 a 59 años","0.157706617790145"
"Azcapotzalco","2020","Mujeres","Ciudad de México","60 a 64 años","0.14093026169674"
"Azcapotzalco","2020","Mujeres","Ciudad de México","65 y más","0.364478255879902"
"Azcapotzalco","2021","Mujeres","Ciudad de México","Hasta 4 años","0.107398776098208"
"Azcapotzalco","2021","Mujeres","Ciudad de México","5 a 9 años","0.112674310601481"
"Azcapotzalco","2021","Mujeres","Ciudad de México","10 a 14 años","0.126412913086846"
"Azcapotzalco","2021","Mujeres","Ciudad de México","15 a 19 años","0.140895643596884"
"Azcapotzalco","2021","Mujeres","Ciudad de México","20 a 24 años","0.155544969933341"
"Azcapotzalco","2021","Mujeres","Ciudad de México","25 a 29 años","0.169738934344252"
"Azcapotzalco","2021","Mujeres","Ciudad de México","30 a 34 años","0.175181064673944"
"Azcapotzalco","2021","Mujeres","Ciudad de México","35 a 39 años","0.178846172855165"
"Azcapotzalco","2021","Mujeres","Ciudad de México","40 a 44 años","0.184821409829398"
"Azcapotzalco","2021","Mujeres","Ciudad de México","45 a 49 años","0.188741964944462"
"Azcapotzalco","2021","Mujeres","Ciudad de México","50 a 54 años","0.176569363227437"
"Azcapotzalco","2021","Mujeres","Ciudad de México","55 a 59 años","0.159687652816963"
"Azcapotzalco","2021","Mujeres","Ciudad de México","60 a 64 años","0.144038751521992"
"Azcapotzalco","2021","Mujeres","Ciudad de México","65 y más","0.376673163533684"
"Azcapotzalco","2022","Mujeres","Ciudad de México","Hasta 4 años","0.105354824768042"
"Azcapotzalco","2022","Mujeres","Ciudad de México","5 a 9 años","0.109905957354664"
"Azcapotzalco","2022","Mujeres","Ciudad de México","10 a 14 años","0.123370188234399"
"Azcapotzalco","2022","Mujeres","Ciudad de México","15 a 19 años","0.138236479519792"
"Azcapotzalco","2022","Mujeres","Ciudad de México","20 a 24 años","0.152980368706279"
"Azcapotzalco","2022","Mujeres","Ciudad de México","25 a 29 años","0.166667148856753"
"Azcapotzalco","2022","Mujeres","Ciudad de México","30 a 34 años","0.173466029077843"
"Azcapotzalco","2022","Mujeres","Ciudad de México","35 a 39 años","0.177939269419705"
"Azcapotzalco","2022","Mujeres","Ciudad de México","40 a 44 años","0.183970354656743"
"Azcapotzalco","2022","Mujeres","Ciudad de México","45 a 49 años","0.188922075930695"
"Azcapotzalco","2022","Mujeres","Ciudad de México","50 a 54 años","0.17898525099218"
"Azcapotzalco","2022","Mujeres","Ciudad de México","55 a 59 años","0.161759937436949"
"Azcapotzalco","2022","Mujeres","Ciudad de México","60 a 64 años","0.146993793323388"
"Azcapotzalco","2022","Mujeres","Ciudad de México","65 y más","0.389416713939841"
"Azcapotzalco","2023","Mujeres","Ciudad de México","Hasta 4 años","0.103562196085043"
"Azcapotzalco","2023","Mujeres","Ciudad de México","5 a 9 años","0.107598969529943"
"Azcapotzalco","2023","Mujeres","Ciudad de México","10 a 14 años","0.120434124875468"
"Azcapotzalco","2023","Mujeres","Ciudad de México","15 a 19 años","0.13568911402636"
"Azcapotzalco","2023","Mujeres","Ciudad de México","20 a 24 años","0.15077683355937"
"Azcapotzalco","2023","Mujeres","Ciudad de México","25 a 29 años","0.163734653291342"
"Azcapotzalco","2023","Mujeres","Ciudad de México","30 a 34 años","0.171819351489001"
"Azcapotzalco","2023","Mujeres","Ciudad de México","35 a 39 años","0.177183130569103"
"Azcapotzalco","2023","Mujeres","Ciudad de México","40 a 44 años","0.183439014277912"
"Azcapotzalco","2023","Mujeres","Ciudad de México","45 a 49 años","0.188724734203002"
"Azcapotzalco","2023","Mujeres","Ciudad de México","50 a 54 años","0.181364871016167"
"Azcapotzalco","2023","Mujeres","Ciudad de México","55 a 59 años","0.164046889911389"
"Azcapotzalco","2023","Mujeres","Ciudad de México","60 a 64 años","0.149784367159934"
"Azcapotzalco","2023","Mujeres","Ciudad de México","65 y más","0.402707180706275"
"Azcapotzalco","2024","Mujeres","Ciudad de México","Hasta 4 años","0.102009974308599"
"Azcapotzalco","2024","Mujeres","Ciudad de México","5 a 9 años","0.10574340970407"
"Azcapotzalco","2024","Mujeres","Ciudad de México","10 a 14 años","0.117625570857921"
"Azcapotzalco","2024","Mujeres","Ciudad de México","15 a 19 años","0.1331964556061"
"Azcapotzalco","2024","Mujeres","Ciudad de México","20 a 24 años","0.148912653707994"
"Azcapotzalco","2024","Mujeres","Ciudad de México","25 a 29 años","0.161152509270992"
"Azcapotzalco","2024","Mujeres","Ciudad de México","30 a 34 años","0.170273716704239"
"Azcapotzalco","2024","Mujeres","Ciudad de México","35 a 39 años","0.17651101296374"
"Azcapotzalco","2024","Mujeres","Ciudad de México","40 a 44 años","0.183184249284388"
"Azcapotzalco","2024","Mujeres","Ciudad de México","45 a 49 años","0.188359640266733"
"Azcapotzalco","2024","Mujeres","Ciudad de México","50 a 54 años","0.183575477544392"
"Azcapotzalco","2024","Mujeres","Ciudad de México","55 a 59 años","0.166573815159626"
"Azcapotzalco","2024","Mujeres","Ciudad de México","60 a 64 años","0.152444885998321"
"Azcapotzalco","2024","Mujeres","Ciudad de México","65 y más","0.416468071749922"
"Azcapotzalco","2025","Mujeres","Ciudad de México","Hasta 4 años","0.100676097770691"
"Azcapotzalco","2025","Mujeres","Ciudad de México","5 a 9 años","0.104385748039209"
"Azcapotzalco","2025","Mujeres","Ciudad de México","10 a 14 años","0.114909499103072"
"Azcapotzalco","2025","Mujeres","Ciudad de México","15 a 19 años","0.130812803426417"
"Azcapotzalco","2025","Mujeres","Ciudad de México","20 a 24 años","0.147276477880958"
"Azcapotzalco","2025","Mujeres","Ciudad de México","25 a 29 años","0.159089080246572"
"Azcapotzalco","2025","Mujeres","Ciudad de México","30 a 34 años","0.168783483516264"
"Azcapotzalco","2025","Mujeres","Ciudad de México","35 a 39 años","0.175956221195574"
"Azcapotzalco","2025","Mujeres","Ciudad de México","40 a 44 años","0.183140166277508"
"Azcapotzalco","2025","Mujeres","Ciudad de México","45 a 49 años","0.187959349405795"
"Azcapotzalco","2025","Mujeres","Ciudad de México","50 a 54 años","0.185493720828532"
"Azcapotzalco","2025","Mujeres","Ciudad de México","55 a 59 años","0.169366268452708"
"Azcapotzalco","2025","Mujeres","Ciudad de México","60 a 64 años","0.155032000496712"
"Azcapotzalco","2025","Mujeres","Ciudad de México","65 y más","0.430678068032072"
"Azcapotzalco","2026","Mujeres","Ciudad de México","Hasta 4 años","0.0995723413459901"
"Azcapotzalco","2026","Mujeres","Ciudad de México","5 a 9 años","0.103258956986749"
"Azcapotzalco","2026","Mujeres","Ciudad de México","10 a 14 años","0.112576653225131"
"Azcapotzalco","2026","Mujeres","Ciudad de México","15 a 19 años","0.128570720471473"
"Azcapotzalco","2026","Mujeres","Ciudad de México","20 a 24 años","0.145789913037458"
"Azcapotzalco","2026","Mujeres","Ciudad de México","25 a 29 años","0.157636537687946"
"Azcapotzalco","2026","Mujeres","Ciudad de México","30 a 34 años","0.167291424381275"
"Azcapotzalco","2026","Mujeres","Ciudad de México","35 a 39 años","0.175530111163825"
"Azcapotzalco","2026","Mujeres","Ciudad de México","40 a 44 años","0.183251772582122"
"Azcapotzalco","2026","Mujeres","Ciudad de México","45 a 49 años","0.187770124678419"
"Azcapotzalco","2026","Mujeres","Ciudad de México","50 a 54 años","0.187017065995703"
"Azcapotzalco","2026","Mujeres","Ciudad de México","55 a 59 años","0.172383000250982"
"Azcapotzalco","2026","Mujeres","Ciudad de México","60 a 64 años","0.157636537687946"
"Azcapotzalco","2026","Mujeres","Ciudad de México","65 y más","0.445259995758144"
"Azcapotzalco","2027","Mujeres","Ciudad de México","Hasta 4 años","0.0986885350147554"
"Azcapotzalco","2027","Mujeres","Ciudad de México","5 a 9 años","0.102262654242412"
"Azcapotzalco","2027","Mujeres","Ciudad de México","10 a 14 años","0.110797696057352"
"Azcapotzalco","2027","Mujeres","Ciudad de México","15 a 19 años","0.126480976327605"
"Azcapotzalco","2027","Mujeres","Ciudad de México","20 a 24 años","0.144486870354632"
"Azcapotzalco","2027","Mujeres","Ciudad de México","25 a 29 años","0.156742604110034"
"Azcapotzalco","2027","Mujeres","Ciudad de México","30 a 34 años","0.165852661952137"
"Azcapotzalco","2027","Mujeres","Ciudad de México","35 a 39 años","0.175222040747665"
"Azcapotzalco","2027","Mujeres","Ciudad de México","40 a 44 años","0.183497761609179"
"Azcapotzalco","2027","Mujeres","Ciudad de México","45 a 49 años","0.187917492641486"
"Azcapotzalco","2027","Mujeres","Ciudad de México","50 a 54 años","0.188097889826478"
"Azcapotzalco","2027","Mujeres","Ciudad de México","55 a 59 años","0.175537735821401"
"Azcapotzalco","2027","Mujeres","Ciudad de México","60 a 64 años","0.160350547809877"
"Azcapotzalco","2027","Mujeres","Ciudad de México","65 y más","0.460148119618667"
"Azcapotzalco","2028","Mujeres","Ciudad de México","Hasta 4 años","0.0980149705875898"
"Azcapotzalco","2028","Mujeres","Ciudad de México","5 a 9 años","0.10156722136835"
"Azcapotzalco","2028","Mujeres","Ciudad de México","10 a 14 años","0.109429687268439"
"Azcapotzalco","2028","Mujeres","Ciudad de México","15 a 19 años","0.124521096636381"
"Azcapotzalco","2028","Mujeres","Ciudad de México","20 a 24 años","0.143345763194293"
"Azcapotzalco","2028","Mujeres","Ciudad de México","25 a 29 años","0.156366911756887"
"Azcapotzalco","2028","Mujeres","Ciudad de México","30 a 34 años","0.164670580779427"
"Azcapotzalco","2028","Mujeres","Ciudad de México","35 a 39 años","0.174987946104437"
"Azcapotzalco","2028","Mujeres","Ciudad de México","40 a 44 años","0.183868573056336"
"Azcapotzalco","2028","Mujeres","Ciudad de México","45 a 49 años","0.188405046187179"
"Azcapotzalco","2028","Mujeres","Ciudad de México","50 a 54 años","0.188880188011357"
"Azcapotzalco","2028","Mujeres","Ciudad de México","55 a 59 años","0.178721203294407"
"Azcapotzalco","2028","Mujeres","Ciudad de México","60 a 64 años","0.16327909400862"
"Azcapotzalco","2028","Mujeres","Ciudad de México","65 y más","0.475300204786126"
"Azcapotzalco","2029","Mujeres","Ciudad de México","Hasta 4 años","0.0975643873295958"
"Azcapotzalco","2029","Mujeres","Ciudad de México","5 a 9 años","0.10117493954312"
"Azcapotzalco","2029","Mujeres","Ciudad de México","10 a 14 años","0.10852093728573"
"Azcapotzalco","2029","Mujeres","Ciudad de México","15 a 19 años","0.122667943757588"
"Azcapotzalco","2029","Mujeres","Ciudad de México","20 a 24 años","0.142344317927516"
"Azcapotzalco","2029","Mujeres","Ciudad de México","25 a 29 años","0.156468616523817"
"Azcapotzalco","2029","Mujeres","Ciudad de México","30 a 34 años","0.163939507581989"
"Azcapotzalco","2029","Mujeres","Ciudad de México","35 a 39 años","0.174839287849232"
"Azcapotzalco","2029","Mujeres","Ciudad de México","40 a 44 años","0.184285764080841"
"Azcapotzalco","2029","Mujeres","Ciudad de México","45 a 49 años","0.189167957325544"
"Azcapotzalco","2029","Mujeres","Ciudad de México","50 a 54 años","0.189508575458895"
"Azcapotzalco","2029","Mujeres","Ciudad de México","55 a 59 años","0.181810605645155"
"Azcapotzalco","2029","Mujeres","Ciudad de México","60 a 64 años","0.166471435706567"
"Azcapotzalco","2029","Mujeres","Ciudad de México","65 y más","0.490705836843687"
"Azcapotzalco","2030","Mujeres","Ciudad de México","Hasta 4 años","0.0973052697807696"
"Azcapotzalco","2030","Mujeres","Ciudad de México","5 a 9 años","0.10106663080076"
"Azcapotzalco","2030","Mujeres","Ciudad de México","10 a 14 años","0.108099236101771"
"Azcapotzalco","2030","Mujeres","Ciudad de México","15 a 19 años","0.120887863569737"
"Azcapotzalco","2030","Mujeres","Ciudad de México","20 a 24 años","0.141495562733803"
"Azcapotzalco","2030","Mujeres","Ciudad de México","25 a 29 años","0.156974133234246"
"Azcapotzalco","2030","Mujeres","Ciudad de México","30 a 34 años","0.163835767579804"
"Azcapotzalco","2030","Mujeres","Ciudad de México","35 a 39 años","0.174755112601471"
"Azcapotzalco","2030","Mujeres","Ciudad de México","40 a 44 años","0.184762612527384"
"Azcapotzalco","2030","Mujeres","Ciudad de México","45 a 49 años","0.190153896656036"
"Azcapotzalco","2030","Mujeres","Ciudad de México","50 a 54 años","0.190188090847127"
"Azcapotzalco","2030","Mujeres","Ciudad de México","55 a 59 años","0.184728418336293"
"Azcapotzalco","2030","Mujeres","Ciudad de México","60 a 64 años","0.169933731657666"
"Azcapotzalco","2030","Mujeres","Ciudad de México","65 y más","0.506381775863916"
"Benito Juárez","2015","Hombres","Ciudad de México","Hasta 4 años","0.0985899354148162"
"Benito Juárez","2015","Hombres","Ciudad de México","5 a 9 años","0.0982808414509136"
"Benito Juárez","2015","Hombres","Ciudad de México","10 a 14 años","0.105334807269978"
"Benito Juárez","2015","Hombres","Ciudad de México","15 a 19 años","0.121926529689469"
"Benito Juárez","2015","Hombres","Ciudad de México","20 a 24 años","0.155374912211795"
"Benito Juárez","2015","Hombres","Ciudad de México","25 a 29 años","0.186471972794432"
"Benito Juárez","2015","Hombres","Ciudad de México","30 a 34 años","0.193172688369037"
"Benito Juárez","2015","Hombres","Ciudad de México","35 a 39 años","0.179925804201779"
"Benito Juárez","2015","Hombres","Ciudad de México","40 a 44 años","0.170299735040239"
"Benito Juárez","2015","Hombres","Ciudad de México","45 a 49 años","0.159945087249499"
"Benito Juárez","2015","Hombres","Ciudad de México","50 a 54 años","0.151036557647018"
"Benito Juárez","2015","Hombres","Ciudad de México","55 a 59 años","0.134455874297667"
"Benito Juárez","2015","Hombres","Ciudad de México","60 a 64 años","0.107851715261757"
"Benito Juárez","2015","Hombres","Ciudad de México","65 y más","0.234867256285481"
"Benito Juárez","2016","Hombres","Ciudad de México","Hasta 4 años","0.0974818836778039"
"Benito Juárez","2016","Hombres","Ciudad de México","5 a 9 años","0.0966866541712549"
"Benito Juárez","2016","Hombres","Ciudad de México","10 a 14 años","0.103777450604651"
"Benito Juárez","2016","Hombres","Ciudad de México","15 a 19 años","0.120101745197421"
"Benito Juárez","2016","Hombres","Ciudad de México","20 a 24 años","0.155147067756867"
"Benito Juárez","2016","Hombres","Ciudad de México","25 a 29 años","0.190380152838693"
"Benito Juárez","2016","Hombres","Ciudad de México","30 a 34 años","0.198067371402001"
"Benito Juárez","2016","Hombres","Ciudad de México","35 a 39 años","0.181268148076152"
"Benito Juárez","2016","Hombres","Ciudad de México","40 a 44 años","0.170510460029225"
"Benito Juárez","2016","Hombres","Ciudad de México","45 a 49 años","0.161575172934806"
"Benito Juárez","2016","Hombres","Ciudad de México","50 a 54 años","0.153324666804359"
"Benito Juárez","2016","Hombres","Ciudad de México","55 a 59 años","0.138568741516171"
"Benito Juárez","2016","Hombres","Ciudad de México","60 a 64 años","0.112569154593721"
"Benito Juárez","2016","Hombres","Ciudad de México","65 y más","0.243008883376279"
"Benito Juárez","2017","Hombres","Ciudad de México","Hasta 4 años","0.096960068674339"
"Benito Juárez","2017","Hombres","Ciudad de México","5 a 9 años","0.0953024426997379"
"Benito Juárez","2017","Hombres","Ciudad de México","10 a 14 años","0.102231319273571"
"Benito Juárez","2017","Hombres","Ciudad de México","15 a 19 años","0.11843185046534"
"Benito Juárez","2017","Hombres","Ciudad de México","20 a 24 años","0.154192368157403"
"Benito Juárez","2017","Hombres","Ciudad de México","25 a 29 años","0.193665968032573"
"Benito Juárez","2017","Hombres","Ciudad de México","30 a 34 años","0.203026029369154"
"Benito Juárez","2017","Hombres","Ciudad de México","35 a 39 años","0.183676008825643"
"Benito Juárez","2017","Hombres","Ciudad de México","40 a 44 años","0.170735475383923"
"Benito Juárez","2017","Hombres","Ciudad de México","45 a 49 años","0.163397717736355"
"Benito Juárez","2017","Hombres","Ciudad de México","50 a 54 años","0.155474265577761"
"Benito Juárez","2017","Hombres","Ciudad de México","55 a 59 años","0.142036444343661"
"Benito Juárez","2017","Hombres","Ciudad de México","60 a 64 años","0.116763173650908"
"Benito Juárez","2017","Hombres","Ciudad de México","65 y más","0.251019826753774"
"Benito Juárez","2018","Hombres","Ciudad de México","Hasta 4 años","0.0966333181992381"
"Benito Juárez","2018","Hombres","Ciudad de México","5 a 9 años","0.0938903786417914"
"Benito Juárez","2018","Hombres","Ciudad de México","10 a 14 años","0.100648185374049"
"Benito Juárez","2018","Hombres","Ciudad de México","15 a 19 años","0.116928858876313"
"Benito Juárez","2018","Hombres","Ciudad de México","20 a 24 años","0.152852518886743"
"Benito Juárez","2018","Hombres","Ciudad de México","25 a 29 años","0.196319262680151"
"Benito Juárez","2018","Hombres","Ciudad de México","30 a 34 años","0.207810852197034"
"Benito Juárez","2018","Hombres","Ciudad de México","35 a 39 años","0.186674733268483"
"Benito Juárez","2018","Hombres","Ciudad de México","40 a 44 años","0.170681626010146"
"Benito Juárez","2018","Hombres","Ciudad de México","45 a 49 años","0.164996662572534"
"Benito Juárez","2018","Hombres","Ciudad de México","50 a 54 años","0.15760842215167"
"Benito Juárez","2018","Hombres","Ciudad de México","55 a 59 años","0.145198832702254"
"Benito Juárez","2018","Hombres","Ciudad de México","60 a 64 años","0.12089948509052"
"Benito Juárez","2018","Hombres","Ciudad de México","65 y más","0.259550655623386"
"Benito Juárez","2019","Hombres","Ciudad de México","Hasta 4 años","0.0964765198207594"
"Benito Juárez","2019","Hombres","Ciudad de México","5 a 9 años","0.0924128353522389"
"Benito Juárez","2019","Hombres","Ciudad de México","10 a 14 años","0.0990121703474384"
"Benito Juárez","2019","Hombres","Ciudad de México","15 a 19 años","0.115543725964607"
"Benito Juárez","2019","Hombres","Ciudad de México","20 a 24 años","0.15128643295203"
"Benito Juárez","2019","Hombres","Ciudad de México","25 a 29 años","0.198179358631006"
"Benito Juárez","2019","Hombres","Ciudad de México","30 a 34 años","0.212230627270113"
"Benito Juárez","2019","Hombres","Ciudad de México","35 a 39 años","0.190129498662029"
"Benito Juárez","2019","Hombres","Ciudad de México","40 a 44 años","0.170619384129242"
"Benito Juárez","2019","Hombres","Ciudad de México","45 a 49 años","0.16623459107874"
"Benito Juárez","2019","Hombres","Ciudad de México","50 a 54 años","0.159745983180775"
"Benito Juárez","2019","Hombres","Ciudad de México","55 a 59 años","0.148053201712771"
"Benito Juárez","2019","Hombres","Ciudad de México","60 a 64 años","0.124922311100403"
"Benito Juárez","2019","Hombres","Ciudad de México","65 y más","0.268601792472395"
"Benito Juárez","2020","Hombres","Ciudad de México","Hasta 4 años","0.0964779077123005"
"Benito Juárez","2020","Hombres","Ciudad de México","5 a 9 años","0.0908340443603224"
"Benito Juárez","2020","Hombres","Ciudad de México","10 a 14 años","0.0973427826463953"
"Benito Juárez","2020","Hombres","Ciudad de México","15 a 19 años","0.114174579440703"
"Benito Juárez","2020","Hombres","Ciudad de México","20 a 24 años","0.149678804299315"
"Benito Juárez","2020","Hombres","Ciudad de México","25 a 29 años","0.19908755694453"
"Benito Juárez","2020","Hombres","Ciudad de México","30 a 34 años","0.216185469103175"
"Benito Juárez","2020","Hombres","Ciudad de México","35 a 39 años","0.193820690358696"
"Benito Juárez","2020","Hombres","Ciudad de México","40 a 44 años","0.170757358782833"
"Benito Juárez","2020","Hombres","Ciudad de México","45 a 49 años","0.167031743682116"
"Benito Juárez","2020","Hombres","Ciudad de México","50 a 54 años","0.161909022918631"
"Benito Juárez","2020","Hombres","Ciudad de México","55 a 59 años","0.150654560635217"
"Benito Juárez","2020","Hombres","Ciudad de México","60 a 64 años","0.128766571918509"
"Benito Juárez","2020","Hombres","Ciudad de México","65 y más","0.278179260853487"
"Benito Juárez","2021","Hombres","Ciudad de México","Hasta 4 años","0.0962368557281254"
"Benito Juárez","2021","Hombres","Ciudad de México","5 a 9 años","0.0894730651755082"
"Benito Juárez","2021","Hombres","Ciudad de México","10 a 14 años","0.0956704299183003"
"Benito Juárez","2021","Hombres","Ciudad de México","15 a 19 años","0.112707629766765"
"Benito Juárez","2021","Hombres","Ciudad de México","20 a 24 años","0.148148115240331"
"Benito Juárez","2021","Hombres","Ciudad de México","25 a 29 años","0.19890431035603"
"Benito Juárez","2021","Hombres","Ciudad de México","30 a 34 años","0.219617724774143"
"Benito Juárez","2021","Hombres","Ciudad de México","35 a 39 años","0.197538224579393"
"Benito Juárez","2021","Hombres","Ciudad de México","40 a 44 años","0.171349360666303"
"Benito Juárez","2021","Hombres","Ciudad de México","45 a 49 años","0.167284422501676"
"Benito Juárez","2021","Hombres","Ciudad de México","50 a 54 años","0.164030250692289"
"Benito Juárez","2021","Hombres","Ciudad de México","55 a 59 años","0.153068245313909"
"Benito Juárez","2021","Hombres","Ciudad de México","60 a 64 años","0.132377043672652"
"Benito Juárez","2021","Hombres","Ciudad de México","65 y más","0.288232992481975"
"Benito Juárez","2022","Hombres","Ciudad de México","Hasta 4 años","0.0956516765638036"
"Benito Juárez","2022","Hombres","Ciudad de México","5 a 9 años","0.0884299527283094"
"Benito Juárez","2022","Hombres","Ciudad de México","10 a 14 años","0.093982557033258"
"Benito Juárez","2022","Hombres","Ciudad de México","15 a 19 años","0.111107723416657"
"Benito Juárez","2022","Hombres","Ciudad de México","20 a 24 años","0.146626587026668"
"Benito Juárez","2022","Hombres","Ciudad de México","25 a 29 años","0.197668262270755"
"Benito Juárez","2022","Hombres","Ciudad de México","30 a 34 años","0.222326721468683"
"Benito Juárez","2022","Hombres","Ciudad de México","35 a 39 años","0.201117775967216"
"Benito Juárez","2022","Hombres","Ciudad de México","40 a 44 años","0.172564704531348"
"Benito Juárez","2022","Hombres","Ciudad de México","45 a 49 años","0.16704548261701"
"Benito Juárez","2022","Hombres","Ciudad de México","50 a 54 años","0.166032883435146"
"Benito Juárez","2022","Hombres","Ciudad de México","55 a 59 años","0.155350518439654"
"Benito Juárez","2022","Hombres","Ciudad de México","60 a 64 años","0.135699417833363"
"Benito Juárez","2022","Hombres","Ciudad de México","65 y más","0.298772395967674"
"Benito Juárez","2023","Hombres","Ciudad de México","Hasta 4 años","0.0949087811865839"
"Benito Juárez","2023","Hombres","Ciudad de México","5 a 9 años","0.0874820101525967"
"Benito Juárez","2023","Hombres","Ciudad de México","10 a 14 años","0.0922213159926036"
"Benito Juárez","2023","Hombres","Ciudad de México","15 a 19 años","0.10936087617164"
"Benito Juárez","2023","Hombres","Ciudad de México","20 a 24 años","0.145067363935644"
"Benito Juárez","2023","Hombres","Ciudad de México","25 a 29 años","0.195593939844047"
"Benito Juárez","2023","Hombres","Ciudad de México","30 a 34 años","0.224029774884088"
"Benito Juárez","2023","Hombres","Ciudad de México","35 a 39 años","0.204414624360389"
"Benito Juárez","2023","Hombres","Ciudad de México","40 a 44 años","0.174339547065098"
"Benito Juárez","2023","Hombres","Ciudad de México","45 a 49 años","0.16654478287177"
"Benito Juárez","2023","Hombres","Ciudad de México","50 a 54 años","0.167749124120524"
"Benito Juárez","2023","Hombres","Ciudad de México","55 a 59 años","0.157567980045404"
"Benito Juárez","2023","Hombres","Ciudad de México","60 a 64 años","0.138711118456106"
"Benito Juárez","2023","Hombres","Ciudad de México","65 y más","0.309761029702847"
"Benito Juárez","2024","Hombres","Ciudad de México","Hasta 4 años","0.0939618501027924"
"Benito Juárez","2024","Hombres","Ciudad de México","5 a 9 años","0.0866291147152797"
"Benito Juárez","2024","Hombres","Ciudad de México","10 a 14 años","0.0903625501107511"
"Benito Juárez","2024","Hombres","Ciudad de México","15 a 19 años","0.107442458147519"
"Benito Juárez","2024","Hombres","Ciudad de México","20 a 24 años","0.143401924217074"
"Benito Juárez","2024","Hombres","Ciudad de México","25 a 29 años","0.192886710132499"
"Benito Juárez","2024","Hombres","Ciudad de México","30 a 34 años","0.224553843292291"
"Benito Juárez","2024","Hombres","Ciudad de México","35 a 39 años","0.207261554200092"
"Benito Juárez","2024","Hombres","Ciudad de México","40 a 44 años","0.176566902715169"
"Benito Juárez","2024","Hombres","Ciudad de México","45 a 49 años","0.166026095595619"
"Benito Juárez","2024","Hombres","Ciudad de México","50 a 54 años","0.169032964222511"
"Benito Juárez","2024","Hombres","Ciudad de México","55 a 59 años","0.159755265485262"
"Benito Juárez","2024","Hombres","Ciudad de México","60 a 64 años","0.141434604966766"
"Benito Juárez","2024","Hombres","Ciudad de México","65 y más","0.321142511712256"
"Benito Juárez","2025","Hombres","Ciudad de México","Hasta 4 años","0.0927860863234497"
"Benito Juárez","2025","Hombres","Ciudad de México","5 a 9 años","0.0858374966966181"
"Benito Juárez","2025","Hombres","Ciudad de México","10 a 14 años","0.0883815770922484"
"Benito Juárez","2025","Hombres","Ciudad de México","15 a 19 años","0.105383206872738"
"Benito Juárez","2025","Hombres","Ciudad de México","20 a 24 años","0.141471043321767"
"Benito Juárez","2025","Hombres","Ciudad de México","25 a 29 años","0.189752533825622"
"Benito Juárez","2025","Hombres","Ciudad de México","30 a 34 años","0.223755793386601"
"Benito Juárez","2025","Hombres","Ciudad de México","35 a 39 años","0.209589636469964"
"Benito Juárez","2025","Hombres","Ciudad de México","40 a 44 años","0.179060671722401"
"Benito Juárez","2025","Hombres","Ciudad de México","45 a 49 años","0.16571265519731"
"Benito Juárez","2025","Hombres","Ciudad de México","50 a 54 años","0.169792149752417"
"Benito Juárez","2025","Hombres","Ciudad de México","55 a 59 años","0.161890930902552"
"Benito Juárez","2025","Hombres","Ciudad de México","60 a 64 años","0.143903049691158"
"Benito Juárez","2025","Hombres","Ciudad de México","65 y más","0.332848650527857"
"Benito Juárez","2026","Hombres","Ciudad de México","Hasta 4 años","0.0913111751997769"
"Benito Juárez","2026","Hombres","Ciudad de México","5 a 9 años","0.0848033994192906"
"Benito Juárez","2026","Hombres","Ciudad de México","10 a 14 años","0.0865792691486807"
"Benito Juárez","2026","Hombres","Ciudad de México","15 a 19 años","0.103202758577591"
"Benito Juárez","2026","Hombres","Ciudad de México","20 a 24 años","0.139113542029498"
"Benito Juárez","2026","Hombres","Ciudad de México","25 a 29 años","0.186331445403976"
"Benito Juárez","2026","Hombres","Ciudad de México","30 a 34 años","0.221500409854998"
"Benito Juárez","2026","Hombres","Ciudad de México","35 a 39 años","0.211373456524742"
"Benito Juárez","2026","Hombres","Ciudad de México","40 a 44 años","0.181633258398375"
"Benito Juárez","2026","Hombres","Ciudad de México","45 a 49 años","0.165863984788664"
"Benito Juárez","2026","Hombres","Ciudad de México","50 a 54 años","0.169943989293529"
"Benito Juárez","2026","Hombres","Ciudad de México","55 a 59 años","0.163941999195464"
"Benito Juárez","2026","Hombres","Ciudad de México","60 a 64 años","0.146194541583395"
"Benito Juárez","2026","Hombres","Ciudad de México","65 y más","0.344844678274785"
"Benito Juárez","2027","Hombres","Ciudad de México","Hasta 4 años","0.0895221030523429"
"Benito Juárez","2027","Hombres","Ciudad de México","5 a 9 años","0.0834224232347966"
"Benito Juárez","2027","Hombres","Ciudad de México","10 a 14 años","0.0850459978997258"
"Benito Juárez","2027","Hombres","Ciudad de México","15 a 19 años","0.100898400530909"
"Benito Juárez","2027","Hombres","Ciudad de México","20 a 24 años","0.136256248789366"
"Benito Juárez","2027","Hombres","Ciudad de México","25 a 29 años","0.182528126739846"
"Benito Juárez","2027","Hombres","Ciudad de México","30 a 34 años","0.217885974998303"
"Benito Juárez","2027","Hombres","Ciudad de México","35 a 39 años","0.212417685328229"
"Benito Juárez","2027","Hombres","Ciudad de México","40 a 44 años","0.184129151756651"
"Benito Juárez","2027","Hombres","Ciudad de México","45 a 49 años","0.166630624812415"
"Benito Juárez","2027","Hombres","Ciudad de México","50 a 54 años","0.169528254596351"
"Benito Juárez","2027","Hombres","Ciudad de México","55 a 59 años","0.165796287831827"
"Benito Juárez","2027","Hombres","Ciudad de México","60 a 64 años","0.148342860183838"
"Benito Juárez","2027","Hombres","Ciudad de México","65 y más","0.357039853571605"
"Benito Juárez","2028","Hombres","Ciudad de México","Hasta 4 años","0.0873469053447346"
"Benito Juárez","2028","Hombres","Ciudad de México","5 a 9 años","0.0818827743666869"
"Benito Juárez","2028","Hombres","Ciudad de México","10 a 14 años","0.0835797094530371"
"Benito Juárez","2028","Hombres","Ciudad de México","15 a 19 años","0.0983882963065868"
"Benito Juárez","2028","Hombres","Ciudad de México","20 a 24 años","0.132881330161799"
"Benito Juárez","2028","Hombres","Ciudad de México","25 a 29 años","0.178234748569653"
"Benito Juárez","2028","Hombres","Ciudad de México","30 a 34 años","0.213157672646741"
"Benito Juárez","2028","Hombres","Ciudad de México","35 a 39 años","0.212512837313928"
"Benito Juárez","2028","Hombres","Ciudad de México","40 a 44 años","0.18647054018874"
"Benito Juárez","2028","Hombres","Ciudad de México","45 a 49 años","0.167973947747522"
"Benito Juárez","2028","Hombres","Ciudad de México","50 a 54 años","0.168765850787819"
"Benito Juárez","2028","Hombres","Ciudad de México","55 a 59 años","0.167283860812407"
"Benito Juárez","2028","Hombres","Ciudad de México","60 a 64 años","0.150427638954661"
"Benito Juárez","2028","Hombres","Ciudad de México","65 y más","0.369422768298447"
"Benito Juárez","2029","Hombres","Ciudad de México","Hasta 4 años","0.084779853391143"
"Benito Juárez","2029","Hombres","Ciudad de México","5 a 9 años","0.0801474467775651"
"Benito Juárez","2029","Hombres","Ciudad de México","10 a 14 años","0.0821684477021163"
"Benito Juárez","2029","Hombres","Ciudad de México","15 a 19 años","0.0956569257828285"
"Benito Juárez","2029","Hombres","Ciudad de México","20 a 24 años","0.128912609535695"
"Benito Juárez","2029","Hombres","Ciudad de México","25 a 29 años","0.173351922000264"
"Benito Juárez","2029","Hombres","Ciudad de México","30 a 34 años","0.207572690464293"
"Benito Juárez","2029","Hombres","Ciudad de México","35 a 39 años","0.21151250687339"
"Benito Juárez","2029","Hombres","Ciudad de México","40 a 44 años","0.188498074996619"
"Benito Juárez","2029","Hombres","Ciudad de México","45 a 49 años","0.169775431600075"
"Benito Juárez","2029","Hombres","Ciudad de México","50 a 54 años","0.167890677928865"
"Benito Juárez","2029","Hombres","Ciudad de México","55 a 59 años","0.168265357875551"
"Benito Juárez","2029","Hombres","Ciudad de México","60 a 64 años","0.152472030425828"
"Benito Juárez","2029","Hombres","Ciudad de México","65 y más","0.38195782080239"
"Benito Juárez","2030","Hombres","Ciudad de México","Hasta 4 años","0.0817583108981446"
"Benito Juárez","2030","Hombres","Ciudad de México","5 a 9 años","0.0781793188973057"
"Benito Juárez","2030","Hombres","Ciudad de México","10 a 14 años","0.0807894754839048"
"Benito Juárez","2030","Hombres","Ciudad de México","15 a 19 años","0.0926776559198123"
"Benito Juárez","2030","Hombres","Ciudad de México","20 a 24 años","0.124387069124697"
"Benito Juárez","2030","Hombres","Ciudad de México","25 a 29 años","0.167619924727187"
"Benito Juárez","2030","Hombres","Ciudad de México","30 a 34 años","0.201358193270127"
"Benito Juárez","2030","Hombres","Ciudad de México","35 a 39 años","0.209336837857985"
"Benito Juárez","2030","Hombres","Ciudad de México","40 a 44 años","0.19017669278343"
"Benito Juárez","2030","Hombres","Ciudad de México","45 a 49 años","0.171860004422449"
"Benito Juárez","2030","Hombres","Ciudad de México","50 a 54 años","0.167141206051916"
"Benito Juárez","2030","Hombres","Ciudad de México","55 a 59 años","0.168634352396215"
"Benito Juárez","2030","Hombres","Ciudad de México","60 a 64 años","0.15446655922092"
"Benito Juárez","2030","Hombres","Ciudad de México","65 y más","0.394635159379125"
"Benito Juárez","2015","Mujeres","Ciudad de México","Hasta 4 años","0.0937437836236278"
"Benito Juárez","2015","Mujeres","Ciudad de México","5 a 9 años","0.093865213395161"
"Benito Juárez","2015","Mujeres","Ciudad de México","10 a 14 años","0.100753593162135"
"Benito Juárez","2015","Mujeres","Ciudad de México","15 a 19 años","0.120712231974137"
"Benito Juárez","2015","Mujeres","Ciudad de México","20 a 24 años","0.159911970039081"
"Benito Juárez","2015","Mujeres","Ciudad de México","25 a 29 años","0.200469513731168"
"Benito Juárez","2015","Mujeres","Ciudad de México","30 a 34 años","0.217513838026373"
"Benito Juárez","2015","Mujeres","Ciudad de México","35 a 39 años","0.208605308423892"
"Benito Juárez","2015","Mujeres","Ciudad de México","40 a 44 años","0.198515598316498"
"Benito Juárez","2015","Mujeres","Ciudad de México","45 a 49 años","0.190059670589731"
"Benito Juárez","2015","Mujeres","Ciudad de México","50 a 54 años","0.182012188458122"
"Benito Juárez","2015","Mujeres","Ciudad de México","55 a 59 años","0.16759516285609"
"Benito Juárez","2015","Mujeres","Ciudad de México","60 a 64 años","0.143231935058475"
"Benito Juárez","2015","Mujeres","Ciudad de México","65 y más","0.404052045241642"
"Benito Juárez","2016","Mujeres","Ciudad de México","Hasta 4 años","0.0925779683874181"
"Benito Juárez","2016","Mujeres","Ciudad de México","5 a 9 años","0.0923681161565233"
"Benito Juárez","2016","Mujeres","Ciudad de México","10 a 14 años","0.098983983856841"
"Benito Juárez","2016","Mujeres","Ciudad de México","15 a 19 años","0.118279344244913"
"Benito Juárez","2016","Mujeres","Ciudad de México","20 a 24 años","0.158416344617125"
"Benito Juárez","2016","Mujeres","Ciudad de México","25 a 29 años","0.202109788060292"
"Benito Juárez","2016","Mujeres","Ciudad de México","30 a 34 años","0.22040006671092"
"Benito Juárez","2016","Mujeres","Ciudad de México","35 a 39 años","0.209399391870325"
"Benito Juárez","2016","Mujeres","Ciudad de México","40 a 44 años","0.199061408285187"
"Benito Juárez","2016","Mujeres","Ciudad de México","45 a 49 años","0.191827028746442"
"Benito Juárez","2016","Mujeres","Ciudad de México","50 a 54 años","0.184051451349074"
"Benito Juárez","2016","Mujeres","Ciudad de México","55 a 59 años","0.171802707977367"
"Benito Juárez","2016","Mujeres","Ciudad de México","60 a 64 años","0.148608514036353"
"Benito Juárez","2016","Mujeres","Ciudad de México","65 y más","0.415982345904955"
"Benito Juárez","2017","Mujeres","Ciudad de México","Hasta 4 años","0.091766173953922"
"Benito Juárez","2017","Mujeres","Ciudad de México","5 a 9 años","0.0910147168454361"
"Benito Juárez","2017","Mujeres","Ciudad de México","10 a 14 años","0.0973247463887513"
"Benito Juárez","2017","Mujeres","Ciudad de México","15 a 19 años","0.11613327578056"
"Benito Juárez","2017","Mujeres","Ciudad de México","20 a 24 años","0.156524095361675"
"Benito Juárez","2017","Mujeres","Ciudad de México","25 a 29 años","0.203302300364921"
"Benito Juárez","2017","Mujeres","Ciudad de México","30 a 34 años","0.223138557860982"
"Benito Juárez","2017","Mujeres","Ciudad de México","35 a 39 años","0.210640058012489"
"Benito Juárez","2017","Mujeres","Ciudad de México","40 a 44 años","0.199423455584354"
"Benito Juárez","2017","Mujeres","Ciudad de México","45 a 49 años","0.193898035669017"
"Benito Juárez","2017","Mujeres","Ciudad de México","50 a 54 años","0.186129295268052"
"Benito Juárez","2017","Mujeres","Ciudad de México","55 a 59 años","0.175398929792467"
"Benito Juárez","2017","Mujeres","Ciudad de México","60 a 64 años","0.153363555170102"
"Benito Juárez","2017","Mujeres","Ciudad de México","65 y más","0.428231094278472"
"Benito Juárez","2018","Mujeres","Ciudad de México","Hasta 4 años","0.0911474390843448"
"Benito Juárez","2018","Mujeres","Ciudad de México","5 a 9 años","0.0896432464238096"
"Benito Juárez","2018","Mujeres","Ciudad de México","10 a 14 años","0.0956931977864035"
"Benito Juárez","2018","Mujeres","Ciudad de México","15 a 19 años","0.114241220519621"
"Benito Juárez","2018","Mujeres","Ciudad de México","20 a 24 años","0.154522615149543"
"Benito Juárez","2018","Mujeres","Ciudad de México","25 a 29 años","0.204127792226753"
"Benito Juárez","2018","Mujeres","Ciudad de México","30 a 34 años","0.225728441241645"
"Benito Juárez","2018","Mujeres","Ciudad de México","35 a 39 años","0.212124345855922"
"Benito Juárez","2018","Mujeres","Ciudad de México","40 a 44 años","0.199394009442127"
"Benito Juárez","2018","Mujeres","Ciudad de México","45 a 49 años","0.19586579283396"
"Benito Juárez","2018","Mujeres","Ciudad de México","50 a 54 años","0.188322709050982"
"Benito Juárez","2018","Mujeres","Ciudad de México","55 a 59 años","0.178711360359767"
"Benito Juárez","2018","Mujeres","Ciudad de México","60 a 64 años","0.158095072718314"
"Benito Juárez","2018","Mujeres","Ciudad de México","65 y más","0.441414184426186"
"Benito Juárez","2019","Mujeres","Ciudad de México","Hasta 4 años","0.0907076380548217"
"Benito Juárez","2019","Mujeres","Ciudad de México","5 a 9 años","0.0882273510767601"
"Benito Juárez","2019","Mujeres","Ciudad de México","10 a 14 años","0.0940626691010388"
"Benito Juárez","2019","Mujeres","Ciudad de México","15 a 19 años","0.112509803500371"
"Benito Juárez","2019","Mujeres","Ciudad de México","20 a 24 años","0.152548721860508"
"Benito Juárez","2019","Mujeres","Ciudad de México","25 a 29 años","0.204535094012288"
"Benito Juárez","2019","Mujeres","Ciudad de México","30 a 34 años","0.227998165916361"
"Benito Juárez","2019","Mujeres","Ciudad de México","35 a 39 años","0.213758661211955"
"Benito Juárez","2019","Mujeres","Ciudad de México","40 a 44 años","0.199131611667226"
"Benito Juárez","2019","Mujeres","Ciudad de México","45 a 49 años","0.197570359596214"
"Benito Juárez","2019","Mujeres","Ciudad de México","50 a 54 años","0.190683134148204"
"Benito Juárez","2019","Mujeres","Ciudad de México","55 a 59 años","0.181769602820795"
"Benito Juárez","2019","Mujeres","Ciudad de México","60 a 64 años","0.162735614806117"
"Benito Juárez","2019","Mujeres","Ciudad de México","65 y más","0.455498059895166"
"Benito Juárez","2020","Mujeres","Ciudad de México","Hasta 4 años","0.0904348713138171"
"Benito Juárez","2020","Mujeres","Ciudad de México","5 a 9 años","0.0866981680729201"
"Benito Juárez","2020","Mujeres","Ciudad de México","10 a 14 años","0.0924418246865244"
"Benito Juárez","2020","Mujeres","Ciudad de México","15 a 19 años","0.110881401807034"
"Benito Juárez","2020","Mujeres","Ciudad de México","20 a 24 años","0.150721089476302"
"Benito Juárez","2020","Mujeres","Ciudad de México","25 a 29 años","0.204387687950906"
"Benito Juárez","2020","Mujeres","Ciudad de México","30 a 34 años","0.229879322226343"
"Benito Juárez","2020","Mujeres","Ciudad de México","35 a 39 años","0.215431475570887"
"Benito Juárez","2020","Mujeres","Ciudad de México","40 a 44 años","0.198832529720374"
"Benito Juárez","2020","Mujeres","Ciudad de México","45 a 49 años","0.198921234841819"
"Benito Juárez","2020","Mujeres","Ciudad de México","50 a 54 años","0.193188666368396"
"Benito Juárez","2020","Mujeres","Ciudad de México","55 a 59 años","0.184606445868531"
"Benito Juárez","2020","Mujeres","Ciudad de México","60 a 64 años","0.16724241834555"
"Benito Juárez","2020","Mujeres","Ciudad de México","65 y más","0.470447611586885"
"Benito Juárez","2021","Mujeres","Ciudad de México","Hasta 4 años","0.0900728101506171"
"Benito Juárez","2021","Mujeres","Ciudad de México","5 a 9 años","0.0853081695150295"
"Benito Juárez","2021","Mujeres","Ciudad de México","10 a 14 años","0.0908391509521451"
"Benito Juárez","2021","Mujeres","Ciudad de México","15 a 19 años","0.10927575574253"
"Benito Juárez","2021","Mujeres","Ciudad de México","20 a 24 años","0.149092158256706"
"Benito Juárez","2021","Mujeres","Ciudad de México","25 a 29 años","0.203524567942054"
"Benito Juárez","2021","Mujeres","Ciudad de México","30 a 34 años","0.231346070954051"
"Benito Juárez","2021","Mujeres","Ciudad de México","35 a 39 años","0.217041042658861"
"Benito Juárez","2021","Mujeres","Ciudad de México","40 a 44 años","0.198704395364327"
"Benito Juárez","2021","Mujeres","Ciudad de México","45 a 49 años","0.199770608653409"
"Benito Juárez","2021","Mujeres","Ciudad de México","50 a 54 años","0.195794521596206"
"Benito Juárez","2021","Mujeres","Ciudad de México","55 a 59 años","0.187331453614113"
"Benito Juárez","2021","Mujeres","Ciudad de México","60 a 64 años","0.171560382046434"
"Benito Juárez","2021","Mujeres","Ciudad de México","65 y más","0.486271004540625"
"Benito Juárez","2022","Mujeres","Ciudad de México","Hasta 4 años","0.0894759343007847"
"Benito Juárez","2022","Mujeres","Ciudad de México","5 a 9 años","0.0841347518030386"
"Benito Juárez","2022","Mujeres","Ciudad de México","10 a 14 años","0.0892645124935822"
"Benito Juárez","2022","Mujeres","Ciudad de México","15 a 19 años","0.107691592110806"
"Benito Juárez","2022","Mujeres","Ciudad de México","20 a 24 años","0.147594676354385"
"Benito Juárez","2022","Mujeres","Ciudad de México","25 a 29 años","0.201941208268952"
"Benito Juárez","2022","Mujeres","Ciudad de México","30 a 34 años","0.232263546407198"
"Benito Juárez","2022","Mujeres","Ciudad de México","35 a 39 años","0.218532256402576"
"Benito Juárez","2022","Mujeres","Ciudad de México","40 a 44 años","0.198903410723359"
"Benito Juárez","2022","Mujeres","Ciudad de México","45 a 49 años","0.200082921858278"
"Benito Juárez","2022","Mujeres","Ciudad de México","50 a 54 años","0.198380419937121"
"Benito Juárez","2022","Mujeres","Ciudad de México","55 a 59 años","0.190057077211467"
"Benito Juárez","2022","Mujeres","Ciudad de México","60 a 64 años","0.175624757004015"
"Benito Juárez","2022","Mujeres","Ciudad de México","65 y más","0.502950224407557"
"Benito Juárez","2023","Mujeres","Ciudad de México","Hasta 4 años","0.0887421079406456"
"Benito Juárez","2023","Mujeres","Ciudad de México","5 a 9 años","0.0830660922404962"
"Benito Juárez","2023","Mujeres","Ciudad de México","10 a 14 años","0.0876604310783382"
"Benito Juárez","2023","Mujeres","Ciudad de México","15 a 19 años","0.106115845584718"
"Benito Juárez","2023","Mujeres","Ciudad de México","20 a 24 años","0.146115586874375"
"Benito Juárez","2023","Mujeres","Ciudad de México","25 a 29 años","0.199775680291112"
"Benito Juárez","2023","Mujeres","Ciudad de México","30 a 34 años","0.232504768856806"
"Benito Juárez","2023","Mujeres","Ciudad de México","35 a 39 años","0.219825731821305"
"Benito Juárez","2023","Mujeres","Ciudad de México","40 a 44 años","0.199385384516052"
"Benito Juárez","2023","Mujeres","Ciudad de México","45 a 49 años","0.199965252524712"
"Benito Juárez","2023","Mujeres","Ciudad de México","50 a 54 años","0.200812751921984"
"Benito Juárez","2023","Mujeres","Ciudad de México","55 a 59 años","0.192861869418631"
"Benito Juárez","2023","Mujeres","Ciudad de México","60 a 64 años","0.17941339214087"
"Benito Juárez","2023","Mujeres","Ciudad de México","65 y más","0.520431537772045"
"Benito Juárez","2024","Mujeres","Ciudad de México","Hasta 4 años","0.0878363333461507"
"Benito Juárez","2024","Mujeres","Ciudad de México","5 a 9 años","0.0820908668992276"
"Benito Juárez","2024","Mujeres","Ciudad de México","10 a 14 años","0.0860143274495584"
"Benito Juárez","2024","Mujeres","Ciudad de México","15 a 19 años","0.104513835172628"
"Benito Juárez","2024","Mujeres","Ciudad de México","20 a 24 años","0.144586786947373"
"Benito Juárez","2024","Mujeres","Ciudad de México","25 a 29 años","0.197190220992548"
"Benito Juárez","2024","Mujeres","Ciudad de México","30 a 34 años","0.231998358182662"
"Benito Juárez","2024","Mujeres","Ciudad de México","35 a 39 años","0.220798051996248"
"Benito Juárez","2024","Mujeres","Ciudad de México","40 a 44 años","0.200096488066867"
"Benito Juárez","2024","Mujeres","Ciudad de México","45 a 49 años","0.199615836204576"
"Benito Juárez","2024","Mujeres","Ciudad de México","50 a 54 años","0.2029133315389"
"Benito Juárez","2024","Mujeres","Ciudad de México","55 a 59 años","0.195804155157104"
"Benito Juárez","2024","Mujeres","Ciudad de México","60 a 64 años","0.182949512328385"
"Benito Juárez","2024","Mujeres","Ciudad de México","65 y más","0.538687780175324"
"Benito Juárez","2025","Mujeres","Ciudad de México","Hasta 4 años","0.086711674101284"
"Benito Juárez","2025","Mujeres","Ciudad de México","5 a 9 años","0.0812200468155622"
"Benito Juárez","2025","Mujeres","Ciudad de México","10 a 14 años","0.0842908751345168"
"Benito Juárez","2025","Mujeres","Ciudad de México","15 a 19 años","0.102883956087603"
"Benito Juárez","2025","Mujeres","Ciudad de México","20 a 24 años","0.142883176052381"
"Benito Juárez","2025","Mujeres","Ciudad de México","25 a 29 años","0.194336361498806"
"Benito Juárez","2025","Mujeres","Ciudad de México","30 a 34 años","0.230592308987194"
"Benito Juárez","2025","Mujeres","Ciudad de México","35 a 39 años","0.221424653640826"
"Benito Juárez","2025","Mujeres","Ciudad de México","40 a 44 años","0.20094872904692"
"Benito Juárez","2025","Mujeres","Ciudad de México","45 a 49 años","0.199222789042836"
"Benito Juárez","2025","Mujeres","Ciudad de México","50 a 54 años","0.204579927497071"
"Benito Juárez","2025","Mujeres","Ciudad de México","55 a 59 años","0.198875359561495"
"Benito Juárez","2025","Mujeres","Ciudad de México","60 a 64 años","0.186300653817454"
"Benito Juárez","2025","Mujeres","Ciudad de México","65 y más","0.55763552495586"
"Benito Juárez","2026","Mujeres","Ciudad de México","Hasta 4 años","0.0853091851017118"
"Benito Juárez","2026","Mujeres","Ciudad de México","5 a 9 años","0.0802063695501733"
"Benito Juárez","2026","Mujeres","Ciudad de México","10 a 14 años","0.0827015789167847"
"Benito Juárez","2026","Mujeres","Ciudad de México","15 a 19 años","0.101269533302559"
"Benito Juárez","2026","Mujeres","Ciudad de México","20 a 24 años","0.140889411758888"
"Benito Juárez","2026","Mujeres","Ciudad de México","25 a 29 años","0.191254426046209"
"Benito Juárez","2026","Mujeres","Ciudad de México","30 a 34 años","0.228086863408305"
"Benito Juárez","2026","Mujeres","Ciudad de México","35 a 39 años","0.221669005082472"
"Benito Juárez","2026","Mujeres","Ciudad de México","40 a 44 años","0.201864685695223"
"Benito Juárez","2026","Mujeres","Ciudad de México","45 a 49 años","0.19899856682817"
"Benito Juárez","2026","Mujeres","Ciudad de México","50 a 54 años","0.205652458472467"
"Benito Juárez","2026","Mujeres","Ciudad de México","55 a 59 años","0.202010801559034"
"Benito Juárez","2026","Mujeres","Ciudad de México","60 a 64 años","0.18955723408964"
"Benito Juárez","2026","Mujeres","Ciudad de México","65 y más","0.577202620779092"
"Benito Juárez","2027","Mujeres","Ciudad de México","Hasta 4 años","0.0835915455957267"
"Benito Juárez","2027","Mujeres","Ciudad de México","5 a 9 años","0.0789463180821795"
"Benito Juárez","2027","Mujeres","Ciudad de México","10 a 14 años","0.0813478556073872"
"Benito Juárez","2027","Mujeres","Ciudad de México","15 a 19 años","0.09966944470815"
"Benito Juárez","2027","Mujeres","Ciudad de México","20 a 24 años","0.138590137370201"
"Benito Juárez","2027","Mujeres","Ciudad de México","25 a 29 años","0.187793469576804"
"Benito Juárez","2027","Mujeres","Ciudad de México","30 a 34 años","0.224515571546764"
"Benito Juárez","2027","Mujeres","Ciudad de México","35 a 39 años","0.221437544577836"
"Benito Juárez","2027","Mujeres","Ciudad de México","40 a 44 años","0.202834084875523"
"Benito Juárez","2027","Mujeres","Ciudad de México","45 a 49 años","0.199102118110998"
"Benito Juárez","2027","Mujeres","Ciudad de México","50 a 54 años","0.206092509029443"
"Benito Juárez","2027","Mujeres","Ciudad de México","55 a 59 años","0.205089049687924"
"Benito Juárez","2027","Mujeres","Ciudad de México","60 a 64 años","0.19282204110846"
"Benito Juárez","2027","Mujeres","Ciudad de México","65 y más","0.597328903981118"
"Benito Juárez","2028","Mujeres","Ciudad de México","Hasta 4 años","0.0815320744488411"
"Benito Juárez","2028","Mujeres","Ciudad de México","5 a 9 años","0.0775273076450546"
"Benito Juárez","2028","Mujeres","Ciudad de México","10 a 14 años","0.0801179618768826"
"Benito Juárez","2028","Mujeres","Ciudad de México","15 a 19 años","0.0980489092893168"
"Benito Juárez","2028","Mujeres","Ciudad de México","20 a 24 años","0.135981064919532"
"Benito Juárez","2028","Mujeres","Ciudad de México","25 a 29 años","0.183823321454034"
"Benito Juárez","2028","Mujeres","Ciudad de México","30 a 34 años","0.220047229097323"
"Benito Juárez","2028","Mujeres","Ciudad de México","35 a 39 años","0.220646812827834"
"Benito Juárez","2028","Mujeres","Ciudad de México","40 a 44 años","0.203801903870664"
"Benito Juárez","2028","Mujeres","Ciudad de México","45 a 49 años","0.199514314552485"
"Benito Juárez","2028","Mujeres","Ciudad de México","50 a 54 años","0.206019232383495"
"Benito Juárez","2028","Mujeres","Ciudad de México","55 a 59 años","0.207976364183085"
"Benito Juárez","2028","Mujeres","Ciudad de México","60 a 64 años","0.196188321783239"
"Benito Juárez","2028","Mujeres","Ciudad de México","65 y más","0.617910629443"
"Benito Juárez","2029","Mujeres","Ciudad de México","Hasta 4 años","0.0790801766263977"
"Benito Juárez","2029","Mujeres","Ciudad de México","5 a 9 años","0.0759124279862304"
"Benito Juárez","2029","Mujeres","Ciudad de México","10 a 14 años","0.079000699061949"
"Benito Juárez","2029","Mujeres","Ciudad de México","15 a 19 años","0.0963722238628662"
"Benito Juárez","2029","Mujeres","Ciudad de México","20 a 24 años","0.132965965322576"
"Benito Juárez","2029","Mujeres","Ciudad de México","25 a 29 años","0.179221907831685"
"Benito Juárez","2029","Mujeres","Ciudad de México","30 a 34 años","0.214839210642455"
"Benito Juárez","2029","Mujeres","Ciudad de México","35 a 39 años","0.219233184562687"
"Benito Juárez","2029","Mujeres","Ciudad de México","40 a 44 años","0.204688790268585"
"Benito Juárez","2029","Mujeres","Ciudad de México","45 a 49 años","0.200169923032791"
"Benito Juárez","2029","Mujeres","Ciudad de México","50 a 54 años","0.205608459228634"
"Benito Juárez","2029","Mujeres","Ciudad de México","55 a 59 años","0.210479298535558"
"Benito Juárez","2029","Mujeres","Ciudad de México","60 a 64 años","0.199715765521656"
"Benito Juárez","2029","Mujeres","Ciudad de México","65 y más","0.638965556353737"
"Benito Juárez","2030","Mujeres","Ciudad de México","Hasta 4 años","0.0762302500051291"
"Benito Juárez","2030","Mujeres","Ciudad de México","5 a 9 años","0.0740760159664076"
"Benito Juárez","2030","Mujeres","Ciudad de México","10 a 14 años","0.0780197460055486"
"Benito Juárez","2030","Mujeres","Ciudad de México","15 a 19 años","0.0946267248119889"
"Benito Juárez","2030","Mujeres","Ciudad de México","20 a 24 años","0.129584586170501"
"Benito Juárez","2030","Mujeres","Ciudad de México","25 a 29 años","0.173786277187231"
"Benito Juárez","2030","Mujeres","Ciudad de México","30 a 34 años","0.209051886265561"
"Benito Juárez","2030","Mujeres","Ciudad de México","35 a 39 años","0.217076123108206"
"Benito Juárez","2030","Mujeres","Ciudad de México","40 a 44 años","0.205495690392116"
"Benito Juárez","2030","Mujeres","Ciudad de México","45 a 49 años","0.200993455231825"
"Benito Juárez","2030","Mujeres","Ciudad de México","50 a 54 años","0.205051165907936"
"Benito Juárez","2030","Mujeres","Ciudad de México","55 a 59 años","0.212471305374643"
"Benito Juárez","2030","Mujeres","Ciudad de México","60 a 64 años","0.203398446671879"
"Benito Juárez","2030","Mujeres","Ciudad de México","65 y más","0.660494995110231"
"Coyoacán","2015","Hombres","Ciudad de México","Hasta 4 años","0.180698539111536"
"Coyoacán","2015","Hombres","Ciudad de México","5 a 9 años","0.199266255085976"
"Coyoacán","2015","Hombres","Ciudad de México","10 a 14 años","0.219015151565329"
"Coyoacán","2015","Hombres","Ciudad de México","15 a 19 años","0.249151813045841"
"Coyoacán","2015","Hombres","Ciudad de México","20 a 24 años","0.284388524930746"
"Coyoacán","2015","Hombres","Ciudad de México","25 a 29 años","0.283880727704335"
"Coyoacán","2015","Hombres","Ciudad de México","30 a 34 años","0.257972030087206"
"Coyoacán","2015","Hombres","Ciudad de México","35 a 39 años","0.239757564357227"
"Coyoacán","2015","Hombres","Ciudad de México","40 a 44 años","0.238024430345344"
"Coyoacán","2015","Hombres","Ciudad de México","45 a 49 años","0.228111345360179"
"Coyoacán","2015","Hombres","Ciudad de México","50 a 54 años","0.216443048222853"
"Coyoacán","2015","Hombres","Ciudad de México","55 a 59 años","0.195954534044161"
"Coyoacán","2015","Hombres","Ciudad de México","60 a 64 años","0.161843807313472"
"Coyoacán","2015","Hombres","Ciudad de México","65 y más","0.329858454834859"
"Coyoacán","2016","Hombres","Ciudad de México","Hasta 4 años","0.17425466562256"
"Coyoacán","2016","Hombres","Ciudad de México","5 a 9 años","0.193284949508449"
"Coyoacán","2016","Hombres","Ciudad de México","10 a 14 años","0.213883602698921"
"Coyoacán","2016","Hombres","Ciudad de México","15 a 19 años","0.242942614250734"
"Coyoacán","2016","Hombres","Ciudad de México","20 a 24 años","0.278959883984851"
"Coyoacán","2016","Hombres","Ciudad de México","25 a 29 años","0.282991255788884"
"Coyoacán","2016","Hombres","Ciudad de México","30 a 34 años","0.258438544774182"
"Coyoacán","2016","Hombres","Ciudad de México","35 a 39 años","0.23737600770489"
"Coyoacán","2016","Hombres","Ciudad de México","40 a 44 años","0.235520472189609"
"Coyoacán","2016","Hombres","Ciudad de México","45 a 49 años","0.227877433043332"
"Coyoacán","2016","Hombres","Ciudad de México","50 a 54 años","0.216876758202737"
"Coyoacán","2016","Hombres","Ciudad de México","55 a 59 años","0.19955842672678"
"Coyoacán","2016","Hombres","Ciudad de México","60 a 64 años","0.167738201610561"
"Coyoacán","2016","Hombres","Ciudad de México","65 y más","0.342688693051351"
"Coyoacán","2017","Hombres","Ciudad de México","Hasta 4 años","0.169122052768644"
"Coyoacán","2017","Hombres","Ciudad de México","5 a 9 años","0.187864277121468"
"Coyoacán","2017","Hombres","Ciudad de México","10 a 14 años","0.208882974479412"
"Coyoacán","2017","Hombres","Ciudad de México","15 a 19 años","0.237283632844245"
"Coyoacán","2017","Hombres","Ciudad de México","20 a 24 años","0.272546862743928"
"Coyoacán","2017","Hombres","Ciudad de México","25 a 29 años","0.281365432928806"
"Coyoacán","2017","Hombres","Ciudad de México","30 a 34 años","0.259120092349658"
"Coyoacán","2017","Hombres","Ciudad de México","35 a 39 años","0.236598480774743"
"Coyoacán","2017","Hombres","Ciudad de México","40 a 44 años","0.233239025466218"
"Coyoacán","2017","Hombres","Ciudad de México","45 a 49 años","0.228111435784785"
"Coyoacán","2017","Hombres","Ciudad de México","50 a 54 años","0.217292663590555"
"Coyoacán","2017","Hombres","Ciudad de México","55 a 59 años","0.202285623100499"
"Coyoacán","2017","Hombres","Ciudad de México","60 a 64 años","0.172801982432259"
"Coyoacán","2017","Hombres","Ciudad de México","65 y más","0.355129788798559"
"Coyoacán","2018","Hombres","Ciudad de México","Hasta 4 años","0.16460955416725"
"Coyoacán","2018","Hombres","Ciudad de México","5 a 9 años","0.182571384172465"
"Coyoacán","2018","Hombres","Ciudad de México","10 a 14 años","0.20398400910479"
"Coyoacán","2018","Hombres","Ciudad de México","15 a 19 años","0.232220802210278"
"Coyoacán","2018","Hombres","Ciudad de México","20 a 24 años","0.265877112989754"
"Coyoacán","2018","Hombres","Ciudad de México","25 a 29 años","0.279138340930797"
"Coyoacán","2018","Hombres","Ciudad de México","30 a 34 años","0.259782920666556"
"Coyoacán","2018","Hombres","Ciudad de México","35 a 39 años","0.236788681392639"
"Coyoacán","2018","Hombres","Ciudad de México","40 a 44 años","0.230827211951253"
"Coyoacán","2018","Hombres","Ciudad de México","45 a 49 años","0.228228055515769"
"Coyoacán","2018","Hombres","Ciudad de México","50 a 54 años","0.217853550254137"
"Coyoacán","2018","Hombres","Ciudad de México","55 a 59 años","0.204647623513849"
"Coyoacán","2018","Hombres","Ciudad de México","60 a 64 años","0.177760179706782"
"Coyoacán","2018","Hombres","Ciudad de México","65 y más","0.368073731984943"
"Coyoacán","2019","Hombres","Ciudad de México","Hasta 4 años","0.160742527055889"
"Coyoacán","2019","Hombres","Ciudad de México","5 a 9 años","0.177362664350846"
"Coyoacán","2019","Hombres","Ciudad de México","10 a 14 años","0.199153757086673"
"Coyoacán","2019","Hombres","Ciudad de México","15 a 19 años","0.227710275463551"
"Coyoacán","2019","Hombres","Ciudad de México","20 a 24 años","0.259333934433835"
"Coyoacán","2019","Hombres","Ciudad de México","25 a 29 años","0.276230889471879"
"Coyoacán","2019","Hombres","Ciudad de México","30 a 34 años","0.260297260179779"
"Coyoacán","2019","Hombres","Ciudad de México","35 a 39 años","0.237775368602202"
"Coyoacán","2019","Hombres","Ciudad de México","40 a 44 años","0.228651455790047"
"Coyoacán","2019","Hombres","Ciudad de México","45 a 49 años","0.228097820303873"
"Coyoacán","2019","Hombres","Ciudad de México","50 a 54 años","0.218641726200013"
"Coyoacán","2019","Hombres","Ciudad de México","55 a 59 años","0.206683199698645"
"Coyoacán","2019","Hombres","Ciudad de México","60 a 64 años","0.182533619791716"
"Coyoacán","2019","Hombres","Ciudad de México","65 y más","0.381521286232536"
"Coyoacán","2020","Hombres","Ciudad de México","Hasta 4 años","0.157529207547253"
"Coyoacán","2020","Hombres","Ciudad de México","5 a 9 años","0.172232081426866"
"Coyoacán","2020","Hombres","Ciudad de México","10 a 14 años","0.194463802489177"
"Coyoacán","2020","Hombres","Ciudad de México","15 a 19 años","0.223547994183162"
"Coyoacán","2020","Hombres","Ciudad de México","20 a 24 años","0.253297474287989"
"Coyoacán","2020","Hombres","Ciudad de México","25 a 29 años","0.272579750062232"
"Coyoacán","2020","Hombres","Ciudad de México","30 a 34 años","0.260626734947434"
"Coyoacán","2020","Hombres","Ciudad de México","35 a 39 años","0.239337505800483"
"Coyoacán","2020","Hombres","Ciudad de México","40 a 44 años","0.227029670199903"
"Coyoacán","2020","Hombres","Ciudad de México","45 a 49 años","0.22761734162948"
"Coyoacán","2020","Hombres","Ciudad de México","50 a 54 años","0.219678233260096"
"Coyoacán","2020","Hombres","Ciudad de México","55 a 59 años","0.208512476098128"
"Coyoacán","2020","Hombres","Ciudad de México","60 a 64 años","0.187045836708286"
"Coyoacán","2020","Hombres","Ciudad de México","65 y más","0.395469607684968"
"Coyoacán","2021","Hombres","Ciudad de México","Hasta 4 años","0.154378799148407"
"Coyoacán","2021","Hombres","Ciudad de México","5 a 9 años","0.167795316369362"
"Coyoacán","2021","Hombres","Ciudad de México","10 a 14 años","0.18999698683682"
"Coyoacán","2021","Hombres","Ciudad de México","15 a 19 años","0.21952887366672"
"Coyoacán","2021","Hombres","Ciudad de México","20 a 24 años","0.247994547207537"
"Coyoacán","2021","Hombres","Ciudad de México","25 a 29 años","0.268141535815826"
"Coyoacán","2021","Hombres","Ciudad de México","30 a 34 años","0.260800213064956"
"Coyoacán","2021","Hombres","Ciudad de México","35 a 39 años","0.24123075665492"
"Coyoacán","2021","Hombres","Ciudad de México","40 a 44 años","0.226303770607765"
"Coyoacán","2021","Hombres","Ciudad de México","45 a 49 años","0.226714706979599"
"Coyoacán","2021","Hombres","Ciudad de México","50 a 54 años","0.220950491385496"
"Coyoacán","2021","Hombres","Ciudad de México","55 a 59 años","0.210232826552532"
"Coyoacán","2021","Hombres","Ciudad de México","60 a 64 años","0.191218689563893"
"Coyoacán","2021","Hombres","Ciudad de México","65 y más","0.409859052156378"
"Coyoacán","2022","Hombres","Ciudad de México","Hasta 4 años","0.151199974540363"
"Coyoacán","2022","Hombres","Ciudad de México","5 a 9 años","0.164252489269231"
"Coyoacán","2022","Hombres","Ciudad de México","10 a 14 años","0.185750748822659"
"Coyoacán","2022","Hombres","Ciudad de México","15 a 19 años","0.215661370810037"
"Coyoacán","2022","Hombres","Ciudad de México","20 a 24 años","0.243413264871243"
"Coyoacán","2022","Hombres","Ciudad de México","25 a 29 años","0.263108875331682"
"Coyoacán","2022","Hombres","Ciudad de México","30 a 34 años","0.260683088280622"
"Coyoacán","2022","Hombres","Ciudad de México","35 a 39 años","0.24331311769941"
"Coyoacán","2022","Hombres","Ciudad de México","40 a 44 años","0.226699814638712"
"Coyoacán","2022","Hombres","Ciudad de México","45 a 49 años","0.225486921113183"
"Coyoacán","2022","Hombres","Ciudad de México","50 a 54 años","0.222326721468683"
"Coyoacán","2022","Hombres","Ciudad de México","55 a 59 años","0.211933670525152"
"Coyoacán","2022","Hombres","Ciudad de México","60 a 64 años","0.194997671021882"
"Coyoacán","2022","Hombres","Ciudad de México","65 y más","0.424668518424965"
"Coyoacán","2023","Hombres","Ciudad de México","Hasta 4 años","0.148390453677579"
"Coyoacán","2023","Hombres","Ciudad de México","5 a 9 años","0.161236760330962"
"Coyoacán","2023","Hombres","Ciudad de México","10 a 14 años","0.181621351096921"
"Coyoacán","2023","Hombres","Ciudad de México","15 a 19 años","0.211941757165106"
"Coyoacán","2023","Hombres","Ciudad de México","20 a 24 años","0.239507790192157"
"Coyoacán","2023","Hombres","Ciudad de México","25 a 29 años","0.257885145543525"
"Coyoacán","2023","Hombres","Ciudad de México","30 a 34 años","0.26004849926814"
"Coyoacán","2023","Hombres","Ciudad de México","35 a 39 años","0.245451437280919"
"Coyoacán","2023","Hombres","Ciudad de México","40 a 44 años","0.228178061407576"
"Coyoacán","2023","Hombres","Ciudad de México","45 a 49 años","0.224275103656982"
"Coyoacán","2023","Hombres","Ciudad de México","50 a 54 años","0.223650630416887"
"Coyoacán","2023","Hombres","Ciudad de México","55 a 59 años","0.213748269038238"
"Coyoacán","2023","Hombres","Ciudad de México","60 a 64 años","0.198381766808757"
"Coyoacán","2023","Hombres","Ciudad de México","65 y más","0.439841035876211"
"Coyoacán","2024","Hombres","Ciudad de México","Hasta 4 años","0.145950496882246"
"Coyoacán","2024","Hombres","Ciudad de México","5 a 9 años","0.158749249959536"
"Coyoacán","2024","Hombres","Ciudad de México","10 a 14 años","0.177595274141466"
"Coyoacán","2024","Hombres","Ciudad de México","15 a 19 años","0.208356993328105"
"Coyoacán","2024","Hombres","Ciudad de México","20 a 24 años","0.236268335191854"
"Coyoacán","2024","Hombres","Ciudad de México","25 a 29 años","0.252834057515472"
"Coyoacán","2024","Hombres","Ciudad de México","30 a 34 años","0.258814260918398"
"Coyoacán","2024","Hombres","Ciudad de México","35 a 39 años","0.247524531129697"
"Coyoacán","2024","Hombres","Ciudad de México","40 a 44 años","0.230589936446646"
"Coyoacán","2024","Hombres","Ciudad de México","45 a 49 años","0.223436048263707"
"Coyoacán","2024","Hombres","Ciudad de México","50 a 54 años","0.224766224347722"
"Coyoacán","2024","Hombres","Ciudad de México","55 a 59 años","0.215723262566475"
"Coyoacán","2024","Hombres","Ciudad de México","60 a 64 años","0.201393130300025"
"Coyoacán","2024","Hombres","Ciudad de México","65 y más","0.455289093092653"
"Coyoacán","2025","Hombres","Ciudad de México","Hasta 4 años","0.14388063488591"
"Coyoacán","2025","Hombres","Ciudad de México","5 a 9 años","0.156813977513916"
"Coyoacán","2025","Hombres","Ciudad de México","10 a 14 años","0.173647496255046"
"Coyoacán","2025","Hombres","Ciudad de México","15 a 19 años","0.204994601394156"
"Coyoacán","2025","Hombres","Ciudad de México","20 a 24 años","0.23349502626679"
"Coyoacán","2025","Hombres","Ciudad de México","25 a 29 años","0.248333627340862"
"Coyoacán","2025","Hombres","Ciudad de México","30 a 34 años","0.256907290348162"
"Coyoacán","2025","Hombres","Ciudad de México","35 a 39 años","0.249487989811126"
"Coyoacán","2025","Hombres","Ciudad de México","40 a 44 años","0.233730381721892"
"Coyoacán","2025","Hombres","Ciudad de México","45 a 49 años","0.223296289879021"
"Coyoacán","2025","Hombres","Ciudad de México","50 a 54 años","0.225593807416925"
"Coyoacán","2025","Hombres","Ciudad de México","55 a 59 años","0.217883114411666"
"Coyoacán","2025","Hombres","Ciudad de México","60 a 64 años","0.20412042398949"
"Coyoacán","2025","Hombres","Ciudad de México","65 y más","0.470946265659824"
"Coyoacán","2026","Hombres","Ciudad de México","Hasta 4 años","0.14218197516952"
"Coyoacán","2026","Hombres","Ciudad de México","5 a 9 años","0.154860336275545"
"Coyoacán","2026","Hombres","Ciudad de México","10 a 14 años","0.170393576566792"
"Coyoacán","2026","Hombres","Ciudad de México","15 a 19 años","0.201965842831707"
"Coyoacán","2026","Hombres","Ciudad de México","20 a 24 años","0.231009180684517"
"Coyoacán","2026","Hombres","Ciudad de México","25 a 29 años","0.244609195700732"
"Coyoacán","2026","Hombres","Ciudad de México","30 a 34 años","0.25425284271223"
"Coyoacán","2026","Hombres","Ciudad de México","35 a 39 años","0.251375484163344"
"Coyoacán","2026","Hombres","Ciudad de México","40 a 44 años","0.237393319964856"
"Coyoacán","2026","Hombres","Ciudad de México","45 a 49 años","0.224231652540073"
"Coyoacán","2026","Hombres","Ciudad de México","50 a 54 años","0.226052480996789"
"Coyoacán","2026","Hombres","Ciudad de México","55 a 59 años","0.220174127398871"
"Coyoacán","2026","Hombres","Ciudad de México","60 a 64 años","0.206641550473646"
"Coyoacán","2026","Hombres","Ciudad de México","65 y más","0.486678223307526"
"Coyoacán","2027","Hombres","Ciudad de México","Hasta 4 años","0.140867651830727"
"Coyoacán","2027","Hombres","Ciudad de México","5 a 9 años","0.152785140864269"
"Coyoacán","2027","Hombres","Ciudad de México","10 a 14 años","0.168017428172042"
"Coyoacán","2027","Hombres","Ciudad de México","15 a 19 años","0.199259965647866"
"Coyoacán","2027","Hombres","Ciudad de México","20 a 24 años","0.228811279514389"
"Coyoacán","2027","Hombres","Ciudad de México","25 a 29 años","0.24167585376914"
"Coyoacán","2027","Hombres","Ciudad de México","30 a 34 años","0.251033957740606"
"Coyoacán","2027","Hombres","Ciudad de México","35 a 39 años","0.25301832677552"
"Coyoacán","2027","Hombres","Ciudad de México","40 a 44 años","0.241472906936024"
"Coyoacán","2027","Hombres","Ciudad de México","45 a 49 años","0.226522490229801"
"Coyoacán","2027","Hombres","Ciudad de México","50 a 54 años","0.226251894452313"
"Coyoacán","2027","Hombres","Ciudad de México","55 a 59 años","0.222508652863726"
"Coyoacán","2027","Hombres","Ciudad de México","60 a 64 años","0.209069062581813"
"Coyoacán","2027","Hombres","Ciudad de México","65 y más","0.502417435027135"
"Coyoacán","2028","Hombres","Ciudad de México","Hasta 4 años","0.139929267220441"
"Coyoacán","2028","Hombres","Ciudad de México","5 a 9 años","0.150959345281717"
"Coyoacán","2028","Hombres","Ciudad de México","10 a 14 años","0.166186509456567"
"Coyoacán","2028","Hombres","Ciudad de México","15 a 19 años","0.196833157116052"
"Coyoacán","2028","Hombres","Ciudad de México","20 a 24 años","0.22692547264733"
"Coyoacán","2028","Hombres","Ciudad de México","25 a 29 años","0.239494105186897"
"Coyoacán","2028","Hombres","Ciudad de México","30 a 34 años","0.247594141999076"
"Coyoacán","2028","Hombres","Ciudad de México","35 a 39 años","0.254200875935266"
"Coyoacán","2028","Hombres","Ciudad de México","40 a 44 años","0.245851955310423"
"Coyoacán","2028","Hombres","Ciudad de México","45 a 49 años","0.230160962211971"
"Coyoacán","2028","Hombres","Ciudad de México","50 a 54 años","0.226518208226606"
"Coyoacán","2028","Hombres","Ciudad de México","55 a 59 años","0.224662892532196"
"Coyoacán","2028","Hombres","Ciudad de México","60 a 64 años","0.211472050460967"
"Coyoacán","2028","Hombres","Ciudad de México","65 y más","0.518085594763304"
"Coyoacán","2029","Hombres","Ciudad de México","Hasta 4 años","0.139369586229581"
"Coyoacán","2029","Hombres","Ciudad de México","5 a 9 años","0.149395113287888"
"Coyoacán","2029","Hombres","Ciudad de México","10 a 14 años","0.164927300168708"
"Coyoacán","2029","Hombres","Ciudad de México","15 a 19 años","0.1946519092725"
"Coyoacán","2029","Hombres","Ciudad de México","20 a 24 años","0.225352957025232"
"Coyoacán","2029","Hombres","Ciudad de México","25 a 29 años","0.238069367337015"
"Coyoacán","2029","Hombres","Ciudad de México","30 a 34 años","0.244279971301787"
"Coyoacán","2029","Hombres","Ciudad de México","35 a 39 años","0.254805071622343"
"Coyoacán","2029","Hombres","Ciudad de México","40 a 44 años","0.250411097702111"
"Coyoacán","2029","Hombres","Ciudad de México","45 a 49 años","0.235105989576858"
"Coyoacán","2029","Hombres","Ciudad de México","50 a 54 años","0.227226356758664"
"Coyoacán","2029","Hombres","Ciudad de México","55 a 59 años","0.226499704740848"
"Coyoacán","2029","Hombres","Ciudad de México","60 a 64 años","0.213942249557963"
"Coyoacán","2029","Hombres","Ciudad de México","65 y más","0.533657783459288"
"Coyoacán","2030","Hombres","Ciudad de México","Hasta 4 años","0.139181755803324"
"Coyoacán","2030","Hombres","Ciudad de México","5 a 9 años","0.148049449359543"
"Coyoacán","2030","Hombres","Ciudad de México","10 a 14 años","0.164268894000287"
"Coyoacán","2030","Hombres","Ciudad de México","15 a 19 años","0.192729859051544"
"Coyoacán","2030","Hombres","Ciudad de México","20 a 24 años","0.224222709046187"
"Coyoacán","2030","Hombres","Ciudad de México","25 a 29 años","0.237216501660698"
"Coyoacán","2030","Hombres","Ciudad de México","30 a 34 años","0.241410989101171"
"Coyoacán","2030","Hombres","Ciudad de México","35 a 39 años","0.254723927499196"
"Coyoacán","2030","Hombres","Ciudad de México","40 a 44 años","0.255134257792286"
"Coyoacán","2030","Hombres","Ciudad de México","45 a 49 años","0.24122862008202"
"Coyoacán","2030","Hombres","Ciudad de México","50 a 54 años","0.228770536461266"
"Coyoacán","2030","Hombres","Ciudad de México","55 a 59 años","0.227927079747692"
"Coyoacán","2030","Hombres","Ciudad de México","60 a 64 años","0.216449229604875"
"Coyoacán","2030","Hombres","Ciudad de México","65 y más","0.549101718600044"
"Coyoacán","2015","Mujeres","Ciudad de México","Hasta 4 años","0.174163409589022"
"Coyoacán","2015","Mujeres","Ciudad de México","5 a 9 años","0.190479155255028"
"Coyoacán","2015","Mujeres","Ciudad de México","10 a 14 años","0.212347553201143"
"Coyoacán","2015","Mujeres","Ciudad de México","15 a 19 años","0.243919293799774"
"Coyoacán","2015","Mujeres","Ciudad de México","20 a 24 años","0.280436537820848"
"Coyoacán","2015","Mujeres","Ciudad de México","25 a 29 años","0.292524319623471"
"Coyoacán","2015","Mujeres","Ciudad de México","30 a 34 años","0.286033346381514"
"Coyoacán","2015","Mujeres","Ciudad de México","35 a 39 años","0.282081359271616"
"Coyoacán","2015","Mujeres","Ciudad de México","40 a 44 años","0.283483321179317"
"Coyoacán","2015","Mujeres","Ciudad de México","45 a 49 años","0.273934525508752"
"Coyoacán","2015","Mujeres","Ciudad de México","50 a 54 años","0.263745463770103"
"Coyoacán","2015","Mujeres","Ciudad de México","55 a 59 años","0.242307589559424"
"Coyoacán","2015","Mujeres","Ciudad de México","60 a 64 años","0.202268882163887"
"Coyoacán","2015","Mujeres","Ciudad de México","65 y más","0.470253348867513"
"Coyoacán","2016","Mujeres","Ciudad de México","Hasta 4 años","0.167804470736106"
"Coyoacán","2016","Mujeres","Ciudad de México","5 a 9 años","0.184548469790667"
"Coyoacán","2016","Mujeres","Ciudad de México","10 a 14 años","0.206991613642162"
"Coyoacán","2016","Mujeres","Ciudad de México","15 a 19 años","0.237166155473995"
"Coyoacán","2016","Mujeres","Ciudad de México","20 a 24 años","0.273327008313462"
"Coyoacán","2016","Mujeres","Ciudad de México","25 a 29 años","0.288469503500667"
"Coyoacán","2016","Mujeres","Ciudad de México","30 a 34 años","0.283841709566721"
"Coyoacán","2016","Mujeres","Ciudad de México","35 a 39 años","0.2791034670902"
"Coyoacán","2016","Mujeres","Ciudad de México","40 a 44 años","0.281864680654606"
"Coyoacán","2016","Mujeres","Ciudad de México","45 a 49 años","0.274398359176452"
"Coyoacán","2016","Mujeres","Ciudad de México","50 a 54 años","0.264888739660636"
"Coyoacán","2016","Mujeres","Ciudad de México","55 a 59 años","0.247393690516557"
"Coyoacán","2016","Mujeres","Ciudad de México","60 a 64 años","0.209951634583206"
"Coyoacán","2016","Mujeres","Ciudad de México","65 y más","0.486658368299501"
"Coyoacán","2017","Mujeres","Ciudad de México","Hasta 4 años","0.162369989632102"
"Coyoacán","2017","Mujeres","Ciudad de México","5 a 9 años","0.17904570693659"
"Coyoacán","2017","Mujeres","Ciudad de México","10 a 14 años","0.201943047065748"
"Coyoacán","2017","Mujeres","Ciudad de México","15 a 19 años","0.231106213378898"
"Coyoacán","2017","Mujeres","Ciudad de México","20 a 24 años","0.265783748767555"
"Coyoacán","2017","Mujeres","Ciudad de México","25 a 29 años","0.283973431128845"
"Coyoacán","2017","Mujeres","Ciudad de México","30 a 34 años","0.281641703924573"
"Coyoacán","2017","Mujeres","Ciudad de México","35 a 39 años","0.276889842797383"
"Coyoacán","2017","Mujeres","Ciudad de México","40 a 44 años","0.28011668802794"
"Coyoacán","2017","Mujeres","Ciudad de México","45 a 49 años","0.275431131939734"
"Coyoacán","2017","Mujeres","Ciudad de México","50 a 54 años","0.266148426481967"
"Coyoacán","2017","Mujeres","Ciudad de México","55 a 59 años","0.251539216225815"
"Coyoacán","2017","Mujeres","Ciudad de México","60 a 64 años","0.216640664040545"
"Coyoacán","2017","Mujeres","Ciudad de México","65 y más","0.503166839170276"
"Coyoacán","2018","Mujeres","Ciudad de México","Hasta 4 años","0.157564181191066"
"Coyoacán","2018","Mujeres","Ciudad de México","5 a 9 años","0.173701071571367"
"Coyoacán","2018","Mujeres","Ciudad de México","10 a 14 años","0.197082419250569"
"Coyoacán","2018","Mujeres","Ciudad de México","15 a 19 años","0.225628899080286"
"Coyoacán","2018","Mujeres","Ciudad de México","20 a 24 años","0.258367209927229"
"Coyoacán","2018","Mujeres","Ciudad de México","25 a 29 años","0.279315304773213"
"Coyoacán","2018","Mujeres","Ciudad de México","30 a 34 años","0.279481208375477"
"Coyoacán","2018","Mujeres","Ciudad de México","35 a 39 años","0.275189835196892"
"Coyoacán","2018","Mujeres","Ciudad de México","40 a 44 años","0.277988075955093"
"Coyoacán","2018","Mujeres","Ciudad de México","45 a 49 años","0.276450702574105"
"Coyoacán","2018","Mujeres","Ciudad de México","50 a 54 años","0.267668871894215"
"Coyoacán","2018","Mujeres","Ciudad de México","55 a 59 años","0.255237161964498"
"Coyoacán","2018","Mujeres","Ciudad de México","60 a 64 años","0.223151405286463"
"Coyoacán","2018","Mujeres","Ciudad de México","65 y más","0.520472781025494"
"Coyoacán","2019","Mujeres","Ciudad de México","Hasta 4 años","0.153401320509216"
"Coyoacán","2019","Mujeres","Ciudad de México","5 a 9 años","0.168482351152608"
"Coyoacán","2019","Mujeres","Ciudad de México","10 a 14 años","0.192332967897003"
"Coyoacán","2019","Mujeres","Ciudad de México","15 a 19 años","0.220679104789135"
"Coyoacán","2019","Mujeres","Ciudad de México","20 a 24 años","0.25138372885237"
"Coyoacán","2019","Mujeres","Ciudad de México","25 a 29 años","0.274536764884186"
"Coyoacán","2019","Mujeres","Ciudad de México","30 a 34 años","0.277271724185887"
"Coyoacán","2019","Mujeres","Ciudad de México","35 a 39 años","0.27391669313967"
"Coyoacán","2019","Mujeres","Ciudad de México","40 a 44 años","0.275754762953769"
"Coyoacán","2019","Mujeres","Ciudad de México","45 a 49 años","0.277293869605334"
"Coyoacán","2019","Mujeres","Ciudad de México","50 a 54 años","0.269520827379445"
"Coyoacán","2019","Mujeres","Ciudad de México","55 a 59 años","0.258547772043467"
"Coyoacán","2019","Mujeres","Ciudad de México","60 a 64 años","0.229448690890138"
"Coyoacán","2019","Mujeres","Ciudad de México","65 y más","0.538554455531057"
"Coyoacán","2020","Mujeres","Ciudad de México","Hasta 4 años","0.149922743383291"
"Coyoacán","2020","Mujeres","Ciudad de México","5 a 9 años","0.163350481142123"
"Coyoacán","2020","Mujeres","Ciudad de México","10 a 14 años","0.18773330139949"
"Coyoacán","2020","Mujeres","Ciudad de México","15 a 19 años","0.21610785212191"
"Coyoacán","2020","Mujeres","Ciudad de México","20 a 24 años","0.24511442683463"
"Coyoacán","2020","Mujeres","Ciudad de México","25 a 29 años","0.2695526877929"
"Coyoacán","2020","Mujeres","Ciudad de México","30 a 34 años","0.274985876481445"
"Coyoacán","2020","Mujeres","Ciudad de México","35 a 39 años","0.272945658688195"
"Coyoacán","2020","Mujeres","Ciudad de México","40 a 44 años","0.273677475940122"
"Coyoacán","2020","Mujeres","Ciudad de México","45 a 49 años","0.277835528507886"
"Coyoacán","2020","Mujeres","Ciudad de México","50 a 54 años","0.271725963268318"
"Coyoacán","2020","Mujeres","Ciudad de México","55 a 59 años","0.261558138722613"
"Coyoacán","2020","Mujeres","Ciudad de México","60 a 64 años","0.235456656737237"
"Coyoacán","2020","Mujeres","Ciudad de México","65 y más","0.557356454323238"
"Coyoacán","2021","Mujeres","Ciudad de México","Hasta 4 años","0.146726497521554"
"Coyoacán","2021","Mujeres","Ciudad de México","5 a 9 años","0.158754716189016"
"Coyoacán","2021","Mujeres","Ciudad de México","10 a 14 años","0.183377579333766"
"Coyoacán","2021","Mujeres","Ciudad de México","15 a 19 años","0.211798827320871"
"Coyoacán","2021","Mujeres","Ciudad de México","20 a 24 años","0.239709181440292"
"Coyoacán","2021","Mujeres","Ciudad de México","25 a 29 años","0.264298725419758"
"Coyoacán","2021","Mujeres","Ciudad de México","30 a 34 años","0.272695155071282"
"Coyoacán","2021","Mujeres","Ciudad de México","35 a 39 años","0.272206473980453"
"Coyoacán","2021","Mujeres","Ciudad de México","40 a 44 años","0.272106516484601"
"Coyoacán","2021","Mujeres","Ciudad de México","45 a 49 años","0.277926264020844"
"Coyoacán","2021","Mujeres","Ciudad de México","50 a 54 años","0.274216730285911"
"Coyoacán","2021","Mujeres","Ciudad de México","55 a 59 años","0.264432002080893"
"Coyoacán","2021","Mujeres","Ciudad de México","60 a 64 años","0.241086373605357"
"Coyoacán","2021","Mujeres","Ciudad de México","65 y más","0.576876921335783"
"Coyoacán","2022","Mujeres","Ciudad de México","Hasta 4 años","0.143666681725834"
"Coyoacán","2022","Mujeres","Ciudad de México","5 a 9 años","0.154894292434638"
"Coyoacán","2022","Mujeres","Ciudad de México","10 a 14 años","0.179252310117068"
"Coyoacán","2022","Mujeres","Ciudad de México","15 a 19 años","0.207816509016472"
"Coyoacán","2022","Mujeres","Ciudad de México","20 a 24 años","0.235078794682052"
"Coyoacán","2022","Mujeres","Ciudad de México","25 a 29 años","0.258869311724096"
"Coyoacán","2022","Mujeres","Ciudad de México","30 a 34 años","0.270319471703639"
"Coyoacán","2022","Mujeres","Ciudad de México","35 a 39 años","0.271665894791613"
"Coyoacán","2022","Mujeres","Ciudad de México","40 a 44 años","0.271231923713671"
"Coyoacán","2022","Mujeres","Ciudad de México","45 a 49 años","0.277541195539133"
"Coyoacán","2022","Mujeres","Ciudad de México","50 a 54 años","0.276873547726915"
"Coyoacán","2022","Mujeres","Ciudad de México","55 a 59 años","0.267337311475731"
"Coyoacán","2022","Mujeres","Ciudad de México","60 a 64 años","0.246261895536708"
"Coyoacán","2022","Mujeres","Ciudad de México","65 y más","0.597077438466796"
"Coyoacán","2023","Mujeres","Ciudad de México","Hasta 4 años","0.14097483395145"
"Coyoacán","2023","Mujeres","Ciudad de México","5 a 9 años","0.151590879033066"
"Coyoacán","2023","Mujeres","Ciudad de México","10 a 14 años","0.175320862156676"
"Coyoacán","2023","Mujeres","Ciudad de México","15 a 19 años","0.204146992971777"
"Coyoacán","2023","Mujeres","Ciudad de México","20 a 24 años","0.231166611913745"
"Coyoacán","2023","Mujeres","Ciudad de México","25 a 29 años","0.253569589402154"
"Coyoacán","2023","Mujeres","Ciudad de México","30 a 34 años","0.267787506922174"
"Coyoacán","2023","Mujeres","Ciudad de México","35 a 39 años","0.271266714974132"
"Coyoacán","2023","Mujeres","Ciudad de México","40 a 44 años","0.271054840124814"
"Coyoacán","2023","Mujeres","Ciudad de México","45 a 49 años","0.276898125442846"
"Coyoacán","2023","Mujeres","Ciudad de México","50 a 54 años","0.279507531481815"
"Coyoacán","2023","Mujeres","Ciudad de México","55 a 59 años","0.270396912961143"
"Coyoacán","2023","Mujeres","Ciudad de México","60 a 64 años","0.250960183363185"
"Coyoacán","2023","Mujeres","Ciudad de México","65 y más","0.617905119766162"
"Coyoacán","2024","Mujeres","Ciudad de México","Hasta 4 años","0.138651295345591"
"Coyoacán","2024","Mujeres","Ciudad de México","5 a 9 años","0.148856763956565"
"Coyoacán","2024","Mujeres","Ciudad de México","10 a 14 años","0.171548003036826"
"Coyoacán","2024","Mujeres","Ciudad de México","15 a 19 años","0.200767165084018"
"Coyoacán","2024","Mujeres","Ciudad de México","20 a 24 años","0.227907228378044"
"Coyoacán","2024","Mujeres","Ciudad de México","25 a 29 años","0.248687037959425"
"Coyoacán","2024","Mujeres","Ciudad de México","30 a 34 años","0.265118624879613"
"Coyoacán","2024","Mujeres","Ciudad de México","35 a 39 años","0.27090880312768"
"Coyoacán","2024","Mujeres","Ciudad de México","40 a 44 años","0.271512412443115"
"Coyoacán","2024","Mujeres","Ciudad de México","45 a 49 años","0.276274219264884"
"Coyoacán","2024","Mujeres","Ciudad de México","50 a 54 años","0.281952618010092"
"Coyoacán","2024","Mujeres","Ciudad de México","55 a 59 años","0.273714468649426"
"Coyoacán","2024","Mujeres","Ciudad de México","60 a 64 años","0.255237316826929"
"Coyoacán","2024","Mujeres","Ciudad de México","65 y más","0.639289332747907"
"Coyoacán","2025","Mujeres","Ciudad de México","Hasta 4 años","0.136696689803976"
"Coyoacán","2025","Mujeres","Ciudad de México","5 a 9 años","0.146727315152386"
"Coyoacán","2025","Mujeres","Ciudad de México","10 a 14 años","0.167898098708974"
"Coyoacán","2025","Mujeres","Ciudad de México","15 a 19 años","0.197720997091231"
"Coyoacán","2025","Mujeres","Ciudad de México","20 a 24 años","0.225190340922463"
"Coyoacán","2025","Mujeres","Ciudad de México","25 a 29 años","0.244511903046105"
"Coyoacán","2025","Mujeres","Ciudad de México","30 a 34 años","0.262208391789278"
"Coyoacán","2025","Mujeres","Ciudad de México","35 a 39 años","0.270591528951971"
"Coyoacán","2025","Mujeres","Ciudad de México","40 a 44 años","0.272519202203286"
"Coyoacán","2025","Mujeres","Ciudad de México","45 a 49 años","0.275971082211454"
"Coyoacán","2025","Mujeres","Ciudad de México","50 a 54 años","0.284062826905925"
"Coyoacán","2025","Mujeres","Ciudad de México","55 a 59 años","0.277271140915829"
"Coyoacán","2025","Mujeres","Ciudad de México","60 a 64 años","0.259171185678195"
"Coyoacán","2025","Mujeres","Ciudad de México","65 y más","0.661124680785155"
"Coyoacán","2026","Mujeres","Ciudad de México","Hasta 4 años","0.135100975615623"
"Coyoacán","2026","Mujeres","Ciudad de México","5 a 9 años","0.144823300399942"
"Coyoacán","2026","Mujeres","Ciudad de México","10 a 14 años","0.164818694378327"
"Coyoacán","2026","Mujeres","Ciudad de México","15 a 19 años","0.195143355959937"
"Coyoacán","2026","Mujeres","Ciudad de México","20 a 24 años","0.222950328811272"
"Coyoacán","2026","Mujeres","Ciudad de México","25 a 29 años","0.241192332423931"
"Coyoacán","2026","Mujeres","Ciudad de México","30 a 34 años","0.258951029717831"
"Coyoacán","2026","Mujeres","Ciudad de México","35 a 39 años","0.270359306776887"
"Coyoacán","2026","Mujeres","Ciudad de México","40 a 44 años","0.274034682735815"
"Coyoacán","2026","Mujeres","Ciudad de México","45 a 49 años","0.276327577829458"
"Coyoacán","2026","Mujeres","Ciudad de México","50 a 54 años","0.285667753431503"
"Coyoacán","2026","Mujeres","Ciudad de México","55 a 59 años","0.281014525153228"
"Coyoacán","2026","Mujeres","Ciudad de México","60 a 64 años","0.262896158040717"
"Coyoacán","2026","Mujeres","Ciudad de México","65 y más","0.683316456951063"
"Coyoacán","2027","Mujeres","Ciudad de México","Hasta 4 años","0.133877260912282"
"Coyoacán","2027","Mujeres","Ciudad de México","5 a 9 años","0.142998593578446"
"Coyoacán","2027","Mujeres","Ciudad de México","10 a 14 años","0.162537863677906"
"Coyoacán","2027","Mujeres","Ciudad de México","15 a 19 años","0.193036262765638"
"Coyoacán","2027","Mujeres","Ciudad de México","20 a 24 años","0.221234597744719"
"Coyoacán","2027","Mujeres","Ciudad de México","25 a 29 años","0.23864292609646"
"Coyoacán","2027","Mujeres","Ciudad de México","30 a 34 años","0.255442413948852"
"Coyoacán","2027","Mujeres","Ciudad de México","35 a 39 años","0.270156059349772"
"Coyoacán","2027","Mujeres","Ciudad de México","40 a 44 años","0.276052792334202"
"Coyoacán","2027","Mujeres","Ciudad de México","45 a 49 años","0.277608718054759"
"Coyoacán","2027","Mujeres","Ciudad de México","50 a 54 años","0.286730050720924"
"Coyoacán","2027","Mujeres","Ciudad de México","55 a 59 años","0.284779506158196"
"Coyoacán","2027","Mujeres","Ciudad de México","60 a 64 años","0.266559390473991"
"Coyoacán","2027","Mujeres","Ciudad de México","65 y más","0.705747612161386"
"Coyoacán","2028","Mujeres","Ciudad de México","Hasta 4 años","0.133017084968707"
"Coyoacán","2028","Mujeres","Ciudad de México","5 a 9 años","0.141490447499883"
"Coyoacán","2028","Mujeres","Ciudad de México","10 a 14 años","0.160858133285427"
"Coyoacán","2028","Mujeres","Ciudad de México","15 a 19 años","0.191369026138004"
"Coyoacán","2028","Mujeres","Ciudad de México","20 a 24 años","0.22008116779905"
"Coyoacán","2028","Mujeres","Ciudad de México","25 a 29 años","0.236812947750464"
"Coyoacán","2028","Mujeres","Ciudad de México","30 a 34 años","0.251949608720708"
"Coyoacán","2028","Mujeres","Ciudad de México","35 a 39 años","0.269891869033718"
"Coyoacán","2028","Mujeres","Ciudad de México","40 a 44 años","0.278568863775255"
"Coyoacán","2028","Mujeres","Ciudad de México","45 a 49 años","0.279824595739154"
"Coyoacán","2028","Mujeres","Ciudad de México","50 a 54 años","0.28746080362773"
"Coyoacán","2028","Mujeres","Ciudad de México","55 a 59 años","0.28837714857436"
"Coyoacán","2028","Mujeres","Ciudad de México","60 a 64 años","0.270310446355017"
"Coyoacán","2028","Mujeres","Ciudad de México","65 y más","0.728313226160947"
"Coyoacán","2029","Mujeres","Ciudad de México","Hasta 4 años","0.132545869624776"
"Coyoacán","2029","Mujeres","Ciudad de México","5 a 9 años","0.140277901251851"
"Coyoacán","2029","Mujeres","Ciudad de México","10 a 14 años","0.159840736043995"
"Coyoacán","2029","Mujeres","Ciudad de México","15 a 19 años","0.190155749912262"
"Coyoacán","2029","Mujeres","Ciudad de México","20 a 24 años","0.219437555442697"
"Coyoacán","2029","Mujeres","Ciudad de México","25 a 29 años","0.235639624652442"
"Coyoacán","2029","Mujeres","Ciudad de México","30 a 34 años","0.248730714910911"
"Coyoacán","2029","Mujeres","Ciudad de México","35 a 39 años","0.269576544672011"
"Coyoacán","2029","Mujeres","Ciudad de México","40 a 44 años","0.281520887214864"
"Coyoacán","2029","Mujeres","Ciudad de México","45 a 49 años","0.282985545188275"
"Coyoacán","2029","Mujeres","Ciudad de México","50 a 54 años","0.288162940815215"
"Coyoacán","2029","Mujeres","Ciudad de México","55 a 59 años","0.291591830024285"
"Coyoacán","2029","Mujeres","Ciudad de México","60 a 64 años","0.274197597347811"
"Coyoacán","2029","Mujeres","Ciudad de México","65 y más","0.751006214350764"
"Coyoacán","2030","Mujeres","Ciudad de México","Hasta 4 años","0.132445500158433"
"Coyoacán","2030","Mujeres","Ciudad de México","5 a 9 años","0.139352726758778"
"Coyoacán","2030","Mujeres","Ciudad de México","10 a 14 años","0.159561493693451"
"Coyoacán","2030","Mujeres","Ciudad de México","15 a 19 años","0.189367430260947"
"Coyoacán","2030","Mujeres","Ciudad de México","20 a 24 años","0.219389930038685"
"Coyoacán","2030","Mujeres","Ciudad de México","25 a 29 años","0.235005277303492"
"Coyoacán","2030","Mujeres","Ciudad de México","30 a 34 años","0.24607279715322"
"Coyoacán","2030","Mujeres","Ciudad de México","35 a 39 años","0.269131080012128"
"Coyoacán","2030","Mujeres","Ciudad de México","40 a 44 años","0.284962990487176"
"Coyoacán","2030","Mujeres","Ciudad de México","45 a 49 años","0.287060234207413"
"Coyoacán","2030","Mujeres","Ciudad de México","50 a 54 años","0.289123283736559"
"Coyoacán","2030","Mujeres","Ciudad de México","55 a 59 años","0.294252412400181"
"Coyoacán","2030","Mujeres","Ciudad de México","60 a 64 años","0.278215336778588"
"Coyoacán","2030","Mujeres","Ciudad de México","65 y más","0.773825942448897"
"Cuajimalpa de Morelos","2015","Hombres","Ciudad de México","Hasta 4 años","0.0829475730273126"
"Cuajimalpa de Morelos","2015","Hombres","Ciudad de México","5 a 9 años","0.0853651293878372"
"Cuajimalpa de Morelos","2015","Hombres","Ciudad de México","10 a 14 años","0.0883346392553308"
"Cuajimalpa de Morelos","2015","Hombres","Ciudad de México","15 a 19 años","0.0903327109505589"
"Cuajimalpa de Morelos","2015","Hombres","Ciudad de México","20 a 24 años","0.0928496189423379"
"Cuajimalpa de Morelos","2015","Hombres","Ciudad de México","25 a 29 años","0.0883787955358883"
"Cuajimalpa de Morelos","2015","Hombres","Ciudad de México","30 a 34 años","0.0820423692758834"
"Cuajimalpa de Morelos","2015","Hombres","Ciudad de México","35 a 39 años","0.0799339068792615"
"Cuajimalpa de Morelos","2015","Hombres","Ciudad de México","40 a 44 años","0.0788410389354627"
"Cuajimalpa de Morelos","2015","Hombres","Ciudad de México","45 a 49 años","0.069358477685734"
"Cuajimalpa de Morelos","2015","Hombres","Ciudad de México","50 a 54 años","0.0573700475143657"
"Cuajimalpa de Morelos","2015","Hombres","Ciudad de México","55 a 59 años","0.0443439447498955"
"Cuajimalpa de Morelos","2015","Hombres","Ciudad de México","60 a 64 años","0.0321236941056002"
"Cuajimalpa de Morelos","2015","Hombres","Ciudad de México","65 y más","0.0574031647247838"
"Cuajimalpa de Morelos","2016","Hombres","Ciudad de México","Hasta 4 años","0.0815883384010806"
"Cuajimalpa de Morelos","2016","Hombres","Ciudad de México","5 a 9 años","0.0840623857547888"
"Cuajimalpa de Morelos","2016","Hombres","Ciudad de México","10 a 14 años","0.0878397259108967"
"Cuajimalpa de Morelos","2016","Hombres","Ciudad de México","15 a 19 años","0.0899713827826185"
"Cuajimalpa de Morelos","2016","Hombres","Ciudad de México","20 a 24 años","0.0931302111002994"
"Cuajimalpa de Morelos","2016","Hombres","Ciudad de México","25 a 29 años","0.0896842165719202"
"Cuajimalpa de Morelos","2016","Hombres","Ciudad de México","30 a 34 años","0.083112528288633"
"Cuajimalpa de Morelos","2016","Hombres","Ciudad de México","35 a 39 años","0.0800641485135283"
"Cuajimalpa de Morelos","2016","Hombres","Ciudad de México","40 a 44 años","0.0794456366751013"
"Cuajimalpa de Morelos","2016","Hombres","Ciudad de México","45 a 49 años","0.0709410988967295"
"Cuajimalpa de Morelos","2016","Hombres","Ciudad de México","50 a 54 años","0.0588469834846294"
"Cuajimalpa de Morelos","2016","Hombres","Ciudad de México","55 a 59 años","0.0459686834202379"
"Cuajimalpa de Morelos","2016","Hombres","Ciudad de México","60 a 64 años","0.0336094915059548"
"Cuajimalpa de Morelos","2016","Hombres","Ciudad de México","65 y más","0.0599625137646496"
"Cuajimalpa de Morelos","2017","Hombres","Ciudad de México","Hasta 4 años","0.0806379782444326"
"Cuajimalpa de Morelos","2017","Hombres","Ciudad de México","5 a 9 años","0.0828481462105676"
"Cuajimalpa de Morelos","2017","Hombres","Ciudad de México","10 a 14 años","0.0872021771038534"
"Cuajimalpa de Morelos","2017","Hombres","Ciudad de México","15 a 19 años","0.0896002093471098"
"Cuajimalpa de Morelos","2017","Hombres","Ciudad de México","20 a 24 años","0.0929154612963121"
"Cuajimalpa de Morelos","2017","Hombres","Ciudad de México","25 a 29 años","0.0906721408106852"
"Cuajimalpa de Morelos","2017","Hombres","Ciudad de México","30 a 34 años","0.0841963486699099"
"Cuajimalpa de Morelos","2017","Hombres","Ciudad de México","35 a 39 años","0.0806158765647713"
"Cuajimalpa de Morelos","2017","Hombres","Ciudad de México","40 a 44 años","0.0799638770147615"
"Cuajimalpa de Morelos","2017","Hombres","Ciudad de México","45 a 49 años","0.0725487634883788"
"Cuajimalpa de Morelos","2017","Hombres","Ciudad de México","50 a 54 años","0.0602381279170073"
"Cuajimalpa de Morelos","2017","Hombres","Ciudad de México","55 a 59 años","0.0473749503541021"
"Cuajimalpa de Morelos","2017","Hombres","Ciudad de México","60 a 64 años","0.0349206538649318"
"Cuajimalpa de Morelos","2017","Hombres","Ciudad de México","65 y más","0.0624372450433116"
"Cuajimalpa de Morelos","2018","Hombres","Ciudad de México","Hasta 4 años","0.0798106929295756"
"Cuajimalpa de Morelos","2018","Hombres","Ciudad de México","5 a 9 años","0.0815139699128287"
"Cuajimalpa de Morelos","2018","Hombres","Ciudad de México","10 a 14 años","0.0864136562997192"
"Cuajimalpa de Morelos","2018","Hombres","Ciudad de México","15 a 19 años","0.0892450777783738"
"Cuajimalpa de Morelos","2018","Hombres","Ciudad de México","20 a 24 años","0.0923972462214072"
"Cuajimalpa de Morelos","2018","Hombres","Ciudad de México","25 a 29 años","0.0913686438873647"
"Cuajimalpa de Morelos","2018","Hombres","Ciudad de México","30 a 34 años","0.0851859696429589"
"Cuajimalpa de Morelos","2018","Hombres","Ciudad de México","35 a 39 años","0.0813812470310168"
"Cuajimalpa de Morelos","2018","Hombres","Ciudad de México","40 a 44 años","0.0802641627757664"
"Cuajimalpa de Morelos","2018","Hombres","Ciudad de México","45 a 49 años","0.0739819463700015"
"Cuajimalpa de Morelos","2018","Hombres","Ciudad de México","50 a 54 años","0.0615723569205858"
"Cuajimalpa de Morelos","2018","Hombres","Ciudad de México","55 a 59 años","0.0486539964242244"
"Cuajimalpa de Morelos","2018","Hombres","Ciudad de México","60 a 64 años","0.0362112262543557"
"Cuajimalpa de Morelos","2018","Hombres","Ciudad de México","65 y más","0.0649899711272431"
"Cuajimalpa de Morelos","2019","Hombres","Ciudad de México","Hasta 4 años","0.0790923655548817"
"Cuajimalpa de Morelos","2019","Hombres","Ciudad de México","5 a 9 años","0.0800446185911018"
"Cuajimalpa de Morelos","2019","Hombres","Ciudad de México","10 a 14 años","0.0854591736458879"
"Cuajimalpa de Morelos","2019","Hombres","Ciudad de México","15 a 19 años","0.088858495530999"
"Cuajimalpa de Morelos","2019","Hombres","Ciudad de México","20 a 24 años","0.0916931092202122"
"Cuajimalpa de Morelos","2019","Hombres","Ciudad de México","25 a 29 años","0.0917152546396591"
"Cuajimalpa de Morelos","2019","Hombres","Ciudad de México","30 a 34 años","0.0860570999709563"
"Cuajimalpa de Morelos","2019","Hombres","Ciudad de México","35 a 39 años","0.082314524084417"
"Cuajimalpa de Morelos","2019","Hombres","Ciudad de México","40 a 44 años","0.0804543088508709"
"Cuajimalpa de Morelos","2019","Hombres","Ciudad de México","45 a 49 años","0.0751836990224901"
"Cuajimalpa de Morelos","2019","Hombres","Ciudad de México","50 a 54 años","0.0628819185196939"
"Cuajimalpa de Morelos","2019","Hombres","Ciudad de México","55 a 59 años","0.0498161210459769"
"Cuajimalpa de Morelos","2019","Hombres","Ciudad de México","60 a 64 años","0.0374700497042867"
"Cuajimalpa de Morelos","2019","Hombres","Ciudad de México","65 y más","0.0675988928619002"
"Cuajimalpa de Morelos","2020","Hombres","Ciudad de México","Hasta 4 años","0.0784818561990188"
"Cuajimalpa de Morelos","2020","Hombres","Ciudad de México","5 a 9 años","0.078437503638296"
"Cuajimalpa de Morelos","2020","Hombres","Ciudad de México","10 a 14 años","0.0843363942144302"
"Cuajimalpa de Morelos","2020","Hombres","Ciudad de México","15 a 19 años","0.0883724772402063"
"Cuajimalpa de Morelos","2020","Hombres","Ciudad de México","20 a 24 años","0.0909227494817681"
"Cuajimalpa de Morelos","2020","Hombres","Ciudad de México","25 a 29 años","0.0916767430140559"
"Cuajimalpa de Morelos","2020","Hombres","Ciudad de México","30 a 34 años","0.086775785054185"
"Cuajimalpa de Morelos","2020","Hombres","Ciudad de México","35 a 39 años","0.0833273734579862"
"Cuajimalpa de Morelos","2020","Hombres","Ciudad de México","40 a 44 años","0.080644043534256"
"Cuajimalpa de Morelos","2020","Hombres","Ciudad de México","45 a 49 años","0.0760757297798062"
"Cuajimalpa de Morelos","2020","Hombres","Ciudad de México","50 a 54 años","0.06415597908555"
"Cuajimalpa de Morelos","2020","Hombres","Ciudad de México","55 a 59 años","0.050883475289248"
"Cuajimalpa de Morelos","2020","Hombres","Ciudad de México","60 a 64 años","0.0386532566699321"
"Cuajimalpa de Morelos","2020","Hombres","Ciudad de México","65 y más","0.0702655443251176"
"Cuajimalpa de Morelos","2021","Hombres","Ciudad de México","Hasta 4 años","0.0776780806650328"
"Cuajimalpa de Morelos","2021","Hombres","Ciudad de México","5 a 9 años","0.0769672718056444"
"Cuajimalpa de Morelos","2021","Hombres","Ciudad de México","10 a 14 años","0.0830979982178689"
"Cuajimalpa de Morelos","2021","Hombres","Ciudad de México","15 a 19 años","0.0876738302501814"
"Cuajimalpa de Morelos","2021","Hombres","Ciudad de México","20 a 24 años","0.0901616612580406"
"Cuajimalpa de Morelos","2021","Hombres","Ciudad de México","25 a 29 años","0.0911834489934114"
"Cuajimalpa de Morelos","2021","Hombres","Ciudad de México","30 a 34 años","0.0873406385973431"
"Cuajimalpa de Morelos","2021","Hombres","Ciudad de México","35 a 39 años","0.0843308073333706"
"Cuajimalpa de Morelos","2021","Hombres","Ciudad de México","40 a 44 años","0.0809544652512759"
"Cuajimalpa de Morelos","2021","Hombres","Ciudad de México","45 a 49 años","0.0766340801528061"
"Cuajimalpa de Morelos","2021","Hombres","Ciudad de México","50 a 54 años","0.065372202286872"
"Cuajimalpa de Morelos","2021","Hombres","Ciudad de México","55 a 59 años","0.0518668339584934"
"Cuajimalpa de Morelos","2021","Hombres","Ciudad de México","60 a 64 años","0.0397719769604636"
"Cuajimalpa de Morelos","2021","Hombres","Ciudad de México","65 y más","0.0729911847484409"
"Cuajimalpa de Morelos","2022","Hombres","Ciudad de México","Hasta 4 años","0.076623713915583"
"Cuajimalpa de Morelos","2022","Hombres","Ciudad de México","5 a 9 años","0.0757335168326254"
"Cuajimalpa de Morelos","2022","Hombres","Ciudad de México","10 a 14 años","0.0817312196790528"
"Cuajimalpa de Morelos","2022","Hombres","Ciudad de México","15 a 19 años","0.0867719606613007"
"Cuajimalpa de Morelos","2022","Hombres","Ciudad de México","20 a 24 años","0.0893757871289519"
"Cuajimalpa de Morelos","2022","Hombres","Ciudad de México","25 a 29 años","0.0902882391389836"
"Cuajimalpa de Morelos","2022","Hombres","Ciudad de México","30 a 34 años","0.0877066675984063"
"Cuajimalpa de Morelos","2022","Hombres","Ciudad de México","35 a 39 años","0.0852697530838096"
"Cuajimalpa de Morelos","2022","Hombres","Ciudad de México","40 a 44 años","0.0814641605541655"
"Cuajimalpa de Morelos","2022","Hombres","Ciudad de México","45 a 49 años","0.0768685181133964"
"Cuajimalpa de Morelos","2022","Hombres","Ciudad de México","50 a 54 años","0.0664865946334024"
"Cuajimalpa de Morelos","2022","Hombres","Ciudad de México","55 a 59 años","0.0527998144829279"
"Cuajimalpa de Morelos","2022","Hombres","Ciudad de México","60 a 64 años","0.0407932813265361"
"Cuajimalpa de Morelos","2022","Hombres","Ciudad de México","65 y más","0.0757557717596993"
"Cuajimalpa de Morelos","2023","Hombres","Ciudad de México","Hasta 4 años","0.0754943542043442"
"Cuajimalpa de Morelos","2023","Hombres","Ciudad de México","5 a 9 años","0.0745464930363428"
"Cuajimalpa de Morelos","2023","Hombres","Ciudad de México","10 a 14 años","0.0801890548129156"
"Cuajimalpa de Morelos","2023","Hombres","Ciudad de México","15 a 19 años","0.0856308930480294"
"Cuajimalpa de Morelos","2023","Hombres","Ciudad de México","20 a 24 años","0.0885413843991865"
"Cuajimalpa de Morelos","2023","Hombres","Ciudad de México","25 a 29 años","0.0891212524078461"
"Cuajimalpa de Morelos","2023","Hombres","Ciudad de México","30 a 34 años","0.0877830954647854"
"Cuajimalpa de Morelos","2023","Hombres","Ciudad de México","35 a 39 años","0.0860880966702418"
"Cuajimalpa de Morelos","2023","Hombres","Ciudad de México","40 a 44 años","0.0821405336882126"
"Cuajimalpa de Morelos","2023","Hombres","Ciudad de México","45 a 49 años","0.0768659650709814"
"Cuajimalpa de Morelos","2023","Hombres","Ciudad de México","50 a 54 años","0.067443109930262"
"Cuajimalpa de Morelos","2023","Hombres","Ciudad de México","55 a 59 años","0.0536935473403127"
"Cuajimalpa de Morelos","2023","Hombres","Ciudad de México","60 a 64 años","0.0417281940077778"
"Cuajimalpa de Morelos","2023","Hombres","Ciudad de México","65 y más","0.078560963865525"
"Cuajimalpa de Morelos","2024","Hombres","Ciudad de México","Hasta 4 años","0.0742663016991379"
"Cuajimalpa de Morelos","2024","Hombres","Ciudad de México","5 a 9 años","0.0734279554276997"
"Cuajimalpa de Morelos","2024","Hombres","Ciudad de México","10 a 14 años","0.078446855106043"
"Cuajimalpa de Morelos","2024","Hombres","Ciudad de México","15 a 19 años","0.0842370333541094"
"Cuajimalpa de Morelos","2024","Hombres","Ciudad de México","20 a 24 años","0.0876239522907197"
"Cuajimalpa de Morelos","2024","Hombres","Ciudad de México","25 a 29 años","0.0877804435947215"
"Cuajimalpa de Morelos","2024","Hombres","Ciudad de México","30 a 34 años","0.087534528688433"
"Cuajimalpa de Morelos","2024","Hombres","Ciudad de México","35 a 39 años","0.0867297162678523"
"Cuajimalpa de Morelos","2024","Hombres","Ciudad de México","40 a 44 años","0.0829292131706658"
"Cuajimalpa de Morelos","2024","Hombres","Ciudad de México","45 a 49 años","0.0767366287123091"
"Cuajimalpa de Morelos","2024","Hombres","Ciudad de México","50 a 54 años","0.0681631408430678"
"Cuajimalpa de Morelos","2024","Hombres","Ciudad de México","55 a 59 años","0.0545595753451975"
"Cuajimalpa de Morelos","2024","Hombres","Ciudad de México","60 a 64 años","0.0425656346884884"
"Cuajimalpa de Morelos","2024","Hombres","Ciudad de México","65 y más","0.0813866560312196"
"Cuajimalpa de Morelos","2025","Hombres","Ciudad de México","Hasta 4 años","0.0729377762764839"
"Cuajimalpa de Morelos","2025","Hombres","Ciudad de México","5 a 9 años","0.0723661987426639"
"Cuajimalpa de Morelos","2025","Hombres","Ciudad de México","10 a 14 años","0.0764905229082672"
"Cuajimalpa de Morelos","2025","Hombres","Ciudad de México","15 a 19 años","0.0826097647409286"
"Cuajimalpa de Morelos","2025","Hombres","Ciudad de México","20 a 24 años","0.0865435630619252"
"Cuajimalpa de Morelos","2025","Hombres","Ciudad de México","25 a 29 años","0.0863754520225663"
"Cuajimalpa de Morelos","2025","Hombres","Ciudad de México","30 a 34 años","0.0869246147511385"
"Cuajimalpa de Morelos","2025","Hombres","Ciudad de México","35 a 39 años","0.0871935924141126"
"Cuajimalpa de Morelos","2025","Hombres","Ciudad de México","40 a 44 años","0.0837305050033208"
"Cuajimalpa de Morelos","2025","Hombres","Ciudad de México","45 a 49 años","0.0765801821292586"
"Cuajimalpa de Morelos","2025","Hombres","Ciudad de México","50 a 54 años","0.068622926266274"
"Cuajimalpa de Morelos","2025","Hombres","Ciudad de México","55 a 59 años","0.0553981911700461"
"Cuajimalpa de Morelos","2025","Hombres","Ciudad de México","60 a 64 años","0.0433278185440822"
"Cuajimalpa de Morelos","2025","Hombres","Ciudad de México","65 y más","0.0842012159135255"
"Cuajimalpa de Morelos","2026","Hombres","Ciudad de México","Hasta 4 años","0.0714956161306968"
"Cuajimalpa de Morelos","2026","Hombres","Ciudad de México","5 a 9 años","0.0710797479029283"
"Cuajimalpa de Morelos","2026","Hombres","Ciudad de México","10 a 14 años","0.0745752889525504"
"Cuajimalpa de Morelos","2026","Hombres","Ciudad de México","15 a 19 años","0.0807683536417524"
"Cuajimalpa de Morelos","2026","Hombres","Ciudad de México","20 a 24 años","0.085196788283396"
"Cuajimalpa de Morelos","2026","Hombres","Ciudad de México","25 a 29 años","0.0849944740104275"
"Cuajimalpa de Morelos","2026","Hombres","Ciudad de México","30 a 34 años","0.0859161279206173"
"Cuajimalpa de Morelos","2026","Hombres","Ciudad de México","35 a 39 años","0.0874559643315441"
"Cuajimalpa de Morelos","2026","Hombres","Ciudad de México","40 a 44 años","0.08444372960068"
"Cuajimalpa de Morelos","2026","Hombres","Ciudad de México","45 a 49 años","0.0765085142275826"
"Cuajimalpa de Morelos","2026","Hombres","Ciudad de México","50 a 54 años","0.0687643734456223"
"Cuajimalpa de Morelos","2026","Hombres","Ciudad de México","55 a 59 años","0.0561984091579129"
"Cuajimalpa de Morelos","2026","Hombres","Ciudad de México","60 a 64 años","0.0440370734161406"
"Cuajimalpa de Morelos","2026","Hombres","Ciudad de México","65 y más","0.0869951373764492"
"Cuajimalpa de Morelos","2027","Hombres","Ciudad de México","Hasta 4 años","0.0699264588325731"
"Cuajimalpa de Morelos","2027","Hombres","Ciudad de México","5 a 9 años","0.0695431148144649"
"Cuajimalpa de Morelos","2027","Hombres","Ciudad de México","10 a 14 años","0.0727789893202612"
"Cuajimalpa de Morelos","2027","Hombres","Ciudad de México","15 a 19 años","0.0786982719528153"
"Cuajimalpa de Morelos","2027","Hombres","Ciudad de México","20 a 24 años","0.0835577211235407"
"Cuajimalpa de Morelos","2027","Hombres","Ciudad de México","25 a 29 años","0.0836028204197888"
"Cuajimalpa de Morelos","2027","Hombres","Ciudad de México","30 a 34 años","0.0845837301131834"
"Cuajimalpa de Morelos","2027","Hombres","Ciudad de México","35 a 39 años","0.0874700850730575"
"Cuajimalpa de Morelos","2027","Hombres","Ciudad de México","40 a 44 años","0.0850008986034777"
"Cuajimalpa de Morelos","2027","Hombres","Ciudad de México","45 a 49 años","0.0765786050291578"
"Cuajimalpa de Morelos","2027","Hombres","Ciudad de México","50 a 54 años","0.0686073044173182"
"Cuajimalpa de Morelos","2027","Hombres","Ciudad de México","55 a 59 años","0.056915311865016"
"Cuajimalpa de Morelos","2027","Hombres","Ciudad de México","60 a 64 años","0.0447159522299234"
"Cuajimalpa de Morelos","2027","Hombres","Ciudad de México","65 y más","0.0897475995335831"
"Cuajimalpa de Morelos","2028","Hombres","Ciudad de México","Hasta 4 años","0.0682167904712796"
"Cuajimalpa de Morelos","2028","Hombres","Ciudad de México","5 a 9 años","0.0678887163545852"
"Cuajimalpa de Morelos","2028","Hombres","Ciudad de México","10 a 14 años","0.07093188660944"
"Cuajimalpa de Morelos","2028","Hombres","Ciudad de México","15 a 19 años","0.0763507659851851"
"Cuajimalpa de Morelos","2028","Hombres","Ciudad de México","20 a 24 años","0.0815999518522952"
"Cuajimalpa de Morelos","2028","Hombres","Ciudad de México","25 a 29 años","0.0821769097816542"
"Cuajimalpa de Morelos","2028","Hombres","Ciudad de México","30 a 34 años","0.0830480031259807"
"Cuajimalpa de Morelos","2028","Hombres","Ciudad de México","35 a 39 años","0.0871545860349483"
"Cuajimalpa de Morelos","2028","Hombres","Ciudad de México","40 a 44 años","0.0853445219428413"
"Cuajimalpa de Morelos","2028","Hombres","Ciudad de México","45 a 49 años","0.0767467175053335"
"Cuajimalpa de Morelos","2028","Hombres","Ciudad de México","50 a 54 años","0.0682281033718553"
"Cuajimalpa de Morelos","2028","Hombres","Ciudad de México","55 a 59 años","0.0575034736261218"
"Cuajimalpa de Morelos","2028","Hombres","Ciudad de México","60 a 64 años","0.0453647313084297"
"Cuajimalpa de Morelos","2028","Hombres","Ciudad de México","65 y más","0.092449023504361"
"Cuajimalpa de Morelos","2029","Hombres","Ciudad de México","Hasta 4 años","0.0663637663146151"
"Cuajimalpa de Morelos","2029","Hombres","Ciudad de México","5 a 9 años","0.0661253336212692"
"Cuajimalpa de Morelos","2029","Hombres","Ciudad de México","10 a 14 años","0.0689978798791986"
"Cuajimalpa de Morelos","2029","Hombres","Ciudad de México","15 a 19 años","0.0736870561816685"
"Cuajimalpa de Morelos","2029","Hombres","Ciudad de México","20 a 24 años","0.0793072553819652"
"Cuajimalpa de Morelos","2029","Hombres","Ciudad de México","25 a 29 años","0.0806924357909272"
"Cuajimalpa de Morelos","2029","Hombres","Ciudad de México","30 a 34 años","0.0813963799331866"
"Cuajimalpa de Morelos","2029","Hombres","Ciudad de México","35 a 39 años","0.0864715901201213"
"Cuajimalpa de Morelos","2029","Hombres","Ciudad de México","40 a 44 años","0.0854043199689538"
"Cuajimalpa de Morelos","2029","Hombres","Ciudad de México","45 a 49 años","0.0769456363240627"
"Cuajimalpa de Morelos","2029","Hombres","Ciudad de México","50 a 54 años","0.0677375927857988"
"Cuajimalpa de Morelos","2029","Hombres","Ciudad de México","55 a 59 años","0.0578937287319457"
"Cuajimalpa de Morelos","2029","Hombres","Ciudad de México","60 a 64 años","0.0460175098157631"
"Cuajimalpa de Morelos","2029","Hombres","Ciudad de México","65 y más","0.0950778749561312"
"Cuajimalpa de Morelos","2030","Hombres","Ciudad de México","Hasta 4 años","0.0643534676329185"
"Cuajimalpa de Morelos","2030","Hombres","Ciudad de México","5 a 9 años","0.0642280889322522"
"Cuajimalpa de Morelos","2030","Hombres","Ciudad de México","10 a 14 años","0.0669636242195176"
"Cuajimalpa de Morelos","2030","Hombres","Ciudad de México","15 a 19 años","0.0707021891121136"
"Cuajimalpa de Morelos","2030","Hombres","Ciudad de México","20 a 24 años","0.0767089686804006"
"Cuajimalpa de Morelos","2030","Hombres","Ciudad de México","25 a 29 años","0.079068367865667"
"Cuajimalpa de Morelos","2030","Hombres","Ciudad de México","30 a 34 años","0.0797522516874833"
"Cuajimalpa de Morelos","2030","Hombres","Ciudad de México","35 a 39 años","0.0853828951537713"
"Cuajimalpa de Morelos","2030","Hombres","Ciudad de México","40 a 44 años","0.0851549338798325"
"Cuajimalpa de Morelos","2030","Hombres","Ciudad de México","45 a 49 años","0.0770623086550057"
"Cuajimalpa de Morelos","2030","Hombres","Ciudad de México","50 a 54 años","0.0671915854934564"
"Cuajimalpa de Morelos","2030","Hombres","Ciudad de México","55 a 59 años","0.0580617364722081"
"Cuajimalpa de Morelos","2030","Hombres","Ciudad de México","60 a 64 años","0.046652274711572"
"Cuajimalpa de Morelos","2030","Hombres","Ciudad de México","65 y más","0.0976472116916778"
"Cuajimalpa de Morelos","2015","Mujeres","Ciudad de México","Hasta 4 años","0.0820865255564409"
"Cuajimalpa de Morelos","2015","Mujeres","Ciudad de México","5 a 9 años","0.0815897674001687"
"Cuajimalpa de Morelos","2015","Mujeres","Ciudad de México","10 a 14 años","0.0842722614440384"
"Cuajimalpa de Morelos","2015","Mujeres","Ciudad de México","15 a 19 años","0.0947483390063115"
"Cuajimalpa de Morelos","2015","Mujeres","Ciudad de México","20 a 24 años","0.10352439976712"
"Cuajimalpa de Morelos","2015","Mujeres","Ciudad de México","25 a 29 años","0.100223717795445"
"Cuajimalpa de Morelos","2015","Mujeres","Ciudad de México","30 a 34 años","0.0959184804410859"
"Cuajimalpa de Morelos","2015","Mujeres","Ciudad de México","35 a 39 años","0.0947814562167296"
"Cuajimalpa de Morelos","2015","Mujeres","Ciudad de México","40 a 44 años","0.0897917965137292"
"Cuajimalpa de Morelos","2015","Mujeres","Ciudad de México","45 a 49 años","0.0766001076971683"
"Cuajimalpa de Morelos","2015","Mujeres","Ciudad de México","50 a 54 años","0.0626025667604325"
"Cuajimalpa de Morelos","2015","Mujeres","Ciudad de México","55 a 59 años","0.0480641113868671"
"Cuajimalpa de Morelos","2015","Mujeres","Ciudad de México","60 a 64 años","0.0356120402696447"
"Cuajimalpa de Morelos","2015","Mujeres","Ciudad de México","65 y más","0.0715331745031922"
"Cuajimalpa de Morelos","2016","Mujeres","Ciudad de México","Hasta 4 años","0.0808041537487892"
"Cuajimalpa de Morelos","2016","Mujeres","Ciudad de México","5 a 9 años","0.0803623595784842"
"Cuajimalpa de Morelos","2016","Mujeres","Ciudad de México","10 a 14 años","0.0833886496450736"
"Cuajimalpa de Morelos","2016","Mujeres","Ciudad de México","15 a 19 años","0.0941021582749705"
"Cuajimalpa de Morelos","2016","Mujeres","Ciudad de México","20 a 24 años","0.103335656434346"
"Cuajimalpa de Morelos","2016","Mujeres","Ciudad de México","25 a 29 años","0.100684891412515"
"Cuajimalpa de Morelos","2016","Mujeres","Ciudad de México","30 a 34 años","0.0964436673775871"
"Cuajimalpa de Morelos","2016","Mujeres","Ciudad de México","35 a 39 años","0.0952397782635059"
"Cuajimalpa de Morelos","2016","Mujeres","Ciudad de México","40 a 44 años","0.0912636307307607"
"Cuajimalpa de Morelos","2016","Mujeres","Ciudad de México","45 a 49 años","0.0787719005653861"
"Cuajimalpa de Morelos","2016","Mujeres","Ciudad de México","50 a 54 años","0.0643583657591846"
"Cuajimalpa de Morelos","2016","Mujeres","Ciudad de México","55 a 59 años","0.0497902029933764"
"Cuajimalpa de Morelos","2016","Mujeres","Ciudad de México","60 a 64 años","0.0371990691396832"
"Cuajimalpa de Morelos","2016","Mujeres","Ciudad de México","65 y más","0.0744533625506545"
"Cuajimalpa de Morelos","2017","Mujeres","Ciudad de México","Hasta 4 años","0.0797649618978093"
"Cuajimalpa de Morelos","2017","Mujeres","Ciudad de México","5 a 9 años","0.0791350640274609"
"Cuajimalpa de Morelos","2017","Mujeres","Ciudad de México","10 a 14 años","0.0824392651368326"
"Cuajimalpa de Morelos","2017","Mujeres","Ciudad de México","15 a 19 años","0.0934680032878459"
"Cuajimalpa de Morelos","2017","Mujeres","Ciudad de México","20 a 24 años","0.102739657905782"
"Cuajimalpa de Morelos","2017","Mujeres","Ciudad de México","25 a 29 años","0.100838913454906"
"Cuajimalpa de Morelos","2017","Mujeres","Ciudad de México","30 a 34 años","0.0968385094362016"
"Cuajimalpa de Morelos","2017","Mujeres","Ciudad de México","35 a 39 años","0.0957886796522875"
"Cuajimalpa de Morelos","2017","Mujeres","Ciudad de México","40 a 44 años","0.0924955293827465"
"Cuajimalpa de Morelos","2017","Mujeres","Ciudad de México","45 a 49 años","0.0809584525995222"
"Cuajimalpa de Morelos","2017","Mujeres","Ciudad de México","50 a 54 años","0.0660619205077728"
"Cuajimalpa de Morelos","2017","Mujeres","Ciudad de México","55 a 59 años","0.0512979984939915"
"Cuajimalpa de Morelos","2017","Mujeres","Ciudad de México","60 a 64 años","0.0386005835285464"
"Cuajimalpa de Morelos","2017","Mujeres","Ciudad de México","65 y más","0.077366929654553"
"Cuajimalpa de Morelos","2018","Mujeres","Ciudad de México","Hasta 4 años","0.0788263315561371"
"Cuajimalpa de Morelos","2018","Mujeres","Ciudad de México","5 a 9 años","0.0778087894622456"
"Cuajimalpa de Morelos","2018","Mujeres","Ciudad de México","10 a 14 años","0.0813701867908658"
"Cuajimalpa de Morelos","2018","Mujeres","Ciudad de México","15 a 19 años","0.092806475106994"
"Cuajimalpa de Morelos","2018","Mujeres","Ciudad de México","20 a 24 años","0.101931173231564"
"Cuajimalpa de Morelos","2018","Mujeres","Ciudad de México","25 a 29 años","0.100780908255861"
"Cuajimalpa de Morelos","2018","Mujeres","Ciudad de México","30 a 34 años","0.0971199687658818"
"Cuajimalpa de Morelos","2018","Mujeres","Ciudad de México","35 a 39 años","0.0963346917151612"
"Cuajimalpa de Morelos","2018","Mujeres","Ciudad de México","40 a 44 años","0.0933816075948457"
"Cuajimalpa de Morelos","2018","Mujeres","Ciudad de México","45 a 49 años","0.082996042093062"
"Cuajimalpa de Morelos","2018","Mujeres","Ciudad de México","50 a 54 años","0.0677439709248407"
"Cuajimalpa de Morelos","2018","Mujeres","Ciudad de México","55 a 59 años","0.0526799238391863"
"Cuajimalpa de Morelos","2018","Mujeres","Ciudad de México","60 a 64 años","0.0399717079056938"
"Cuajimalpa de Morelos","2018","Mujeres","Ciudad de México","65 y más","0.0803415844568233"
"Cuajimalpa de Morelos","2019","Mujeres","Ciudad de México","Hasta 4 años","0.0780072400019798"
"Cuajimalpa de Morelos","2019","Mujeres","Ciudad de México","5 a 9 años","0.0763795516726269"
"Cuajimalpa de Morelos","2019","Mujeres","Ciudad de México","10 a 14 años","0.0801664183980601"
"Cuajimalpa de Morelos","2019","Mujeres","Ciudad de México","15 a 19 años","0.0920917267702578"
"Cuajimalpa de Morelos","2019","Mujeres","Ciudad de México","20 a 24 años","0.100983112678219"
"Cuajimalpa de Morelos","2019","Mujeres","Ciudad de México","25 a 29 años","0.100473768030939"
"Cuajimalpa de Morelos","2019","Mujeres","Ciudad de México","30 a 34 años","0.0972294640819567"
"Cuajimalpa de Morelos","2019","Mujeres","Ciudad de México","35 a 39 años","0.0968419192416345"
"Cuajimalpa de Morelos","2019","Mujeres","Ciudad de México","40 a 44 años","0.0939962328426979"
"Cuajimalpa de Morelos","2019","Mujeres","Ciudad de México","45 a 49 años","0.084805883772202"
"Cuajimalpa de Morelos","2019","Mujeres","Ciudad de México","50 a 54 años","0.0694148172565524"
"Cuajimalpa de Morelos","2019","Mujeres","Ciudad de México","55 a 59 años","0.0539573144825618"
"Cuajimalpa de Morelos","2019","Mujeres","Ciudad de México","60 a 64 años","0.0412901345588904"
"Cuajimalpa de Morelos","2019","Mujeres","Ciudad de México","65 y más","0.0833996496373189"
"Cuajimalpa de Morelos","2020","Mujeres","Ciudad de México","Hasta 4 años","0.0773065133398642"
"Cuajimalpa de Morelos","2020","Mujeres","Ciudad de México","5 a 9 años","0.0748005936590253"
"Cuajimalpa de Morelos","2020","Mujeres","Ciudad de México","10 a 14 años","0.0788255885446206"
"Cuajimalpa de Morelos","2020","Mujeres","Ciudad de México","15 a 19 años","0.0912332174068277"
"Cuajimalpa de Morelos","2020","Mujeres","Ciudad de México","20 a 24 años","0.100003936289764"
"Cuajimalpa de Morelos","2020","Mujeres","Ciudad de México","25 a 29 años","0.0999041430281378"
"Cuajimalpa de Morelos","2020","Mujeres","Ciudad de México","30 a 34 años","0.0971764605436848"
"Cuajimalpa de Morelos","2020","Mujeres","Ciudad de México","35 a 39 años","0.0972540775249497"
"Cuajimalpa de Morelos","2020","Mujeres","Ciudad de México","40 a 44 años","0.0943933373583282"
"Cuajimalpa de Morelos","2020","Mujeres","Ciudad de México","45 a 49 años","0.0863211713067761"
"Cuajimalpa de Morelos","2020","Mujeres","Ciudad de México","50 a 54 años","0.0710638904181282"
"Cuajimalpa de Morelos","2020","Mujeres","Ciudad de México","55 a 59 años","0.0551413211186381"
"Cuajimalpa de Morelos","2020","Mujeres","Ciudad de México","60 a 64 años","0.042545193873359"
"Cuajimalpa de Morelos","2020","Mujeres","Ciudad de México","65 y más","0.0865318459702095"
"Cuajimalpa de Morelos","2021","Mujeres","Ciudad de México","Hasta 4 años","0.0765119098800988"
"Cuajimalpa de Morelos","2021","Mujeres","Ciudad de México","5 a 9 años","0.0732799508475674"
"Cuajimalpa de Morelos","2021","Mujeres","Ciudad de México","10 a 14 años","0.0773893145659063"
"Cuajimalpa de Morelos","2021","Mujeres","Ciudad de México","15 a 19 años","0.0901949804233244"
"Cuajimalpa de Morelos","2021","Mujeres","Ciudad de México","20 a 24 años","0.0990245592235391"
"Cuajimalpa de Morelos","2021","Mujeres","Ciudad de México","25 a 29 años","0.0989801336698273"
"Cuajimalpa de Morelos","2021","Mujeres","Ciudad de México","30 a 34 años","0.0969587709759417"
"Cuajimalpa de Morelos","2021","Mujeres","Ciudad de México","35 a 39 años","0.0975474095626226"
"Cuajimalpa de Morelos","2021","Mujeres","Ciudad de México","40 a 44 años","0.0946930677366413"
"Cuajimalpa de Morelos","2021","Mujeres","Ciudad de México","45 a 49 años","0.0874628088700505"
"Cuajimalpa de Morelos","2021","Mujeres","Ciudad de México","50 a 54 años","0.0727024186493143"
"Cuajimalpa de Morelos","2021","Mujeres","Ciudad de México","55 a 59 años","0.0562538573875309"
"Cuajimalpa de Morelos","2021","Mujeres","Ciudad de México","60 a 64 años","0.0437258512408113"
"Cuajimalpa de Morelos","2021","Mujeres","Ciudad de México","65 y más","0.089706299332495"
"Cuajimalpa de Morelos","2022","Mujeres","Ciudad de México","Hasta 4 años","0.0755332224889599"
"Cuajimalpa de Morelos","2022","Mujeres","Ciudad de México","5 a 9 años","0.0719167968394443"
"Cuajimalpa de Morelos","2022","Mujeres","Ciudad de México","10 a 14 años","0.0758447914679951"
"Cuajimalpa de Morelos","2022","Mujeres","Ciudad de México","15 a 19 años","0.088964070978084"
"Cuajimalpa de Morelos","2022","Mujeres","Ciudad de México","20 a 24 años","0.0979773164430306"
"Cuajimalpa de Morelos","2022","Mujeres","Ciudad de México","25 a 29 años","0.0977436397087542"
"Cuajimalpa de Morelos","2022","Mujeres","Ciudad de México","30 a 34 años","0.0965418736467613"
"Cuajimalpa de Morelos","2022","Mujeres","Ciudad de México","35 a 39 años","0.0976991298546063"
"Cuajimalpa de Morelos","2022","Mujeres","Ciudad de México","40 a 44 años","0.0949395188974375"
"Cuajimalpa de Morelos","2022","Mujeres","Ciudad de México","45 a 49 años","0.08820740345757"
"Cuajimalpa de Morelos","2022","Mujeres","Ciudad de México","50 a 54 años","0.0742313092551343"
"Cuajimalpa de Morelos","2022","Mujeres","Ciudad de México","55 a 59 años","0.0573286921424752"
"Cuajimalpa de Morelos","2022","Mujeres","Ciudad de México","60 a 64 años","0.0448214231269196"
"Cuajimalpa de Morelos","2022","Mujeres","Ciudad de México","65 y más","0.0929365754607827"
"Cuajimalpa de Morelos","2023","Mujeres","Ciudad de México","Hasta 4 años","0.0744684338813309"
"Cuajimalpa de Morelos","2023","Mujeres","Ciudad de México","5 a 9 años","0.0705989300543136"
"Cuajimalpa de Morelos","2023","Mujeres","Ciudad de México","10 a 14 años","0.0741784998770011"
"Cuajimalpa de Morelos","2023","Mujeres","Ciudad de México","15 a 19 años","0.0875377666918909"
"Cuajimalpa de Morelos","2023","Mujeres","Ciudad de México","20 a 24 años","0.096849108754022"
"Cuajimalpa de Morelos","2023","Mujeres","Ciudad de México","25 a 29 años","0.0962692407453623"
"Cuajimalpa de Morelos","2023","Mujeres","Ciudad de México","30 a 34 años","0.0959012475860206"
"Cuajimalpa de Morelos","2023","Mujeres","Ciudad de México","35 a 39 años","0.0976631542277173"
"Cuajimalpa de Morelos","2023","Mujeres","Ciudad de México","40 a 44 años","0.0951318073437607"
"Cuajimalpa de Morelos","2023","Mujeres","Ciudad de México","45 a 49 años","0.0885859896306219"
"Cuajimalpa de Morelos","2023","Mujeres","Ciudad de México","50 a 54 años","0.0756281698986502"
"Cuajimalpa de Morelos","2023","Mujeres","Ciudad de México","55 a 59 años","0.058399399256743"
"Cuajimalpa de Morelos","2023","Mujeres","Ciudad de México","60 a 64 años","0.0458095726841131"
"Cuajimalpa de Morelos","2023","Mujeres","Ciudad de México","65 y más","0.0962134842060681"
"Cuajimalpa de Morelos","2024","Mujeres","Ciudad de México","Hasta 4 años","0.0732938200242696"
"Cuajimalpa de Morelos","2024","Mujeres","Ciudad de México","5 a 9 años","0.0693703594739388"
"Cuajimalpa de Morelos","2024","Mujeres","Ciudad de México","10 a 14 años","0.0723660501505446"
"Cuajimalpa de Morelos","2024","Mujeres","Ciudad de México","15 a 19 años","0.0858690140958424"
"Cuajimalpa de Morelos","2024","Mujeres","Ciudad de México","20 a 24 años","0.0955714749439538"
"Cuajimalpa de Morelos","2024","Mujeres","Ciudad de México","25 a 29 años","0.0946772389210864"
"Cuajimalpa de Morelos","2024","Mujeres","Ciudad de México","30 a 34 años","0.0950013994793758"
"Cuajimalpa de Morelos","2024","Mujeres","Ciudad de México","35 a 39 años","0.0973934808405461"
"Cuajimalpa de Morelos","2024","Mujeres","Ciudad de México","40 a 44 años","0.0951914246342351"
"Cuajimalpa de Morelos","2024","Mujeres","Ciudad de México","45 a 49 años","0.0886635016673031"
"Cuajimalpa de Morelos","2024","Mujeres","Ciudad de México","50 a 54 años","0.0768036964140241"
"Cuajimalpa de Morelos","2024","Mujeres","Ciudad de México","55 a 59 años","0.0594666955206823"
"Cuajimalpa de Morelos","2024","Mujeres","Ciudad de México","60 a 64 años","0.046712654244536"
"Cuajimalpa de Morelos","2024","Mujeres","Ciudad de México","65 y más","0.0994949354942845"
"Cuajimalpa de Morelos","2025","Mujeres","Ciudad de México","Hasta 4 años","0.0720075618586984"
"Cuajimalpa de Morelos","2025","Mujeres","Ciudad de México","5 a 9 años","0.0682194597718128"
"Cuajimalpa de Morelos","2025","Mujeres","Ciudad de México","10 a 14 años","0.0703936958808537"
"Cuajimalpa de Morelos","2025","Mujeres","Ciudad de México","15 a 19 años","0.083977067861047"
"Cuajimalpa de Morelos","2025","Mujeres","Ciudad de México","20 a 24 años","0.0940637302225768"
"Cuajimalpa de Morelos","2025","Mujeres","Ciudad de México","25 a 29 años","0.093021441778552"
"Cuajimalpa de Morelos","2025","Mujeres","Ciudad de México","30 a 34 años","0.0938395821700983"
"Cuajimalpa de Morelos","2025","Mujeres","Ciudad de México","35 a 39 años","0.0968879956838051"
"Cuajimalpa de Morelos","2025","Mujeres","Ciudad de México","40 a 44 años","0.0951060186666015"
"Cuajimalpa de Morelos","2025","Mujeres","Ciudad de México","45 a 49 años","0.0885048585211115"
"Cuajimalpa de Morelos","2025","Mujeres","Ciudad de México","50 a 54 años","0.0777233371968986"
"Cuajimalpa de Morelos","2025","Mujeres","Ciudad de México","55 a 59 años","0.0605648037796741"
"Cuajimalpa de Morelos","2025","Mujeres","Ciudad de México","60 a 64 años","0.0475305945280529"
"Cuajimalpa de Morelos","2025","Mujeres","Ciudad de México","65 y más","0.102794296866612"
"Cuajimalpa de Morelos","2026","Mujeres","Ciudad de México","Hasta 4 años","0.070573962220507"
"Cuajimalpa de Morelos","2026","Mujeres","Ciudad de México","5 a 9 años","0.0669435449889059"
"Cuajimalpa de Morelos","2026","Mujeres","Ciudad de México","10 a 14 años","0.0684496623543379"
"Cuajimalpa de Morelos","2026","Mujeres","Ciudad de México","15 a 19 años","0.0818923218249107"
"Cuajimalpa de Morelos","2026","Mujeres","Ciudad de México","20 a 24 años","0.0922665481554614"
"Cuajimalpa de Morelos","2026","Mujeres","Ciudad de México","25 a 29 años","0.0913673736089348"
"Cuajimalpa de Morelos","2026","Mujeres","Ciudad de México","30 a 34 años","0.0923452259282825"
"Cuajimalpa de Morelos","2026","Mujeres","Ciudad de México","35 a 39 años","0.0961329987055258"
"Cuajimalpa de Morelos","2026","Mujeres","Ciudad de México","40 a 44 años","0.0947842368857359"
"Cuajimalpa de Morelos","2026","Mujeres","Ciudad de México","45 a 49 años","0.0882202626960917"
"Cuajimalpa de Morelos","2026","Mujeres","Ciudad de México","50 a 54 años","0.0782956236388043"
"Cuajimalpa de Morelos","2026","Mujeres","Ciudad de México","55 a 59 años","0.0616271754825673"
"Cuajimalpa de Morelos","2026","Mujeres","Ciudad de México","60 a 64 años","0.0483081525121419"
"Cuajimalpa de Morelos","2026","Mujeres","Ciudad de México","65 y más","0.106057637762813"
"Cuajimalpa de Morelos","2027","Mujeres","Ciudad de México","Hasta 4 años","0.0690019232594885"
"Cuajimalpa de Morelos","2027","Mujeres","Ciudad de México","5 a 9 años","0.065495452976204"
"Cuajimalpa de Morelos","2027","Mujeres","Ciudad de México","10 a 14 años","0.0666116605583428"
"Cuajimalpa de Morelos","2027","Mujeres","Ciudad de México","15 a 19 años","0.0795889830537139"
"Cuajimalpa de Morelos","2027","Mujeres","Ciudad de México","20 a 24 años","0.0901647680238774"
"Cuajimalpa de Morelos","2027","Mujeres","Ciudad de México","25 a 29 años","0.089668675765149"
"Cuajimalpa de Morelos","2027","Mujeres","Ciudad de México","30 a 34 años","0.0905593868660476"
"Cuajimalpa de Morelos","2027","Mujeres","Ciudad de México","35 a 39 años","0.0951031409630368"
"Cuajimalpa de Morelos","2027","Mujeres","Ciudad de México","40 a 44 años","0.0942237046862002"
"Cuajimalpa de Morelos","2027","Mujeres","Ciudad de México","45 a 49 años","0.0878308794430417"
"Cuajimalpa de Morelos","2027","Mujeres","Ciudad de México","50 a 54 años","0.0785178747678232"
"Cuajimalpa de Morelos","2027","Mujeres","Ciudad de México","55 a 59 años","0.062631647664454"
"Cuajimalpa de Morelos","2027","Mujeres","Ciudad de México","60 a 64 años","0.0490793091419205"
"Cuajimalpa de Morelos","2027","Mujeres","Ciudad de México","65 y más","0.109286869633043"
"Cuajimalpa de Morelos","2028","Mujeres","Ciudad de México","Hasta 4 años","0.0672438810217721"
"Cuajimalpa de Morelos","2028","Mujeres","Ciudad de México","5 a 9 años","0.063940514053677"
"Cuajimalpa de Morelos","2028","Mujeres","Ciudad de México","10 a 14 años","0.0647889815968521"
"Cuajimalpa de Morelos","2028","Mujeres","Ciudad de México","15 a 19 años","0.0770634787214522"
"Cuajimalpa de Morelos","2028","Mujeres","Ciudad de México","20 a 24 años","0.08777679556661"
"Cuajimalpa de Morelos","2028","Mujeres","Ciudad de México","25 a 29 años","0.0878559858706397"
"Cuajimalpa de Morelos","2028","Mujeres","Ciudad de México","30 a 34 años","0.0885573857063311"
"Cuajimalpa de Morelos","2028","Mujeres","Ciudad de México","35 a 39 años","0.0937386941699872"
"Cuajimalpa de Morelos","2028","Mujeres","Ciudad de México","40 a 44 años","0.0933653684509901"
"Cuajimalpa de Morelos","2028","Mujeres","Ciudad de México","45 a 49 años","0.0873242795435833"
"Cuajimalpa de Morelos","2028","Mujeres","Ciudad de México","50 a 54 años","0.0784210267905324"
"Cuajimalpa de Morelos","2028","Mujeres","Ciudad de México","55 a 59 años","0.0635445625335286"
"Cuajimalpa de Morelos","2028","Mujeres","Ciudad de México","60 a 64 años","0.0498333270358187"
"Cuajimalpa de Morelos","2028","Mujeres","Ciudad de México","65 y más","0.112461544622718"
"Cuajimalpa de Morelos","2029","Mujeres","Ciudad de México","Hasta 4 años","0.0653192040390044"
"Cuajimalpa de Morelos","2029","Mujeres","Ciudad de México","5 a 9 años","0.0622877026521777"
"Cuajimalpa de Morelos","2029","Mujeres","Ciudad de México","10 a 14 años","0.0629575849811019"
"Cuajimalpa de Morelos","2029","Mujeres","Ciudad de México","15 a 19 años","0.0742888148839224"
"Cuajimalpa de Morelos","2029","Mujeres","Ciudad de México","20 a 24 años","0.0850409939600457"
"Cuajimalpa de Morelos","2029","Mujeres","Ciudad de México","25 a 29 años","0.0859038932312024"
"Cuajimalpa de Morelos","2029","Mujeres","Ciudad de México","30 a 34 años","0.0864375283067861"
"Cuajimalpa de Morelos","2029","Mujeres","Ciudad de México","35 a 39 años","0.0920463735693045"
"Cuajimalpa de Morelos","2029","Mujeres","Ciudad de México","40 a 44 años","0.0921372050715315"
"Cuajimalpa de Morelos","2029","Mujeres","Ciudad de México","45 a 49 años","0.0866305452490185"
"Cuajimalpa de Morelos","2029","Mujeres","Ciudad de México","50 a 54 años","0.0780583222263437"
"Cuajimalpa de Morelos","2029","Mujeres","Ciudad de México","55 a 59 años","0.0642973496389505"
"Cuajimalpa de Morelos","2029","Mujeres","Ciudad de México","60 a 64 años","0.0506045006782275"
"Cuajimalpa de Morelos","2029","Mujeres","Ciudad de México","65 y más","0.115549024770545"
"Cuajimalpa de Morelos","2030","Mujeres","Ciudad de México","Hasta 4 años","0.0632364573906185"
"Cuajimalpa de Morelos","2030","Mujeres","Ciudad de México","5 a 9 años","0.0605009221033531"
"Cuajimalpa de Morelos","2030","Mujeres","Ciudad de México","10 a 14 años","0.0611392136703817"
"Cuajimalpa de Morelos","2030","Mujeres","Ciudad de México","15 a 19 años","0.0712378981058698"
"Cuajimalpa de Morelos","2030","Mujeres","Ciudad de México","20 a 24 años","0.0819748741083865"
"Cuajimalpa de Morelos","2030","Mujeres","Ciudad de México","25 a 29 años","0.083752972045109"
"Cuajimalpa de Morelos","2030","Mujeres","Ciudad de México","30 a 34 años","0.0842658849114712"
"Cuajimalpa de Morelos","2030","Mujeres","Ciudad de México","35 a 39 años","0.0899649167599408"
"Cuajimalpa de Morelos","2030","Mujeres","Ciudad de México","40 a 44 años","0.0905234218810908"
"Cuajimalpa de Morelos","2030","Mujeres","Ciudad de México","45 a 49 años","0.0856906428735886"
"Cuajimalpa de Morelos","2030","Mujeres","Ciudad de México","50 a 54 años","0.0774840370117924"
"Cuajimalpa de Morelos","2030","Mujeres","Ciudad de México","55 a 59 años","0.0648435843718869"
"Cuajimalpa de Morelos","2030","Mujeres","Ciudad de México","60 a 64 años","0.0513824711458018"
"Cuajimalpa de Morelos","2030","Mujeres","Ciudad de México","65 y más","0.118574056639258"
"Cuauhtémoc","2015","Hombres","Ciudad de México","Hasta 4 años","0.163775644587864"
"Cuauhtémoc","2015","Hombres","Ciudad de México","5 a 9 años","0.17152507182571"
"Cuauhtémoc","2015","Hombres","Ciudad de México","10 a 14 años","0.183723244329726"
"Cuauhtémoc","2015","Hombres","Ciudad de México","15 a 19 años","0.208031276776645"
"Cuauhtémoc","2015","Hombres","Ciudad de México","20 a 24 años","0.246414123651274"
"Cuauhtémoc","2015","Hombres","Ciudad de México","25 a 29 años","0.266748090848015"
"Cuauhtémoc","2015","Hombres","Ciudad de México","30 a 34 años","0.251867424300128"
"Cuauhtémoc","2015","Hombres","Ciudad de México","35 a 39 años","0.222845708903694"
"Cuauhtémoc","2015","Hombres","Ciudad de México","40 a 44 años","0.210636497329539"
"Cuauhtémoc","2015","Hombres","Ciudad de México","45 a 49 años","0.19829481691371"
"Cuauhtémoc","2015","Hombres","Ciudad de México","50 a 54 años","0.182873235928994"
"Cuauhtémoc","2015","Hombres","Ciudad de México","55 a 59 años","0.159360016532111"
"Cuauhtémoc","2015","Hombres","Ciudad de México","60 a 64 años","0.125668774466719"
"Cuauhtémoc","2015","Hombres","Ciudad de México","65 y más","0.251083650320232"
"Cuauhtémoc","2016","Hombres","Ciudad de México","Hasta 4 años","0.160238745569633"
"Cuauhtémoc","2016","Hombres","Ciudad de México","5 a 9 años","0.167395811128574"
"Cuauhtémoc","2016","Hombres","Ciudad de México","10 a 14 años","0.179688733917312"
"Cuauhtémoc","2016","Hombres","Ciudad de México","15 a 19 años","0.203545619113783"
"Cuauhtémoc","2016","Hombres","Ciudad de México","20 a 24 años","0.244533073263832"
"Cuauhtémoc","2016","Hombres","Ciudad de México","25 a 29 años","0.27100758891936"
"Cuauhtémoc","2016","Hombres","Ciudad de México","30 a 34 años","0.256671368092962"
"Cuauhtémoc","2016","Hombres","Ciudad de México","35 a 39 años","0.222498589019869"
"Cuauhtémoc","2016","Hombres","Ciudad de México","40 a 44 años","0.209277898473491"
"Cuauhtémoc","2016","Hombres","Ciudad de México","45 a 49 años","0.199425888475689"
"Cuauhtémoc","2016","Hombres","Ciudad de México","50 a 54 años","0.184868770564138"
"Cuauhtémoc","2016","Hombres","Ciudad de México","55 a 59 años","0.163485932721375"
"Cuauhtémoc","2016","Hombres","Ciudad de México","60 a 64 años","0.130483908199589"
"Cuauhtémoc","2016","Hombres","Ciudad de México","65 y más","0.257952571186847"
"Cuauhtémoc","2017","Hombres","Ciudad de México","Hasta 4 años","0.15775073858288"
"Cuauhtémoc","2017","Hombres","Ciudad de México","5 a 9 años","0.163718192091444"
"Cuauhtémoc","2017","Hombres","Ciudad de México","10 a 14 años","0.175730454987388"
"Cuauhtémoc","2017","Hombres","Ciudad de México","15 a 19 años","0.199423455584354"
"Cuauhtémoc","2017","Hombres","Ciudad de México","20 a 24 años","0.24161556205787"
"Cuauhtémoc","2017","Hombres","Ciudad de México","25 a 29 años","0.274480759714296"
"Cuauhtémoc","2017","Hombres","Ciudad de México","30 a 34 años","0.261661785510713"
"Cuauhtémoc","2017","Hombres","Ciudad de México","35 a 39 años","0.223580591454209"
"Cuauhtémoc","2017","Hombres","Ciudad de México","40 a 44 años","0.20803205981245"
"Cuauhtémoc","2017","Hombres","Ciudad de México","45 a 49 años","0.200860064762342"
"Cuauhtémoc","2017","Hombres","Ciudad de México","50 a 54 años","0.186770243978232"
"Cuauhtémoc","2017","Hombres","Ciudad de México","55 a 59 años","0.166933986482171"
"Cuauhtémoc","2017","Hombres","Ciudad de México","60 a 64 años","0.134742890055416"
"Cuauhtémoc","2017","Hombres","Ciudad de México","65 y más","0.264767071503133"
"Cuauhtémoc","2018","Hombres","Ciudad de México","Hasta 4 años","0.155672880125246"
"Cuauhtémoc","2018","Hombres","Ciudad de México","5 a 9 años","0.160085915945493"
"Cuauhtémoc","2018","Hombres","Ciudad de México","10 a 14 años","0.171809770505547"
"Cuauhtémoc","2018","Hombres","Ciudad de México","15 a 19 años","0.195666708511242"
"Cuauhtémoc","2018","Hombres","Ciudad de México","20 a 24 años","0.238215452372117"
"Cuauhtémoc","2018","Hombres","Ciudad de México","25 a 29 años","0.27716961818392"
"Cuauhtémoc","2018","Hombres","Ciudad de México","30 a 34 años","0.266540727398814"
"Cuauhtémoc","2018","Hombres","Ciudad de México","35 a 39 años","0.225518296678776"
"Cuauhtémoc","2018","Hombres","Ciudad de México","40 a 44 años","0.206583165540273"
"Cuauhtémoc","2018","Hombres","Ciudad de México","45 a 49 años","0.202070587558668"
"Cuauhtémoc","2018","Hombres","Ciudad de México","50 a 54 años","0.188709817456266"
"Cuauhtémoc","2018","Hombres","Ciudad de México","55 a 59 años","0.170084373041992"
"Cuauhtémoc","2018","Hombres","Ciudad de México","60 a 64 años","0.139005098217698"
"Cuauhtémoc","2018","Hombres","Ciudad de México","65 y más","0.272225690836425"
"Cuauhtémoc","2019","Hombres","Ciudad de México","Hasta 4 años","0.153999246834285"
"Cuauhtémoc","2019","Hombres","Ciudad de México","5 a 9 años","0.156468461102623"
"Cuauhtémoc","2019","Hombres","Ciudad de México","10 a 14 años","0.16791764295671"
"Cuauhtémoc","2019","Hombres","Ciudad de México","15 a 19 años","0.192244386219216"
"Cuauhtémoc","2019","Hombres","Ciudad de México","20 a 24 años","0.234630719040731"
"Cuauhtémoc","2019","Hombres","Ciudad de México","25 a 29 años","0.278888339805517"
"Cuauhtémoc","2019","Hombres","Ciudad de México","30 a 34 años","0.27109315216018"
"Cuauhtémoc","2019","Hombres","Ciudad de México","35 a 39 años","0.22815318385249"
"Cuauhtémoc","2019","Hombres","Ciudad de México","40 a 44 años","0.205243747434592"
"Cuauhtémoc","2019","Hombres","Ciudad de México","45 a 49 años","0.202896332973212"
"Cuauhtémoc","2019","Hombres","Ciudad de México","50 a 54 años","0.190727424987098"
"Cuauhtémoc","2019","Hombres","Ciudad de México","55 a 59 años","0.172966798590621"
"Cuauhtémoc","2019","Hombres","Ciudad de México","60 a 64 años","0.143214427563606"
"Cuauhtémoc","2019","Hombres","Ciudad de México","65 y más","0.280338864779294"
"Cuauhtémoc","2020","Hombres","Ciudad de México","Hasta 4 años","0.152694778428467"
"Cuauhtémoc","2020","Hombres","Ciudad de México","5 a 9 años","0.152827836110635"
"Cuauhtémoc","2020","Hombres","Ciudad de México","10 a 14 años","0.164082298394049"
"Cuauhtémoc","2020","Hombres","Ciudad de México","15 a 19 años","0.188964084959548"
"Cuauhtémoc","2020","Hombres","Ciudad de México","20 a 24 años","0.231154458347124"
"Cuauhtémoc","2020","Hombres","Ciudad de México","25 a 29 años","0.279432220693907"
"Cuauhtémoc","2020","Hombres","Ciudad de México","30 a 34 años","0.27521872742524"
"Cuauhtémoc","2020","Hombres","Ciudad de México","35 a 39 años","0.23124316346857"
"Cuauhtémoc","2020","Hombres","Ciudad de México","40 a 44 años","0.20428789468928"
"Cuauhtémoc","2020","Hombres","Ciudad de México","45 a 49 años","0.203256697652474"
"Cuauhtémoc","2020","Hombres","Ciudad de México","50 a 54 años","0.192833845882613"
"Cuauhtémoc","2020","Hombres","Ciudad de México","55 a 59 años","0.175647228602523"
"Cuauhtémoc","2020","Hombres","Ciudad de México","60 a 64 años","0.147294854160464"
"Cuauhtémoc","2020","Hombres","Ciudad de México","65 y más","0.289112167071661"
"Cuauhtémoc","2021","Hombres","Ciudad de México","Hasta 4 años","0.151157946504303"
"Cuauhtémoc","2021","Hombres","Ciudad de México","5 a 9 años","0.149714116008671"
"Cuauhtémoc","2021","Hombres","Ciudad de México","10 a 14 años","0.16040956806478"
"Cuauhtémoc","2021","Hombres","Ciudad de México","15 a 19 años","0.18567660173835"
"Cuauhtémoc","2021","Hombres","Ciudad de México","20 a 24 años","0.227969728871956"
"Cuauhtémoc","2021","Hombres","Ciudad de México","25 a 29 años","0.278637072880232"
"Cuauhtémoc","2021","Hombres","Ciudad de México","30 a 34 años","0.278881413425647"
"Cuauhtémoc","2021","Hombres","Ciudad de México","35 a 39 años","0.234544710821299"
"Cuauhtémoc","2021","Hombres","Ciudad de México","40 a 44 años","0.204046568198167"
"Cuauhtémoc","2021","Hombres","Ciudad de México","45 a 49 años","0.203046993239652"
"Cuauhtémoc","2021","Hombres","Ciudad de México","50 a 54 años","0.194983755240966"
"Cuauhtémoc","2021","Hombres","Ciudad de México","55 a 59 años","0.178190895937916"
"Cuauhtémoc","2021","Hombres","Ciudad de México","60 a 64 años","0.151191265669587"
"Cuauhtémoc","2021","Hombres","Ciudad de México","65 y más","0.298539720943106"
"Cuauhtémoc","2022","Hombres","Ciudad de México","Hasta 4 años","0.149252668421393"
"Cuauhtémoc","2022","Hombres","Ciudad de México","5 a 9 años","0.147294234838887"
"Cuauhtémoc","2022","Hombres","Ciudad de México","10 a 14 años","0.156874980944219"
"Cuauhtémoc","2022","Hombres","Ciudad de México","15 a 19 años","0.182334617516809"
"Cuauhtémoc","2022","Hombres","Ciudad de México","20 a 24 años","0.22501956764463"
"Cuauhtémoc","2022","Hombres","Ciudad de México","25 a 29 años","0.276573106211417"
"Cuauhtémoc","2022","Hombres","Ciudad de México","30 a 34 años","0.281825269000867"
"Cuauhtémoc","2022","Hombres","Ciudad de México","35 a 39 años","0.237894042956905"
"Cuauhtémoc","2022","Hombres","Ciudad de México","40 a 44 años","0.204700819226121"
"Cuauhtémoc","2022","Hombres","Ciudad de México","45 a 49 años","0.202341796956283"
"Cuauhtémoc","2022","Hombres","Ciudad de México","50 a 54 años","0.197056251776221"
"Cuauhtémoc","2022","Hombres","Ciudad de México","55 a 59 años","0.1806766254498"
"Cuauhtémoc","2022","Hombres","Ciudad de México","60 a 64 años","0.154860910044027"
"Cuauhtémoc","2022","Hombres","Ciudad de México","65 y más","0.308609073734357"
"Cuauhtémoc","2023","Hombres","Ciudad de México","Hasta 4 años","0.147297625507412"
"Cuauhtémoc","2023","Hombres","Ciudad de México","5 a 9 años","0.145223482245668"
"Cuauhtémoc","2023","Hombres","Ciudad de México","10 a 14 años","0.153408542214057"
"Cuauhtémoc","2023","Hombres","Ciudad de México","15 a 19 años","0.178945037210799"
"Cuauhtémoc","2023","Hombres","Ciudad de México","20 a 24 años","0.222212111703097"
"Cuauhtémoc","2023","Hombres","Ciudad de México","25 a 29 años","0.273575035700912"
"Cuauhtémoc","2023","Hombres","Ciudad de México","30 a 34 años","0.283733877160315"
"Cuauhtémoc","2023","Hombres","Ciudad de México","35 a 39 años","0.241158183755265"
"Cuauhtémoc","2023","Hombres","Ciudad de México","40 a 44 años","0.206209984925662"
"Cuauhtémoc","2023","Hombres","Ciudad de México","45 a 49 años","0.201403771238502"
"Cuauhtémoc","2023","Hombres","Ciudad de México","50 a 54 años","0.198872424354546"
"Cuauhtémoc","2023","Hombres","Ciudad de México","55 a 59 años","0.183204836812876"
"Cuauhtémoc","2023","Hombres","Ciudad de México","60 a 64 años","0.158281663748369"
"Cuauhtémoc","2023","Hombres","Ciudad de México","65 y más","0.319317700537872"
"Cuauhtémoc","2024","Hombres","Ciudad de México","Hasta 4 años","0.145246286014238"
"Cuauhtémoc","2024","Hombres","Ciudad de México","5 a 9 años","0.143524881670218"
"Cuauhtémoc","2024","Hombres","Ciudad de México","10 a 14 años","0.149985736935435"
"Cuauhtémoc","2024","Hombres","Ciudad de México","15 a 19 años","0.175493819487728"
"Cuauhtémoc","2024","Hombres","Ciudad de México","20 a 24 años","0.219490231812804"
"Cuauhtémoc","2024","Hombres","Ciudad de México","25 a 29 años","0.269925143502526"
"Cuauhtémoc","2024","Hombres","Ciudad de México","30 a 34 años","0.284422945023264"
"Cuauhtémoc","2024","Hombres","Ciudad de México","35 a 39 años","0.244171146043945"
"Cuauhtémoc","2024","Hombres","Ciudad de México","40 a 44 años","0.208446416930392"
"Cuauhtémoc","2024","Hombres","Ciudad de México","45 a 49 años","0.200554784028587"
"Cuauhtémoc","2024","Hombres","Ciudad de México","50 a 54 años","0.200275335271441"
"Cuauhtémoc","2024","Hombres","Ciudad de México","55 a 59 años","0.185799889651275"
"Cuauhtémoc","2024","Hombres","Ciudad de México","60 a 64 años","0.161487847779567"
"Cuauhtémoc","2024","Hombres","Ciudad de México","65 y más","0.330610235604365"
"Cuauhtémoc","2025","Hombres","Ciudad de México","Hasta 4 años","0.143062494494363"
"Cuauhtémoc","2025","Hombres","Ciudad de México","5 a 9 años","0.142177109687074"
"Cuauhtémoc","2025","Hombres","Ciudad de México","10 a 14 años","0.146581618918275"
"Cuauhtémoc","2025","Hombres","Ciudad de México","15 a 19 años","0.172022422874578"
"Cuauhtémoc","2025","Hombres","Ciudad de México","20 a 24 años","0.216616677915163"
"Cuauhtémoc","2025","Hombres","Ciudad de México","25 a 29 años","0.265951664265667"
"Cuauhtémoc","2025","Hombres","Ciudad de México","30 a 34 años","0.283726604827208"
"Cuauhtémoc","2025","Hombres","Ciudad de México","35 a 39 años","0.246876664999752"
"Cuauhtémoc","2025","Hombres","Ciudad de México","40 a 44 años","0.211203502447809"
"Cuauhtémoc","2025","Hombres","Ciudad de México","45 a 49 años","0.200074551642254"
"Cuauhtémoc","2025","Hombres","Ciudad de México","50 a 54 años","0.201172877099399"
"Cuauhtémoc","2025","Hombres","Ciudad de México","55 a 59 años","0.188474889926495"
"Cuauhtémoc","2025","Hombres","Ciudad de México","60 a 64 años","0.164524670519174"
"Cuauhtémoc","2025","Hombres","Ciudad de México","65 y más","0.342453394576559"
"Cuauhtémoc","2026","Hombres","Ciudad de México","Hasta 4 años","0.140687097485919"
"Cuauhtémoc","2026","Hombres","Ciudad de México","5 a 9 años","0.140664618122256"
"Cuauhtémoc","2026","Hombres","Ciudad de México","10 a 14 años","0.143733051262278"
"Cuauhtémoc","2026","Hombres","Ciudad de México","15 a 19 años","0.168617706837402"
"Cuauhtémoc","2026","Hombres","Ciudad de México","20 a 24 años","0.213362880208932"
"Cuauhtémoc","2026","Hombres","Ciudad de México","25 a 29 años","0.261839627948548"
"Cuauhtémoc","2026","Hombres","Ciudad de México","30 a 34 años","0.281486591790154"
"Cuauhtémoc","2026","Hombres","Ciudad de México","35 a 39 años","0.249262423979007"
"Cuauhtémoc","2026","Hombres","Ciudad de México","40 a 44 años","0.214284534119122"
"Cuauhtémoc","2026","Hombres","Ciudad de México","45 a 49 años","0.200268650875138"
"Cuauhtémoc","2026","Hombres","Ciudad de México","50 a 54 años","0.201437577785623"
"Cuauhtémoc","2026","Hombres","Ciudad de México","55 a 59 años","0.191175748273388"
"Cuauhtémoc","2026","Hombres","Ciudad de México","60 a 64 años","0.167471259290581"
"Cuauhtémoc","2026","Hombres","Ciudad de México","65 y más","0.354803036377567"
"Cuauhtémoc","2027","Hombres","Ciudad de México","Hasta 4 años","0.138094045111473"
"Cuauhtémoc","2027","Hombres","Ciudad de México","5 a 9 años","0.13886073314769"
"Cuauhtémoc","2027","Hombres","Ciudad de México","10 a 14 años","0.141589240570696"
"Cuauhtémoc","2027","Hombres","Ciudad de México","15 a 19 años","0.165266371100912"
"Cuauhtémoc","2027","Hombres","Ciudad de México","20 a 24 años","0.209666628257099"
"Cuauhtémoc","2027","Hombres","Ciudad de México","25 a 29 años","0.257494431928137"
"Cuauhtémoc","2027","Hombres","Ciudad de México","30 a 34 años","0.277834214535999"
"Cuauhtémoc","2027","Hombres","Ciudad de México","35 a 39 años","0.251146705981227"
"Cuauhtémoc","2027","Hombres","Ciudad de México","40 a 44 años","0.217570279924567"
"Cuauhtémoc","2027","Hombres","Ciudad de México","45 a 49 años","0.201345808099338"
"Cuauhtémoc","2027","Hombres","Ciudad de México","50 a 54 años","0.201154136090283"
"Cuauhtémoc","2027","Hombres","Ciudad de México","55 a 59 años","0.193791675977792"
"Cuauhtémoc","2027","Hombres","Ciudad de México","60 a 64 años","0.170396416049126"
"Cuauhtémoc","2027","Hombres","Ciudad de México","65 y más","0.367593088893644"
"Cuauhtémoc","2028","Hombres","Ciudad de México","Hasta 4 años","0.135223100580963"
"Cuauhtémoc","2028","Hombres","Ciudad de México","5 a 9 años","0.137101042076524"
"Cuauhtémoc","2028","Hombres","Ciudad de México","10 a 14 años","0.139861389816987"
"Cuauhtémoc","2028","Hombres","Ciudad de México","15 a 19 años","0.161887607237813"
"Cuauhtémoc","2028","Hombres","Ciudad de México","20 a 24 años","0.205498838957014"
"Cuauhtémoc","2028","Hombres","Ciudad de México","25 a 29 años","0.252798076263883"
"Cuauhtémoc","2028","Hombres","Ciudad de México","30 a 34 años","0.273104732797207"
"Cuauhtémoc","2028","Hombres","Ciudad de México","35 a 39 años","0.252288995737978"
"Cuauhtémoc","2028","Hombres","Ciudad de México","40 a 44 años","0.220952261143377"
"Cuauhtémoc","2028","Hombres","Ciudad de México","45 a 49 años","0.203258884643032"
"Cuauhtémoc","2028","Hombres","Ciudad de México","50 a 54 años","0.200589040107174"
"Cuauhtémoc","2028","Hombres","Ciudad de México","55 a 59 años","0.196131757280361"
"Cuauhtémoc","2028","Hombres","Ciudad de México","60 a 64 años","0.173381514222692"
"Cuauhtémoc","2028","Hombres","Ciudad de México","65 y más","0.380826172078721"
"Cuauhtémoc","2029","Hombres","Ciudad de México","Hasta 4 años","0.132057650300306"
"Cuauhtémoc","2029","Hombres","Ciudad de México","5 a 9 años","0.135361646193814"
"Cuauhtémoc","2029","Hombres","Ciudad de México","10 a 14 años","0.138574810585095"
"Cuauhtémoc","2029","Hombres","Ciudad de México","15 a 19 años","0.158466909572812"
"Cuauhtémoc","2029","Hombres","Ciudad de México","20 a 24 años","0.200794389610602"
"Cuauhtémoc","2029","Hombres","Ciudad de México","25 a 29 años","0.24761802900863"
"Cuauhtémoc","2029","Hombres","Ciudad de México","30 a 34 años","0.267635021311909"
"Cuauhtémoc","2029","Hombres","Ciudad de México","35 a 39 años","0.252545638004446"
"Cuauhtémoc","2029","Hombres","Ciudad de México","40 a 44 años","0.224297040811843"
"Cuauhtémoc","2029","Hombres","Ciudad de México","45 a 49 años","0.205903661610872"
"Cuauhtémoc","2029","Hombres","Ciudad de México","50 a 54 años","0.200033675779451"
"Cuauhtémoc","2029","Hombres","Ciudad de México","55 a 59 años","0.198058090606013"
"Cuauhtémoc","2029","Hombres","Ciudad de México","60 a 64 años","0.176485608827096"
"Cuauhtémoc","2029","Hombres","Ciudad de México","65 y más","0.394492568109718"
"Cuauhtémoc","2030","Hombres","Ciudad de México","Hasta 4 años","0.128535964310383"
"Cuauhtémoc","2030","Hombres","Ciudad de México","5 a 9 años","0.133608102655521"
"Cuauhtémoc","2030","Hombres","Ciudad de México","10 a 14 años","0.137756997841207"
"Cuauhtémoc","2030","Hombres","Ciudad de México","15 a 19 años","0.154990870150979"
"Cuauhtémoc","2030","Hombres","Ciudad de México","20 a 24 años","0.195602171103173"
"Cuauhtémoc","2030","Hombres","Ciudad de México","25 a 29 años","0.24163895037511"
"Cuauhtémoc","2030","Hombres","Ciudad de México","30 a 34 años","0.261722338609117"
"Cuauhtémoc","2030","Hombres","Ciudad de México","35 a 39 años","0.251794625129083"
"Cuauhtémoc","2030","Hombres","Ciudad de México","40 a 44 años","0.227585137836784"
"Cuauhtémoc","2030","Hombres","Ciudad de México","45 a 49 años","0.209097478520349"
"Cuauhtémoc","2030","Hombres","Ciudad de México","50 a 54 años","0.199773862416253"
"Cuauhtémoc","2030","Hombres","Ciudad de México","55 a 59 años","0.199454716632738"
"Cuauhtémoc","2030","Hombres","Ciudad de México","60 a 64 años","0.179701872245943"
"Cuauhtémoc","2030","Hombres","Ciudad de México","65 y más","0.408586389344178"
"Cuauhtémoc","2015","Mujeres","Ciudad de México","Hasta 4 años","0.159448329093226"
"Cuauhtémoc","2015","Mujeres","Ciudad de México","5 a 9 años","0.163146417589919"
"Cuauhtémoc","2015","Mujeres","Ciudad de México","10 a 14 años","0.1745497770439"
"Cuauhtémoc","2015","Mujeres","Ciudad de México","15 a 19 años","0.197113636408796"
"Cuauhtémoc","2015","Mujeres","Ciudad de México","20 a 24 años","0.237163382874472"
"Cuauhtémoc","2015","Mujeres","Ciudad de México","25 a 29 años","0.26808381833488"
"Cuauhtémoc","2015","Mujeres","Ciudad de México","30 a 34 años","0.266858481549409"
"Cuauhtémoc","2015","Mujeres","Ciudad de México","35 a 39 años","0.248875836292356"
"Cuauhtémoc","2015","Mujeres","Ciudad de México","40 a 44 años","0.238565344782174"
"Cuauhtémoc","2015","Mujeres","Ciudad de México","45 a 49 años","0.227128868117775"
"Cuauhtémoc","2015","Mujeres","Ciudad de México","50 a 54 años","0.215869016575605"
"Cuauhtémoc","2015","Mujeres","Ciudad de México","55 a 59 años","0.19365840745517"
"Cuauhtémoc","2015","Mujeres","Ciudad de México","60 a 64 años","0.159702227706432"
"Cuauhtémoc","2015","Mujeres","Ciudad de México","65 y más","0.408313126315443"
"Cuauhtémoc","2016","Mujeres","Ciudad de México","Hasta 4 años","0.156041700951735"
"Cuauhtémoc","2016","Mujeres","Ciudad de México","5 a 9 años","0.159045901309809"
"Cuauhtémoc","2016","Mujeres","Ciudad de México","10 a 14 años","0.170543594591998"
"Cuauhtémoc","2016","Mujeres","Ciudad de México","15 a 19 años","0.192975693589235"
"Cuauhtémoc","2016","Mujeres","Ciudad de México","20 a 24 años","0.234824646371379"
"Cuauhtémoc","2016","Mujeres","Ciudad de México","25 a 29 años","0.2696159372829"
"Cuauhtémoc","2016","Mujeres","Ciudad de México","30 a 34 años","0.268666079816744"
"Cuauhtémoc","2016","Mujeres","Ciudad de México","35 a 39 años","0.247647722164482"
"Cuauhtémoc","2016","Mujeres","Ciudad de México","40 a 44 años","0.237652129061331"
"Cuauhtémoc","2016","Mujeres","Ciudad de México","45 a 49 años","0.228418630901956"
"Cuauhtémoc","2016","Mujeres","Ciudad de México","50 a 54 años","0.218003333337015"
"Cuauhtémoc","2016","Mujeres","Ciudad de México","55 a 59 años","0.198089461110516"
"Cuauhtémoc","2016","Mujeres","Ciudad de México","60 a 64 años","0.164943853483381"
"Cuauhtémoc","2016","Mujeres","Ciudad de México","65 y más","0.41753967035528"
"Cuauhtémoc","2017","Mujeres","Ciudad de México","Hasta 4 años","0.15331935181078"
"Cuauhtémoc","2017","Mujeres","Ciudad de México","5 a 9 años","0.155264299620978"
"Cuauhtémoc","2017","Mujeres","Ciudad de México","10 a 14 años","0.166690868005896"
"Cuauhtémoc","2017","Mujeres","Ciudad de México","15 a 19 años","0.189245632100303"
"Cuauhtémoc","2017","Mujeres","Ciudad de México","20 a 24 años","0.231857670487384"
"Cuauhtémoc","2017","Mujeres","Ciudad de México","25 a 29 años","0.270568762414237"
"Cuauhtémoc","2017","Mujeres","Ciudad de México","30 a 34 años","0.270391948976946"
"Cuauhtémoc","2017","Mujeres","Ciudad de México","35 a 39 años","0.247052575254562"
"Cuauhtémoc","2017","Mujeres","Ciudad de México","40 a 44 años","0.236554277415421"
"Cuauhtémoc","2017","Mujeres","Ciudad de México","45 a 49 años","0.230133739473799"
"Cuauhtémoc","2017","Mujeres","Ciudad de México","50 a 54 años","0.220254288665176"
"Cuauhtémoc","2017","Mujeres","Ciudad de México","55 a 59 años","0.201909894546256"
"Cuauhtémoc","2017","Mujeres","Ciudad de México","60 a 64 años","0.169564086361871"
"Cuauhtémoc","2017","Mujeres","Ciudad de México","65 y más","0.427291772892865"
"Cuauhtémoc","2018","Mujeres","Ciudad de México","Hasta 4 años","0.150994398541376"
"Cuauhtémoc","2018","Mujeres","Ciudad de México","5 a 9 años","0.151536350308774"
"Cuauhtémoc","2018","Mujeres","Ciudad de México","10 a 14 años","0.1629505181446"
"Cuauhtémoc","2018","Mujeres","Ciudad de México","15 a 19 años","0.185834155017008"
"Cuauhtémoc","2018","Mujeres","Ciudad de México","20 a 24 años","0.228692585602111"
"Cuauhtémoc","2018","Mujeres","Ciudad de México","25 a 29 años","0.271097546341024"
"Cuauhtémoc","2018","Mujeres","Ciudad de México","30 a 34 años","0.272037666753858"
"Cuauhtémoc","2018","Mujeres","Ciudad de México","35 a 39 años","0.246875620410346"
"Cuauhtémoc","2018","Mujeres","Ciudad de México","40 a 44 años","0.235074344169235"
"Cuauhtémoc","2018","Mujeres","Ciudad de México","45 a 49 años","0.231745211883786"
"Cuauhtémoc","2018","Mujeres","Ciudad de México","50 a 54 años","0.222708995680423"
"Cuauhtémoc","2018","Mujeres","Ciudad de México","55 a 59 años","0.205477141525174"
"Cuauhtémoc","2018","Mujeres","Ciudad de México","60 a 64 años","0.174209842618313"
"Cuauhtémoc","2018","Mujeres","Ciudad de México","65 y más","0.438184594302096"
"Cuauhtémoc","2019","Mujeres","Ciudad de México","Hasta 4 años","0.149060818297609"
"Cuauhtémoc","2019","Mujeres","Ciudad de México","5 a 9 años","0.147842820228025"
"Cuauhtémoc","2019","Mujeres","Ciudad de México","10 a 14 años","0.159225565823771"
"Cuauhtémoc","2019","Mujeres","Ciudad de México","15 a 19 años","0.182655419598674"
"Cuauhtémoc","2019","Mujeres","Ciudad de México","20 a 24 años","0.2255178789383"
"Cuauhtémoc","2019","Mujeres","Ciudad de México","25 a 29 años","0.271148515708798"
"Cuauhtémoc","2019","Mujeres","Ciudad de México","30 a 34 años","0.273451639331284"
"Cuauhtémoc","2019","Mujeres","Ciudad de México","35 a 39 años","0.247010008511592"
"Cuauhtémoc","2019","Mujeres","Ciudad de México","40 a 44 años","0.233423793680871"
"Cuauhtémoc","2019","Mujeres","Ciudad de México","45 a 49 años","0.233124830518337"
"Cuauhtémoc","2019","Mujeres","Ciudad de México","50 a 54 años","0.225418224550788"
"Cuauhtémoc","2019","Mujeres","Ciudad de México","55 a 59 años","0.208820232675278"
"Cuauhtémoc","2019","Mujeres","Ciudad de México","60 a 64 años","0.178857480163517"
"Cuauhtémoc","2019","Mujeres","Ciudad de México","65 y más","0.450216377357062"
"Cuauhtémoc","2020","Mujeres","Ciudad de México","Hasta 4 años","0.147527705104259"
"Cuauhtémoc","2020","Mujeres","Ciudad de México","5 a 9 años","0.144123646068783"
"Cuauhtémoc","2020","Mujeres","Ciudad de México","10 a 14 años","0.155555518595088"
"Cuauhtémoc","2020","Mujeres","Ciudad de México","15 a 19 años","0.179561342086311"
"Cuauhtémoc","2020","Mujeres","Ciudad de México","20 a 24 años","0.222550061566898"
"Cuauhtémoc","2020","Mujeres","Ciudad de México","25 a 29 años","0.270539532268983"
"Cuauhtémoc","2020","Mujeres","Ciudad de México","30 a 34 años","0.274575615294759"
"Cuauhtémoc","2020","Mujeres","Ciudad de México","35 a 39 años","0.247354231151132"
"Cuauhtémoc","2020","Mujeres","Ciudad de México","40 a 44 años","0.231819746757966"
"Cuauhtémoc","2020","Mujeres","Ciudad de México","45 a 49 años","0.234126079915553"
"Cuauhtémoc","2020","Mujeres","Ciudad de México","50 a 54 años","0.228382423301948"
"Cuauhtémoc","2020","Mujeres","Ciudad de México","55 a 59 años","0.212038504675592"
"Cuauhtémoc","2020","Mujeres","Ciudad de México","60 a 64 años","0.183442191149557"
"Cuauhtémoc","2020","Mujeres","Ciudad de México","65 y más","0.463373378151596"
"Cuauhtémoc","2021","Mujeres","Ciudad de México","Hasta 4 años","0.145949050331598"
"Cuauhtémoc","2021","Mujeres","Ciudad de México","5 a 9 años","0.140773473324176"
"Cuauhtémoc","2021","Mujeres","Ciudad de México","10 a 14 años","0.152013138413255"
"Cuauhtémoc","2021","Mujeres","Ciudad de México","15 a 19 años","0.176458299343157"
"Cuauhtémoc","2021","Mujeres","Ciudad de México","20 a 24 años","0.219839852542702"
"Cuauhtémoc","2021","Mujeres","Ciudad de México","25 a 29 años","0.269063366055345"
"Cuauhtémoc","2021","Mujeres","Ciudad de México","30 a 34 años","0.275394007459273"
"Cuauhtémoc","2021","Mujeres","Ciudad de México","35 a 39 años","0.24781684499269"
"Cuauhtémoc","2021","Mujeres","Ciudad de México","40 a 44 años","0.230546410987239"
"Cuauhtémoc","2021","Mujeres","Ciudad de México","45 a 49 años","0.234611349151866"
"Cuauhtémoc","2021","Mujeres","Ciudad de México","50 a 54 años","0.231545985945754"
"Cuauhtémoc","2021","Mujeres","Ciudad de México","55 a 59 años","0.21520848856825"
"Cuauhtémoc","2021","Mujeres","Ciudad de México","60 a 64 años","0.187920092200794"
"Cuauhtémoc","2021","Mujeres","Ciudad de México","65 y más","0.477674659897397"
"Cuauhtémoc","2022","Mujeres","Ciudad de México","Hasta 4 años","0.144145162657924"
"Cuauhtémoc","2022","Mujeres","Ciudad de México","5 a 9 años","0.137947165467831"
"Cuauhtémoc","2022","Mujeres","Ciudad de México","10 a 14 años","0.148573893145638"
"Cuauhtémoc","2022","Mujeres","Ciudad de México","15 a 19 años","0.173343626978936"
"Cuauhtémoc","2022","Mujeres","Ciudad de México","20 a 24 años","0.217274853022898"
"Cuauhtémoc","2022","Mujeres","Ciudad de México","25 a 29 años","0.266747555908271"
"Cuauhtémoc","2022","Mujeres","Ciudad de México","30 a 34 años","0.275794183763829"
"Cuauhtémoc","2022","Mujeres","Ciudad de México","35 a 39 años","0.248364986145195"
"Cuauhtémoc","2022","Mujeres","Ciudad de México","40 a 44 años","0.229759867111379"
"Cuauhtémoc","2022","Mujeres","Ciudad de México","45 a 49 años","0.234522421505203"
"Cuauhtémoc","2022","Mujeres","Ciudad de México","50 a 54 años","0.234767225703016"
"Cuauhtémoc","2022","Mujeres","Ciudad de México","55 a 59 años","0.218487746548428"
"Cuauhtémoc","2022","Mujeres","Ciudad de México","60 a 64 años","0.192226932601176"
"Cuauhtémoc","2022","Mujeres","Ciudad de México","65 y más","0.493135801567949"
"Cuauhtémoc","2023","Mujeres","Ciudad de México","Hasta 4 años","0.142290688278793"
"Cuauhtémoc","2023","Mujeres","Ciudad de México","5 a 9 años","0.135477239177042"
"Cuauhtémoc","2023","Mujeres","Ciudad de México","10 a 14 años","0.145212330937809"
"Cuauhtémoc","2023","Mujeres","Ciudad de México","15 a 19 años","0.170224714465187"
"Cuauhtémoc","2023","Mujeres","Ciudad de México","20 a 24 años","0.214718432821957"
"Cuauhtémoc","2023","Mujeres","Ciudad de México","25 a 29 años","0.263773036092992"
"Cuauhtémoc","2023","Mujeres","Ciudad de México","30 a 34 años","0.27561572503908"
"Cuauhtémoc","2023","Mujeres","Ciudad de México","35 a 39 años","0.248919494025018"
"Cuauhtémoc","2023","Mujeres","Ciudad de México","40 a 44 años","0.229438159195625"
"Cuauhtémoc","2023","Mujeres","Ciudad de México","45 a 49 años","0.234021346725608"
"Cuauhtémoc","2023","Mujeres","Ciudad de México","50 a 54 años","0.237879699244767"
"Cuauhtémoc","2023","Mujeres","Ciudad de México","55 a 59 años","0.221966782930202"
"Cuauhtémoc","2023","Mujeres","Ciudad de México","60 a 64 años","0.196341077470589"
"Cuauhtémoc","2023","Mujeres","Ciudad de México","65 y más","0.509737433535417"
"Cuauhtémoc","2024","Mujeres","Ciudad de México","Hasta 4 años","0.140327987888467"
"Cuauhtémoc","2024","Mujeres","Ciudad de México","5 a 9 años","0.133375302810673"
"Cuauhtémoc","2024","Mujeres","Ciudad de México","10 a 14 años","0.141904078878771"
"Cuauhtémoc","2024","Mujeres","Ciudad de México","15 a 19 años","0.167020933171059"
"Cuauhtémoc","2024","Mujeres","Ciudad de México","20 a 24 años","0.212056894872719"
"Cuauhtémoc","2024","Mujeres","Ciudad de México","25 a 29 años","0.260379173958416"
"Cuauhtémoc","2024","Mujeres","Ciudad de México","30 a 34 años","0.274832263678011"
"Cuauhtémoc","2024","Mujeres","Ciudad de México","35 a 39 años","0.249391248827433"
"Cuauhtémoc","2024","Mujeres","Ciudad de México","40 a 44 años","0.229528031169491"
"Cuauhtémoc","2024","Mujeres","Ciudad de México","45 a 49 años","0.233339712216963"
"Cuauhtémoc","2024","Mujeres","Ciudad de México","50 a 54 años","0.240717159405619"
"Cuauhtémoc","2024","Mujeres","Ciudad de México","55 a 59 años","0.225727528072304"
"Cuauhtémoc","2024","Mujeres","Ciudad de México","60 a 64 años","0.200308869122298"
"Cuauhtémoc","2024","Mujeres","Ciudad de México","65 y más","0.527442762187766"
"Cuauhtémoc","2025","Mujeres","Ciudad de México","Hasta 4 años","0.138209689158205"
"Cuauhtémoc","2025","Mujeres","Ciudad de México","5 a 9 años","0.131664566025835"
"Cuauhtémoc","2025","Mujeres","Ciudad de México","10 a 14 años","0.138601948250043"
"Cuauhtémoc","2025","Mujeres","Ciudad de México","15 a 19 años","0.163773774543371"
"Cuauhtémoc","2025","Mujeres","Ciudad de México","20 a 24 años","0.209107718157135"
"Cuauhtémoc","2025","Mujeres","Ciudad de México","25 a 29 años","0.256750386711428"
"Cuauhtémoc","2025","Mujeres","Ciudad de México","30 a 34 años","0.273270098179088"
"Cuauhtémoc","2025","Mujeres","Ciudad de México","35 a 39 años","0.249745760071476"
"Cuauhtémoc","2025","Mujeres","Ciudad de México","40 a 44 años","0.22995348703763"
"Cuauhtémoc","2025","Mujeres","Ciudad de México","45 a 49 años","0.232699300680491"
"Cuauhtémoc","2025","Mujeres","Ciudad de México","50 a 54 años","0.243133392523362"
"Cuauhtémoc","2025","Mujeres","Ciudad de México","55 a 59 años","0.229762961193024"
"Cuauhtémoc","2025","Mujeres","Ciudad de México","60 a 64 años","0.204210083210482"
"Cuauhtémoc","2025","Mujeres","Ciudad de México","65 y más","0.546226389084707"
"Cuauhtémoc","2026","Mujeres","Ciudad de México","Hasta 4 años","0.135876513662002"
"Cuauhtémoc","2026","Mujeres","Ciudad de México","5 a 9 años","0.129964441018589"
"Cuauhtémoc","2026","Mujeres","Ciudad de México","10 a 14 años","0.135696678752697"
"Cuauhtémoc","2026","Mujeres","Ciudad de México","15 a 19 años","0.160558854964157"
"Cuauhtémoc","2026","Mujeres","Ciudad de México","20 a 24 años","0.205719896563456"
"Cuauhtémoc","2026","Mujeres","Ciudad de México","25 a 29 años","0.252960279301598"
"Cuauhtémoc","2026","Mujeres","Ciudad de México","30 a 34 años","0.270752695640993"
"Cuauhtémoc","2026","Mujeres","Ciudad de México","35 a 39 años","0.250004242979891"
"Cuauhtémoc","2026","Mujeres","Ciudad de México","40 a 44 años","0.230638271184075"
"Cuauhtémoc","2026","Mujeres","Ciudad de México","45 a 49 años","0.232357942504307"
"Cuauhtémoc","2026","Mujeres","Ciudad de México","50 a 54 años","0.244957625837511"
"Cuauhtémoc","2026","Mujeres","Ciudad de México","55 a 59 años","0.234010175733549"
"Cuauhtémoc","2026","Mujeres","Ciudad de México","60 a 64 años","0.208125188475415"
"Cuauhtémoc","2026","Mujeres","Ciudad de México","65 y más","0.566052856402162"
"Cuauhtémoc","2027","Mujeres","Ciudad de México","Hasta 4 años","0.133290970061058"
"Cuauhtémoc","2027","Mujeres","Ciudad de México","5 a 9 años","0.128149650288782"
"Cuauhtémoc","2027","Mujeres","Ciudad de México","10 a 14 años","0.133347344181368"
"Cuauhtémoc","2027","Mujeres","Ciudad de México","15 a 19 años","0.157351444609383"
"Cuauhtémoc","2027","Mujeres","Ciudad de México","20 a 24 años","0.201886999654314"
"Cuauhtémoc","2027","Mujeres","Ciudad de México","25 a 29 años","0.248857916696639"
"Cuauhtémoc","2027","Mujeres","Ciudad de México","30 a 34 años","0.267314803686146"
"Cuauhtémoc","2027","Mujeres","Ciudad de México","35 a 39 años","0.25009814734346"
"Cuauhtémoc","2027","Mujeres","Ciudad de México","40 a 44 años","0.231584886233643"
"Cuauhtémoc","2027","Mujeres","Ciudad de México","45 a 49 años","0.232509421806727"
"Cuauhtémoc","2027","Mujeres","Ciudad de México","50 a 54 años","0.246118134449571"
"Cuauhtémoc","2027","Mujeres","Ciudad de México","55 a 59 años","0.238349780670848"
"Cuauhtémoc","2027","Mujeres","Ciudad de México","60 a 64 años","0.212192188846989"
"Cuauhtémoc","2027","Mujeres","Ciudad de México","65 y más","0.586865867251575"
"Cuauhtémoc","2028","Mujeres","Ciudad de México","Hasta 4 años","0.130426430736879"
"Cuauhtémoc","2028","Mujeres","Ciudad de México","5 a 9 años","0.126387725231366"
"Cuauhtémoc","2028","Mujeres","Ciudad de México","10 a 14 años","0.131399340186387"
"Cuauhtémoc","2028","Mujeres","Ciudad de México","15 a 19 años","0.154104331641753"
"Cuauhtémoc","2028","Mujeres","Ciudad de México","20 a 24 años","0.19756849565347"
"Cuauhtémoc","2028","Mujeres","Ciudad de México","25 a 29 años","0.244234210528102"
"Cuauhtémoc","2028","Mujeres","Ciudad de México","30 a 34 años","0.263183318992346"
"Cuauhtémoc","2028","Mujeres","Ciudad de México","35 a 39 años","0.249935912418239"
"Cuauhtémoc","2028","Mujeres","Ciudad de México","40 a 44 años","0.232751616443799"
"Cuauhtémoc","2028","Mujeres","Ciudad de México","45 a 49 años","0.233136255063371"
"Cuauhtémoc","2028","Mujeres","Ciudad de México","50 a 54 años","0.246790926058203"
"Cuauhtémoc","2028","Mujeres","Ciudad de México","55 a 59 años","0.242605152845206"
"Cuauhtémoc","2028","Mujeres","Ciudad de México","60 a 64 años","0.216551542819442"
"Cuauhtémoc","2028","Mujeres","Ciudad de México","65 y más","0.608634050970952"
"Cuauhtémoc","2029","Mujeres","Ciudad de México","Hasta 4 años","0.127220872806717"
"Cuauhtémoc","2029","Mujeres","Ciudad de México","5 a 9 años","0.124654882868804"
"Cuauhtémoc","2029","Mujeres","Ciudad de México","10 a 14 años","0.129877694246858"
"Cuauhtémoc","2029","Mujeres","Ciudad de México","15 a 19 años","0.150814355510185"
"Cuauhtémoc","2029","Mujeres","Ciudad de México","20 a 24 años","0.192653616223505"
"Cuauhtémoc","2029","Mujeres","Ciudad de México","25 a 29 años","0.238954974483728"
"Cuauhtémoc","2029","Mujeres","Ciudad de México","30 a 34 años","0.258574578964764"
"Cuauhtémoc","2029","Mujeres","Ciudad de México","35 a 39 años","0.24950278267984"
"Cuauhtémoc","2029","Mujeres","Ciudad de México","40 a 44 años","0.234084135176804"
"Cuauhtémoc","2029","Mujeres","Ciudad de México","45 a 49 años","0.234174966679031"
"Cuauhtémoc","2029","Mujeres","Ciudad de México","50 a 54 años","0.24719793331083"
"Cuauhtémoc","2029","Mujeres","Ciudad de México","55 a 59 años","0.246607528546354"
"Cuauhtémoc","2029","Mujeres","Ciudad de México","60 a 64 años","0.221242831549459"
"Cuauhtémoc","2029","Mujeres","Ciudad de México","65 y más","0.631358418042225"
"Cuauhtémoc","2030","Mujeres","Ciudad de México","Hasta 4 años","0.123657593048093"
"Cuauhtémoc","2030","Mujeres","Ciudad de México","5 a 9 años","0.122928116971489"
"Cuauhtémoc","2030","Mujeres","Ciudad de México","10 a 14 años","0.128820915902806"
"Cuauhtémoc","2030","Mujeres","Ciudad de México","15 a 19 años","0.147422555856211"
"Cuauhtémoc","2030","Mujeres","Ciudad de México","20 a 24 años","0.187190400094832"
"Cuauhtémoc","2030","Mujeres","Ciudad de México","25 a 29 años","0.232794052946285"
"Cuauhtémoc","2030","Mujeres","Ciudad de México","30 a 34 años","0.253709499830169"
"Cuauhtémoc","2030","Mujeres","Ciudad de México","35 a 39 años","0.248694351803516"
"Cuauhtémoc","2030","Mujeres","Ciudad de México","40 a 44 años","0.235586578552036"
"Cuauhtémoc","2030","Mujeres","Ciudad de México","45 a 49 años","0.235586578552036"
"Cuauhtémoc","2030","Mujeres","Ciudad de México","50 a 54 años","0.247565943497519"
"Cuauhtémoc","2030","Mujeres","Ciudad de México","55 a 59 años","0.250221692338905"
"Cuauhtémoc","2030","Mujeres","Ciudad de México","60 a 64 años","0.226308554702727"
"Cuauhtémoc","2030","Mujeres","Ciudad de México","65 y más","0.655115109045275"
"Gustavo A. Madero","2015","Hombres","Ciudad de México","Hasta 4 años","0.414351497681685"
"Gustavo A. Madero","2015","Hombres","Ciudad de México","5 a 9 años","0.449555092356173"
"Gustavo A. Madero","2015","Hombres","Ciudad de México","10 a 14 años","0.478091088666474"
"Gustavo A. Madero","2015","Hombres","Ciudad de México","15 a 19 años","0.51849408537661"
"Gustavo A. Madero","2015","Hombres","Ciudad de México","20 a 24 años","0.563754272948074"
"Gustavo A. Madero","2015","Hombres","Ciudad de México","25 a 29 años","0.547129433318166"
"Gustavo A. Madero","2015","Hombres","Ciudad de México","30 a 34 años","0.494638654805407"
"Gustavo A. Madero","2015","Hombres","Ciudad de México","35 a 39 años","0.460958451810154"
"Gustavo A. Madero","2015","Hombres","Ciudad de México","40 a 44 años","0.456288925141195"
"Gustavo A. Madero","2015","Hombres","Ciudad de México","45 a 49 años","0.425445763171763"
"Gustavo A. Madero","2015","Hombres","Ciudad de México","50 a 54 años","0.381256365403819"
"Gustavo A. Madero","2015","Hombres","Ciudad de México","55 a 59 años","0.32608309284719"
"Gustavo A. Madero","2015","Hombres","Ciudad de México","60 a 64 años","0.261879860916548"
"Gustavo A. Madero","2015","Hombres","Ciudad de México","65 y más","0.585854491367116"
"Gustavo A. Madero","2016","Hombres","Ciudad de México","Hasta 4 años","0.401579855953011"
"Gustavo A. Madero","2016","Hombres","Ciudad de México","5 a 9 años","0.437011748411474"
"Gustavo A. Madero","2016","Hombres","Ciudad de México","10 a 14 años","0.467628084413612"
"Gustavo A. Madero","2016","Hombres","Ciudad de México","15 a 19 años","0.507113438384624"
"Gustavo A. Madero","2016","Hombres","Ciudad de México","20 a 24 años","0.554738849943506"
"Gustavo A. Madero","2016","Hombres","Ciudad de México","25 a 29 años","0.545682069452253"
"Gustavo A. Madero","2016","Hombres","Ciudad de México","30 a 34 años","0.494179914048944"
"Gustavo A. Madero","2016","Hombres","Ciudad de México","35 a 39 años","0.455047995414177"
"Gustavo A. Madero","2016","Hombres","Ciudad de México","40 a 44 años","0.452308871558285"
"Gustavo A. Madero","2016","Hombres","Ciudad de México","45 a 49 años","0.428297358402207"
"Gustavo A. Madero","2016","Hombres","Ciudad de México","50 a 54 años","0.385299740777271"
"Gustavo A. Madero","2016","Hombres","Ciudad de México","55 a 59 años","0.333256387515339"
"Gustavo A. Madero","2016","Hombres","Ciudad de México","60 a 64 años","0.270422211643706"
"Gustavo A. Madero","2016","Hombres","Ciudad de México","65 y más","0.605898614864828"
"Gustavo A. Madero","2017","Hombres","Ciudad de México","Hasta 4 años","0.391685966958431"
"Gustavo A. Madero","2017","Hombres","Ciudad de México","5 a 9 años","0.425667299437755"
"Gustavo A. Madero","2017","Hombres","Ciudad de México","10 a 14 años","0.457339006392469"
"Gustavo A. Madero","2017","Hombres","Ciudad de México","15 a 19 años","0.496691047029501"
"Gustavo A. Madero","2017","Hombres","Ciudad de México","20 a 24 años","0.543745523028514"
"Gustavo A. Madero","2017","Hombres","Ciudad de México","25 a 29 años","0.54302721843952"
"Gustavo A. Madero","2017","Hombres","Ciudad de México","30 a 34 años","0.494270913106583"
"Gustavo A. Madero","2017","Hombres","Ciudad de México","35 a 39 años","0.452145111672052"
"Gustavo A. Madero","2017","Hombres","Ciudad de México","40 a 44 años","0.448443080328776"
"Gustavo A. Madero","2017","Hombres","Ciudad de México","45 a 49 años","0.431723159664965"
"Gustavo A. Madero","2017","Hombres","Ciudad de México","50 a 54 años","0.389188477156698"
"Gustavo A. Madero","2017","Hombres","Ciudad de México","55 a 59 años","0.339117121883912"
"Gustavo A. Madero","2017","Hombres","Ciudad de México","60 a 64 años","0.277807062503329"
"Gustavo A. Madero","2017","Hombres","Ciudad de México","65 y más","0.62542228021703"
"Gustavo A. Madero","2018","Hombres","Ciudad de México","Hasta 4 años","0.383104598350144"
"Gustavo A. Madero","2018","Hombres","Ciudad de México","5 a 9 años","0.414548861099421"
"Gustavo A. Madero","2018","Hombres","Ciudad de México","10 a 14 años","0.447143388824402"
"Gustavo A. Madero","2018","Hombres","Ciudad de México","15 a 19 años","0.487303120812662"
"Gustavo A. Madero","2018","Hombres","Ciudad de México","20 a 24 años","0.532141334384793"
"Gustavo A. Madero","2018","Hombres","Ciudad de México","25 a 29 años","0.539374731443544"
"Gustavo A. Madero","2018","Hombres","Ciudad de México","30 a 34 años","0.494492276910809"
"Gustavo A. Madero","2018","Hombres","Ciudad de México","35 a 39 años","0.451080834318156"
"Gustavo A. Madero","2018","Hombres","Ciudad de México","40 a 44 años","0.444046521582123"
"Gustavo A. Madero","2018","Hombres","Ciudad de México","45 a 49 años","0.434590016253023"
"Gustavo A. Madero","2018","Hombres","Ciudad de México","50 a 54 años","0.393191537367851"
"Gustavo A. Madero","2018","Hombres","Ciudad de México","55 a 59 años","0.34446011926257"
"Gustavo A. Madero","2018","Hombres","Ciudad de México","60 a 64 años","0.285199352533542"
"Gustavo A. Madero","2018","Hombres","Ciudad de México","65 y más","0.646061807940036"
"Gustavo A. Madero","2019","Hombres","Ciudad de México","Hasta 4 años","0.375840986144386"
"Gustavo A. Madero","2019","Hombres","Ciudad de México","5 a 9 años","0.403555978582279"
"Gustavo A. Madero","2019","Hombres","Ciudad de México","10 a 14 años","0.436973416527769"
"Gustavo A. Madero","2019","Hombres","Ciudad de México","15 a 19 años","0.478839331992281"
"Gustavo A. Madero","2019","Hombres","Ciudad de México","20 a 24 años","0.520660956617898"
"Gustavo A. Madero","2019","Hombres","Ciudad de México","25 a 29 años","0.534568280030601"
"Gustavo A. Madero","2019","Hombres","Ciudad de México","30 a 34 años","0.494595797928805"
"Gustavo A. Madero","2019","Hombres","Ciudad de México","35 a 39 años","0.451534029814157"
"Gustavo A. Madero","2019","Hombres","Ciudad de México","40 a 44 años","0.439774812087811"
"Gustavo A. Madero","2019","Hombres","Ciudad de México","45 a 49 años","0.436563726268"
"Gustavo A. Madero","2019","Hombres","Ciudad de México","50 a 54 años","0.39743277010519"
"Gustavo A. Madero","2019","Hombres","Ciudad de México","55 a 59 años","0.349377209905248"
"Gustavo A. Madero","2019","Hombres","Ciudad de México","60 a 64 años","0.292529918184855"
"Gustavo A. Madero","2019","Hombres","Ciudad de México","65 y más","0.667806196133343"
"Gustavo A. Madero","2020","Hombres","Ciudad de México","Hasta 4 años","0.369889268288085"
"Gustavo A. Madero","2020","Hombres","Ciudad de México","5 a 9 años","0.39265322007907"
"Gustavo A. Madero","2020","Hombres","Ciudad de México","10 a 14 años","0.427004278358889"
"Gustavo A. Madero","2020","Hombres","Ciudad de México","15 a 19 años","0.470857872773571"
"Gustavo A. Madero","2020","Hombres","Ciudad de México","20 a 24 años","0.510032272031996"
"Gustavo A. Madero","2020","Hombres","Ciudad de México","25 a 29 años","0.528482937292686"
"Gustavo A. Madero","2020","Hombres","Ciudad de México","30 a 34 años","0.494575404620095"
"Gustavo A. Madero","2020","Hombres","Ciudad de México","35 a 39 años","0.453072495923722"
"Gustavo A. Madero","2020","Hombres","Ciudad de México","40 a 44 años","0.436251787269595"
"Gustavo A. Madero","2020","Hombres","Ciudad de México","45 a 49 años","0.437404953848389"
"Gustavo A. Madero","2020","Hombres","Ciudad de México","50 a 54 años","0.401900728989776"
"Gustavo A. Madero","2020","Hombres","Ciudad de México","55 a 59 años","0.354011051549318"
"Gustavo A. Madero","2020","Hombres","Ciudad de México","60 a 64 años","0.299634812103149"
"Gustavo A. Madero","2020","Hombres","Ciudad de México","65 y más","0.690691339996197"
"Gustavo A. Madero","2021","Hombres","Ciudad de México","Hasta 4 años","0.363889710453122"
"Gustavo A. Madero","2021","Hombres","Ciudad de México","5 a 9 años","0.383303677425166"
"Gustavo A. Madero","2021","Hombres","Ciudad de México","10 a 14 años","0.417411396287379"
"Gustavo A. Madero","2021","Hombres","Ciudad de México","15 a 19 años","0.462936482453517"
"Gustavo A. Madero","2021","Hombres","Ciudad de México","20 a 24 años","0.500687096720095"
"Gustavo A. Madero","2021","Hombres","Ciudad de México","25 a 29 años","0.52095625560109"
"Gustavo A. Madero","2021","Hombres","Ciudad de México","30 a 34 años","0.494511944754158"
"Gustavo A. Madero","2021","Hombres","Ciudad de México","35 a 39 años","0.455261968049808"
"Gustavo A. Madero","2021","Hombres","Ciudad de México","40 a 44 años","0.434137617259861"
"Gustavo A. Madero","2021","Hombres","Ciudad de México","45 a 49 años","0.436936427143702"
"Gustavo A. Madero","2021","Hombres","Ciudad de México","50 a 54 años","0.406527135627995"
"Gustavo A. Madero","2021","Hombres","Ciudad de México","55 a 59 años","0.358536431230853"
"Gustavo A. Madero","2021","Hombres","Ciudad de México","60 a 64 años","0.306469682280657"
"Gustavo A. Madero","2021","Hombres","Ciudad de México","65 y más","0.714629457007559"
"Gustavo A. Madero","2022","Hombres","Ciudad de México","Hasta 4 años","0.357547658369956"
"Gustavo A. Madero","2022","Hombres","Ciudad de México","5 a 9 años","0.375919100669495"
"Gustavo A. Madero","2022","Hombres","Ciudad de México","10 a 14 años","0.408199872390248"
"Gustavo A. Madero","2022","Hombres","Ciudad de México","15 a 19 años","0.455001984026749"
"Gustavo A. Madero","2022","Hombres","Ciudad de México","20 a 24 años","0.492534918536952"
"Gustavo A. Madero","2022","Hombres","Ciudad de México","25 a 29 años","0.512386313486909"
"Gustavo A. Madero","2022","Hombres","Ciudad de México","30 a 34 años","0.49415952821335"
"Gustavo A. Madero","2022","Hombres","Ciudad de México","35 a 39 años","0.457850614692213"
"Gustavo A. Madero","2022","Hombres","Ciudad de México","40 a 44 años","0.43383754837943"
"Gustavo A. Madero","2022","Hombres","Ciudad de México","45 a 49 años","0.435261863712162"
"Gustavo A. Madero","2022","Hombres","Ciudad de México","50 a 54 años","0.41105963051925"
"Gustavo A. Madero","2022","Hombres","Ciudad de México","55 a 59 años","0.363111390138441"
"Gustavo A. Madero","2022","Hombres","Ciudad de México","60 a 64 años","0.312926529586702"
"Gustavo A. Madero","2022","Hombres","Ciudad de México","65 y más","0.739609118911859"
"Gustavo A. Madero","2023","Hombres","Ciudad de México","Hasta 4 años","0.351779157714954"
"Gustavo A. Madero","2023","Hombres","Ciudad de México","5 a 9 años","0.369665855520533"
"Gustavo A. Madero","2023","Hombres","Ciudad de México","10 a 14 años","0.399183367422881"
"Gustavo A. Madero","2023","Hombres","Ciudad de México","15 a 19 años","0.447078234676598"
"Gustavo A. Madero","2023","Hombres","Ciudad de México","20 a 24 años","0.485472187634582"
"Gustavo A. Madero","2023","Hombres","Ciudad de México","25 a 29 años","0.503503852442326"
"Gustavo A. Madero","2023","Hombres","Ciudad de México","30 a 34 años","0.493110833517887"
"Gustavo A. Madero","2023","Hombres","Ciudad de México","35 a 39 años","0.460627073725088"
"Gustavo A. Madero","2023","Hombres","Ciudad de México","40 a 44 años","0.43523554573051"
"Gustavo A. Madero","2023","Hombres","Ciudad de México","45 a 49 años","0.432994132850883"
"Gustavo A. Madero","2023","Hombres","Ciudad de México","50 a 54 años","0.415129737661022"
"Gustavo A. Madero","2023","Hombres","Ciudad de México","55 a 59 años","0.367926251494554"
"Gustavo A. Madero","2023","Hombres","Ciudad de México","60 a 64 años","0.319016615225684"
"Gustavo A. Madero","2023","Hombres","Ciudad de México","65 y más","0.765570738432916"
"Gustavo A. Madero","2024","Hombres","Ciudad de México","Hasta 4 años","0.346538814761691"
"Gustavo A. Madero","2024","Hombres","Ciudad de México","5 a 9 años","0.364591204473326"
"Gustavo A. Madero","2024","Hombres","Ciudad de México","10 a 14 años","0.390266956279907"
"Gustavo A. Madero","2024","Hombres","Ciudad de México","15 a 19 años","0.439103421078753"
"Gustavo A. Madero","2024","Hombres","Ciudad de México","20 a 24 años","0.479422287759787"
"Gustavo A. Madero","2024","Hombres","Ciudad de México","25 a 29 años","0.495026706358823"
"Gustavo A. Madero","2024","Hombres","Ciudad de México","30 a 34 años","0.491259737112494"
"Gustavo A. Madero","2024","Hombres","Ciudad de México","35 a 39 años","0.463393107049889"
"Gustavo A. Madero","2024","Hombres","Ciudad de México","40 a 44 años","0.438041515801598"
"Gustavo A. Madero","2024","Hombres","Ciudad de México","45 a 49 años","0.430764670165514"
"Gustavo A. Madero","2024","Hombres","Ciudad de México","50 a 54 años","0.418424213049944"
"Gustavo A. Madero","2024","Hombres","Ciudad de México","55 a 59 años","0.373097624640852"
"Gustavo A. Madero","2024","Hombres","Ciudad de México","60 a 64 años","0.324797701455727"
"Gustavo A. Madero","2024","Hombres","Ciudad de México","65 y más","0.792393717813092"
"Gustavo A. Madero","2025","Hombres","Ciudad de México","Hasta 4 años","0.341814572626995"
"Gustavo A. Madero","2025","Hombres","Ciudad de México","5 a 9 años","0.360732668256175"
"Gustavo A. Madero","2025","Hombres","Ciudad de México","10 a 14 años","0.381455155707807"
"Gustavo A. Madero","2025","Hombres","Ciudad de México","15 a 19 años","0.43121602335802"
"Gustavo A. Madero","2025","Hombres","Ciudad de México","20 a 24 años","0.473949849563035"
"Gustavo A. Madero","2025","Hombres","Ciudad de México","25 a 29 años","0.487622880764219"
"Gustavo A. Madero","2025","Hombres","Ciudad de México","30 a 34 años","0.488463435961013"
"Gustavo A. Madero","2025","Hombres","Ciudad de México","35 a 39 años","0.466093460323665"
"Gustavo A. Madero","2025","Hombres","Ciudad de México","40 a 44 años","0.441829433642874"
"Gustavo A. Madero","2025","Hombres","Ciudad de México","45 a 49 años","0.429176276080466"
"Gustavo A. Madero","2025","Hombres","Ciudad de México","50 a 54 años","0.420714687099405"
"Gustavo A. Madero","2025","Hombres","Ciudad de México","55 a 59 años","0.378630890246579"
"Gustavo A. Madero","2025","Hombres","Ciudad de México","60 a 64 años","0.330416644158466"
"Gustavo A. Madero","2025","Hombres","Ciudad de México","65 y más","0.819955990771376"
"Gustavo A. Madero","2026","Hombres","Ciudad de México","Hasta 4 años","0.337572604129751"
"Gustavo A. Madero","2026","Hombres","Ciudad de México","5 a 9 años","0.356769980698094"
"Gustavo A. Madero","2026","Hombres","Ciudad de México","10 a 14 años","0.374079090718732"
"Gustavo A. Madero","2026","Hombres","Ciudad de México","15 a 19 años","0.423634847914179"
"Gustavo A. Madero","2026","Hombres","Ciudad de México","20 a 24 años","0.468638533967836"
"Gustavo A. Madero","2026","Hombres","Ciudad de México","25 a 29 años","0.481788961710787"
"Gustavo A. Madero","2026","Hombres","Ciudad de México","30 a 34 años","0.484587642486852"
"Gustavo A. Madero","2026","Hombres","Ciudad de México","35 a 39 años","0.46880712919531"
"Gustavo A. Madero","2026","Hombres","Ciudad de México","40 a 44 años","0.446181649668334"
"Gustavo A. Madero","2026","Hombres","Ciudad de México","45 a 49 años","0.428883779329528"
"Gustavo A. Madero","2026","Hombres","Ciudad de México","50 a 54 años","0.421814019457463"
"Gustavo A. Madero","2026","Hombres","Ciudad de México","55 a 59 años","0.384475796412945"
"Gustavo A. Madero","2026","Hombres","Ciudad de México","60 a 64 años","0.336021528036993"
"Gustavo A. Madero","2026","Hombres","Ciudad de México","65 y más","0.848101432283895"
"Gustavo A. Madero","2027","Hombres","Ciudad de México","Hasta 4 años","0.333802441179807"
"Gustavo A. Madero","2027","Hombres","Ciudad de México","5 a 9 años","0.352473549826492"
"Gustavo A. Madero","2027","Hombres","Ciudad de México","10 a 14 años","0.368562723762977"
"Gustavo A. Madero","2027","Hombres","Ciudad de México","15 a 19 años","0.416334153313705"
"Gustavo A. Madero","2027","Hombres","Ciudad de México","20 a 24 años","0.46341781859665"
"Gustavo A. Madero","2027","Hombres","Ciudad de México","25 a 29 años","0.477488799026036"
"Gustavo A. Madero","2027","Hombres","Ciudad de México","30 a 34 años","0.480014359615925"
"Gustavo A. Madero","2027","Hombres","Ciudad de México","35 a 39 años","0.471287645791931"
"Gustavo A. Madero","2027","Hombres","Ciudad de México","40 a 44 años","0.450801290471263"
"Gustavo A. Madero","2027","Hombres","Ciudad de México","45 a 49 años","0.43029238550247"
"Gustavo A. Madero","2027","Hombres","Ciudad de México","50 a 54 años","0.421847542280026"
"Gustavo A. Madero","2027","Hombres","Ciudad de México","55 a 59 años","0.39042460761921"
"Gustavo A. Madero","2027","Hombres","Ciudad de México","60 a 64 años","0.341807566263832"
"Gustavo A. Madero","2027","Hombres","Ciudad de México","65 y más","0.876719044237674"
"Gustavo A. Madero","2028","Hombres","Ciudad de México","Hasta 4 años","0.330461138715845"
"Gustavo A. Madero","2028","Hombres","Ciudad de México","5 a 9 años","0.348720160244974"
"Gustavo A. Madero","2028","Hombres","Ciudad de México","10 a 14 años","0.364173582431337"
"Gustavo A. Madero","2028","Hombres","Ciudad de México","15 a 19 años","0.409142362219618"
"Gustavo A. Madero","2028","Hombres","Ciudad de México","20 a 24 años","0.458296915220897"
"Gustavo A. Madero","2028","Hombres","Ciudad de México","25 a 29 años","0.474666682353889"
"Gustavo A. Madero","2028","Hombres","Ciudad de México","30 a 34 años","0.475390707990732"
"Gustavo A. Madero","2028","Hombres","Ciudad de México","35 a 39 años","0.473116814975022"
"Gustavo A. Madero","2028","Hombres","Ciudad de México","40 a 44 años","0.455502628778707"
"Gustavo A. Madero","2028","Hombres","Ciudad de México","45 a 49 años","0.433284092048094"
"Gustavo A. Madero","2028","Hombres","Ciudad de México","50 a 54 años","0.421371607741916"
"Gustavo A. Madero","2028","Hombres","Ciudad de México","55 a 59 años","0.3961325265576"
"Gustavo A. Madero","2028","Hombres","Ciudad de México","60 a 64 años","0.347928257204677"
"Gustavo A. Madero","2028","Hombres","Ciudad de México","65 y más","0.905699507187425"
"Gustavo A. Madero","2029","Hombres","Ciudad de México","Hasta 4 años","0.327527043092849"
"Gustavo A. Madero","2029","Hombres","Ciudad de México","5 a 9 años","0.345466264782685"
"Gustavo A. Madero","2029","Hombres","Ciudad de México","10 a 14 años","0.36096438985017"
"Gustavo A. Madero","2029","Hombres","Ciudad de México","15 a 19 años","0.401986167043447"
"Gustavo A. Madero","2029","Hombres","Ciudad de México","20 a 24 años","0.453260550050599"
"Gustavo A. Madero","2029","Hombres","Ciudad de México","25 a 29 años","0.473300250229435"
"Gustavo A. Madero","2029","Hombres","Ciudad de México","30 a 34 años","0.471370080807111"
"Gustavo A. Madero","2029","Hombres","Ciudad de México","35 a 39 años","0.474117733749478"
"Gustavo A. Madero","2029","Hombres","Ciudad de México","40 a 44 años","0.460027496966512"
"Gustavo A. Madero","2029","Hombres","Ciudad de México","45 a 49 años","0.43758076197866"
"Gustavo A. Madero","2029","Hombres","Ciudad de México","50 a 54 años","0.421038074635564"
"Gustavo A. Madero","2029","Hombres","Ciudad de México","55 a 59 años","0.401327638652301"
"Gustavo A. Madero","2029","Hombres","Ciudad de México","60 a 64 años","0.35452670712983"
"Gustavo A. Madero","2029","Hombres","Ciudad de México","65 y más","0.935042191800481"
"Gustavo A. Madero","2030","Hombres","Ciudad de México","Hasta 4 años","0.324958795999736"
"Gustavo A. Madero","2030","Hombres","Ciudad de México","5 a 9 años","0.342682785048476"
"Gustavo A. Madero","2030","Hombres","Ciudad de México","10 a 14 años","0.359004812262493"
"Gustavo A. Madero","2030","Hombres","Ciudad de México","15 a 19 años","0.394851722589367"
"Gustavo A. Madero","2030","Hombres","Ciudad de México","20 a 24 años","0.448479612283465"
"Gustavo A. Madero","2030","Hombres","Ciudad de México","25 a 29 años","0.473019643422975"
"Gustavo A. Madero","2030","Hombres","Ciudad de México","30 a 34 años","0.468597194708563"
"Gustavo A. Madero","2030","Hombres","Ciudad de México","35 a 39 años","0.474113857537881"
"Gustavo A. Madero","2030","Hombres","Ciudad de México","40 a 44 años","0.464311522758514"
"Gustavo A. Madero","2030","Hombres","Ciudad de México","45 a 49 años","0.442746386243905"
"Gustavo A. Madero","2030","Hombres","Ciudad de México","50 a 54 años","0.421466201321719"
"Gustavo A. Madero","2030","Hombres","Ciudad de México","55 a 59 años","0.405816659865822"
"Gustavo A. Madero","2030","Hombres","Ciudad de México","60 a 64 años","0.361626366912789"
"Gustavo A. Madero","2030","Hombres","Ciudad de México","65 y más","0.964709315181537"
"Gustavo A. Madero","2015","Mujeres","Ciudad de México","Hasta 4 años","0.404504647117357"
"Gustavo A. Madero","2015","Mujeres","Ciudad de México","5 a 9 años","0.432974409006821"
"Gustavo A. Madero","2015","Mujeres","Ciudad de México","10 a 14 años","0.463011718856079"
"Gustavo A. Madero","2015","Mujeres","Ciudad de México","15 a 19 años","0.493269810108123"
"Gustavo A. Madero","2015","Mujeres","Ciudad de México","20 a 24 años","0.52937860853404"
"Gustavo A. Madero","2015","Mujeres","Ciudad de México","25 a 29 años","0.537558559507322"
"Gustavo A. Madero","2015","Mujeres","Ciudad de México","30 a 34 años","0.526596762858916"
"Gustavo A. Madero","2015","Mujeres","Ciudad de México","35 a 39 años","0.521419438963546"
"Gustavo A. Madero","2015","Mujeres","Ciudad de México","40 a 44 años","0.52223633015386"
"Gustavo A. Madero","2015","Mujeres","Ciudad de México","45 a 49 años","0.488600283439165"
"Gustavo A. Madero","2015","Mujeres","Ciudad de México","50 a 54 años","0.439354991547384"
"Gustavo A. Madero","2015","Mujeres","Ciudad de México","55 a 59 años","0.382625210101102"
"Gustavo A. Madero","2015","Mujeres","Ciudad de México","60 a 64 años","0.320353815444851"
"Gustavo A. Madero","2015","Mujeres","Ciudad de México","65 y más","0.806083940647777"
"Gustavo A. Madero","2016","Mujeres","Ciudad de México","Hasta 4 años","0.391882473914815"
"Gustavo A. Madero","2016","Mujeres","Ciudad de México","5 a 9 años","0.421018799446432"
"Gustavo A. Madero","2016","Mujeres","Ciudad de México","10 a 14 años","0.452839024562651"
"Gustavo A. Madero","2016","Mujeres","Ciudad de México","15 a 19 años","0.482715355329529"
"Gustavo A. Madero","2016","Mujeres","Ciudad de México","20 a 24 años","0.518931432440283"
"Gustavo A. Madero","2016","Mujeres","Ciudad de México","25 a 29 años","0.530627933099109"
"Gustavo A. Madero","2016","Mujeres","Ciudad de México","30 a 34 años","0.521129358437551"
"Gustavo A. Madero","2016","Mujeres","Ciudad de México","35 a 39 años","0.515109912867145"
"Gustavo A. Madero","2016","Mujeres","Ciudad de México","40 a 44 años","0.521538018045083"
"Gustavo A. Madero","2016","Mujeres","Ciudad de México","45 a 49 años","0.493671850753093"
"Gustavo A. Madero","2016","Mujeres","Ciudad de México","50 a 54 años","0.443782244071398"
"Gustavo A. Madero","2016","Mujeres","Ciudad de México","55 a 59 años","0.390236790630429"
"Gustavo A. Madero","2016","Mujeres","Ciudad de México","60 a 64 años","0.33050621880519"
"Gustavo A. Madero","2016","Mujeres","Ciudad de México","65 y más","0.831202596866133"
"Gustavo A. Madero","2017","Mujeres","Ciudad de México","Hasta 4 años","0.381220821638782"
"Gustavo A. Madero","2017","Mujeres","Ciudad de México","5 a 9 años","0.409908801839213"
"Gustavo A. Madero","2017","Mujeres","Ciudad de México","10 a 14 años","0.443072372171068"
"Gustavo A. Madero","2017","Mujeres","Ciudad de México","15 a 19 años","0.47324116490881"
"Gustavo A. Madero","2017","Mujeres","Ciudad de México","20 a 24 años","0.507531920903393"
"Gustavo A. Madero","2017","Mujeres","Ciudad de México","25 a 29 años","0.523080452545152"
"Gustavo A. Madero","2017","Mujeres","Ciudad de México","30 a 34 años","0.515764796577245"
"Gustavo A. Madero","2017","Mujeres","Ciudad de México","35 a 39 años","0.510073614064448"
"Gustavo A. Madero","2017","Mujeres","Ciudad de México","40 a 44 años","0.520240386708669"
"Gustavo A. Madero","2017","Mujeres","Ciudad de México","45 a 49 años","0.499520062026154"
"Gustavo A. Madero","2017","Mujeres","Ciudad de México","50 a 54 años","0.448454131168606"
"Gustavo A. Madero","2017","Mujeres","Ciudad de México","55 a 59 años","0.39659253984325"
"Gustavo A. Madero","2017","Mujeres","Ciudad de México","60 a 64 años","0.339271833641541"
"Gustavo A. Madero","2017","Mujeres","Ciudad de México","65 y más","0.856639001994235"
"Gustavo A. Madero","2018","Mujeres","Ciudad de México","Hasta 4 años","0.371856334116583"
"Gustavo A. Madero","2018","Mujeres","Ciudad de México","5 a 9 años","0.399009223687274"
"Gustavo A. Madero","2018","Mujeres","Ciudad de México","10 a 14 años","0.433461871757621"
"Gustavo A. Madero","2018","Mujeres","Ciudad de México","15 a 19 años","0.464629628503124"
"Gustavo A. Madero","2018","Mujeres","Ciudad de México","20 a 24 años","0.496228734614515"
"Gustavo A. Madero","2018","Mujeres","Ciudad de México","25 a 29 años","0.515385070556037"
"Gustavo A. Madero","2018","Mujeres","Ciudad de México","30 a 34 años","0.510651287771411"
"Gustavo A. Madero","2018","Mujeres","Ciudad de México","35 a 39 años","0.505873264026182"
"Gustavo A. Madero","2018","Mujeres","Ciudad de México","40 a 44 años","0.517818323389256"
"Gustavo A. Madero","2018","Mujeres","Ciudad de México","45 a 49 años","0.505054806255008"
"Gustavo A. Madero","2018","Mujeres","Ciudad de México","50 a 54 años","0.453525147391525"
"Gustavo A. Madero","2018","Mujeres","Ciudad de México","55 a 59 años","0.402437898134082"
"Gustavo A. Madero","2018","Mujeres","Ciudad de México","60 a 64 años","0.347988335870737"
"Gustavo A. Madero","2018","Mujeres","Ciudad de México","65 y más","0.883525163981886"
"Gustavo A. Madero","2019","Mujeres","Ciudad de México","Hasta 4 años","0.363804950674954"
"Gustavo A. Madero","2019","Mujeres","Ciudad de México","5 a 9 años","0.388275639163864"
"Gustavo A. Madero","2019","Mujeres","Ciudad de México","10 a 14 años","0.423863328215158"
"Gustavo A. Madero","2019","Mujeres","Ciudad de México","15 a 19 años","0.456649621706409"
"Gustavo A. Madero","2019","Mujeres","Ciudad de México","20 a 24 años","0.485516175955544"
"Gustavo A. Madero","2019","Mujeres","Ciudad de México","25 a 29 años","0.507595159144181"
"Gustavo A. Madero","2019","Mujeres","Ciudad de México","30 a 34 años","0.505613144103677"
"Gustavo A. Madero","2019","Mujeres","Ciudad de México","35 a 39 años","0.502346694735248"
"Gustavo A. Madero","2019","Mujeres","Ciudad de México","40 a 44 años","0.514770275045002"
"Gustavo A. Madero","2019","Mujeres","Ciudad de México","45 a 49 años","0.509909355476391"
"Gustavo A. Madero","2019","Mujeres","Ciudad de México","50 a 54 años","0.45912990868447"
"Gustavo A. Madero","2019","Mujeres","Ciudad de México","55 a 59 años","0.40787433537444"
"Gustavo A. Madero","2019","Mujeres","Ciudad de México","60 a 64 años","0.356585543935239"
"Gustavo A. Madero","2019","Mujeres","Ciudad de México","65 y más","0.911881936568211"
"Gustavo A. Madero","2020","Mujeres","Ciudad de México","Hasta 4 años","0.357137907080276"
"Gustavo A. Madero","2020","Mujeres","Ciudad de México","5 a 9 años","0.377573349433313"
"Gustavo A. Madero","2020","Mujeres","Ciudad de México","10 a 14 años","0.414341622272525"
"Gustavo A. Madero","2020","Mujeres","Ciudad de México","15 a 19 años","0.448992060337224"
"Gustavo A. Madero","2020","Mujeres","Ciudad de México","20 a 24 años","0.475902976555791"
"Gustavo A. Madero","2020","Mujeres","Ciudad de México","25 a 29 años","0.499609420262135"
"Gustavo A. Madero","2020","Mujeres","Ciudad de México","30 a 34 años","0.500696057999844"
"Gustavo A. Madero","2020","Mujeres","Ciudad de México","35 a 39 años","0.499332216757617"
"Gustavo A. Madero","2020","Mujeres","Ciudad de México","40 a 44 años","0.511551347236752"
"Gustavo A. Madero","2020","Mujeres","Ciudad de México","45 a 49 años","0.513791151553254"
"Gustavo A. Madero","2020","Mujeres","Ciudad de México","50 a 54 años","0.465269450122496"
"Gustavo A. Madero","2020","Mujeres","Ciudad de México","55 a 59 años","0.413088662432106"
"Gustavo A. Madero","2020","Mujeres","Ciudad de México","60 a 64 años","0.365010486608576"
"Gustavo A. Madero","2020","Mujeres","Ciudad de México","65 y más","0.941615952285515"
"Gustavo A. Madero","2021","Mujeres","Ciudad de México","Hasta 4 años","0.350850810438717"
"Gustavo A. Madero","2021","Mujeres","Ciudad de México","5 a 9 años","0.367954648617749"
"Gustavo A. Madero","2021","Mujeres","Ciudad de México","10 a 14 años","0.405083305132362"
"Gustavo A. Madero","2021","Mujeres","Ciudad de México","15 a 19 años","0.44137898251488"
"Gustavo A. Madero","2021","Mujeres","Ciudad de México","20 a 24 años","0.467578952816397"
"Gustavo A. Madero","2021","Mujeres","Ciudad de México","25 a 29 años","0.491202241002631"
"Gustavo A. Madero","2021","Mujeres","Ciudad de México","30 a 34 años","0.495977988026647"
"Gustavo A. Madero","2021","Mujeres","Ciudad de México","35 a 39 años","0.496666584109179"
"Gustavo A. Madero","2021","Mujeres","Ciudad de México","40 a 44 años","0.508761441107209"
"Gustavo A. Madero","2021","Mujeres","Ciudad de México","45 a 49 años","0.516335998015066"
"Gustavo A. Madero","2021","Mujeres","Ciudad de México","50 a 54 años","0.471832699584299"
"Gustavo A. Madero","2021","Mujeres","Ciudad de México","55 a 59 años","0.418277694584758"
"Gustavo A. Madero","2021","Mujeres","Ciudad de México","60 a 64 años","0.373108012848314"
"Gustavo A. Madero","2021","Mujeres","Ciudad de México","65 y más","0.972753030461381"
"Gustavo A. Madero","2022","Mujeres","Ciudad de México","Hasta 4 años","0.344617545739995"
"Gustavo A. Madero","2022","Mujeres","Ciudad de México","5 a 9 años","0.359895553176257"
"Gustavo A. Madero","2022","Mujeres","Ciudad de México","10 a 14 años","0.39607093713495"
"Gustavo A. Madero","2022","Mujeres","Ciudad de México","15 a 19 años","0.433870930770041"
"Gustavo A. Madero","2022","Mujeres","Ciudad de México","20 a 24 años","0.46039880384218"
"Gustavo A. Madero","2022","Mujeres","Ciudad de México","25 a 29 años","0.4825869661349"
"Gustavo A. Madero","2022","Mujeres","Ciudad de México","30 a 34 años","0.491433299646792"
"Gustavo A. Madero","2022","Mujeres","Ciudad de México","35 a 39 años","0.494304185239331"
"Gustavo A. Madero","2022","Mujeres","Ciudad de México","40 a 44 años","0.506778071864275"
"Gustavo A. Madero","2022","Mujeres","Ciudad de México","45 a 49 años","0.51741592700562"
"Gustavo A. Madero","2022","Mujeres","Ciudad de México","50 a 54 años","0.478558824334516"
"Gustavo A. Madero","2022","Mujeres","Ciudad de México","55 a 59 años","0.42373381148786"
"Gustavo A. Madero","2022","Mujeres","Ciudad de México","60 a 64 años","0.380815184625762"
"Gustavo A. Madero","2022","Mujeres","Ciudad de México","65 y más","1.00522167353936"
"Gustavo A. Madero","2023","Mujeres","Ciudad de México","Hasta 4 años","0.338932851061571"
"Gustavo A. Madero","2023","Mujeres","Ciudad de México","5 a 9 años","0.352938893732274"
"Gustavo A. Madero","2023","Mujeres","Ciudad de México","10 a 14 años","0.387195711474629"
"Gustavo A. Madero","2023","Mujeres","Ciudad de México","15 a 19 años","0.426437163829885"
"Gustavo A. Madero","2023","Mujeres","Ciudad de México","20 a 24 años","0.454114709935525"
"Gustavo A. Madero","2023","Mujeres","Ciudad de México","25 a 29 años","0.474287425852166"
"Gustavo A. Madero","2023","Mujeres","Ciudad de México","30 a 34 años","0.486921857656231"
"Gustavo A. Madero","2023","Mujeres","Ciudad de México","35 a 39 años","0.492174123657745"
"Gustavo A. Madero","2023","Mujeres","Ciudad de México","40 a 44 años","0.505511087856917"
"Gustavo A. Madero","2023","Mujeres","Ciudad de México","45 a 49 años","0.517376079418722"
"Gustavo A. Madero","2023","Mujeres","Ciudad de México","50 a 54 años","0.4851153457831"
"Gustavo A. Madero","2023","Mujeres","Ciudad de México","55 a 59 años","0.429682194416808"
"Gustavo A. Madero","2023","Mujeres","Ciudad de México","60 a 64 años","0.388110118719054"
"Gustavo A. Madero","2023","Mujeres","Ciudad de México","65 y más","1.03897850451595"
"Gustavo A. Madero","2024","Mujeres","Ciudad de México","Hasta 4 años","0.333751239634687"
"Gustavo A. Madero","2024","Mujeres","Ciudad de México","5 a 9 años","0.34713124612684"
"Gustavo A. Madero","2024","Mujeres","Ciudad de México","10 a 14 años","0.378418328976914"
"Gustavo A. Madero","2024","Mujeres","Ciudad de México","15 a 19 años","0.418904864912235"
"Gustavo A. Madero","2024","Mujeres","Ciudad de México","20 a 24 años","0.448582322921147"
"Gustavo A. Madero","2024","Mujeres","Ciudad de México","25 a 29 años","0.466824737787642"
"Gustavo A. Madero","2024","Mujeres","Ciudad de México","30 a 34 años","0.482518579988965"
"Gustavo A. Madero","2024","Mujeres","Ciudad de México","35 a 39 años","0.490119586183338"
"Gustavo A. Madero","2024","Mujeres","Ciudad de México","40 a 44 años","0.504807412858935"
"Gustavo A. Madero","2024","Mujeres","Ciudad de México","45 a 49 años","0.516667218112214"
"Gustavo A. Madero","2024","Mujeres","Ciudad de México","50 a 54 años","0.491147957609636"
"Gustavo A. Madero","2024","Mujeres","Ciudad de México","55 a 59 años","0.436264221706149"
"Gustavo A. Madero","2024","Mujeres","Ciudad de México","60 a 64 años","0.395084652853105"
"Gustavo A. Madero","2024","Mujeres","Ciudad de México","65 y más","1.07389921781175"
"Gustavo A. Madero","2025","Mujeres","Ciudad de México","Hasta 4 años","0.329049341038348"
"Gustavo A. Madero","2025","Mujeres","Ciudad de México","5 a 9 años","0.342587883408046"
"Gustavo A. Madero","2025","Mujeres","Ciudad de México","10 a 14 años","0.369631345939569"
"Gustavo A. Madero","2025","Mujeres","Ciudad de México","15 a 19 años","0.411378920713678"
"Gustavo A. Madero","2025","Mujeres","Ciudad de México","20 a 24 años","0.443510544036463"
"Gustavo A. Madero","2025","Mujeres","Ciudad de México","25 a 29 años","0.460725114466807"
"Gustavo A. Madero","2025","Mujeres","Ciudad de México","30 a 34 años","0.478096588533886"
"Gustavo A. Madero","2025","Mujeres","Ciudad de México","35 a 39 años","0.488149628687544"
"Gustavo A. Madero","2025","Mujeres","Ciudad de México","40 a 44 años","0.504467606907974"
"Gustavo A. Madero","2025","Mujeres","Ciudad de México","45 a 49 años","0.515764668752887"
"Gustavo A. Madero","2025","Mujeres","Ciudad de México","50 a 54 años","0.49639827701875"
"Gustavo A. Madero","2025","Mujeres","Ciudad de México","55 a 59 años","0.443510544036463"
"Gustavo A. Madero","2025","Mujeres","Ciudad de México","60 a 64 años","0.40189745809384"
"Gustavo A. Madero","2025","Mujeres","Ciudad de México","65 y más","1.10985787444437"
"Gustavo A. Madero","2026","Mujeres","Ciudad de México","Hasta 4 años","0.324770606523579"
"Gustavo A. Madero","2026","Mujeres","Ciudad de México","5 a 9 años","0.338348142176131"
"Gustavo A. Madero","2026","Mujeres","Ciudad de México","10 a 14 años","0.361816597840475"
"Gustavo A. Madero","2026","Mujeres","Ciudad de México","15 a 19 años","0.404044082481731"
"Gustavo A. Madero","2026","Mujeres","Ciudad de México","20 a 24 años","0.438673542204837"
"Gustavo A. Madero","2026","Mujeres","Ciudad de México","25 a 29 años","0.4562411649076"
"Gustavo A. Madero","2026","Mujeres","Ciudad de México","30 a 34 años","0.473460357473585"
"Gustavo A. Madero","2026","Mujeres","Ciudad de México","35 a 39 años","0.486341032852578"
"Gustavo A. Madero","2026","Mujeres","Ciudad de México","40 a 44 años","0.504324523783111"
"Gustavo A. Madero","2026","Mujeres","Ciudad de México","45 a 49 años","0.515238254841577"
"Gustavo A. Madero","2026","Mujeres","Ciudad de México","50 a 54 años","0.500514271642204"
"Gustavo A. Madero","2026","Mujeres","Ciudad de México","55 a 59 años","0.451306944583535"
"Gustavo A. Madero","2026","Mujeres","Ciudad de México","60 a 64 años","0.408764748850995"
"Gustavo A. Madero","2026","Mujeres","Ciudad de México","65 y más","1.14669481982172"
"Gustavo A. Madero","2027","Mujeres","Ciudad de México","Hasta 4 años","0.320915317276932"
"Gustavo A. Madero","2027","Mujeres","Ciudad de México","5 a 9 años","0.334118136253543"
"Gustavo A. Madero","2027","Mujeres","Ciudad de México","10 a 14 años","0.355450103378862"
"Gustavo A. Madero","2027","Mujeres","Ciudad de México","15 a 19 años","0.396862532158617"
"Gustavo A. Madero","2027","Mujeres","Ciudad de México","20 a 24 años","0.434103276035429"
"Gustavo A. Madero","2027","Mujeres","Ciudad de México","25 a 29 años","0.453247927292719"
"Gustavo A. Madero","2027","Mujeres","Ciudad de México","30 a 34 años","0.468829734146413"
"Gustavo A. Madero","2027","Mujeres","Ciudad de México","35 a 39 años","0.484614487833225"
"Gustavo A. Madero","2027","Mujeres","Ciudad de México","40 a 44 años","0.504322880293614"
"Gustavo A. Madero","2027","Mujeres","Ciudad de México","45 a 49 años","0.515507505763126"
"Gustavo A. Madero","2027","Mujeres","Ciudad de México","50 a 54 años","0.503387069896468"
"Gustavo A. Madero","2027","Mujeres","Ciudad de México","55 a 59 años","0.459437805702761"
"Gustavo A. Madero","2027","Mujeres","Ciudad de México","60 a 64 años","0.415950809295596"
"Gustavo A. Madero","2027","Mujeres","Ciudad de México","65 y más","1.18422859570488"
"Gustavo A. Madero","2028","Mujeres","Ciudad de México","Hasta 4 años","0.317451303053827"
"Gustavo A. Madero","2028","Mujeres","Ciudad de México","5 a 9 años","0.330381948411816"
"Gustavo A. Madero","2028","Mujeres","Ciudad de México","10 a 14 años","0.350100334115206"
"Gustavo A. Madero","2028","Mujeres","Ciudad de México","15 a 19 años","0.389763363533498"
"Gustavo A. Madero","2028","Mujeres","Ciudad de México","20 a 24 años","0.42982234447194"
"Gustavo A. Madero","2028","Mujeres","Ciudad de México","25 a 29 años","0.451588365179526"
"Gustavo A. Madero","2028","Mujeres","Ciudad de México","30 a 34 años","0.464700016946725"
"Gustavo A. Madero","2028","Mujeres","Ciudad de México","35 a 39 años","0.482857222370673"
"Gustavo A. Madero","2028","Mujeres","Ciudad de México","40 a 44 años","0.504351733464442"
"Gustavo A. Madero","2028","Mujeres","Ciudad de México","45 a 49 años","0.516479162881559"
"Gustavo A. Madero","2028","Mujeres","Ciudad de México","50 a 54 años","0.505369894516252"
"Gustavo A. Madero","2028","Mujeres","Ciudad de México","55 a 59 años","0.467630058195823"
"Gustavo A. Madero","2028","Mujeres","Ciudad de México","60 a 64 años","0.423713378161079"
"Gustavo A. Madero","2028","Mujeres","Ciudad de México","65 y más","1.22235890720096"
"Gustavo A. Madero","2029","Mujeres","Ciudad de México","Hasta 4 años","0.314379183145488"
"Gustavo A. Madero","2029","Mujeres","Ciudad de México","5 a 9 años","0.327118301332827"
"Gustavo A. Madero","2029","Mujeres","Ciudad de México","10 a 14 años","0.345829590791593"
"Gustavo A. Madero","2029","Mujeres","Ciudad de México","15 a 19 años","0.382673118882427"
"Gustavo A. Madero","2029","Mujeres","Ciudad de México","20 a 24 años","0.425670481249142"
"Gustavo A. Madero","2029","Mujeres","Ciudad de México","25 a 29 años","0.451171425499377"
"Gustavo A. Madero","2029","Mujeres","Ciudad de México","30 a 34 años","0.461617048255484"
"Gustavo A. Madero","2029","Mujeres","Ciudad de México","35 a 39 años","0.48110040548318"
"Gustavo A. Madero","2029","Mujeres","Ciudad de México","40 a 44 años","0.504239730675513"
"Gustavo A. Madero","2029","Mujeres","Ciudad de México","45 a 49 años","0.518012057200684"
"Gustavo A. Madero","2029","Mujeres","Ciudad de México","50 a 54 años","0.506896552115653"
"Gustavo A. Madero","2029","Mujeres","Ciudad de México","55 a 59 años","0.475548329909553"
"Gustavo A. Madero","2029","Mujeres","Ciudad de México","60 a 64 años","0.432176287596152"
"Gustavo A. Madero","2029","Mujeres","Ciudad de México","65 y más","1.26105916116881"
"Gustavo A. Madero","2030","Mujeres","Ciudad de México","Hasta 4 años","0.311657255665408"
"Gustavo A. Madero","2030","Mujeres","Ciudad de México","5 a 9 años","0.324286310241616"
"Gustavo A. Madero","2030","Mujeres","Ciudad de México","10 a 14 años","0.342773969558052"
"Gustavo A. Madero","2030","Mujeres","Ciudad de México","15 a 19 años","0.375486412368267"
"Gustavo A. Madero","2030","Mujeres","Ciudad de México","20 a 24 años","0.421728356786749"
"Gustavo A. Madero","2030","Mujeres","Ciudad de México","25 a 29 años","0.45173945850079"
"Gustavo A. Madero","2030","Mujeres","Ciudad de México","30 a 34 años","0.46011703531804"
"Gustavo A. Madero","2030","Mujeres","Ciudad de México","35 a 39 años","0.479208792010413"
"Gustavo A. Madero","2030","Mujeres","Ciudad de México","40 a 44 años","0.503976784423862"
"Gustavo A. Madero","2030","Mujeres","Ciudad de México","45 a 49 años","0.519911277472183"
"Gustavo A. Madero","2030","Mujeres","Ciudad de México","50 a 54 años","0.508467621520456"
"Gustavo A. Madero","2030","Mujeres","Ciudad de México","55 a 59 años","0.482924560775615"
"Gustavo A. Madero","2030","Mujeres","Ciudad de México","60 a 64 años","0.441378618600272"
"Gustavo A. Madero","2030","Mujeres","Ciudad de México","65 y más","1.3003480968653"
"Iztacalco","2015","Hombres","Ciudad de México","Hasta 4 años","0.12708177544456"
"Iztacalco","2015","Hombres","Ciudad de México","5 a 9 años","0.140527362874327"
"Iztacalco","2015","Hombres","Ciudad de México","10 a 14 años","0.154127497286045"
"Iztacalco","2015","Hombres","Ciudad de México","15 a 19 años","0.166943857717867"
"Iztacalco","2015","Hombres","Ciudad de México","20 a 24 años","0.177850459015575"
"Iztacalco","2015","Hombres","Ciudad de México","25 a 29 años","0.172849760242436"
"Iztacalco","2015","Hombres","Ciudad de México","30 a 34 años","0.161899002664169"
"Iztacalco","2015","Hombres","Ciudad de México","35 a 39 años","0.155959982929182"
"Iztacalco","2015","Hombres","Ciudad de México","40 a 44 años","0.156147647121551"
"Iztacalco","2015","Hombres","Ciudad de México","45 a 49 años","0.146654046801683"
"Iztacalco","2015","Hombres","Ciudad de México","50 a 54 años","0.133197420301777"
"Iztacalco","2015","Hombres","Ciudad de México","55 a 59 años","0.112565398211273"
"Iztacalco","2015","Hombres","Ciudad de México","60 a 64 años","0.0852878558968615"
"Iztacalco","2015","Hombres","Ciudad de México","65 y más","0.194221400032278"
"Iztacalco","2016","Hombres","Ciudad de México","Hasta 4 años","0.122874003616085"
"Iztacalco","2016","Hombres","Ciudad de México","5 a 9 años","0.136580667749799"
"Iztacalco","2016","Hombres","Ciudad de México","10 a 14 años","0.151248234203926"
"Iztacalco","2016","Hombres","Ciudad de México","15 a 19 años","0.163762054077815"
"Iztacalco","2016","Hombres","Ciudad de México","20 a 24 años","0.175094074546139"
"Iztacalco","2016","Hombres","Ciudad de México","25 a 29 años","0.172310771273218"
"Iztacalco","2016","Hombres","Ciudad de México","30 a 34 años","0.161939653125307"
"Iztacalco","2016","Hombres","Ciudad de México","35 a 39 años","0.154362883104576"
"Iztacalco","2016","Hombres","Ciudad de México","40 a 44 años","0.155158112611125"
"Iztacalco","2016","Hombres","Ciudad de México","45 a 49 años","0.148012091906441"
"Iztacalco","2016","Hombres","Ciudad de México","50 a 54 años","0.13513379184205"
"Iztacalco","2016","Hombres","Ciudad de México","55 a 59 años","0.115451861554961"
"Iztacalco","2016","Hombres","Ciudad de México","60 a 64 años","0.0879612193077306"
"Iztacalco","2016","Hombres","Ciudad de México","65 y más","0.200077534876889"
"Iztacalco","2017","Hombres","Ciudad de México","Hasta 4 años","0.11958113780773"
"Iztacalco","2017","Hombres","Ciudad de México","5 a 9 años","0.133041060721492"
"Iztacalco","2017","Hombres","Ciudad de México","10 a 14 años","0.148423829765791"
"Iztacalco","2017","Hombres","Ciudad de México","15 a 19 años","0.160889177094792"
"Iztacalco","2017","Hombres","Ciudad de México","20 a 24 años","0.171752152648345"
"Iztacalco","2017","Hombres","Ciudad de México","25 a 29 años","0.171442729133086"
"Iztacalco","2017","Hombres","Ciudad de México","30 a 34 años","0.162204227034642"
"Iztacalco","2017","Hombres","Ciudad de México","35 a 39 años","0.153794537923499"
"Iztacalco","2017","Hombres","Ciudad de México","40 a 44 años","0.154225520676895"
"Iztacalco","2017","Hombres","Ciudad de México","45 a 49 años","0.14955101542852"
"Iztacalco","2017","Hombres","Ciudad de México","50 a 54 años","0.136986210541042"
"Iztacalco","2017","Hombres","Ciudad de México","55 a 59 años","0.117879308473806"
"Iztacalco","2017","Hombres","Ciudad de México","60 a 64 años","0.0902632597369502"
"Iztacalco","2017","Hombres","Ciudad de México","65 y más","0.205766637647161"
"Iztacalco","2018","Hombres","Ciudad de México","Hasta 4 años","0.116740834793746"
"Iztacalco","2018","Hombres","Ciudad de México","5 a 9 años","0.129592833849201"
"Iztacalco","2018","Hombres","Ciudad de México","10 a 14 años","0.145585941107539"
"Iztacalco","2018","Hombres","Ciudad de México","15 a 19 años","0.158338398001636"
"Iztacalco","2018","Hombres","Ciudad de México","20 a 24 años","0.168248373176927"
"Iztacalco","2018","Hombres","Ciudad de México","25 a 29 años","0.170305577845012"
"Iztacalco","2018","Hombres","Ciudad de México","30 a 34 años","0.162530229018863"
"Iztacalco","2018","Hombres","Ciudad de México","35 a 39 años","0.153870060980634"
"Iztacalco","2018","Hombres","Ciudad de México","40 a 44 años","0.153084783929913"
"Iztacalco","2018","Hombres","Ciudad de México","45 a 49 años","0.150894856380017"
"Iztacalco","2018","Hombres","Ciudad de México","50 a 54 años","0.138850254855584"
"Iztacalco","2018","Hombres","Ciudad de México","55 a 59 años","0.120114208039799"
"Iztacalco","2018","Hombres","Ciudad de México","60 a 64 años","0.0925852703039741"
"Iztacalco","2018","Hombres","Ciudad de México","65 y más","0.211836779611996"
"Iztacalco","2019","Hombres","Ciudad de México","Hasta 4 años","0.114325727895024"
"Iztacalco","2019","Hombres","Ciudad de México","5 a 9 años","0.126195672718604"
"Iztacalco","2019","Hombres","Ciudad de México","10 a 14 años","0.142727228335773"
"Iztacalco","2019","Hombres","Ciudad de México","15 a 19 años","0.156058770842854"
"Iztacalco","2019","Hombres","Ciudad de México","20 a 24 años","0.164817284234133"
"Iztacalco","2019","Hombres","Ciudad de México","25 a 29 años","0.168858823283207"
"Iztacalco","2019","Hombres","Ciudad de México","30 a 34 años","0.162857414613076"
"Iztacalco","2019","Hombres","Ciudad de México","35 a 39 años","0.154464300642671"
"Iztacalco","2019","Hombres","Ciudad de México","40 a 44 años","0.151995086374333"
"Iztacalco","2019","Hombres","Ciudad de México","45 a 49 años","0.151906504696545"
"Iztacalco","2019","Hombres","Ciudad de México","50 a 54 años","0.140778431424439"
"Iztacalco","2019","Hombres","Ciudad de México","55 a 59 años","0.122176279088977"
"Iztacalco","2019","Hombres","Ciudad de México","60 a 64 años","0.094904195040024"
"Iztacalco","2019","Hombres","Ciudad de México","65 y más","0.218298472198585"
"Iztacalco","2020","Hombres","Ciudad de México","Hasta 4 años","0.112345036310887"
"Iztacalco","2020","Hombres","Ciudad de México","5 a 9 años","0.122834416921832"
"Iztacalco","2020","Hombres","Ciudad de México","10 a 14 años","0.139887976519754"
"Iztacalco","2020","Hombres","Ciudad de México","15 a 19 años","0.153892297567983"
"Iztacalco","2020","Hombres","Ciudad de México","20 a 24 años","0.161665083834656"
"Iztacalco","2020","Hombres","Ciudad de México","25 a 29 años","0.167042831822297"
"Iztacalco","2020","Hombres","Ciudad de México","30 a 34 años","0.163161982759051"
"Iztacalco","2020","Hombres","Ciudad de México","35 a 39 años","0.155444637193281"
"Iztacalco","2020","Hombres","Ciudad de México","40 a 44 años","0.151142438803168"
"Iztacalco","2020","Hombres","Ciudad de México","45 a 49 años","0.152506280045395"
"Iztacalco","2020","Hombres","Ciudad de México","50 a 54 años","0.142737628546195"
"Iztacalco","2020","Hombres","Ciudad de México","55 a 59 años","0.124120641182794"
"Iztacalco","2020","Hombres","Ciudad de México","60 a 64 años","0.0971653724035041"
"Iztacalco","2020","Hombres","Ciudad de México","65 y más","0.225144686369183"
"Iztacalco","2021","Hombres","Ciudad de México","Hasta 4 años","0.110364181808469"
"Iztacalco","2021","Hombres","Ciudad de México","5 a 9 años","0.119948995021784"
"Iztacalco","2021","Hombres","Ciudad de México","10 a 14 años","0.137108365142955"
"Iztacalco","2021","Hombres","Ciudad de México","15 a 19 años","0.151702159537272"
"Iztacalco","2021","Hombres","Ciudad de México","20 a 24 años","0.158910205627007"
"Iztacalco","2021","Hombres","Ciudad de México","25 a 29 años","0.164807697882245"
"Iztacalco","2021","Hombres","Ciudad de México","30 a 34 años","0.163463824882464"
"Iztacalco","2021","Hombres","Ciudad de México","35 a 39 años","0.156644502387707"
"Iztacalco","2021","Hombres","Ciudad de México","40 a 44 años","0.150769222909325"
"Iztacalco","2021","Hombres","Ciudad de México","45 a 49 años","0.152612883388364"
"Iztacalco","2021","Hombres","Ciudad de México","50 a 54 años","0.144727347604524"
"Iztacalco","2021","Hombres","Ciudad de México","55 a 59 años","0.125990870326584"
"Iztacalco","2021","Hombres","Ciudad de México","60 a 64 años","0.0993577508763773"
"Iztacalco","2021","Hombres","Ciudad de México","65 y más","0.23237896507785"
"Iztacalco","2022","Hombres","Ciudad de México","Hasta 4 años","0.108325857532414"
"Iztacalco","2022","Hombres","Ciudad de México","5 a 9 años","0.117684054367006"
"Iztacalco","2022","Hombres","Ciudad de México","10 a 14 años","0.134386377136"
"Iztacalco","2022","Hombres","Ciudad de México","15 a 19 años","0.149441835301522"
"Iztacalco","2022","Hombres","Ciudad de México","20 a 24 años","0.156552284501647"
"Iztacalco","2022","Hombres","Ciudad de México","25 a 29 años","0.162282928223187"
"Iztacalco","2022","Hombres","Ciudad de México","30 a 34 años","0.163684988628845"
"Iztacalco","2022","Hombres","Ciudad de México","35 a 39 años","0.157976599834379"
"Iztacalco","2022","Hombres","Ciudad de México","40 a 44 años","0.151010807660235"
"Iztacalco","2022","Hombres","Ciudad de México","45 a 49 años","0.152268211039913"
"Iztacalco","2022","Hombres","Ciudad de México","50 a 54 años","0.146637714490205"
"Iztacalco","2022","Hombres","Ciudad de México","55 a 59 años","0.127854556039798"
"Iztacalco","2022","Hombres","Ciudad de México","60 a 64 años","0.101437957603029"
"Iztacalco","2022","Hombres","Ciudad de México","65 y más","0.239986006101856"
"Iztacalco","2023","Hombres","Ciudad de México","Hasta 4 años","0.106472687436201"
"Iztacalco","2023","Hombres","Ciudad de México","5 a 9 años","0.115772878190473"
"Iztacalco","2023","Hombres","Ciudad de México","10 a 14 años","0.131641189273602"
"Iztacalco","2023","Hombres","Ciudad de México","15 a 19 años","0.147096901965953"
"Iztacalco","2023","Hombres","Ciudad de México","20 a 24 años","0.154512521692082"
"Iztacalco","2023","Hombres","Ciudad de México","25 a 29 años","0.159675577230724"
"Iztacalco","2023","Hombres","Ciudad de México","30 a 34 años","0.163678896752048"
"Iztacalco","2023","Hombres","Ciudad de México","35 a 39 años","0.159363340610677"
"Iztacalco","2023","Hombres","Ciudad de México","40 a 44 años","0.151825056498101"
"Iztacalco","2023","Hombres","Ciudad de México","45 a 49 años","0.151680089495936"
"Iztacalco","2023","Hombres","Ciudad de México","50 a 54 años","0.148334697138284"
"Iztacalco","2023","Hombres","Ciudad de México","55 a 59 años","0.129767769553317"
"Iztacalco","2023","Hombres","Ciudad de México","60 a 64 años","0.103417229082879"
"Iztacalco","2023","Hombres","Ciudad de México","65 y más","0.247960481549158"
"Iztacalco","2024","Hombres","Ciudad de México","Hasta 4 años","0.104815639830346"
"Iztacalco","2024","Hombres","Ciudad de México","5 a 9 años","0.114216296020739"
"Iztacalco","2024","Hombres","Ciudad de México","10 a 14 años","0.128837054994621"
"Iztacalco","2024","Hombres","Ciudad de México","15 a 19 años","0.144642676698803"
"Iztacalco","2024","Hombres","Ciudad de México","20 a 24 años","0.152780224506896"
"Iztacalco","2024","Hombres","Ciudad de México","25 a 29 años","0.15720669282009"
"Iztacalco","2024","Hombres","Ciudad de México","30 a 34 años","0.163410455228732"
"Iztacalco","2024","Hombres","Ciudad de México","35 a 39 años","0.160738925110416"
"Iztacalco","2024","Hombres","Ciudad de México","40 a 44 años","0.153115563015471"
"Iztacalco","2024","Hombres","Ciudad de México","45 a 49 años","0.151069998113162"
"Iztacalco","2024","Hombres","Ciudad de México","50 a 54 años","0.149695110228003"
"Iztacalco","2024","Hombres","Ciudad de México","55 a 59 años","0.131754500019226"
"Iztacalco","2024","Hombres","Ciudad de México","60 a 64 años","0.105307469642923"
"Iztacalco","2024","Hombres","Ciudad de México","65 y más","0.256265688253226"
"Iztacalco","2025","Hombres","Ciudad de México","Hasta 4 años","0.103321044789936"
"Iztacalco","2025","Hombres","Ciudad de México","5 a 9 años","0.113026655462253"
"Iztacalco","2025","Hombres","Ciudad de México","10 a 14 años","0.125948790687635"
"Iztacalco","2025","Hombres","Ciudad de México","15 a 19 años","0.142121072673954"
"Iztacalco","2025","Hombres","Ciudad de México","20 a 24 años","0.151199068799331"
"Iztacalco","2025","Hombres","Ciudad de México","25 a 29 años","0.15511045231508"
"Iztacalco","2025","Hombres","Ciudad de México","30 a 34 años","0.162809937917714"
"Iztacalco","2025","Hombres","Ciudad de México","35 a 39 años","0.162059041941911"
"Iztacalco","2025","Hombres","Ciudad de México","40 a 44 años","0.154729400625866"
"Iztacalco","2025","Hombres","Ciudad de México","45 a 49 años","0.150649906070759"
"Iztacalco","2025","Hombres","Ciudad de México","50 a 54 años","0.150638698668135"
"Iztacalco","2025","Hombres","Ciudad de México","55 a 59 años","0.133838802134876"
"Iztacalco","2025","Hombres","Ciudad de México","60 a 64 años","0.107153976487318"
"Iztacalco","2025","Hombres","Ciudad de México","65 y más","0.264864546211147"
"Iztacalco","2026","Hombres","Ciudad de México","Hasta 4 años","0.102000112621612"
"Iztacalco","2026","Hombres","Ciudad de México","5 a 9 años","0.111778635815089"
"Iztacalco","2026","Hombres","Ciudad de México","10 a 14 años","0.123422946192608"
"Iztacalco","2026","Hombres","Ciudad de México","15 a 19 años","0.139574368984593"
"Iztacalco","2026","Hombres","Ciudad de México","20 a 24 años","0.149633884223859"
"Iztacalco","2026","Hombres","Ciudad de México","25 a 29 años","0.153500334773923"
"Iztacalco","2026","Hombres","Ciudad de México","30 a 34 años","0.161828939011126"
"Iztacalco","2026","Hombres","Ciudad de México","35 a 39 años","0.163368775422053"
"Iztacalco","2026","Hombres","Ciudad de México","40 a 44 años","0.156501329822956"
"Iztacalco","2026","Hombres","Ciudad de México","45 a 49 años","0.15063421590687"
"Iztacalco","2026","Hombres","Ciudad de México","50 a 54 años","0.151083803180133"
"Iztacalco","2026","Hombres","Ciudad de México","55 a 59 años","0.135977670798486"
"Iztacalco","2026","Hombres","Ciudad de México","60 a 64 años","0.109024913766351"
"Iztacalco","2026","Hombres","Ciudad de México","65 y más","0.273719971644531"
"Iztacalco","2027","Hombres","Ciudad de México","Hasta 4 años","0.100842026410599"
"Iztacalco","2027","Hombres","Ciudad de México","5 a 9 años","0.110403077215182"
"Iztacalco","2027","Hombres","Ciudad de México","10 a 14 años","0.121373481027515"
"Iztacalco","2027","Hombres","Ciudad de México","15 a 19 años","0.136977837529334"
"Iztacalco","2027","Hombres","Ciudad de México","20 a 24 años","0.148049714758226"
"Iztacalco","2027","Hombres","Ciudad de México","25 a 29 años","0.152401796846161"
"Iztacalco","2027","Hombres","Ciudad de México","30 a 34 años","0.160587319115179"
"Iztacalco","2027","Hombres","Ciudad de México","35 a 39 años","0.164544782360944"
"Iztacalco","2027","Hombres","Ciudad de México","40 a 44 años","0.158354903950901"
"Iztacalco","2027","Hombres","Ciudad de México","45 a 49 años","0.15116156619934"
"Iztacalco","2027","Hombres","Ciudad de México","50 a 54 años","0.151082642430906"
"Iztacalco","2027","Hombres","Ciudad de México","55 a 59 años","0.138094045111473"
"Iztacalco","2027","Hombres","Ciudad de México","60 a 64 años","0.110966818418282"
"Iztacalco","2027","Hombres","Ciudad de México","65 y más","0.282806411947345"
"Iztacalco","2028","Hombres","Ciudad de México","Hasta 4 años","0.0998250346796967"
"Iztacalco","2028","Hombres","Ciudad de México","5 a 9 años","0.109158177654623"
"Iztacalco","2028","Hombres","Ciudad de México","10 a 14 años","0.119543420383086"
"Iztacalco","2028","Hombres","Ciudad de México","15 a 19 años","0.134272816932607"
"Iztacalco","2028","Hombres","Ciudad de México","20 a 24 años","0.14643418505145"
"Iztacalco","2028","Hombres","Ciudad de México","25 a 29 años","0.151773874123165"
"Iztacalco","2028","Hombres","Ciudad de México","30 a 34 años","0.159296953005985"
"Iztacalco","2028","Hombres","Ciudad de México","35 a 39 años","0.165451170919148"
"Iztacalco","2028","Hombres","Ciudad de México","40 a 44 años","0.160190672151463"
"Iztacalco","2028","Hombres","Ciudad de México","45 a 49 años","0.152203764345041"
"Iztacalco","2028","Hombres","Ciudad de México","50 a 54 años","0.150812277574234"
"Iztacalco","2028","Hombres","Ciudad de México","55 a 59 años","0.140065022027349"
"Iztacalco","2028","Hombres","Ciudad de México","60 a 64 años","0.113027189651502"
"Iztacalco","2028","Hombres","Ciudad de México","65 y más","0.292099092863754"
"Iztacalco","2029","Hombres","Ciudad de México","Hasta 4 años","0.0989382138007795"
"Iztacalco","2029","Hombres","Ciudad de México","5 a 9 años","0.108044071899038"
"Iztacalco","2029","Hombres","Ciudad de México","10 a 14 años","0.117921997766226"
"Iztacalco","2029","Hombres","Ciudad de México","15 a 19 años","0.13139912190916"
"Iztacalco","2029","Hombres","Ciudad de México","20 a 24 años","0.144785414549867"
"Iztacalco","2029","Hombres","Ciudad de México","25 a 29 años","0.151597777216893"
"Iztacalco","2029","Hombres","Ciudad de México","30 a 34 años","0.158160353252795"
"Iztacalco","2029","Hombres","Ciudad de México","35 a 39 años","0.166017278195432"
"Iztacalco","2029","Hombres","Ciudad de México","40 a 44 años","0.161929860595217"
"Iztacalco","2029","Hombres","Ciudad de México","45 a 49 años","0.153641486017001"
"Iztacalco","2029","Hombres","Ciudad de México","50 a 54 años","0.150496445252391"
"Iztacalco","2029","Hombres","Ciudad de México","55 a 59 años","0.141787974976375"
"Iztacalco","2029","Hombres","Ciudad de México","60 a 64 años","0.115253822388308"
"Iztacalco","2029","Hombres","Ciudad de México","65 y más","0.301594649207035"
"Iztacalco","2030","Hombres","Ciudad de México","Hasta 4 años","0.098171522621737"
"Iztacalco","2030","Hombres","Ciudad de México","5 a 9 años","0.107027818114259"
"Iztacalco","2030","Hombres","Ciudad de México","10 a 14 años","0.116511007110112"
"Iztacalco","2030","Hombres","Ciudad de México","15 a 19 años","0.128353595291232"
"Iztacalco","2030","Hombres","Ciudad de México","20 a 24 años","0.143125485842465"
"Iztacalco","2030","Hombres","Ciudad de México","25 a 29 años","0.151765218124745"
"Iztacalco","2030","Hombres","Ciudad de México","30 a 34 años","0.15740725965473"
"Iztacalco","2030","Hombres","Ciudad de México","35 a 39 años","0.166172370637676"
"Iztacalco","2030","Hombres","Ciudad de México","40 a 44 años","0.163528019859986"
"Iztacalco","2030","Hombres","Ciudad de México","45 a 49 años","0.155310015934493"
"Iztacalco","2030","Hombres","Ciudad de México","50 a 54 años","0.150363256290021"
"Iztacalco","2030","Hombres","Ciudad de México","55 a 59 años","0.14318247616095"
"Iztacalco","2030","Hombres","Ciudad de México","60 a 64 años","0.1176736096072"
"Iztacalco","2030","Hombres","Ciudad de México","65 y más","0.311292517627106"
"Iztacalco","2015","Mujeres","Ciudad de México","Hasta 4 años","0.126430470306336"
"Iztacalco","2015","Mujeres","Ciudad de México","5 a 9 años","0.139511768421503"
"Iztacalco","2015","Mujeres","Ciudad de México","10 a 14 años","0.151588511153987"
"Iztacalco","2015","Mujeres","Ciudad de México","15 a 19 años","0.160850291000928"
"Iztacalco","2015","Mujeres","Ciudad de México","20 a 24 años","0.171900400210449"
"Iztacalco","2015","Mujeres","Ciudad de México","25 a 29 años","0.176680317580801"
"Iztacalco","2015","Mujeres","Ciudad de México","30 a 34 años","0.177375778999582"
"Iztacalco","2015","Mujeres","Ciudad de México","35 a 39 años","0.179186186502441"
"Iztacalco","2015","Mujeres","Ciudad de México","40 a 44 años","0.180356327937215"
"Iztacalco","2015","Mujeres","Ciudad de México","45 a 49 años","0.169703625252712"
"Iztacalco","2015","Mujeres","Ciudad de México","50 a 54 años","0.15403918472493"
"Iztacalco","2015","Mujeres","Ciudad de México","55 a 59 años","0.133517553335819"
"Iztacalco","2015","Mujeres","Ciudad de México","60 a 64 años","0.108491981329841"
"Iztacalco","2015","Mujeres","Ciudad de México","65 y más","0.276572863272064"
"Iztacalco","2016","Mujeres","Ciudad de México","Hasta 4 años","0.122410119737265"
"Iztacalco","2016","Mujeres","Ciudad de México","5 a 9 años","0.13582961766028"
"Iztacalco","2016","Mujeres","Ciudad de México","10 a 14 años","0.148818366267248"
"Iztacalco","2016","Mujeres","Ciudad de México","15 a 19 años","0.157897236467016"
"Iztacalco","2016","Mujeres","Ciudad de México","20 a 24 años","0.168654924513944"
"Iztacalco","2016","Mujeres","Ciudad de México","25 a 29 años","0.174387203873651"
"Iztacalco","2016","Mujeres","Ciudad de México","30 a 34 años","0.175701541530309"
"Iztacalco","2016","Mujeres","Ciudad de México","35 a 39 años","0.177358269668953"
"Iztacalco","2016","Mujeres","Ciudad de México","40 a 44 años","0.180450828861088"
"Iztacalco","2016","Mujeres","Ciudad de México","45 a 49 años","0.171857932248655"
"Iztacalco","2016","Mujeres","Ciudad de México","50 a 54 años","0.156119014931538"
"Iztacalco","2016","Mujeres","Ciudad de México","55 a 59 años","0.136558578041283"
"Iztacalco","2016","Mujeres","Ciudad de México","60 a 64 años","0.111796014795687"
"Iztacalco","2016","Mujeres","Ciudad de México","65 y más","0.284725297907331"
"Iztacalco","2017","Mujeres","Ciudad de México","Hasta 4 años","0.119039646656027"
"Iztacalco","2017","Mujeres","Ciudad de México","5 a 9 años","0.132433264530805"
"Iztacalco","2017","Mujeres","Ciudad de México","10 a 14 años","0.146158407600502"
"Iztacalco","2017","Mujeres","Ciudad de México","15 a 19 años","0.15528640130064"
"Iztacalco","2017","Mujeres","Ciudad de México","20 a 24 años","0.16512164874994"
"Iztacalco","2017","Mujeres","Ciudad de México","25 a 29 años","0.171917915245805"
"Iztacalco","2017","Mujeres","Ciudad de México","30 a 34 años","0.174072829012786"
"Iztacalco","2017","Mujeres","Ciudad de México","35 a 39 años","0.175984624303493"
"Iztacalco","2017","Mujeres","Ciudad de México","40 a 44 años","0.180327604356948"
"Iztacalco","2017","Mujeres","Ciudad de México","45 a 49 años","0.174282794969569"
"Iztacalco","2017","Mujeres","Ciudad de México","50 a 54 años","0.158270128054922"
"Iztacalco","2017","Mujeres","Ciudad de México","55 a 59 años","0.139152175147855"
"Iztacalco","2017","Mujeres","Ciudad de México","60 a 64 años","0.114652463243249"
"Iztacalco","2017","Mujeres","Ciudad de México","65 y más","0.292957763911184"
"Iztacalco","2018","Mujeres","Ciudad de México","Hasta 4 años","0.11612146134529"
"Iztacalco","2018","Mujeres","Ciudad de México","5 a 9 años","0.129095123042407"
"Iztacalco","2018","Mujeres","Ciudad de México","10 a 14 años","0.143517676199303"
"Iztacalco","2018","Mujeres","Ciudad de México","15 a 19 años","0.152941000807951"
"Iztacalco","2018","Mujeres","Ciudad de México","20 a 24 años","0.161656470046934"
"Iztacalco","2018","Mujeres","Ciudad de México","25 a 29 años","0.169442879113234"
"Iztacalco","2018","Mujeres","Ciudad de México","30 a 34 años","0.172539746355513"
"Iztacalco","2018","Mujeres","Ciudad de México","35 a 39 años","0.174895577507674"
"Iztacalco","2018","Mujeres","Ciudad de México","40 a 44 años","0.179828444615018"
"Iztacalco","2018","Mujeres","Ciudad de México","45 a 49 años","0.176576734010626"
"Iztacalco","2018","Mujeres","Ciudad de México","50 a 54 años","0.160539385791684"
"Iztacalco","2018","Mujeres","Ciudad de México","55 a 59 años","0.141571073932728"
"Iztacalco","2018","Mujeres","Ciudad de México","60 a 64 años","0.117503991364164"
"Iztacalco","2018","Mujeres","Ciudad de México","65 y más","0.301679110358523"
"Iztacalco","2019","Mujeres","Ciudad de México","Hasta 4 años","0.113661365311614"
"Iztacalco","2019","Mujeres","Ciudad de México","5 a 9 años","0.125808127878282"
"Iztacalco","2019","Mujeres","Ciudad de México","10 a 14 años","0.140833794973056"
"Iztacalco","2019","Mujeres","Ciudad de México","15 a 19 años","0.150788161014473"
"Iztacalco","2019","Mujeres","Ciudad de México","20 a 24 años","0.158384039884786"
"Iztacalco","2019","Mujeres","Ciudad de México","25 a 29 años","0.16696538992049"
"Iztacalco","2019","Mujeres","Ciudad de México","30 a 34 años","0.171040147098734"
"Iztacalco","2019","Mujeres","Ciudad de México","35 a 39 años","0.1740408514338"
"Iztacalco","2019","Mujeres","Ciudad de México","40 a 44 años","0.179090007067711"
"Iztacalco","2019","Mujeres","Ciudad de México","45 a 49 años","0.178613880549601"
"Iztacalco","2019","Mujeres","Ciudad de México","50 a 54 años","0.162957069000587"
"Iztacalco","2019","Mujeres","Ciudad de México","55 a 59 años","0.143834499308122"
"Iztacalco","2019","Mujeres","Ciudad de México","60 a 64 años","0.120349281984602"
"Iztacalco","2019","Mujeres","Ciudad de México","65 y más","0.310877398196676"
"Iztacalco","2020","Mujeres","Ciudad de México","Hasta 4 años","0.111657571619683"
"Iztacalco","2020","Mujeres","Ciudad de México","5 a 9 años","0.122523948996773"
"Iztacalco","2020","Mujeres","Ciudad de México","10 a 14 años","0.138113874090842"
"Iztacalco","2020","Mujeres","Ciudad de México","15 a 19 años","0.148691959823233"
"Iztacalco","2020","Mujeres","Ciudad de México","20 a 24 años","0.155488989754004"
"Iztacalco","2020","Mujeres","Ciudad de México","25 a 29 años","0.164437118879832"
"Iztacalco","2020","Mujeres","Ciudad de México","30 a 34 años","0.169570927783497"
"Iztacalco","2020","Mujeres","Ciudad de México","35 a 39 años","0.173340895444937"
"Iztacalco","2020","Mujeres","Ciudad de México","40 a 44 años","0.17827511782535"
"Iztacalco","2020","Mujeres","Ciudad de México","45 a 49 años","0.180282071198057"
"Iztacalco","2020","Mujeres","Ciudad de México","50 a 54 años","0.165545932897902"
"Iztacalco","2020","Mujeres","Ciudad de México","55 a 59 años","0.146008629899503"
"Iztacalco","2020","Mujeres","Ciudad de México","60 a 64 años","0.123167061127254"
"Iztacalco","2020","Mujeres","Ciudad de México","65 y más","0.320547044483955"
"Iztacalco","2021","Mujeres","Ciudad de México","Hasta 4 años","0.109797755998644"
"Iztacalco","2021","Mujeres","Ciudad de México","5 a 9 años","0.119571377815233"
"Iztacalco","2021","Mujeres","Ciudad de México","10 a 14 años","0.135420194101908"
"Iztacalco","2021","Mujeres","Ciudad de México","15 a 19 años","0.146559901695135"
"Iztacalco","2021","Mujeres","Ciudad de México","20 a 24 años","0.153001606983342"
"Iztacalco","2021","Mujeres","Ciudad de México","25 a 29 años","0.161786760229844"
"Iztacalco","2021","Mujeres","Ciudad de México","30 a 34 años","0.168172933575912"
"Iztacalco","2021","Mujeres","Ciudad de México","35 a 39 años","0.172759871996652"
"Iztacalco","2021","Mujeres","Ciudad de México","40 a 44 años","0.177602257351235"
"Iztacalco","2021","Mujeres","Ciudad de México","45 a 49 años","0.181456174135731"
"Iztacalco","2021","Mujeres","Ciudad de México","50 a 54 años","0.168239571906479"
"Iztacalco","2021","Mujeres","Ciudad de México","55 a 59 años","0.148148115240331"
"Iztacalco","2021","Mujeres","Ciudad de México","60 a 64 años","0.125890912830733"
"Iztacalco","2021","Mujeres","Ciudad de México","65 y más","0.330670502665144"
"Iztacalco","2022","Mujeres","Ciudad de México","Hasta 4 años","0.107969778699231"
"Iztacalco","2022","Mujeres","Ciudad de México","5 a 9 años","0.117105426263084"
"Iztacalco","2022","Mujeres","Ciudad de México","10 a 14 años","0.132717257605454"
"Iztacalco","2022","Mujeres","Ciudad de México","15 a 19 años","0.144401094319274"
"Iztacalco","2022","Mujeres","Ciudad de México","20 a 24 años","0.150877278097791"
"Iztacalco","2022","Mujeres","Ciudad de México","25 a 29 años","0.159067091261002"
"Iztacalco","2022","Mujeres","Ciudad de México","30 a 34 años","0.166811805882734"
"Iztacalco","2022","Mujeres","Ciudad de México","35 a 39 años","0.172253135552313"
"Iztacalco","2022","Mujeres","Ciudad de México","40 a 44 años","0.177193729362728"
"Iztacalco","2022","Mujeres","Ciudad de México","45 a 49 años","0.182078685855458"
"Iztacalco","2022","Mujeres","Ciudad de México","50 a 54 años","0.17094009485495"
"Iztacalco","2022","Mujeres","Ciudad de México","55 a 59 años","0.150376542238628"
"Iztacalco","2022","Mujeres","Ciudad de México","60 a 64 años","0.128499948924942"
"Iztacalco","2022","Mujeres","Ciudad de México","65 y más","0.341234796824756"
"Iztacalco","2023","Mujeres","Ciudad de México","Hasta 4 años","0.106350023049753"
"Iztacalco","2023","Mujeres","Ciudad de México","5 a 9 años","0.114958832716778"
"Iztacalco","2023","Mujeres","Ciudad de México","10 a 14 años","0.129968493094776"
"Iztacalco","2023","Mujeres","Ciudad de México","15 a 19 años","0.142179175200205"
"Iztacalco","2023","Mujeres","Ciudad de México","20 a 24 años","0.149037229533391"
"Iztacalco","2023","Mujeres","Ciudad de México","25 a 29 años","0.156464000567379"
"Iztacalco","2023","Mujeres","Ciudad de México","30 a 34 años","0.165451954701603"
"Iztacalco","2023","Mujeres","Ciudad de México","35 a 39 años","0.171808200181142"
"Iztacalco","2023","Mujeres","Ciudad de México","40 a 44 años","0.17701586095122"
"Iztacalco","2023","Mujeres","Ciudad de México","45 a 49 años","0.182268126952733"
"Iztacalco","2023","Mujeres","Ciudad de México","50 a 54 años","0.173536652899262"
"Iztacalco","2023","Mujeres","Ciudad de México","55 a 59 años","0.152750615050385"
"Iztacalco","2023","Mujeres","Ciudad de México","60 a 64 años","0.131005564725648"
"Iztacalco","2023","Mujeres","Ciudad de México","65 y más","0.352236361337167"
"Iztacalco","2024","Mujeres","Ciudad de México","Hasta 4 años","0.104882707532061"
"Iztacalco","2024","Mujeres","Ciudad de México","5 a 9 años","0.113176746644156"
"Iztacalco","2024","Mujeres","Ciudad de México","10 a 14 años","0.127149184501459"
"Iztacalco","2024","Mujeres","Ciudad de México","15 a 19 años","0.13983615807589"
"Iztacalco","2024","Mujeres","Ciudad de México","20 a 24 años","0.147414808369691"
"Iztacalco","2024","Mujeres","Ciudad de México","25 a 29 años","0.154132756491483"
"Iztacalco","2024","Mujeres","Ciudad de México","30 a 34 años","0.164081132245883"
"Iztacalco","2024","Mujeres","Ciudad de México","35 a 39 años","0.171357977881966"
"Iztacalco","2024","Mujeres","Ciudad de México","40 a 44 años","0.177025198676888"
"Iztacalco","2024","Mujeres","Ciudad de México","45 a 49 años","0.182178233758662"
"Iztacalco","2024","Mujeres","Ciudad de México","50 a 54 años","0.175896225698018"
"Iztacalco","2024","Mujeres","Ciudad de México","55 a 59 años","0.155317619221782"
"Iztacalco","2024","Mujeres","Ciudad de México","60 a 64 años","0.133431192562102"
"Iztacalco","2024","Mujeres","Ciudad de México","65 y más","0.363618722798458"
"Iztacalco","2025","Mujeres","Ciudad de México","Hasta 4 años","0.103578815050286"
"Iztacalco","2025","Mujeres","Ciudad de México","5 a 9 años","0.111749011563126"
"Iztacalco","2025","Mujeres","Ciudad de México","10 a 14 años","0.124200435878303"
"Iztacalco","2025","Mujeres","Ciudad de México","15 a 19 años","0.137391548766659"
"Iztacalco","2025","Mujeres","Ciudad de México","20 a 24 años","0.145920382163464"
"Iztacalco","2025","Mujeres","Ciudad de México","25 a 29 años","0.152241357243356"
"Iztacalco","2025","Mujeres","Ciudad de México","30 a 34 años","0.162686656488851"
"Iztacalco","2025","Mujeres","Ciudad de México","35 a 39 años","0.170901682612186"
"Iztacalco","2025","Mujeres","Ciudad de México","40 a 44 años","0.177132998471086"
"Iztacalco","2025","Mujeres","Ciudad de México","45 a 49 años","0.18197459640462"
"Iztacalco","2025","Mujeres","Ciudad de México","50 a 54 años","0.177895101849513"
"Iztacalco","2025","Mujeres","Ciudad de México","55 a 59 años","0.158091621413043"
"Iztacalco","2025","Mujeres","Ciudad de México","60 a 64 años","0.13582251239931"
"Iztacalco","2025","Mujeres","Ciudad de México","65 y más","0.375358328680393"
"Iztacalco","2026","Mujeres","Ciudad de México","Hasta 4 años","0.102415980849381"
"Iztacalco","2026","Mujeres","Ciudad de México","5 a 9 años","0.110396154949804"
"Iztacalco","2026","Mujeres","Ciudad de México","10 a 14 años","0.121467241553913"
"Iztacalco","2026","Mujeres","Ciudad de México","15 a 19 años","0.134898661342654"
"Iztacalco","2026","Mujeres","Ciudad de México","20 a 24 años","0.144441151217668"
"Iztacalco","2026","Mujeres","Ciudad de México","25 a 29 años","0.150870249225333"
"Iztacalco","2026","Mujeres","Ciudad de México","30 a 34 años","0.161165797783063"
"Iztacalco","2026","Mujeres","Ciudad de México","35 a 39 años","0.170461014657781"
"Iztacalco","2026","Mujeres","Ciudad de México","40 a 44 años","0.177272261847721"
"Iztacalco","2026","Mujeres","Ciudad de México","45 a 49 años","0.181858052035006"
"Iztacalco","2026","Mujeres","Ciudad de México","50 a 54 años","0.179419041077553"
"Iztacalco","2026","Mujeres","Ciudad de México","55 a 59 años","0.161030921601084"
"Iztacalco","2026","Mujeres","Ciudad de México","60 a 64 años","0.138270565892129"
"Iztacalco","2026","Mujeres","Ciudad de México","65 y más","0.387386874007325"
"Iztacalco","2027","Mujeres","Ciudad de México","Hasta 4 años","0.101371943141513"
"Iztacalco","2027","Mujeres","Ciudad de México","5 a 9 años","0.108982449383369"
"Iztacalco","2027","Mujeres","Ciudad de México","10 a 14 años","0.119062142094804"
"Iztacalco","2027","Mujeres","Ciudad de México","15 a 19 años","0.132321335191725"
"Iztacalco","2027","Mujeres","Ciudad de México","20 a 24 años","0.143009868402509"
"Iztacalco","2027","Mujeres","Ciudad de México","25 a 29 años","0.149966434848767"
"Iztacalco","2027","Mujeres","Ciudad de México","30 a 34 años","0.159595134597722"
"Iztacalco","2027","Mujeres","Ciudad de México","35 a 39 años","0.169990522382893"
"Iztacalco","2027","Mujeres","Ciudad de México","40 a 44 años","0.177443181087881"
"Iztacalco","2027","Mujeres","Ciudad de México","45 a 49 años","0.181953110712684"
"Iztacalco","2027","Mujeres","Ciudad de México","50 a 54 años","0.180419734640251"
"Iztacalco","2027","Mujeres","Ciudad de México","55 a 59 años","0.164059964926277"
"Iztacalco","2027","Mujeres","Ciudad de México","60 a 64 años","0.140867651830727"
"Iztacalco","2027","Mujeres","Ciudad de México","65 y más","0.399669963350057"
"Iztacalco","2028","Mujeres","Ciudad de México","Hasta 4 años","0.100447244211358"
"Iztacalco","2028","Mujeres","Ciudad de México","5 a 9 años","0.10767618767921"
"Iztacalco","2028","Mujeres","Ciudad de México","10 a 14 años","0.116839637145502"
"Iztacalco","2028","Mujeres","Ciudad de México","15 a 19 años","0.129623214796007"
"Iztacalco","2028","Mujeres","Ciudad de México","20 a 24 años","0.14160357650564"
"Iztacalco","2028","Mujeres","Ciudad de México","25 a 29 años","0.149477355306305"
"Iztacalco","2028","Mujeres","Ciudad de México","30 a 34 años","0.158154350047842"
"Iztacalco","2028","Mujeres","Ciudad de México","35 a 39 años","0.169455937722935"
"Iztacalco","2028","Mujeres","Ciudad de México","40 a 44 años","0.17758991323684"
"Iztacalco","2028","Mujeres","Ciudad de México","45 a 49 años","0.18223951537344"
"Iztacalco","2028","Mujeres","Ciudad de México","50 a 54 años","0.181006409210692"
"Iztacalco","2028","Mujeres","Ciudad de México","55 a 59 años","0.167057602800893"
"Iztacalco","2028","Mujeres","Ciudad de México","60 a 64 años","0.143673837310987"
"Iztacalco","2028","Mujeres","Ciudad de México","65 y más","0.41214028087217"
"Iztacalco","2029","Mujeres","Ciudad de México","Hasta 4 años","0.0996308040052605"
"Iztacalco","2029","Mujeres","Ciudad de México","5 a 9 años","0.106465874547844"
"Iztacalco","2029","Mujeres","Ciudad de México","10 a 14 años","0.114788310939394"
"Iztacalco","2029","Mujeres","Ciudad de México","15 a 19 años","0.126766715295582"
"Iztacalco","2029","Mujeres","Ciudad de México","20 a 24 años","0.140164361874067"
"Iztacalco","2029","Mujeres","Ciudad de México","25 a 29 años","0.149372405412331"
"Iztacalco","2029","Mujeres","Ciudad de México","30 a 34 años","0.157002251599401"
"Iztacalco","2029","Mujeres","Ciudad de México","35 a 39 años","0.168867116577805"
"Iztacalco","2029","Mujeres","Ciudad de México","40 a 44 años","0.177643710480491"
"Iztacalco","2029","Mujeres","Ciudad de México","45 a 49 años","0.182650797040755"
"Iztacalco","2029","Mujeres","Ciudad de México","50 a 54 años","0.181345094196242"
"Iztacalco","2029","Mujeres","Ciudad de México","55 a 59 años","0.169900324915637"
"Iztacalco","2029","Mujeres","Ciudad de México","60 a 64 años","0.146772353661083"
"Iztacalco","2029","Mujeres","Ciudad de México","65 y más","0.424830289853542"
"Iztacalco","2030","Mujeres","Ciudad de México","Hasta 4 años","0.0989009986983411"
"Iztacalco","2030","Mujeres","Ciudad de México","5 a 9 años","0.105329506623415"
"Iztacalco","2030","Mujeres","Ciudad de México","10 a 14 años","0.11294341317297"
"Iztacalco","2030","Mujeres","Ciudad de México","15 a 19 años","0.123714583366578"
"Iztacalco","2030","Mujeres","Ciudad de México","20 a 24 años","0.13871443519175"
"Iztacalco","2030","Mujeres","Ciudad de México","25 a 29 años","0.149553993767539"
"Iztacalco","2030","Mujeres","Ciudad de México","30 a 34 años","0.156313045539824"
"Iztacalco","2030","Mujeres","Ciudad de México","35 a 39 años","0.168155633720943"
"Iztacalco","2030","Mujeres","Ciudad de México","40 a 44 años","0.177593230462009"
"Iztacalco","2030","Mujeres","Ciudad de México","45 a 49 años","0.183109893291328"
"Iztacalco","2030","Mujeres","Ciudad de México","50 a 54 años","0.181582552755938"
"Iztacalco","2030","Mujeres","Ciudad de México","55 a 59 años","0.172509694053174"
"Iztacalco","2030","Mujeres","Ciudad de México","60 a 64 años","0.150158091143477"
"Iztacalco","2030","Mujeres","Ciudad de México","65 y más","0.437719840153555"
"Iztapalapa","2015","Hombres","Ciudad de México","Hasta 4 años","0.757225016210874"
"Iztapalapa","2015","Hombres","Ciudad de México","5 a 9 años","0.798731919934949"
"Iztapalapa","2015","Hombres","Ciudad de México","10 a 14 años","0.835878390953968"
"Iztapalapa","2015","Hombres","Ciudad de México","15 a 19 años","0.873786557812604"
"Iztapalapa","2015","Hombres","Ciudad de México","20 a 24 años","0.921122090570272"
"Iztapalapa","2015","Hombres","Ciudad de México","25 a 29 años","0.886194472649269"
"Iztapalapa","2015","Hombres","Ciudad de México","30 a 34 años","0.798124771077283"
"Iztapalapa","2015","Hombres","Ciudad de México","35 a 39 años","0.729527989231166"
"Iztapalapa","2015","Hombres","Ciudad de México","40 a 44 años","0.69715039651236"
"Iztapalapa","2015","Hombres","Ciudad de México","45 a 49 años","0.628785435139171"
"Iztapalapa","2015","Hombres","Ciudad de México","50 a 54 años","0.552085975810748"
"Iztapalapa","2015","Hombres","Ciudad de México","55 a 59 años","0.460914295529596"
"Iztapalapa","2015","Hombres","Ciudad de México","60 a 64 años","0.35339375237202"
"Iztapalapa","2015","Hombres","Ciudad de México","65 y más","0.633642626000498"
"Iztapalapa","2016","Hombres","Ciudad de México","Hasta 4 años","0.735498934723807"
"Iztapalapa","2016","Hombres","Ciudad de México","5 a 9 años","0.777778636821998"
"Iztapalapa","2016","Hombres","Ciudad de México","10 a 14 años","0.819594455041369"
"Iztapalapa","2016","Hombres","Ciudad de México","15 a 19 años","0.855843666714896"
"Iztapalapa","2016","Hombres","Ciudad de México","20 a 24 años","0.907809705997024"
"Iztapalapa","2016","Hombres","Ciudad de México","25 a 29 años","0.887387770474675"
"Iztapalapa","2016","Hombres","Ciudad de México","30 a 34 años","0.801977912500456"
"Iztapalapa","2016","Hombres","Ciudad de México","35 a 39 años","0.723559447271313"
"Iztapalapa","2016","Hombres","Ciudad de México","40 a 44 años","0.692446092827582"
"Iztapalapa","2016","Hombres","Ciudad de México","45 a 49 años","0.633267763715224"
"Iztapalapa","2016","Hombres","Ciudad de México","50 a 54 años","0.55867081805922"
"Iztapalapa","2016","Hombres","Ciudad de México","55 a 59 años","0.473205735813713"
"Iztapalapa","2016","Hombres","Ciudad de México","60 a 64 años","0.368268575512012"
"Iztapalapa","2016","Hombres","Ciudad de México","65 y más","0.660526464023044"
"Iztapalapa","2017","Hombres","Ciudad de México","Hasta 4 años","0.718569809149786"
"Iztapalapa","2017","Hombres","Ciudad de México","5 a 9 años","0.75844123925886"
"Iztapalapa","2017","Hombres","Ciudad de México","10 a 14 años","0.8031639880536"
"Iztapalapa","2017","Hombres","Ciudad de México","15 a 19 años","0.838990810784647"
"Iztapalapa","2017","Hombres","Ciudad de México","20 a 24 años","0.890554029434575"
"Iztapalapa","2017","Hombres","Ciudad de México","25 a 29 años","0.88589057502603"
"Iztapalapa","2017","Hombres","Ciudad de México","30 a 34 años","0.806180867327374"
"Iztapalapa","2017","Hombres","Ciudad de México","35 a 39 años","0.722039772856618"
"Iztapalapa","2017","Hombres","Ciudad de México","40 a 44 años","0.687749016862034"
"Iztapalapa","2017","Hombres","Ciudad de México","45 a 49 años","0.638407017018072"
"Iztapalapa","2017","Hombres","Ciudad de México","50 a 54 años","0.564753169546626"
"Iztapalapa","2017","Hombres","Ciudad de México","55 a 59 años","0.483319530834385"
"Iztapalapa","2017","Hombres","Ciudad de México","60 a 64 años","0.381265024998105"
"Iztapalapa","2017","Hombres","Ciudad de México","65 y más","0.68653342448066"
"Iztapalapa","2018","Hombres","Ciudad de México","Hasta 4 años","0.703508695284301"
"Iztapalapa","2018","Hombres","Ciudad de México","5 a 9 años","0.739111608330352"
"Iztapalapa","2018","Hombres","Ciudad de México","10 a 14 años","0.786449436176608"
"Iztapalapa","2018","Hombres","Ciudad de México","15 a 19 años","0.823468059961986"
"Iztapalapa","2018","Hombres","Ciudad de México","20 a 24 años","0.871657526299869"
"Iztapalapa","2018","Hombres","Ciudad de México","25 a 29 años","0.881965670120595"
"Iztapalapa","2018","Hombres","Ciudad de México","30 a 34 años","0.810029868178528"
"Iztapalapa","2018","Hombres","Ciudad de México","35 a 39 años","0.723129561312165"
"Iztapalapa","2018","Hombres","Ciudad de México","40 a 44 años","0.682107130592127"
"Iztapalapa","2018","Hombres","Ciudad de México","45 a 49 años","0.642588892532624"
"Iztapalapa","2018","Hombres","Ciudad de México","50 a 54 años","0.570774753232217"
"Iztapalapa","2018","Hombres","Ciudad de México","55 a 59 años","0.492291289120761"
"Iztapalapa","2018","Hombres","Ciudad de México","60 a 64 años","0.393998934898873"
"Iztapalapa","2018","Hombres","Ciudad de México","65 y más","0.713429730699743"
"Iztapalapa","2019","Hombres","Ciudad de México","Hasta 4 años","0.690427742098431"
"Iztapalapa","2019","Hombres","Ciudad de México","5 a 9 años","0.719626477639272"
"Iztapalapa","2019","Hombres","Ciudad de México","10 a 14 años","0.769387235136631"
"Iztapalapa","2019","Hombres","Ciudad de México","15 a 19 años","0.809060754075892"
"Iztapalapa","2019","Hombres","Ciudad de México","20 a 24 años","0.852421485353075"
"Iztapalapa","2019","Hombres","Ciudad de México","25 a 29 años","0.875419503448762"
"Iztapalapa","2019","Hombres","Ciudad de México","30 a 34 años","0.813080147705519"
"Iztapalapa","2019","Hombres","Ciudad de México","35 a 39 años","0.726292248892812"
"Iztapalapa","2019","Hombres","Ciudad de México","40 a 44 años","0.676487200556559"
"Iztapalapa","2019","Hombres","Ciudad de México","45 a 49 años","0.645328595394661"
"Iztapalapa","2019","Hombres","Ciudad de México","50 a 54 años","0.576888176593775"
"Iztapalapa","2019","Hombres","Ciudad de México","55 a 59 años","0.500309316146126"
"Iztapalapa","2019","Hombres","Ciudad de México","60 a 64 años","0.406246647045087"
"Iztapalapa","2019","Hombres","Ciudad de México","65 y más","0.741162898051458"
"Iztapalapa","2020","Hombres","Ciudad de México","Hasta 4 años","0.679425789572602"
"Iztapalapa","2020","Hombres","Ciudad de México","5 a 9 años","0.699983201467626"
"Iztapalapa","2020","Hombres","Ciudad de México","10 a 14 años","0.752274870559824"
"Iztapalapa","2020","Hombres","Ciudad de México","15 a 19 años","0.795219237479688"
"Iztapalapa","2020","Hombres","Ciudad de México","20 a 24 años","0.834016639971969"
"Iztapalapa","2020","Hombres","Ciudad de México","25 a 29 años","0.865950483692395"
"Iztapalapa","2020","Hombres","Ciudad de México","30 a 34 años","0.815255506786219"
"Iztapalapa","2020","Hombres","Ciudad de México","35 a 39 años","0.730919112571789"
"Iztapalapa","2020","Hombres","Ciudad de México","40 a 44 años","0.671919118670266"
"Iztapalapa","2020","Hombres","Ciudad de México","45 a 49 años","0.646360955553745"
"Iztapalapa","2020","Hombres","Ciudad de México","50 a 54 años","0.583169644663916"
"Iztapalapa","2020","Hombres","Ciudad de México","55 a 59 años","0.507559616771699"
"Iztapalapa","2020","Hombres","Ciudad de México","60 a 64 años","0.417845474569628"
"Iztapalapa","2020","Hombres","Ciudad de México","65 y más","0.769760867624793"
"Iztapalapa","2021","Hombres","Ciudad de México","Hasta 4 años","0.667960412833343"
"Iztapalapa","2021","Hombres","Ciudad de México","5 a 9 años","0.682820760549931"
"Iztapalapa","2021","Hombres","Ciudad de México","10 a 14 años","0.735598318359515"
"Iztapalapa","2021","Hombres","Ciudad de México","15 a 19 años","0.781167830079365"
"Iztapalapa","2021","Hombres","Ciudad de México","20 a 24 años","0.817308018023891"
"Iztapalapa","2021","Hombres","Ciudad de México","25 a 29 años","0.85338156763785"
"Iztapalapa","2021","Hombres","Ciudad de México","30 a 34 años","0.81671937943721"
"Iztapalapa","2021","Hombres","Ciudad de México","35 a 39 años","0.736198063334624"
"Iztapalapa","2021","Hombres","Ciudad de México","40 a 44 años","0.669426456105831"
"Iztapalapa","2021","Hombres","Ciudad de México","45 a 49 años","0.645370018770907"
"Iztapalapa","2021","Hombres","Ciudad de México","50 a 54 años","0.589371608317219"
"Iztapalapa","2021","Hombres","Ciudad de México","55 a 59 años","0.514247996990613"
"Iztapalapa","2021","Hombres","Ciudad de México","60 a 64 años","0.428562210269033"
"Iztapalapa","2021","Hombres","Ciudad de México","65 y más","0.799026902671497"
"Iztapalapa","2022","Hombres","Ciudad de México","Hasta 4 años","0.655518876962968"
"Iztapalapa","2022","Hombres","Ciudad de México","5 a 9 años","0.668927470525018"
"Iztapalapa","2022","Hombres","Ciudad de México","10 a 14 años","0.719256988102739"
"Iztapalapa","2022","Hombres","Ciudad de México","15 a 19 años","0.766927041895123"
"Iztapalapa","2022","Hombres","Ciudad de México","20 a 24 años","0.802189973843784"
"Iztapalapa","2022","Hombres","Ciudad de México","25 a 29 años","0.838287465557718"
"Iztapalapa","2022","Hombres","Ciudad de México","30 a 34 años","0.816911608103197"
"Iztapalapa","2022","Hombres","Ciudad de México","35 a 39 años","0.741756719374494"
"Iztapalapa","2022","Hombres","Ciudad de México","40 a 44 años","0.669595118337237"
"Iztapalapa","2022","Hombres","Ciudad de México","45 a 49 años","0.642577636869471"
"Iztapalapa","2022","Hombres","Ciudad de México","50 a 54 años","0.595274789373806"
"Iztapalapa","2022","Hombres","Ciudad de México","55 a 59 años","0.520587254113656"
"Iztapalapa","2022","Hombres","Ciudad de México","60 a 64 años","0.438366426038977"
"Iztapalapa","2022","Hombres","Ciudad de México","65 y más","0.828984906040811"
"Iztapalapa","2023","Hombres","Ciudad de México","Hasta 4 años","0.643954574924411"
"Iztapalapa","2023","Hombres","Ciudad de México","5 a 9 años","0.656890092040665"
"Iztapalapa","2023","Hombres","Ciudad de México","10 a 14 años","0.703045355268402"
"Iztapalapa","2023","Hombres","Ciudad de México","15 a 19 años","0.752579464777367"
"Iztapalapa","2023","Hombres","Ciudad de México","20 a 24 años","0.788542432622125"
"Iztapalapa","2023","Hombres","Ciudad de México","25 a 29 años","0.821962902275068"
"Iztapalapa","2023","Hombres","Ciudad de México","30 a 34 años","0.815205209712611"
"Iztapalapa","2023","Hombres","Ciudad de México","35 a 39 años","0.747282593544419"
"Iztapalapa","2023","Hombres","Ciudad de México","40 a 44 años","0.672334653425158"
"Iztapalapa","2023","Hombres","Ciudad de México","45 a 49 años","0.638880729848639"
"Iztapalapa","2023","Hombres","Ciudad de México","50 a 54 años","0.600274902041336"
"Iztapalapa","2023","Hombres","Ciudad de México","55 a 59 años","0.526832388483018"
"Iztapalapa","2023","Hombres","Ciudad de México","60 a 64 años","0.447100537292315"
"Iztapalapa","2023","Hombres","Ciudad de México","65 y más","0.859386691449333"
"Iztapalapa","2024","Hombres","Ciudad de México","Hasta 4 años","0.633141460090693"
"Iztapalapa","2024","Hombres","Ciudad de México","5 a 9 años","0.646745025588564"
"Iztapalapa","2024","Hombres","Ciudad de México","10 a 14 años","0.686851511214167"
"Iztapalapa","2024","Hombres","Ciudad de México","15 a 19 años","0.738091235324469"
"Iztapalapa","2024","Hombres","Ciudad de México","20 a 24 años","0.776219223749478"
"Iztapalapa","2024","Hombres","Ciudad de México","25 a 29 años","0.805550165299529"
"Iztapalapa","2024","Hombres","Ciudad de México","30 a 34 años","0.811329165597309"
"Iztapalapa","2024","Hombres","Ciudad de México","35 a 39 años","0.752287232187489"
"Iztapalapa","2024","Hombres","Ciudad de México","40 a 44 años","0.677149050366056"
"Iztapalapa","2024","Hombres","Ciudad de México","45 a 49 años","0.635254092694718"
"Iztapalapa","2024","Hombres","Ciudad de México","50 a 54 años","0.603967009844644"
"Iztapalapa","2024","Hombres","Ciudad de México","55 a 59 años","0.533210584535261"
"Iztapalapa","2024","Hombres","Ciudad de México","60 a 64 años","0.45492022073322"
"Iztapalapa","2024","Hombres","Ciudad de México","65 y más","0.890200782814214"
"Iztapalapa","2025","Hombres","Ciudad de México","Hasta 4 años","0.623097963682188"
"Iztapalapa","2025","Hombres","Ciudad de México","5 a 9 años","0.638631423718943"
"Iztapalapa","2025","Hombres","Ciudad de México","10 a 14 años","0.670650973015488"
"Iztapalapa","2025","Hombres","Ciudad de México","15 a 19 años","0.723774061452878"
"Iztapalapa","2025","Hombres","Ciudad de México","20 a 24 años","0.764692288432817"
"Iztapalapa","2025","Hombres","Ciudad de México","25 a 29 años","0.790245166415359"
"Iztapalapa","2025","Hombres","Ciudad de México","30 a 34 años","0.805072560086808"
"Iztapalapa","2025","Hombres","Ciudad de México","35 a 39 años","0.756779862180328"
"Iztapalapa","2025","Hombres","Ciudad de México","40 a 44 años","0.683438619409383"
"Iztapalapa","2025","Hombres","Ciudad de México","45 a 49 años","0.63259063370465"
"Iztapalapa","2025","Hombres","Ciudad de México","50 a 54 años","0.606029089485955"
"Iztapalapa","2025","Hombres","Ciudad de México","55 a 59 años","0.539614021536593"
"Iztapalapa","2025","Hombres","Ciudad de México","60 a 64 años","0.462002758365934"
"Iztapalapa","2025","Hombres","Ciudad de México","65 y más","0.921192458673263"
"Iztapalapa","2026","Hombres","Ciudad de México","Hasta 4 años","0.613888942277378"
"Iztapalapa","2026","Hombres","Ciudad de México","5 a 9 años","0.630321357115151"
"Iztapalapa","2026","Hombres","Ciudad de México","10 a 14 años","0.656925684010507"
"Iztapalapa","2026","Hombres","Ciudad de México","15 a 19 años","0.710044420346567"
"Iztapalapa","2026","Hombres","Ciudad de México","20 a 24 años","0.753260996989002"
"Iztapalapa","2026","Hombres","Ciudad de México","25 a 29 años","0.776763171698841"
"Iztapalapa","2026","Hombres","Ciudad de México","30 a 34 años","0.796207821267479"
"Iztapalapa","2026","Hombres","Ciudad de México","35 a 39 años","0.760836542543488"
"Iztapalapa","2026","Hombres","Ciudad de México","40 a 44 años","0.690509853323276"
"Iztapalapa","2026","Hombres","Ciudad de México","45 a 49 años","0.63187243320791"
"Iztapalapa","2026","Hombres","Ciudad de México","50 a 54 años","0.606156041177249"
"Iztapalapa","2026","Hombres","Ciudad de México","55 a 59 años","0.545945065605461"
"Iztapalapa","2026","Hombres","Ciudad de México","60 a 64 años","0.468481178422194"
"Iztapalapa","2026","Hombres","Ciudad de México","65 y más","0.952057249544203"
"Iztapalapa","2027","Hombres","Ciudad de México","Hasta 4 años","0.605458052129826"
"Iztapalapa","2027","Hombres","Ciudad de México","5 a 9 años","0.621400653353505"
"Iztapalapa","2027","Hombres","Ciudad de México","10 a 14 años","0.646351839002728"
"Iztapalapa","2027","Hombres","Ciudad de México","15 a 19 años","0.696885600448648"
"Iztapalapa","2027","Hombres","Ciudad de México","20 a 24 años","0.741872148456059"
"Iztapalapa","2027","Hombres","Ciudad de México","25 a 29 años","0.764996812607238"
"Iztapalapa","2027","Hombres","Ciudad de México","30 a 34 años","0.785268946270728"
"Iztapalapa","2027","Hombres","Ciudad de México","35 a 39 años","0.764004628089781"
"Iztapalapa","2027","Hombres","Ciudad de México","40 a 44 años","0.697967983558601"
"Iztapalapa","2027","Hombres","Ciudad de México","45 a 49 años","0.633667661932969"
"Iztapalapa","2027","Hombres","Ciudad de México","50 a 54 años","0.604544791380803"
"Iztapalapa","2027","Hombres","Ciudad de México","55 a 59 años","0.551868813363102"
"Iztapalapa","2027","Hombres","Ciudad de México","60 a 64 años","0.47453479512179"
"Iztapalapa","2027","Hombres","Ciudad de México","65 y más","0.982702390420549"
"Iztapalapa","2028","Hombres","Ciudad de México","Hasta 4 años","0.597864169622916"
"Iztapalapa","2028","Hombres","Ciudad de México","5 a 9 años","0.613453346616187"
"Iztapalapa","2028","Hombres","Ciudad de México","10 a 14 años","0.637753457052722"
"Iztapalapa","2028","Hombres","Ciudad de México","15 a 19 años","0.684147662313538"
"Iztapalapa","2028","Hombres","Ciudad de México","20 a 24 años","0.730632370778959"
"Iztapalapa","2028","Hombres","Ciudad de México","25 a 29 años","0.754955107016646"
"Iztapalapa","2028","Hombres","Ciudad de México","30 a 34 años","0.773496951060166"
"Iztapalapa","2028","Hombres","Ciudad de México","35 a 39 años","0.765611859358925"
"Iztapalapa","2028","Hombres","Ciudad de México","40 a 44 años","0.705540357302127"
"Iztapalapa","2028","Hombres","Ciudad de México","45 a 49 años","0.637934463461933"
"Iztapalapa","2028","Hombres","Ciudad de México","50 a 54 años","0.602027317034762"
"Iztapalapa","2028","Hombres","Ciudad de México","55 a 59 años","0.5569567211413"
"Iztapalapa","2028","Hombres","Ciudad de México","60 a 64 años","0.480458887448631"
"Iztapalapa","2028","Hombres","Ciudad de México","65 y más","1.01291186594303"
"Iztapalapa","2029","Hombres","Ciudad de México","Hasta 4 años","0.591074646804542"
"Iztapalapa","2029","Hombres","Ciudad de México","5 a 9 años","0.6064819403698"
"Iztapalapa","2029","Hombres","Ciudad de México","10 a 14 años","0.631176755037771"
"Iztapalapa","2029","Hombres","Ciudad de México","15 a 19 años","0.671744374719913"
"Iztapalapa","2029","Hombres","Ciudad de México","20 a 24 años","0.719589868517994"
"Iztapalapa","2029","Hombres","Ciudad de México","25 a 29 años","0.746532762866084"
"Iztapalapa","2029","Hombres","Ciudad de México","30 a 34 años","0.761860578866893"
"Iztapalapa","2029","Hombres","Ciudad de México","35 a 39 años","0.765414361391525"
"Iztapalapa","2029","Hombres","Ciudad de México","40 a 44 años","0.712777505850968"
"Iztapalapa","2029","Hombres","Ciudad de México","45 a 49 años","0.644188367731791"
"Iztapalapa","2029","Hombres","Ciudad de México","50 a 54 años","0.599533330449433"
"Iztapalapa","2029","Hombres","Ciudad de México","55 a 59 años","0.560668801434048"
"Iztapalapa","2029","Hombres","Ciudad de México","60 a 64 años","0.486323216861233"
"Iztapalapa","2029","Hombres","Ciudad de México","65 y más","1.04264346012616"
"Iztapalapa","2030","Hombres","Ciudad de México","Hasta 4 años","0.585142396009766"
"Iztapalapa","2030","Hombres","Ciudad de México","5 a 9 años","0.600541180064331"
"Iztapalapa","2030","Hombres","Ciudad de México","10 a 14 años","0.626825114949472"
"Iztapalapa","2030","Hombres","Ciudad de México","15 a 19 años","0.659719926778839"
"Iztapalapa","2030","Hombres","Ciudad de México","20 a 24 años","0.709073542586585"
"Iztapalapa","2030","Hombres","Ciudad de México","25 a 29 años","0.739118838491717"
"Iztapalapa","2030","Hombres","Ciudad de México","30 a 34 años","0.751428747284411"
"Iztapalapa","2030","Hombres","Ciudad de México","35 a 39 años","0.763043374191592"
"Iztapalapa","2030","Hombres","Ciudad de México","40 a 44 años","0.719628149569951"
"Iztapalapa","2030","Hombres","Ciudad de México","45 a 49 años","0.651866660891648"
"Iztapalapa","2030","Hombres","Ciudad de México","50 a 54 años","0.597908227350338"
"Iztapalapa","2030","Hombres","Ciudad de México","55 a 59 años","0.562722404717886"
"Iztapalapa","2030","Hombres","Ciudad de México","60 a 64 años","0.492134196242742"
"Iztapalapa","2030","Hombres","Ciudad de México","65 y más","1.07186251199646"
"Iztapalapa","2015","Mujeres","Ciudad de México","Hasta 4 años","0.726326658890746"
"Iztapalapa","2015","Mujeres","Ciudad de México","5 a 9 años","0.764819896466769"
"Iztapalapa","2015","Mujeres","Ciudad de México","10 a 14 años","0.801657273521885"
"Iztapalapa","2015","Mujeres","Ciudad de México","15 a 19 años","0.838351142665189"
"Iztapalapa","2015","Mujeres","Ciudad de México","20 a 24 años","0.883224962781775"
"Iztapalapa","2015","Mujeres","Ciudad de México","25 a 29 años","0.88510160470547"
"Iztapalapa","2015","Mujeres","Ciudad de México","30 a 34 años","0.854600653910359"
"Iztapalapa","2015","Mujeres","Ciudad de México","35 a 39 años","0.823536710538139"
"Iztapalapa","2015","Mujeres","Ciudad de México","40 a 44 años","0.791280547590866"
"Iztapalapa","2015","Mujeres","Ciudad de México","45 a 49 años","0.710871960695612"
"Iztapalapa","2015","Mujeres","Ciudad de México","50 a 54 años","0.622967845175717"
"Iztapalapa","2015","Mujeres","Ciudad de México","55 a 59 años","0.528550678273587"
"Iztapalapa","2015","Mujeres","Ciudad de México","60 a 64 años","0.417056069865833"
"Iztapalapa","2015","Mujeres","Ciudad de México","65 y más","0.835823195603271"
"Iztapalapa","2016","Mujeres","Ciudad de México","Hasta 4 años","0.704197817757696"
"Iztapalapa","2016","Mujeres","Ciudad de México","5 a 9 años","0.744102876190497"
"Iztapalapa","2016","Mujeres","Ciudad de México","10 a 14 años","0.785554214219366"
"Iztapalapa","2016","Mujeres","Ciudad de México","15 a 19 años","0.822720148796277"
"Iztapalapa","2016","Mujeres","Ciudad de México","20 a 24 años","0.868843460176121"
"Iztapalapa","2016","Mujeres","Ciudad de México","25 a 29 años","0.878032778918466"
"Iztapalapa","2016","Mujeres","Ciudad de México","30 a 34 años","0.850696764630842"
"Iztapalapa","2016","Mujeres","Ciudad de México","35 a 39 años","0.81795981661124"
"Iztapalapa","2016","Mujeres","Ciudad de México","40 a 44 años","0.79293217686346"
"Iztapalapa","2016","Mujeres","Ciudad de México","45 a 49 años","0.719903600512039"
"Iztapalapa","2016","Mujeres","Ciudad de México","50 a 54 años","0.631986560621339"
"Iztapalapa","2016","Mujeres","Ciudad de México","55 a 59 años","0.543649816268849"
"Iztapalapa","2016","Mujeres","Ciudad de México","60 a 64 años","0.435145168041935"
"Iztapalapa","2016","Mujeres","Ciudad de México","65 y más","0.867584346790752"
"Iztapalapa","2017","Mujeres","Ciudad de México","Hasta 4 años","0.685152069501826"
"Iztapalapa","2017","Mujeres","Ciudad de México","5 a 9 años","0.724470957619366"
"Iztapalapa","2017","Mujeres","Ciudad de México","10 a 14 años","0.769657841686995"
"Iztapalapa","2017","Mujeres","Ciudad de México","15 a 19 años","0.808291577735033"
"Iztapalapa","2017","Mujeres","Ciudad de México","20 a 24 años","0.852086055983997"
"Iztapalapa","2017","Mujeres","Ciudad de México","25 a 29 años","0.869071196803743"
"Iztapalapa","2017","Mujeres","Ciudad de México","30 a 34 años","0.846295415912723"
"Iztapalapa","2017","Mujeres","Ciudad de México","35 a 39 años","0.813905404369016"
"Iztapalapa","2017","Mujeres","Ciudad de México","40 a 44 años","0.793372943963622"
"Iztapalapa","2017","Mujeres","Ciudad de México","45 a 49 años","0.729786411577921"
"Iztapalapa","2017","Mujeres","Ciudad de México","50 a 54 años","0.640893455979974"
"Iztapalapa","2017","Mujeres","Ciudad de México","55 a 59 años","0.556575548071927"
"Iztapalapa","2017","Mujeres","Ciudad de México","60 a 64 años","0.451183688606783"
"Iztapalapa","2017","Mujeres","Ciudad de México","65 y más","0.899273142060977"
"Iztapalapa","2018","Mujeres","Ciudad de México","Hasta 4 años","0.668038505120062"
"Iztapalapa","2018","Mujeres","Ciudad de México","5 a 9 años","0.704924406023628"
"Iztapalapa","2018","Mujeres","Ciudad de México","10 a 14 años","0.753677944609211"
"Iztapalapa","2018","Mujeres","Ciudad de México","15 a 19 años","0.794788857250457"
"Iztapalapa","2018","Mujeres","Ciudad de México","20 a 24 años","0.834572541073584"
"Iztapalapa","2018","Mujeres","Ciudad de México","25 a 29 años","0.858949310366376"
"Iztapalapa","2018","Mujeres","Ciudad de México","30 a 34 años","0.841551552608862"
"Iztapalapa","2018","Mujeres","Ciudad de México","35 a 39 años","0.810671362107285"
"Iztapalapa","2018","Mujeres","Ciudad de México","40 a 44 años","0.791780471929387"
"Iztapalapa","2018","Mujeres","Ciudad de México","45 a 49 años","0.738857222806879"
"Iztapalapa","2018","Mujeres","Ciudad de México","50 a 54 años","0.649932891992884"
"Iztapalapa","2018","Mujeres","Ciudad de México","55 a 59 años","0.568308319678545"
"Iztapalapa","2018","Mujeres","Ciudad de México","60 a 64 años","0.466753194612115"
"Iztapalapa","2018","Mujeres","Ciudad de México","65 y más","0.932157039925808"
"Iztapalapa","2019","Mujeres","Ciudad de México","Hasta 4 años","0.652968765103868"
"Iztapalapa","2019","Mujeres","Ciudad de México","5 a 9 años","0.685301077496456"
"Iztapalapa","2019","Mujeres","Ciudad de México","10 a 14 años","0.73729852235796"
"Iztapalapa","2019","Mujeres","Ciudad de México","15 a 19 años","0.78185510628528"
"Iztapalapa","2019","Mujeres","Ciudad de México","20 a 24 años","0.817398504497679"
"Iztapalapa","2019","Mujeres","Ciudad de México","25 a 29 años","0.847782019978933"
"Iztapalapa","2019","Mujeres","Ciudad de México","30 a 34 años","0.836233183737334"
"Iztapalapa","2019","Mujeres","Ciudad de México","35 a 39 años","0.808053137491055"
"Iztapalapa","2019","Mujeres","Ciudad de México","40 a 44 años","0.788897349669419"
"Iztapalapa","2019","Mujeres","Ciudad de México","45 a 49 años","0.746643889364585"
"Iztapalapa","2019","Mujeres","Ciudad de México","50 a 54 años","0.659302355065704"
"Iztapalapa","2019","Mujeres","Ciudad de México","55 a 59 años","0.578925555182897"
"Iztapalapa","2019","Mujeres","Ciudad de México","60 a 64 años","0.481795745488452"
"Iztapalapa","2019","Mujeres","Ciudad de México","65 y más","0.966138214213307"
"Iztapalapa","2020","Mujeres","Ciudad de México","Hasta 4 años","0.640184861473093"
"Iztapalapa","2020","Mujeres","Ciudad de México","5 a 9 años","0.665576702486903"
"Iztapalapa","2020","Mujeres","Ciudad de México","10 a 14 años","0.720762376166264"
"Iztapalapa","2020","Mujeres","Ciudad de México","15 a 19 años","0.769040138513047"
"Iztapalapa","2020","Mujeres","Ciudad de México","20 a 24 años","0.801328802719256"
"Iztapalapa","2020","Mujeres","Ciudad de México","25 a 29 años","0.835380481214196"
"Iztapalapa","2020","Mujeres","Ciudad de México","30 a 34 años","0.830291024871253"
"Iztapalapa","2020","Mujeres","Ciudad de México","35 a 39 años","0.805786235071898"
"Iztapalapa","2020","Mujeres","Ciudad de México","40 a 44 años","0.785517114821572"
"Iztapalapa","2020","Mujeres","Ciudad de México","45 a 49 años","0.752651867325967"
"Iztapalapa","2020","Mujeres","Ciudad de México","50 a 54 años","0.669002937802741"
"Iztapalapa","2020","Mujeres","Ciudad de México","55 a 59 años","0.588658274053364"
"Iztapalapa","2020","Mujeres","Ciudad de México","60 a 64 años","0.496094479824852"
"Iztapalapa","2020","Mujeres","Ciudad de México","65 y más","1.00114817691571"
"Iztapalapa","2021","Mujeres","Ciudad de México","Hasta 4 años","0.627844137831613"
"Iztapalapa","2021","Mujeres","Ciudad de México","5 a 9 años","0.6475135517375"
"Iztapalapa","2021","Mujeres","Ciudad de México","10 a 14 años","0.70442268604228"
"Iztapalapa","2021","Mujeres","Ciudad de México","15 a 19 años","0.755945221959507"
"Iztapalapa","2021","Mujeres","Ciudad de México","20 a 24 años","0.7868654073429"
"Iztapalapa","2021","Mujeres","Ciudad de México","25 a 29 años","0.821328530634807"
"Iztapalapa","2021","Mujeres","Ciudad de México","30 a 34 años","0.823949638303801"
"Iztapalapa","2021","Mujeres","Ciudad de México","35 a 39 años","0.803580521926954"
"Iztapalapa","2021","Mujeres","Ciudad de México","40 a 44 años","0.782400639194867"
"Iztapalapa","2021","Mujeres","Ciudad de México","45 a 49 años","0.75641169027348"
"Iztapalapa","2021","Mujeres","Ciudad de México","50 a 54 años","0.678755822385304"
"Iztapalapa","2021","Mujeres","Ciudad de México","55 a 59 años","0.597845782687739"
"Iztapalapa","2021","Mujeres","Ciudad de México","60 a 64 años","0.509561101074021"
"Iztapalapa","2021","Mujeres","Ciudad de México","65 y más","1.03713676417817"
"Iztapalapa","2022","Mujeres","Ciudad de México","Hasta 4 años","0.615460008229872"
"Iztapalapa","2022","Mujeres","Ciudad de México","5 a 9 años","0.632128948608255"
"Iztapalapa","2022","Mujeres","Ciudad de México","10 a 14 años","0.688278129615811"
"Iztapalapa","2022","Mujeres","Ciudad de México","15 a 19 años","0.742646916457452"
"Iztapalapa","2022","Mujeres","Ciudad de México","20 a 24 años","0.773670284798527"
"Iztapalapa","2022","Mujeres","Ciudad de México","25 a 29 años","0.805984438909891"
"Iztapalapa","2022","Mujeres","Ciudad de México","30 a 34 años","0.816989500347956"
"Iztapalapa","2022","Mujeres","Ciudad de México","35 a 39 años","0.801310904224363"
"Iztapalapa","2022","Mujeres","Ciudad de México","40 a 44 años","0.780279998139488"
"Iztapalapa","2022","Mujeres","Ciudad de México","45 a 49 años","0.7576801196959"
"Iztapalapa","2022","Mujeres","Ciudad de México","50 a 54 años","0.688311512006422"
"Iztapalapa","2022","Mujeres","Ciudad de México","55 a 59 años","0.606758331743961"
"Iztapalapa","2022","Mujeres","Ciudad de México","60 a 64 años","0.521889167347482"
"Iztapalapa","2022","Mujeres","Ciudad de México","65 y más","1.07400052566138"
"Iztapalapa","2023","Mujeres","Ciudad de México","Hasta 4 años","0.604010590174047"
"Iztapalapa","2023","Mujeres","Ciudad de México","5 a 9 años","0.618618803469127"
"Iztapalapa","2023","Mujeres","Ciudad de México","10 a 14 años","0.672178535115134"
"Iztapalapa","2023","Mujeres","Ciudad de México","15 a 19 años","0.729217474813099"
"Iztapalapa","2023","Mujeres","Ciudad de México","20 a 24 años","0.761333241446557"
"Iztapalapa","2023","Mujeres","Ciudad de México","25 a 29 años","0.790304339263822"
"Iztapalapa","2023","Mujeres","Ciudad de México","30 a 34 años","0.809239260008132"
"Iztapalapa","2023","Mujeres","Ciudad de México","35 a 39 años","0.798957754162281"
"Iztapalapa","2023","Mujeres","Ciudad de México","40 a 44 años","0.778952307863523"
"Iztapalapa","2023","Mujeres","Ciudad de México","45 a 49 años","0.757006533997327"
"Iztapalapa","2023","Mujeres","Ciudad de México","50 a 54 años","0.697124010795358"
"Iztapalapa","2023","Mujeres","Ciudad de México","55 a 59 años","0.615752917349406"
"Iztapalapa","2023","Mujeres","Ciudad de México","60 a 64 años","0.533121726115404"
"Iztapalapa","2023","Mujeres","Ciudad de México","65 y más","1.11166272913986"
"Iztapalapa","2024","Mujeres","Ciudad de México","Hasta 4 años","0.593459736575952"
"Iztapalapa","2024","Mujeres","Ciudad de México","5 a 9 años","0.607108013874966"
"Iztapalapa","2024","Mujeres","Ciudad de México","10 a 14 años","0.656156859729243"
"Iztapalapa","2024","Mujeres","Ciudad de México","15 a 19 años","0.715399996244209"
"Iztapalapa","2024","Mujeres","Ciudad de México","20 a 24 años","0.74978337132346"
"Iztapalapa","2024","Mujeres","Ciudad de México","25 a 29 años","0.775123784621465"
"Iztapalapa","2024","Mujeres","Ciudad de México","30 a 34 años","0.800721290776045"
"Iztapalapa","2024","Mujeres","Ciudad de México","35 a 39 años","0.796115975258278"
"Iztapalapa","2024","Mujeres","Ciudad de México","40 a 44 años","0.778220076850644"
"Iztapalapa","2024","Mujeres","Ciudad de México","45 a 49 años","0.755048185908092"
"Iztapalapa","2024","Mujeres","Ciudad de México","50 a 54 años","0.704624452168657"
"Iztapalapa","2024","Mujeres","Ciudad de México","55 a 59 años","0.6250039122826"
"Iztapalapa","2024","Mujeres","Ciudad de México","60 a 64 años","0.543281917742805"
"Iztapalapa","2024","Mujeres","Ciudad de México","65 y más","1.14995399155662"
"Iztapalapa","2025","Mujeres","Ciudad de México","Hasta 4 años","0.58378239527747"
"Iztapalapa","2025","Mujeres","Ciudad de México","5 a 9 años","0.597825270765244"
"Iztapalapa","2025","Mujeres","Ciudad de México","10 a 14 años","0.640065971254805"
"Iztapalapa","2025","Mujeres","Ciudad de México","15 a 19 años","0.701426500620778"
"Iztapalapa","2025","Mujeres","Ciudad de México","20 a 24 años","0.73852300330596"
"Iztapalapa","2025","Mujeres","Ciudad de México","25 a 29 años","0.761296445437769"
"Iztapalapa","2025","Mujeres","Ciudad de México","30 a 34 años","0.791186588235769"
"Iztapalapa","2025","Mujeres","Ciudad de México","35 a 39 años","0.792778039408366"
"Iztapalapa","2025","Mujeres","Ciudad de México","40 a 44 años","0.777737705087062"
"Iztapalapa","2025","Mujeres","Ciudad de México","45 a 49 años","0.752521049183238"
"Iztapalapa","2025","Mujeres","Ciudad de México","50 a 54 años","0.710482081940907"
"Iztapalapa","2025","Mujeres","Ciudad de México","55 a 59 años","0.634484684748092"
"Iztapalapa","2025","Mujeres","Ciudad de México","60 a 64 años","0.552580986372471"
"Iztapalapa","2025","Mujeres","Ciudad de México","65 y más","1.18861229268266"
"Iztapalapa","2026","Mujeres","Ciudad de México","Hasta 4 años","0.575010882821933"
"Iztapalapa","2026","Mujeres","Ciudad de México","5 a 9 años","0.589172881929727"
"Iztapalapa","2026","Mujeres","Ciudad de México","10 a 14 años","0.625634409791381"
"Iztapalapa","2026","Mujeres","Ciudad de México","15 a 19 años","0.687722412229044"
"Iztapalapa","2026","Mujeres","Ciudad de México","20 a 24 años","0.727241133548888"
"Iztapalapa","2026","Mujeres","Ciudad de México","25 a 29 años","0.749248430575127"
"Iztapalapa","2026","Mujeres","Ciudad de México","30 a 34 años","0.780371109566779"
"Iztapalapa","2026","Mujeres","Ciudad de México","35 a 39 años","0.789138061395413"
"Iztapalapa","2026","Mujeres","Ciudad de México","40 a 44 años","0.777313916108588"
"Iztapalapa","2026","Mujeres","Ciudad de México","45 a 49 años","0.750293720985464"
"Iztapalapa","2026","Mujeres","Ciudad de México","50 a 54 años","0.714135664533263"
"Iztapalapa","2026","Mujeres","Ciudad de México","55 a 59 años","0.644000049904187"
"Iztapalapa","2026","Mujeres","Ciudad de México","60 a 64 años","0.561219793214582"
"Iztapalapa","2026","Mujeres","Ciudad de México","65 y más","1.22751937187263"
"Iztapalapa","2027","Mujeres","Ciudad de México","Hasta 4 años","0.567191299263371"
"Iztapalapa","2027","Mujeres","Ciudad de México","5 a 9 años","0.580675988841532"
"Iztapalapa","2027","Mujeres","Ciudad de México","10 a 14 años","0.613666124046967"
"Iztapalapa","2027","Mujeres","Ciudad de México","15 a 19 años","0.674234478908074"
"Iztapalapa","2027","Mujeres","Ciudad de México","20 a 24 años","0.716064076178123"
"Iztapalapa","2027","Mujeres","Ciudad de México","25 a 29 años","0.738760297014945"
"Iztapalapa","2027","Mujeres","Ciudad de México","30 a 34 años","0.768514557714584"
"Iztapalapa","2027","Mujeres","Ciudad de México","35 a 39 años","0.784930701548868"
"Iztapalapa","2027","Mujeres","Ciudad de México","40 a 44 años","0.77680155340016"
"Iztapalapa","2027","Mujeres","Ciudad de México","45 a 49 años","0.748817440078256"
"Iztapalapa","2027","Mujeres","Ciudad de México","50 a 54 años","0.715342487438155"
"Iztapalapa","2027","Mujeres","Ciudad de México","55 a 59 años","0.653150557912119"
"Iztapalapa","2027","Mujeres","Ciudad de México","60 a 64 años","0.569592836788578"
"Iztapalapa","2027","Mujeres","Ciudad de México","65 y más","1.26637696382067"
"Iztapalapa","2028","Mujeres","Ciudad de México","Hasta 4 años","0.560327965512849"
"Iztapalapa","2028","Mujeres","Ciudad de México","5 a 9 años","0.573281236671989"
"Iztapalapa","2028","Mujeres","Ciudad de México","10 a 14 años","0.603531932811326"
"Iztapalapa","2028","Mujeres","Ciudad de México","15 a 19 años","0.660877025829388"
"Iztapalapa","2028","Mujeres","Ciudad de México","20 a 24 años","0.70500865097507"
"Iztapalapa","2028","Mujeres","Ciudad de México","25 a 29 años","0.72955764522427"
"Iztapalapa","2028","Mujeres","Ciudad de México","30 a 34 años","0.756516287296088"
"Iztapalapa","2028","Mujeres","Ciudad de México","35 a 39 años","0.780013181791751"
"Iztapalapa","2028","Mujeres","Ciudad de México","40 a 44 años","0.776042353689691"
"Iztapalapa","2028","Mujeres","Ciudad de México","45 a 49 años","0.748020298963761"
"Iztapalapa","2028","Mujeres","Ciudad de México","50 a 54 años","0.714624616464388"
"Iztapalapa","2028","Mujeres","Ciudad de México","55 a 59 años","0.661465296659323"
"Iztapalapa","2028","Mujeres","Ciudad de México","60 a 64 años","0.577942151709164"
"Iztapalapa","2028","Mujeres","Ciudad de México","65 y más","1.30498833300564"
"Iztapalapa","2029","Mujeres","Ciudad de México","Hasta 4 años","0.554514967158167"
"Iztapalapa","2029","Mujeres","Ciudad de México","5 a 9 años","0.566970236901047"
"Iztapalapa","2029","Mujeres","Ciudad de México","10 a 14 años","0.595411851035882"
"Iztapalapa","2029","Mujeres","Ciudad de México","15 a 19 años","0.647617256940861"
"Iztapalapa","2029","Mujeres","Ciudad de México","20 a 24 años","0.693918615201083"
"Iztapalapa","2029","Mujeres","Ciudad de México","25 a 29 años","0.721451914313648"
"Iztapalapa","2029","Mujeres","Ciudad de México","30 a 34 años","0.745170290332678"
"Iztapalapa","2029","Mujeres","Ciudad de México","35 a 39 años","0.774406680112"
"Iztapalapa","2029","Mujeres","Ciudad de México","40 a 44 años","0.774747298245351"
"Iztapalapa","2029","Mujeres","Ciudad de México","45 a 49 años","0.747770342083927"
"Iztapalapa","2029","Mujeres","Ciudad de México","50 a 54 años","0.712629904659849"
"Iztapalapa","2029","Mujeres","Ciudad de México","55 a 59 años","0.668485794577518"
"Iztapalapa","2029","Mujeres","Ciudad de México","60 a 64 años","0.586396824439851"
"Iztapalapa","2029","Mujeres","Ciudad de México","65 y más","1.34335250218648"
"Iztapalapa","2030","Mujeres","Ciudad de México","Hasta 4 años","0.549717214039679"
"Iztapalapa","2030","Mujeres","Ciudad de México","5 a 9 años","0.561776365431041"
"Iztapalapa","2030","Mujeres","Ciudad de México","10 a 14 años","0.589519252469391"
"Iztapalapa","2030","Mujeres","Ciudad de México","15 a 19 años","0.634336438925755"
"Iztapalapa","2030","Mujeres","Ciudad de México","20 a 24 años","0.683006170911685"
"Iztapalapa","2030","Mujeres","Ciudad de México","25 a 29 años","0.714020302231057"
"Iztapalapa","2030","Mujeres","Ciudad de México","30 a 34 años","0.73534607940803"
"Iztapalapa","2030","Mujeres","Ciudad de México","35 a 39 años","0.767853357071701"
"Iztapalapa","2030","Mujeres","Ciudad de México","40 a 44 años","0.77284570897096"
"Iztapalapa","2030","Mujeres","Ciudad de México","45 a 49 años","0.747576201754846"
"Iztapalapa","2030","Mujeres","Ciudad de México","50 a 54 años","0.709916999300159"
"Iztapalapa","2030","Mujeres","Ciudad de México","55 a 59 años","0.673705350934983"
"Iztapalapa","2030","Mujeres","Ciudad de México","60 a 64 años","0.594978924980224"
"Iztapalapa","2030","Mujeres","Ciudad de México","65 y más","1.38130854330466"
"La Magdalena Contreras","2015","Hombres","Ciudad de México","Hasta 4 años","0.0929710487138711"
"La Magdalena Contreras","2015","Hombres","Ciudad de México","5 a 9 años","0.102685430436527"
"La Magdalena Contreras","2015","Hombres","Ciudad de México","10 a 14 años","0.109176403678483"
"La Magdalena Contreras","2015","Hombres","Ciudad de México","15 a 19 años","0.111229670724408"
"La Magdalena Contreras","2015","Hombres","Ciudad de México","20 a 24 años","0.113856969417581"
"La Magdalena Contreras","2015","Hombres","Ciudad de México","25 a 29 años","0.109783552536149"
"La Magdalena Contreras","2015","Hombres","Ciudad de México","30 a 34 años","0.102586078805272"
"La Magdalena Contreras","2015","Hombres","Ciudad de México","35 a 39 años","0.0974087549099024"
"La Magdalena Contreras","2015","Hombres","Ciudad de México","40 a 44 años","0.0946821045854752"
"La Magdalena Contreras","2015","Hombres","Ciudad de México","45 a 49 años","0.085100191704492"
"La Magdalena Contreras","2015","Hombres","Ciudad de México","50 a 54 años","0.0745689187915221"
"La Magdalena Contreras","2015","Hombres","Ciudad de México","55 a 59 años","0.0628454263034989"
"La Magdalena Contreras","2015","Hombres","Ciudad de México","60 a 64 años","0.0483732053507698"
"La Magdalena Contreras","2015","Hombres","Ciudad de México","65 y más","0.0934678068701432"
"La Magdalena Contreras","2016","Hombres","Ciudad de México","Hasta 4 años","0.0906782534551065"
"La Magdalena Contreras","2016","Hombres","Ciudad de México","5 a 9 años","0.100729070829546"
"La Magdalena Contreras","2016","Hombres","Ciudad de México","10 a 14 años","0.108007629785321"
"La Magdalena Contreras","2016","Hombres","Ciudad de México","15 a 19 años","0.109697492486738"
"La Magdalena Contreras","2016","Hombres","Ciudad de México","20 a 24 años","0.112624378865009"
"La Magdalena Contreras","2016","Hombres","Ciudad de México","25 a 29 años","0.110128241802785"
"La Magdalena Contreras","2016","Hombres","Ciudad de México","30 a 34 años","0.103401925559891"
"La Magdalena Contreras","2016","Hombres","Ciudad de México","35 a 39 años","0.0971505380500752"
"La Magdalena Contreras","2016","Hombres","Ciudad de México","40 a 44 años","0.0946433561335941"
"La Magdalena Contreras","2016","Hombres","Ciudad de México","45 a 49 años","0.0861167286467071"
"La Magdalena Contreras","2016","Hombres","Ciudad de México","50 a 54 años","0.0756682965189933"
"La Magdalena Contreras","2016","Hombres","Ciudad de México","55 a 59 años","0.0646013525528524"
"La Magdalena Contreras","2016","Hombres","Ciudad de México","60 a 64 años","0.0503645354147729"
"La Magdalena Contreras","2016","Hombres","Ciudad de México","65 y más","0.0973383005724548"
"La Magdalena Contreras","2017","Hombres","Ciudad de México","Hasta 4 años","0.0889371589572693"
"La Magdalena Contreras","2017","Hombres","Ciudad de México","5 a 9 años","0.0989381690040298"
"La Magdalena Contreras","2017","Hombres","Ciudad de México","10 a 14 años","0.106751112764317"
"La Magdalena Contreras","2017","Hombres","Ciudad de México","15 a 19 años","0.108265077821119"
"La Magdalena Contreras","2017","Hombres","Ciudad de México","20 a 24 años","0.110884126860989"
"La Magdalena Contreras","2017","Hombres","Ciudad de México","25 a 29 años","0.110143720592334"
"La Magdalena Contreras","2017","Hombres","Ciudad de México","30 a 34 años","0.104264673802415"
"La Magdalena Contreras","2017","Hombres","Ciudad de México","35 a 39 años","0.0974463056268887"
"La Magdalena Contreras","2017","Hombres","Ciudad de México","40 a 44 años","0.0945730872709133"
"La Magdalena Contreras","2017","Hombres","Ciudad de México","45 a 49 años","0.0872242787835147"
"La Magdalena Contreras","2017","Hombres","Ciudad de México","50 a 54 años","0.0767149301045432"
"La Magdalena Contreras","2017","Hombres","Ciudad de México","55 a 59 años","0.0660619205077728"
"La Magdalena Contreras","2017","Hombres","Ciudad de México","60 a 64 años","0.0521047098016308"
"La Magdalena Contreras","2017","Hombres","Ciudad de México","65 y más","0.101093082771011"
"La Magdalena Contreras","2018","Hombres","Ciudad de México","Hasta 4 años","0.0873869574330067"
"La Magdalena Contreras","2018","Hombres","Ciudad de México","5 a 9 años","0.0970757278052778"
"La Magdalena Contreras","2018","Hombres","Ciudad de México","10 a 14 años","0.105370907918524"
"La Magdalena Contreras","2018","Hombres","Ciudad de México","15 a 19 años","0.106952522260116"
"La Magdalena Contreras","2018","Hombres","Ciudad de México","20 a 24 años","0.108932305247144"
"La Magdalena Contreras","2018","Hombres","Ciudad de México","25 a 29 años","0.109861365419827"
"La Magdalena Contreras","2018","Hombres","Ciudad de México","30 a 34 años","0.105050160954145"
"La Magdalena Contreras","2018","Hombres","Ciudad de México","35 a 39 años","0.0980490289385653"
"La Magdalena Contreras","2018","Hombres","Ciudad de México","40 a 44 años","0.0943217280076802"
"La Magdalena Contreras","2018","Hombres","Ciudad de México","45 a 49 años","0.0881832947238783"
"La Magdalena Contreras","2018","Hombres","Ciudad de México","50 a 54 años","0.0777424280213396"
"La Magdalena Contreras","2018","Hombres","Ciudad de México","55 a 59 años","0.0673900432400089"
"La Magdalena Contreras","2018","Hombres","Ciudad de México","60 a 64 años","0.0538191285747387"
"La Magdalena Contreras","2018","Hombres","Ciudad de México","65 y más","0.10499485975339"
"La Magdalena Contreras","2019","Hombres","Ciudad de México","Hasta 4 años","0.0860460272612328"
"La Magdalena Contreras","2019","Hombres","Ciudad de México","5 a 9 años","0.0951145765247703"
"La Magdalena Contreras","2019","Hombres","Ciudad de México","10 a 14 años","0.103862017206327"
"La Magdalena Contreras","2019","Hombres","Ciudad de México","15 a 19 años","0.105722232439873"
"La Magdalena Contreras","2019","Hombres","Ciudad de México","20 a 24 años","0.10691808509001"
"La Magdalena Contreras","2019","Hombres","Ciudad de México","25 a 29 años","0.109254426841666"
"La Magdalena Contreras","2019","Hombres","Ciudad de México","30 a 34 años","0.105711159730149"
"La Magdalena Contreras","2019","Hombres","Ciudad de México","35 a 39 años","0.09889037054048"
"La Magdalena Contreras","2019","Hombres","Ciudad de México","40 a 44 años","0.0940294509718683"
"La Magdalena Contreras","2019","Hombres","Ciudad de México","45 a 49 años","0.0889360044990634"
"La Magdalena Contreras","2019","Hombres","Ciudad de México","50 a 54 años","0.078782329682624"
"La Magdalena Contreras","2019","Hombres","Ciudad de México","55 a 59 años","0.0685732913175672"
"La Magdalena Contreras","2019","Hombres","Ciudad de México","60 a 64 años","0.0554853484244032"
"La Magdalena Contreras","2019","Hombres","Ciudad de México","65 y más","0.109021899937472"
"La Magdalena Contreras","2020","Hombres","Ciudad de México","Hasta 4 años","0.0849018893636461"
"La Magdalena Contreras","2020","Hombres","Ciudad de México","5 a 9 años","0.0930405842562824"
"La Magdalena Contreras","2020","Hombres","Ciudad de México","10 a 14 años","0.102254828746447"
"La Magdalena Contreras","2020","Hombres","Ciudad de México","15 a 19 años","0.104494633062949"
"La Magdalena Contreras","2020","Hombres","Ciudad de México","20 a 24 años","0.1049825112309"
"La Magdalena Contreras","2020","Hombres","Ciudad de México","25 a 29 años","0.108275688864569"
"La Magdalena Contreras","2020","Hombres","Ciudad de México","30 a 34 años","0.106235471071319"
"La Magdalena Contreras","2020","Hombres","Ciudad de México","35 a 39 años","0.0998819667477764"
"La Magdalena Contreras","2020","Hombres","Ciudad de México","40 a 44 años","0.0938167540689316"
"La Magdalena Contreras","2020","Hombres","Ciudad de México","45 a 49 años","0.0894258505573731"
"La Magdalena Contreras","2020","Hombres","Ciudad de México","50 a 54 años","0.0798346093010646"
"La Magdalena Contreras","2020","Hombres","Ciudad de México","55 a 59 años","0.0696556966151789"
"La Magdalena Contreras","2020","Hombres","Ciudad de México","60 a 64 años","0.0570595693698998"
"La Magdalena Contreras","2020","Hombres","Ciudad de México","65 y más","0.113198823104801"
"La Magdalena Contreras","2021","Hombres","Ciudad de México","Hasta 4 años","0.0836533176392661"
"La Magdalena Contreras","2021","Hombres","Ciudad de México","5 a 9 años","0.0911945553818393"
"La Magdalena Contreras","2021","Hombres","Ciudad de México","10 a 14 años","0.100568347215023"
"La Magdalena Contreras","2021","Hombres","Ciudad de México","15 a 19 años","0.103167242107162"
"La Magdalena Contreras","2021","Hombres","Ciudad de México","20 a 24 años","0.103233880437729"
"La Magdalena Contreras","2021","Hombres","Ciudad de México","25 a 29 años","0.106898988618951"
"La Magdalena Contreras","2021","Hombres","Ciudad de México","30 a 34 años","0.106621328908252"
"La Magdalena Contreras","2021","Hombres","Ciudad de México","35 a 39 años","0.100901538867861"
"La Magdalena Contreras","2021","Hombres","Ciudad de México","40 a 44 años","0.0938378758276897"
"La Magdalena Contreras","2021","Hombres","Ciudad de México","45 a 49 años","0.0896063418366435"
"La Magdalena Contreras","2021","Hombres","Ciudad de México","50 a 54 años","0.0808878269207083"
"La Magdalena Contreras","2021","Hombres","Ciudad de México","55 a 59 años","0.0706699495670008"
"La Magdalena Contreras","2021","Hombres","Ciudad de México","60 a 64 años","0.0585417734036871"
"La Magdalena Contreras","2021","Hombres","Ciudad de México","65 y más","0.117494483179208"
"La Magdalena Contreras","2022","Hombres","Ciudad de México","Hasta 4 años","0.0822319555382165"
"La Magdalena Contreras","2022","Hombres","Ciudad de México","5 a 9 años","0.0896873561079871"
"La Magdalena Contreras","2022","Hombres","Ciudad de México","10 a 14 años","0.0988118762083035"
"La Magdalena Contreras","2022","Hombres","Ciudad de México","15 a 19 años","0.10172727165499"
"La Magdalena Contreras","2022","Hombres","Ciudad de México","20 a 24 años","0.101638251946694"
"La Magdalena Contreras","2022","Hombres","Ciudad de México","25 a 29 años","0.105199040278525"
"La Magdalena Contreras","2022","Hombres","Ciudad de México","30 a 34 años","0.106812522491386"
"La Magdalena Contreras","2022","Hombres","Ciudad de México","35 a 39 años","0.101883056144507"
"La Magdalena Contreras","2022","Hombres","Ciudad de México","40 a 44 años","0.0941605964498495"
"La Magdalena Contreras","2022","Hombres","Ciudad de México","45 a 49 años","0.0894981892278586"
"La Magdalena Contreras","2022","Hombres","Ciudad de México","50 a 54 años","0.0818870041685704"
"La Magdalena Contreras","2022","Hombres","Ciudad de México","55 a 59 años","0.07163861025102"
"La Magdalena Contreras","2022","Hombres","Ciudad de México","60 a 64 años","0.0598991362195155"
"La Magdalena Contreras","2022","Hombres","Ciudad de México","65 y más","0.121901363047519"
"La Magdalena Contreras","2023","Hombres","Ciudad de México","Hasta 4 años","0.0808358306687283"
"La Magdalena Contreras","2023","Hombres","Ciudad de México","5 a 9 años","0.0883072069341509"
"La Magdalena Contreras","2023","Hombres","Ciudad de México","10 a 14 años","0.0969383192168927"
"La Magdalena Contreras","2023","Hombres","Ciudad de México","15 a 19 años","0.100161047188097"
"La Magdalena Contreras","2023","Hombres","Ciudad de México","20 a 24 años","0.100194501111674"
"La Magdalena Contreras","2023","Hombres","Ciudad de México","25 a 29 años","0.103328018620008"
"La Magdalena Contreras","2023","Hombres","Ciudad de México","30 a 34 años","0.106695713593377"
"La Magdalena Contreras","2023","Hombres","Ciudad de México","35 a 39 años","0.102781604534925"
"La Magdalena Contreras","2023","Hombres","Ciudad de México","40 a 44 años","0.0947749654922778"
"La Magdalena Contreras","2023","Hombres","Ciudad de México","45 a 49 años","0.0892327654864346"
"La Magdalena Contreras","2023","Hombres","Ciudad de México","50 a 54 años","0.0827538556204487"
"La Magdalena Contreras","2023","Hombres","Ciudad de México","55 a 59 años","0.0725950141610459"
"La Magdalena Contreras","2023","Hombres","Ciudad de México","60 a 64 años","0.0611426209900176"
"La Magdalena Contreras","2023","Hombres","Ciudad de México","65 y más","0.126411225887806"
"La Magdalena Contreras","2024","Hombres","Ciudad de México","Hasta 4 años","0.0794528706317688"
"La Magdalena Contreras","2024","Hombres","Ciudad de México","5 a 9 años","0.0870650547764276"
"La Magdalena Contreras","2024","Hombres","Ciudad de México","10 a 14 años","0.0949007979268032"
"La Magdalena Contreras","2024","Hombres","Ciudad de México","15 a 19 años","0.0984553861177011"
"La Magdalena Contreras","2024","Hombres","Ciudad de México","20 a 24 años","0.0988801482285632"
"La Magdalena Contreras","2024","Hombres","Ciudad de México","25 a 29 años","0.101417542943449"
"La Magdalena Contreras","2024","Hombres","Ciudad de México","30 a 34 años","0.106246417466933"
"La Magdalena Contreras","2024","Hombres","Ciudad de México","35 a 39 años","0.103518997597188"
"La Magdalena Contreras","2024","Hombres","Ciudad de México","40 a 44 años","0.0956050087948113"
"La Magdalena Contreras","2024","Hombres","Ciudad de México","45 a 49 años","0.0889317724741633"
"La Magdalena Contreras","2024","Hombres","Ciudad de México","50 a 54 años","0.0834210429832429"
"La Magdalena Contreras","2024","Hombres","Ciudad de México","55 a 59 años","0.0735620908311298"
"La Magdalena Contreras","2024","Hombres","Ciudad de México","60 a 64 años","0.0622500051418571"
"La Magdalena Contreras","2024","Hombres","Ciudad de México","65 y más","0.130994399399789"
"La Magdalena Contreras","2025","Hombres","Ciudad de México","Hasta 4 años","0.078093181483488"
"La Magdalena Contreras","2025","Hombres","Ciudad de México","5 a 9 años","0.0859495707228573"
"La Magdalena Contreras","2025","Hombres","Ciudad de México","10 a 14 años","0.0926964271024583"
"La Magdalena Contreras","2025","Hombres","Ciudad de México","15 a 19 años","0.0966414328260788"
"La Magdalena Contreras","2025","Hombres","Ciudad de México","20 a 24 años","0.0976052694517361"
"La Magdalena Contreras","2025","Hombres","Ciudad de México","25 a 29 años","0.0996226019240421"
"La Magdalena Contreras","2025","Hombres","Ciudad de México","30 a 34 años","0.10541682908061"
"La Magdalena Contreras","2025","Hombres","Ciudad de México","35 a 39 años","0.104094355570987"
"La Magdalena Contreras","2025","Hombres","Ciudad de México","40 a 44 años","0.0965629810077114"
"La Magdalena Contreras","2025","Hombres","Ciudad de México","45 a 49 años","0.0887290065735899"
"La Magdalena Contreras","2025","Hombres","Ciudad de México","50 a 54 años","0.0838537864321839"
"La Magdalena Contreras","2025","Hombres","Ciudad de México","55 a 59 años","0.0745292274490808"
"La Magdalena Contreras","2025","Hombres","Ciudad de México","60 a 64 años","0.0632769952146632"
"La Magdalena Contreras","2025","Hombres","Ciudad de México","65 y más","0.135620779152079"
"La Magdalena Contreras","2026","Hombres","Ciudad de México","Hasta 4 años","0.0767445475460459"
"La Magdalena Contreras","2026","Hombres","Ciudad de México","5 a 9 años","0.08465728355548"
"La Magdalena Contreras","2026","Hombres","Ciudad de México","10 a 14 años","0.0906480339717135"
"La Magdalena Contreras","2026","Hombres","Ciudad de México","15 a 19 años","0.0947729972039043"
"La Magdalena Contreras","2026","Hombres","Ciudad de México","20 a 24 años","0.0962791145693364"
"La Magdalena Contreras","2026","Hombres","Ciudad de México","25 a 29 años","0.0980325049350633"
"La Magdalena Contreras","2026","Hombres","Ciudad de México","30 a 34 años","0.104169371215107"
"La Magdalena Contreras","2026","Hombres","Ciudad de México","35 a 39 años","0.104484082306392"
"La Magdalena Contreras","2026","Hombres","Ciudad de México","40 a 44 años","0.0975154795708105"
"La Magdalena Contreras","2026","Hombres","Ciudad de México","45 a 49 años","0.0887485277421761"
"La Magdalena Contreras","2026","Hombres","Ciudad de México","50 a 54 años","0.0840166216910798"
"La Magdalena Contreras","2026","Hombres","Ciudad de México","55 a 59 años","0.0754969428627402"
"La Magdalena Contreras","2026","Hombres","Ciudad de México","60 a 64 años","0.0642347816674945"
"La Magdalena Contreras","2026","Hombres","Ciudad de México","65 y más","0.140271229258151"
"La Magdalena Contreras","2027","Hombres","Ciudad de México","Hasta 4 años","0.075406023326709"
"La Magdalena Contreras","2027","Hombres","Ciudad de México","5 a 9 años","0.0831180029851224"
"La Magdalena Contreras","2027","Hombres","Ciudad de México","10 a 14 años","0.0888456136086224"
"La Magdalena Contreras","2027","Hombres","Ciudad de México","15 a 19 años","0.0928256265025112"
"La Magdalena Contreras","2027","Hombres","Ciudad de México","20 a 24 años","0.0949001941299207"
"La Magdalena Contreras","2027","Hombres","Ciudad de México","25 a 29 años","0.0966365170354699"
"La Magdalena Contreras","2027","Hombres","Ciudad de México","30 a 34 años","0.102600898964272"
"La Magdalena Contreras","2027","Hombres","Ciudad de México","35 a 39 años","0.104641642119496"
"La Magdalena Contreras","2027","Hombres","Ciudad de México","40 a 44 años","0.0984292140613292"
"La Magdalena Contreras","2027","Hombres","Ciudad de México","45 a 49 años","0.0890823849139246"
"La Magdalena Contreras","2027","Hombres","Ciudad de México","50 a 54 años","0.083907240669463"
"La Magdalena Contreras","2027","Hombres","Ciudad de México","55 a 59 años","0.0764094826682277"
"La Magdalena Contreras","2027","Hombres","Ciudad de México","60 a 64 años","0.0651572082543438"
"La Magdalena Contreras","2027","Hombres","Ciudad de México","65 y más","0.144904038844926"
"La Magdalena Contreras","2028","Hombres","Ciudad de México","Hasta 4 años","0.0740542471683244"
"La Magdalena Contreras","2028","Hombres","Ciudad de México","5 a 9 años","0.0815207615482655"
"La Magdalena Contreras","2028","Hombres","Ciudad de México","10 a 14 años","0.0870753957309186"
"La Magdalena Contreras","2028","Hombres","Ciudad de México","15 a 19 años","0.0907634013185864"
"La Magdalena Contreras","2028","Hombres","Ciudad de México","20 a 24 años","0.0934558716555955"
"La Magdalena Contreras","2028","Hombres","Ciudad de México","25 a 29 años","0.0954356292563374"
"La Magdalena Contreras","2028","Hombres","Ciudad de México","30 a 34 años","0.100831882830931"
"La Magdalena Contreras","2028","Hombres","Ciudad de México","35 a 39 años","0.104463323915721"
"La Magdalena Contreras","2028","Hombres","Ciudad de México","40 a 44 años","0.0992254509491863"
"La Magdalena Contreras","2028","Hombres","Ciudad de México","45 a 49 años","0.089688675763898"
"La Magdalena Contreras","2028","Hombres","Ciudad de México","50 a 54 años","0.0836588997570668"
"La Magdalena Contreras","2028","Hombres","Ciudad de México","55 a 59 años","0.0771879206277845"
"La Magdalena Contreras","2028","Hombres","Ciudad de México","60 a 64 años","0.0660786522624783"
"La Magdalena Contreras","2028","Hombres","Ciudad de México","65 y más","0.149522606908607"
"La Magdalena Contreras","2029","Hombres","Ciudad de México","Hasta 4 años","0.072710617532728"
"La Magdalena Contreras","2029","Hombres","Ciudad de México","5 a 9 años","0.0798635983331057"
"La Magdalena Contreras","2029","Hombres","Ciudad de México","10 a 14 años","0.0853361963422835"
"La Magdalena Contreras","2029","Hombres","Ciudad de México","15 a 19 años","0.0885607146713427"
"La Magdalena Contreras","2029","Hombres","Ciudad de México","20 a 24 años","0.0919668960048559"
"La Magdalena Contreras","2029","Hombres","Ciudad de México","25 a 29 años","0.0943852847516502"
"La Magdalena Contreras","2029","Hombres","Ciudad de México","30 a 34 años","0.0990063374274498"
"La Magdalena Contreras","2029","Hombres","Ciudad de México","35 a 39 años","0.10389988460993"
"La Magdalena Contreras","2029","Hombres","Ciudad de México","40 a 44 años","0.0998351748852713"
"La Magdalena Contreras","2029","Hombres","Ciudad de México","45 a 49 años","0.0905249459070019"
"La Magdalena Contreras","2029","Hombres","Ciudad de México","50 a 54 años","0.083394672982181"
"La Magdalena Contreras","2029","Hombres","Ciudad de México","55 a 59 años","0.0777858277196627"
"La Magdalena Contreras","2029","Hombres","Ciudad de México","60 a 64 años","0.0669995868302042"
"La Magdalena Contreras","2029","Hombres","Ciudad de México","65 y más","0.154095643528136"
"La Magdalena Contreras","2030","Hombres","Ciudad de México","Hasta 4 años","0.0713518787428392"
"La Magdalena Contreras","2030","Hombres","Ciudad de México","5 a 9 años","0.078122328578821"
"La Magdalena Contreras","2030","Hombres","Ciudad de México","10 a 14 años","0.0836161952807457"
"La Magdalena Contreras","2030","Hombres","Ciudad de México","15 a 19 años","0.0862149538036478"
"La Magdalena Contreras","2030","Hombres","Ciudad de México","20 a 24 años","0.0904436354352123"
"La Magdalena Contreras","2030","Hombres","Ciudad de México","25 a 29 años","0.0934299281238103"
"La Magdalena Contreras","2030","Hombres","Ciudad de México","30 a 34 años","0.0972596775259819"
"La Magdalena Contreras","2030","Hombres","Ciudad de México","35 a 39 años","0.102913117119664"
"La Magdalena Contreras","2030","Hombres","Ciudad de México","40 a 44 años","0.10024597021458"
"La Magdalena Contreras","2030","Hombres","Ciudad de México","45 a 49 años","0.0914808592316337"
"La Magdalena Contreras","2030","Hombres","Ciudad de México","50 a 54 años","0.0832172630513528"
"La Magdalena Contreras","2030","Hombres","Ciudad de México","55 a 59 años","0.0781565227699118"
"La Magdalena Contreras","2030","Hombres","Ciudad de México","60 a 64 años","0.0679324596337574"
"La Magdalena Contreras","2030","Hombres","Ciudad de México","65 y más","0.158615454406605"
"La Magdalena Contreras","2015","Mujeres","Ciudad de México","Hasta 4 años","0.0929158533631742"
"La Magdalena Contreras","2015","Mujeres","Ciudad de México","5 a 9 años","0.0976736925932476"
"La Magdalena Contreras","2015","Mujeres","Ciudad de México","10 a 14 años","0.103281540224053"
"La Magdalena Contreras","2015","Mujeres","Ciudad de México","15 a 19 años","0.108094574804824"
"La Magdalena Contreras","2015","Mujeres","Ciudad de México","20 a 24 años","0.113117351718242"
"La Magdalena Contreras","2015","Mujeres","Ciudad de México","25 a 29 años","0.114121907100926"
"La Magdalena Contreras","2015","Mujeres","Ciudad de México","30 a 34 años","0.113967360118975"
"La Magdalena Contreras","2015","Mujeres","Ciudad de México","35 a 39 años","0.113018000086988"
"La Magdalena Contreras","2015","Mujeres","Ciudad de México","40 a 44 años","0.109253677169459"
"La Magdalena Contreras","2015","Mujeres","Ciudad de México","45 a 49 años","0.0975853800321325"
"La Magdalena Contreras","2015","Mujeres","Ciudad de México","50 a 54 años","0.0847027851794743"
"La Magdalena Contreras","2015","Mujeres","Ciudad de México","55 a 59 años","0.0714890182226346"
"La Magdalena Contreras","2015","Mujeres","Ciudad de México","60 a 64 años","0.056597312604609"
"La Magdalena Contreras","2015","Mujeres","Ciudad de México","65 y más","0.127644768021668"
"La Magdalena Contreras","2016","Mujeres","Ciudad de México","Hasta 4 años","0.0908660159774862"
"La Magdalena Contreras","2016","Mujeres","Ciudad de México","5 a 9 años","0.0958251555391601"
"La Magdalena Contreras","2016","Mujeres","Ciudad de México","10 a 14 años","0.1019660945064"
"La Magdalena Contreras","2016","Mujeres","Ciudad de México","15 a 19 años","0.106406125917965"
"La Magdalena Contreras","2016","Mujeres","Ciudad de México","20 a 24 años","0.111287951499836"
"La Magdalena Contreras","2016","Mujeres","Ciudad de México","25 a 29 años","0.113309159828981"
"La Magdalena Contreras","2016","Mujeres","Ciudad de México","30 a 34 años","0.113850357687605"
"La Magdalena Contreras","2016","Mujeres","Ciudad de México","35 a 39 años","0.112801096533131"
"La Magdalena Contreras","2016","Mujeres","Ciudad de México","40 a 44 años","0.110050927822982"
"La Magdalena Contreras","2016","Mujeres","Ciudad de México","45 a 49 años","0.0991827912334783"
"La Magdalena Contreras","2016","Mujeres","Ciudad de México","50 a 54 años","0.085973145541358"
"La Magdalena Contreras","2016","Mujeres","Ciudad de México","55 a 59 años","0.0733820116876648"
"La Magdalena Contreras","2016","Mujeres","Ciudad de México","60 a 64 años","0.0588138489218566"
"La Magdalena Contreras","2016","Mujeres","Ciudad de México","65 y más","0.132262129735067"
"La Magdalena Contreras","2017","Mujeres","Ciudad de México","Hasta 4 años","0.0891581757538828"
"La Magdalena Contreras","2017","Mujeres","Ciudad de México","5 a 9 años","0.0940536977988716"
"La Magdalena Contreras","2017","Mujeres","Ciudad de México","10 a 14 años","0.100628947498123"
"La Magdalena Contreras","2017","Mujeres","Ciudad de México","15 a 19 años","0.104883520832933"
"La Magdalena Contreras","2017","Mujeres","Ciudad de México","20 a 24 años","0.109171246687234"
"La Magdalena Contreras","2017","Mujeres","Ciudad de México","25 a 29 años","0.112265481839823"
"La Magdalena Contreras","2017","Mujeres","Ciudad de México","30 a 34 años","0.113635785978827"
"La Magdalena Contreras","2017","Mujeres","Ciudad de México","35 a 39 años","0.112762769632204"
"La Magdalena Contreras","2017","Mujeres","Ciudad de México","40 a 44 años","0.110641008384714"
"La Magdalena Contreras","2017","Mujeres","Ciudad de México","45 a 49 años","0.100894167654059"
"La Magdalena Contreras","2017","Mujeres","Ciudad de México","50 a 54 años","0.0872463804631761"
"La Magdalena Contreras","2017","Mujeres","Ciudad de México","55 a 59 años","0.0750020499307886"
"La Magdalena Contreras","2017","Mujeres","Ciudad de México","60 a 64 años","0.060757517389049"
"La Magdalena Contreras","2017","Mujeres","Ciudad de México","65 y más","0.136875702142736"
"La Magdalena Contreras","2018","Mujeres","Ciudad de México","Hasta 4 años","0.0876413429564796"
"La Magdalena Contreras","2018","Mujeres","Ciudad de México","5 a 9 años","0.0922092221388403"
"La Magdalena Contreras","2018","Mujeres","Ciudad de México","10 a 14 años","0.0992214143945707"
"La Magdalena Contreras","2018","Mujeres","Ciudad de México","15 a 19 años","0.103468546612553"
"La Magdalena Contreras","2018","Mujeres","Ciudad de México","20 a 24 años","0.10699676322072"
"La Magdalena Contreras","2018","Mujeres","Ciudad de México","25 a 29 años","0.111077991836437"
"La Magdalena Contreras","2018","Mujeres","Ciudad de México","30 a 34 años","0.113367461547693"
"La Magdalena Contreras","2018","Mujeres","Ciudad de México","35 a 39 años","0.112803389299992"
"La Magdalena Contreras","2018","Mujeres","Ciudad de México","40 a 44 años","0.110912088234172"
"La Magdalena Contreras","2018","Mujeres","Ciudad de México","45 a 49 años","0.102495245479265"
"La Magdalena Contreras","2018","Mujeres","Ciudad de México","50 a 54 años","0.0885482826488612"
"La Magdalena Contreras","2018","Mujeres","Ciudad de México","55 a 59 años","0.0764705004039753"
"La Magdalena Contreras","2018","Mujeres","Ciudad de México","60 a 64 años","0.0626562604553833"
"La Magdalena Contreras","2018","Mujeres","Ciudad de México","65 y más","0.141681676334238"
"La Magdalena Contreras","2019","Mujeres","Ciudad de México","Hasta 4 años","0.0863117722945965"
"La Magdalena Contreras","2019","Mujeres","Ciudad de México","5 a 9 años","0.0902868750853291"
"La Magdalena Contreras","2019","Mujeres","Ciudad de México","10 a 14 años","0.0976945178903432"
"La Magdalena Contreras","2019","Mujeres","Ciudad de México","15 a 19 años","0.102112529070015"
"La Magdalena Contreras","2019","Mujeres","Ciudad de México","20 a 24 años","0.104869633791164"
"La Magdalena Contreras","2019","Mujeres","Ciudad de México","25 a 29 años","0.109763771488946"
"La Magdalena Contreras","2019","Mujeres","Ciudad de México","30 a 34 años","0.112974857308758"
"La Magdalena Contreras","2019","Mujeres","Ciudad de México","35 a 39 años","0.112875202921247"
"La Magdalena Contreras","2019","Mujeres","Ciudad de México","40 a 44 años","0.110959624139083"
"La Magdalena Contreras","2019","Mujeres","Ciudad de México","45 a 49 años","0.103895235335497"
"La Magdalena Contreras","2019","Mujeres","Ciudad de México","50 a 54 años","0.089899330245007"
"La Magdalena Contreras","2019","Mujeres","Ciudad de México","55 a 59 años","0.0778190039366805"
"La Magdalena Contreras","2019","Mujeres","Ciudad de México","60 a 64 años","0.0644874614295998"
"La Magdalena Contreras","2019","Mujeres","Ciudad de México","65 y más","0.146669112997335"
"La Magdalena Contreras","2020","Mujeres","Ciudad de México","Hasta 4 años","0.0851790928681637"
"La Magdalena Contreras","2020","Mujeres","Ciudad de México","5 a 9 años","0.0882283314178571"
"La Magdalena Contreras","2020","Mujeres","Ciudad de México","10 a 14 años","0.0960676465256144"
"La Magdalena Contreras","2020","Mujeres","Ciudad de México","15 a 19 años","0.100769017962233"
"La Magdalena Contreras","2020","Mujeres","Ciudad de México","20 a 24 años","0.102909029017108"
"La Magdalena Contreras","2020","Mujeres","Ciudad de México","25 a 29 años","0.108275688864569"
"La Magdalena Contreras","2020","Mujeres","Ciudad de México","30 a 34 años","0.112455917712694"
"La Magdalena Contreras","2020","Mujeres","Ciudad de México","35 a 39 años","0.112932707740464"
"La Magdalena Contreras","2020","Mujeres","Ciudad de México","40 a 44 años","0.110881401807034"
"La Magdalena Contreras","2020","Mujeres","Ciudad de México","45 a 49 años","0.105037951931803"
"La Magdalena Contreras","2020","Mujeres","Ciudad de México","50 a 54 años","0.091299746247912"
"La Magdalena Contreras","2020","Mujeres","Ciudad de México","55 a 59 años","0.0790584394884154"
"La Magdalena Contreras","2020","Mujeres","Ciudad de México","60 a 64 años","0.0662516375797029"
"La Magdalena Contreras","2020","Mujeres","Ciudad de México","65 y más","0.151818815354191"
"La Magdalena Contreras","2021","Mujeres","Ciudad de México","Hasta 4 años","0.0840198284573882"
"La Magdalena Contreras","2021","Mujeres","Ciudad de México","5 a 9 años","0.0862966380851165"
"La Magdalena Contreras","2021","Mujeres","Ciudad de México","10 a 14 años","0.094370982472231"
"La Magdalena Contreras","2021","Mujeres","Ciudad de México","15 a 19 años","0.0993466444879494"
"La Magdalena Contreras","2021","Mujeres","Ciudad de México","20 a 24 años","0.101168092190132"
"La Magdalena Contreras","2021","Mujeres","Ciudad de México","25 a 29 años","0.106588009742968"
"La Magdalena Contreras","2021","Mujeres","Ciudad de México","30 a 34 años","0.111830225080957"
"La Magdalena Contreras","2021","Mujeres","Ciudad de México","35 a 39 años","0.112918651146896"
"La Magdalena Contreras","2021","Mujeres","Ciudad de México","40 a 44 años","0.110797330957159"
"La Magdalena Contreras","2021","Mujeres","Ciudad de México","45 a 49 años","0.105854988106724"
"La Magdalena Contreras","2021","Mujeres","Ciudad de México","50 a 54 años","0.0927383433733234"
"La Magdalena Contreras","2021","Mujeres","Ciudad de México","55 a 59 años","0.0802325500034596"
"La Magdalena Contreras","2021","Mujeres","Ciudad de México","60 a 64 años","0.067915565236871"
"La Magdalena Contreras","2021","Mujeres","Ciudad de México","65 y más","0.157144289866964"
"La Magdalena Contreras","2022","Mujeres","Ciudad de México","Hasta 4 años","0.0827326913973802"
"La Magdalena Contreras","2022","Mujeres","Ciudad de México","5 a 9 años","0.0845909778080544"
"La Magdalena Contreras","2022","Mujeres","Ciudad de México","10 a 14 años","0.0926027515546736"
"La Magdalena Contreras","2022","Mujeres","Ciudad de México","15 a 19 años","0.0978882967347348"
"La Magdalena Contreras","2022","Mujeres","Ciudad de México","20 a 24 años","0.0996130535829654"
"La Magdalena Contreras","2022","Mujeres","Ciudad de México","25 a 29 años","0.104720559346435"
"La Magdalena Contreras","2022","Mujeres","Ciudad de México","30 a 34 años","0.111063213562509"
"La Magdalena Contreras","2022","Mujeres","Ciudad de México","35 a 39 años","0.112843607728424"
"La Magdalena Contreras","2022","Mujeres","Ciudad de México","40 a 44 años","0.110785026974084"
"La Magdalena Contreras","2022","Mujeres","Ciudad de México","45 a 49 años","0.106300659168685"
"La Magdalena Contreras","2022","Mujeres","Ciudad de México","50 a 54 años","0.0941383415227756"
"La Magdalena Contreras","2022","Mujeres","Ciudad de México","55 a 59 años","0.0813973957729437"
"La Magdalena Contreras","2022","Mujeres","Ciudad de México","60 a 64 años","0.0694576273977737"
"La Magdalena Contreras","2022","Mujeres","Ciudad de México","65 y más","0.162605624665759"
"La Magdalena Contreras","2023","Mujeres","Ciudad de México","Hasta 4 años","0.0814491526009645"
"La Magdalena Contreras","2023","Mujeres","Ciudad de México","5 a 9 años","0.0829991843933432"
"La Magdalena Contreras","2023","Mujeres","Ciudad de México","10 a 14 años","0.0907381920473779"
"La Magdalena Contreras","2023","Mujeres","Ciudad de México","15 a 19 años","0.0963696025160919"
"La Magdalena Contreras","2023","Mujeres","Ciudad de México","20 a 24 años","0.0981984170049416"
"La Magdalena Contreras","2023","Mujeres","Ciudad de México","25 a 29 años","0.102803907150642"
"La Magdalena Contreras","2023","Mujeres","Ciudad de México","30 a 34 años","0.1101303164139"
"La Magdalena Contreras","2023","Mujeres","Ciudad de México","35 a 39 años","0.112650511989998"
"La Magdalena Contreras","2023","Mujeres","Ciudad de México","40 a 44 años","0.110821697501148"
"La Magdalena Contreras","2023","Mujeres","Ciudad de México","45 a 49 años","0.106450384820483"
"La Magdalena Contreras","2023","Mujeres","Ciudad de México","50 a 54 años","0.095455195271667"
"La Magdalena Contreras","2023","Mujeres","Ciudad de México","55 a 59 años","0.082597737310425"
"La Magdalena Contreras","2023","Mujeres","Ciudad de México","60 a 64 años","0.0708665614429257"
"La Magdalena Contreras","2023","Mujeres","Ciudad de México","65 y más","0.168217479050596"
"La Magdalena Contreras","2024","Mujeres","Ciudad de México","Hasta 4 años","0.0801347255992052"
"La Magdalena Contreras","2024","Mujeres","Ciudad de México","5 a 9 años","0.0815319693849355"
"La Magdalena Contreras","2024","Mujeres","Ciudad de México","10 a 14 años","0.0887529252695898"
"La Magdalena Contreras","2024","Mujeres","Ciudad de México","15 a 19 años","0.0947554845730872"
"La Magdalena Contreras","2024","Mujeres","Ciudad de México","20 a 24 años","0.0968904730776832"
"La Magdalena Contreras","2024","Mujeres","Ciudad de México","25 a 29 años","0.100936891081158"
"La Magdalena Contreras","2024","Mujeres","Ciudad de México","30 a 34 años","0.109018549137822"
"La Magdalena Contreras","2024","Mujeres","Ciudad de México","35 a 39 años","0.11230486652186"
"La Magdalena Contreras","2024","Mujeres","Ciudad de México","40 a 44 años","0.110874088885272"
"La Magdalena Contreras","2024","Mujeres","Ciudad de México","45 a 49 años","0.106391730820649"
"La Magdalena Contreras","2024","Mujeres","Ciudad de México","50 a 54 años","0.0966110243205371"
"La Magdalena Contreras","2024","Mujeres","Ciudad de México","55 a 59 años","0.0838458050941049"
"La Magdalena Contreras","2024","Mujeres","Ciudad de México","60 a 64 años","0.0721648470453995"
"La Magdalena Contreras","2024","Mujeres","Ciudad de México","65 y más","0.173940084397996"
"La Magdalena Contreras","2025","Mujeres","Ciudad de México","Hasta 4 años","0.0787768330435473"
"La Magdalena Contreras","2025","Mujeres","Ciudad de México","5 a 9 años","0.0802113805794093"
"La Magdalena Contreras","2025","Mujeres","Ciudad de México","10 a 14 años","0.0866108074776687"
"La Magdalena Contreras","2025","Mujeres","Ciudad de México","15 a 19 años","0.0930774787916717"
"La Magdalena Contreras","2025","Mujeres","Ciudad de México","20 a 24 años","0.0956439739925498"
"La Magdalena Contreras","2025","Mujeres","Ciudad de México","25 a 29 años","0.0992415502348287"
"La Magdalena Contreras","2025","Mujeres","Ciudad de México","30 a 34 años","0.10770313921589"
"La Magdalena Contreras","2025","Mujeres","Ciudad de México","35 a 39 años","0.111782633770997"
"La Magdalena Contreras","2025","Mujeres","Ciudad de México","40 a 44 años","0.11087483415846"
"La Magdalena Contreras","2025","Mujeres","Ciudad de México","45 a 49 años","0.106212554666908"
"La Magdalena Contreras","2025","Mujeres","Ciudad de México","50 a 54 años","0.0975380250359926"
"La Magdalena Contreras","2025","Mujeres","Ciudad de México","55 a 59 años","0.0851538451365588"
"La Magdalena Contreras","2025","Mujeres","Ciudad de México","60 a 64 años","0.0733748649788169"
"La Magdalena Contreras","2025","Mujeres","Ciudad de México","65 y más","0.179755530685084"
"La Magdalena Contreras","2026","Mujeres","Ciudad de México","Hasta 4 años","0.0773739697286145"
"La Magdalena Contreras","2026","Mujeres","Ciudad de México","5 a 9 años","0.0787901696393939"
"La Magdalena Contreras","2026","Mujeres","Ciudad de México","10 a 14 años","0.0845448867371642"
"La Magdalena Contreras","2026","Mujeres","Ciudad de México","15 a 19 años","0.0913673736089348"
"La Magdalena Contreras","2026","Mujeres","Ciudad de México","20 a 24 años","0.0944020877034621"
"La Magdalena Contreras","2026","Mujeres","Ciudad de México","25 a 29 años","0.0977515128892737"
"La Magdalena Contreras","2026","Mujeres","Ciudad de México","30 a 34 años","0.10610259649014"
"La Magdalena Contreras","2026","Mujeres","Ciudad de México","35 a 39 años","0.111093015223362"
"La Magdalena Contreras","2026","Mujeres","Ciudad de México","40 a 44 años","0.11078954381391"
"La Magdalena Contreras","2026","Mujeres","Ciudad de México","45 a 49 años","0.10603515839915"
"La Magdalena Contreras","2026","Mujeres","Ciudad de México","50 a 54 años","0.0981673811170423"
"La Magdalena Contreras","2026","Mujeres","Ciudad de México","55 a 59 años","0.0864781120121964"
"La Magdalena Contreras","2026","Mujeres","Ciudad de México","60 a 64 años","0.0745303302252241"
"La Magdalena Contreras","2026","Mujeres","Ciudad de México","65 y más","0.185634585130418"
"La Magdalena Contreras","2027","Mujeres","Ciudad de México","Hasta 4 años","0.0759021155854373"
"La Magdalena Contreras","2027","Mujeres","Ciudad de México","5 a 9 años","0.0772099951766303"
"La Magdalena Contreras","2027","Mujeres","Ciudad de México","10 a 14 años","0.0826557351985801"
"La Magdalena Contreras","2027","Mujeres","Ciudad de México","15 a 19 años","0.089634851292963"
"La Magdalena Contreras","2027","Mujeres","Ciudad de México","20 a 24 años","0.0931864208724955"
"La Magdalena Contreras","2027","Mujeres","Ciudad de México","25 a 29 años","0.0964561198504778"
"La Magdalena Contreras","2027","Mujeres","Ciudad de México","30 a 34 años","0.104292122573573"
"La Magdalena Contreras","2027","Mujeres","Ciudad de México","35 a 39 años","0.110211405206127"
"La Magdalena Contreras","2027","Mujeres","Ciudad de México","40 a 44 años","0.110583474400174"
"La Magdalena Contreras","2027","Mujeres","Ciudad de México","45 a 49 años","0.105938246886626"
"La Magdalena Contreras","2027","Mujeres","Ciudad de México","50 a 54 años","0.0984855881816392"
"La Magdalena Contreras","2027","Mujeres","Ciudad de México","55 a 59 años","0.0877970549708557"
"La Magdalena Contreras","2027","Mujeres","Ciudad de México","60 a 64 años","0.0756766191041972"
"La Magdalena Contreras","2027","Mujeres","Ciudad de México","65 y más","0.191536711165391"
"La Magdalena Contreras","2028","Mujeres","Ciudad de México","Hasta 4 años","0.0743710083844431"
"La Magdalena Contreras","2028","Mujeres","Ciudad de México","5 a 9 años","0.0755588629448883"
"La Magdalena Contreras","2028","Mujeres","Ciudad de México","10 a 14 años","0.0808306746131497"
"La Magdalena Contreras","2028","Mujeres","Ciudad de México","15 a 19 años","0.087844672970064"
"La Magdalena Contreras","2028","Mujeres","Ciudad de México","20 a 24 años","0.0919965074813343"
"La Magdalena Contreras","2028","Mujeres","Ciudad de México","25 a 29 años","0.0953111873500051"
"La Magdalena Contreras","2028","Mujeres","Ciudad de México","30 a 34 años","0.102336498607495"
"La Magdalena Contreras","2028","Mujeres","Ciudad de México","35 a 39 años","0.109078987350593"
"La Magdalena Contreras","2028","Mujeres","Ciudad de México","40 a 44 años","0.110232903209312"
"La Magdalena Contreras","2028","Mujeres","Ciudad de México","45 a 49 años","0.105888749388255"
"La Magdalena Contreras","2028","Mujeres","Ciudad de México","50 a 54 años","0.0985466769146462"
"La Magdalena Contreras","2028","Mujeres","Ciudad de México","55 a 59 años","0.0890325275305092"
"La Magdalena Contreras","2028","Mujeres","Ciudad de México","60 a 64 años","0.0768598465110902"
"La Magdalena Contreras","2028","Mujeres","Ciudad de México","65 y más","0.197444053747138"
"La Magdalena Contreras","2029","Mujeres","Ciudad de México","Hasta 4 años","0.0727560332838415"
"La Magdalena Contreras","2029","Mujeres","Ciudad de México","5 a 9 años","0.073823303435009"
"La Magdalena Contreras","2029","Mujeres","Ciudad de México","10 a 14 años","0.0790574687508409"
"La Magdalena Contreras","2029","Mujeres","Ciudad de México","15 a 19 años","0.0860060786712078"
"La Magdalena Contreras","2029","Mujeres","Ciudad de México","20 a 24 años","0.0908201482892397"
"La Magdalena Contreras","2029","Mujeres","Ciudad de México","25 a 29 años","0.0942830993116448"
"La Magdalena Contreras","2029","Mujeres","Ciudad de México","30 a 34 años","0.100380163898633"
"La Magdalena Contreras","2029","Mujeres","Ciudad de México","35 a 39 años","0.107703453765687"
"La Magdalena Contreras","2029","Mujeres","Ciudad de México","40 a 44 años","0.109679038939124"
"La Magdalena Contreras","2029","Mujeres","Ciudad de México","45 a 49 años","0.105852761907811"
"La Magdalena Contreras","2029","Mujeres","Ciudad de México","50 a 54 años","0.0984272866007525"
"La Magdalena Contreras","2029","Mujeres","Ciudad de México","55 a 59 años","0.090104850209202"
"La Magdalena Contreras","2029","Mujeres","Ciudad de México","60 a 64 años","0.0780923840396788"
"La Magdalena Contreras","2029","Mujeres","Ciudad de México","65 y más","0.203337671672958"
"La Magdalena Contreras","2030","Mujeres","Ciudad de México","Hasta 4 años","0.0710669271504157"
"La Magdalena Contreras","2030","Mujeres","Ciudad de México","5 a 9 años","0.0719901703098678"
"La Magdalena Contreras","2030","Mujeres","Ciudad de México","10 a 14 años","0.0773586583111261"
"La Magdalena Contreras","2030","Mujeres","Ciudad de México","15 a 19 años","0.0840721178286233"
"La Magdalena Contreras","2030","Mujeres","Ciudad de México","20 a 24 años","0.0896685671038204"
"La Magdalena Contreras","2030","Mujeres","Ciudad de México","25 a 29 años","0.0933273455505379"
"La Magdalena Contreras","2030","Mujeres","Ciudad de México","30 a 34 años","0.0985020664689483"
"La Magdalena Contreras","2030","Mujeres","Ciudad de México","35 a 39 años","0.106036186572625"
"La Magdalena Contreras","2030","Mujeres","Ciudad de México","40 a 44 años","0.108908498624254"
"La Magdalena Contreras","2030","Mujeres","Ciudad de México","45 a 49 años","0.105785429171292"
"La Magdalena Contreras","2030","Mujeres","Ciudad de México","50 a 54 años","0.0982399110039187"
"La Magdalena Contreras","2030","Mujeres","Ciudad de México","55 a 59 años","0.0909793444289684"
"La Magdalena Contreras","2030","Mujeres","Ciudad de México","60 a 64 años","0.0793761155854843"
"La Magdalena Contreras","2030","Mujeres","Ciudad de México","65 y más","0.209234255284712"
"Miguel Hidalgo","2015","Hombres","Ciudad de México","Hasta 4 años","0.11207967912514"
"Miguel Hidalgo","2015","Hombres","Ciudad de México","5 a 9 años","0.112565398211273"
"Miguel Hidalgo","2015","Hombres","Ciudad de México","10 a 14 años","0.117201807669813"
"Miguel Hidalgo","2015","Hombres","Ciudad de México","15 a 19 años","0.127401908478602"
"Miguel Hidalgo","2015","Hombres","Ciudad de México","20 a 24 años","0.148431337094124"
"Miguel Hidalgo","2015","Hombres","Ciudad de México","25 a 29 años","0.165122411144869"
"Miguel Hidalgo","2015","Hombres","Ciudad de México","30 a 34 años","0.167617240996369"
"Miguel Hidalgo","2015","Hombres","Ciudad de México","35 a 39 años","0.159194430480021"
"Miguel Hidalgo","2015","Hombres","Ciudad de México","40 a 44 años","0.15188656604775"
"Miguel Hidalgo","2015","Hombres","Ciudad de México","45 a 49 años","0.138242275355475"
"Miguel Hidalgo","2015","Hombres","Ciudad de México","50 a 54 años","0.12262199110825"
"Miguel Hidalgo","2015","Hombres","Ciudad de México","55 a 59 años","0.104926361674821"
"Miguel Hidalgo","2015","Hombres","Ciudad de México","60 a 64 años","0.0855638326503461"
"Miguel Hidalgo","2015","Hombres","Ciudad de México","65 y más","0.196937011286566"
"Miguel Hidalgo","2016","Hombres","Ciudad de México","Hasta 4 años","0.110238690345362"
"Miguel Hidalgo","2016","Hombres","Ciudad de México","5 a 9 años","0.110139286657043"
"Miguel Hidalgo","2016","Hombres","Ciudad de México","10 a 14 años","0.114844394570791"
"Miguel Hidalgo","2016","Hombres","Ciudad de México","15 a 19 años","0.12443132806641"
"Miguel Hidalgo","2016","Hombres","Ciudad de México","20 a 24 años","0.146509991727404"
"Miguel Hidalgo","2016","Hombres","Ciudad de México","25 a 29 años","0.166699985310344"
"Miguel Hidalgo","2016","Hombres","Ciudad de México","30 a 34 años","0.170322697506845"
"Miguel Hidalgo","2016","Hombres","Ciudad de México","35 a 39 años","0.159465605771599"
"Miguel Hidalgo","2016","Hombres","Ciudad de México","40 a 44 años","0.151866746042353"
"Miguel Hidalgo","2016","Hombres","Ciudad de México","45 a 49 años","0.139595912962131"
"Miguel Hidalgo","2016","Hombres","Ciudad de México","50 a 54 años","0.123856995645014"
"Miguel Hidalgo","2016","Hombres","Ciudad de México","55 a 59 años","0.107190310570257"
"Miguel Hidalgo","2016","Hombres","Ciudad de México","60 a 64 años","0.0885245068748695"
"Miguel Hidalgo","2016","Hombres","Ciudad de México","65 y más","0.202893972712583"
"Miguel Hidalgo","2017","Hombres","Ciudad de México","Hasta 4 años","0.109060738288928"
"Miguel Hidalgo","2017","Hombres","Ciudad de México","5 a 9 años","0.107966705145691"
"Miguel Hidalgo","2017","Hombres","Ciudad de México","10 a 14 años","0.11254175283559"
"Miguel Hidalgo","2017","Hombres","Ciudad de México","15 a 19 años","0.121725000734881"
"Miguel Hidalgo","2017","Hombres","Ciudad de México","20 a 24 años","0.144025595513182"
"Miguel Hidalgo","2017","Hombres","Ciudad de México","25 a 29 años","0.167840155348286"
"Miguel Hidalgo","2017","Hombres","Ciudad de México","30 a 34 años","0.173133507627179"
"Miguel Hidalgo","2017","Hombres","Ciudad de México","35 a 39 años","0.16069026197784"
"Miguel Hidalgo","2017","Hombres","Ciudad de México","40 a 44 años","0.151838539273469"
"Miguel Hidalgo","2017","Hombres","Ciudad de México","45 a 49 años","0.141141326317376"
"Miguel Hidalgo","2017","Hombres","Ciudad de México","50 a 54 años","0.125062354363745"
"Miguel Hidalgo","2017","Hombres","Ciudad de México","55 a 59 años","0.109016534929605"
"Miguel Hidalgo","2017","Hombres","Ciudad de México","60 a 64 años","0.0911031235640815"
"Miguel Hidalgo","2017","Hombres","Ciudad de México","65 y más","0.208783516920935"
"Miguel Hidalgo","2018","Hombres","Ciudad de México","Hasta 4 años","0.10811384747597"
"Miguel Hidalgo","2018","Hombres","Ciudad de México","5 a 9 años","0.10578013680411"
"Miguel Hidalgo","2018","Hombres","Ciudad de México","10 a 14 años","0.110237413584961"
"Miguel Hidalgo","2018","Hombres","Ciudad de México","15 a 19 años","0.119284690028475"
"Miguel Hidalgo","2018","Hombres","Ciudad de México","20 a 24 años","0.141349869129708"
"Miguel Hidalgo","2018","Hombres","Ciudad de México","25 a 29 años","0.168535939420853"
"Miguel Hidalgo","2018","Hombres","Ciudad de México","30 a 34 años","0.175857818400811"
"Miguel Hidalgo","2018","Hombres","Ciudad de México","35 a 39 años","0.162452807337806"
"Miguel Hidalgo","2018","Hombres","Ciudad de México","40 a 44 años","0.151580591269378"
"Miguel Hidalgo","2018","Hombres","Ciudad de México","45 a 49 años","0.142511194345563"
"Miguel Hidalgo","2018","Hombres","Ciudad de México","50 a 54 años","0.126296882284205"
"Miguel Hidalgo","2018","Hombres","Ciudad de México","55 a 59 años","0.110679823191001"
"Miguel Hidalgo","2018","Hombres","Ciudad de México","60 a 64 años","0.0937023545592245"
"Miguel Hidalgo","2018","Hombres","Ciudad de México","65 y más","0.215154851657294"
"Miguel Hidalgo","2019","Hombres","Ciudad de México","Hasta 4 años","0.107383138898396"
"Miguel Hidalgo","2019","Hombres","Ciudad de México","5 a 9 años","0.103540908624345"
"Miguel Hidalgo","2019","Hombres","Ciudad de México","10 a 14 años","0.10793677438457"
"Miguel Hidalgo","2019","Hombres","Ciudad de México","15 a 19 años","0.117093905325896"
"Miguel Hidalgo","2019","Hombres","Ciudad de México","20 a 24 años","0.138652471157529"
"Miguel Hidalgo","2019","Hombres","Ciudad de México","25 a 29 años","0.168714878056801"
"Miguel Hidalgo","2019","Hombres","Ciudad de México","30 a 34 años","0.17835920822596"
"Miguel Hidalgo","2019","Hombres","Ciudad de México","35 a 39 años","0.164640120878558"
"Miguel Hidalgo","2019","Hombres","Ciudad de México","40 a 44 años","0.15128643295203"
"Miguel Hidalgo","2019","Hombres","Ciudad de México","45 a 49 años","0.143579826984481"
"Miguel Hidalgo","2019","Hombres","Ciudad de México","50 a 54 años","0.127624052272934"
"Miguel Hidalgo","2019","Hombres","Ciudad de México","55 a 59 años","0.112199767628114"
"Miguel Hidalgo","2019","Hombres","Ciudad de México","60 a 64 años","0.0962772110457366"
"Miguel Hidalgo","2019","Hombres","Ciudad de México","65 y más","0.222029975375401"
"Miguel Hidalgo","2020","Hombres","Ciudad de México","Hasta 4 años","0.106856406921439"
"Miguel Hidalgo","2020","Hombres","Ciudad de México","5 a 9 años","0.101234719849822"
"Miguel Hidalgo","2020","Hombres","Ciudad de México","10 a 14 años","0.105658887781923"
"Miguel Hidalgo","2020","Hombres","Ciudad de México","15 a 19 años","0.115028366234617"
"Miguel Hidalgo","2020","Hombres","Ciudad de México","20 a 24 años","0.136118008858315"
"Miguel Hidalgo","2020","Hombres","Ciudad de México","25 a 29 años","0.168273615382355"
"Miguel Hidalgo","2020","Hombres","Ciudad de México","30 a 34 años","0.180592539123117"
"Miguel Hidalgo","2020","Hombres","Ciudad de México","35 a 39 años","0.167076096242839"
"Miguel Hidalgo","2020","Hombres","Ciudad de México","40 a 44 años","0.151186791363891"
"Miguel Hidalgo","2020","Hombres","Ciudad de México","45 a 49 años","0.144289968171494"
"Miguel Hidalgo","2020","Hombres","Ciudad de México","50 a 54 años","0.129021599142665"
"Miguel Hidalgo","2020","Hombres","Ciudad de México","55 a 59 años","0.113620172431668"
"Miguel Hidalgo","2020","Hombres","Ciudad de México","60 a 64 años","0.0987731527297061"
"Miguel Hidalgo","2020","Hombres","Ciudad de México","65 y más","0.229402532198573"
"Miguel Hidalgo","2021","Hombres","Ciudad de México","Hasta 4 años","0.106088222263711"
"Miguel Hidalgo","2021","Hombres","Ciudad de México","5 a 9 años","0.099224474215242"
"Miguel Hidalgo","2021","Hombres","Ciudad de México","10 a 14 años","0.103433795429432"
"Miguel Hidalgo","2021","Hombres","Ciudad de México","15 a 19 años","0.112974183089035"
"Miguel Hidalgo","2021","Hombres","Ciudad de México","20 a 24 años","0.13384308694514"
"Miguel Hidalgo","2021","Hombres","Ciudad de México","25 a 29 años","0.167128933063685"
"Miguel Hidalgo","2021","Hombres","Ciudad de México","30 a 34 años","0.182522387424814"
"Miguel Hidalgo","2021","Hombres","Ciudad de México","35 a 39 años","0.169572338517832"
"Miguel Hidalgo","2021","Hombres","Ciudad de México","40 a 44 años","0.151480031768713"
"Miguel Hidalgo","2021","Hombres","Ciudad de México","45 a 49 años","0.144549645389677"
"Miguel Hidalgo","2021","Hombres","Ciudad de México","50 a 54 años","0.130488957639901"
"Miguel Hidalgo","2021","Hombres","Ciudad de México","55 a 59 años","0.114995545782921"
"Miguel Hidalgo","2021","Hombres","Ciudad de México","60 a 64 años","0.10117919857856"
"Miguel Hidalgo","2021","Hombres","Ciudad de México","65 y más","0.237254669597717"
"Miguel Hidalgo","2022","Hombres","Ciudad de México","Hasta 4 años","0.104987618471322"
"Miguel Hidalgo","2022","Hombres","Ciudad de México","5 a 9 años","0.0975878552192366"
"Miguel Hidalgo","2022","Hombres","Ciudad de México","10 a 14 años","0.101271045649974"
"Miguel Hidalgo","2022","Hombres","Ciudad de México","15 a 19 años","0.110929684000065"
"Miguel Hidalgo","2022","Hombres","Ciudad de México","20 a 24 años","0.131804805595423"
"Miguel Hidalgo","2022","Hombres","Ciudad de México","25 a 29 años","0.165342980695854"
"Miguel Hidalgo","2022","Hombres","Ciudad de México","30 a 34 años","0.184014864510891"
"Miguel Hidalgo","2022","Hombres","Ciudad de México","35 a 39 años","0.172008331354499"
"Miguel Hidalgo","2022","Hombres","Ciudad de México","40 a 44 años","0.152312720894061"
"Miguel Hidalgo","2022","Hombres","Ciudad de México","45 a 49 años","0.144412221782811"
"Miguel Hidalgo","2022","Hombres","Ciudad de México","50 a 54 años","0.131916080230792"
"Miguel Hidalgo","2022","Hombres","Ciudad de México","55 a 59 años","0.116371013669644"
"Miguel Hidalgo","2022","Hombres","Ciudad de México","60 a 64 años","0.103440901039683"
"Miguel Hidalgo","2022","Hombres","Ciudad de México","65 y más","0.245594247724489"
"Miguel Hidalgo","2023","Hombres","Ciudad de México","Hasta 4 años","0.10378522224222"
"Miguel Hidalgo","2023","Hombres","Ciudad de México","5 a 9 años","0.0961242737431974"
"Miguel Hidalgo","2023","Hombres","Ciudad de México","10 a 14 años","0.0991128242493664"
"Miguel Hidalgo","2023","Hombres","Ciudad de México","15 a 19 años","0.108892521241569"
"Miguel Hidalgo","2023","Hombres","Ciudad de México","20 a 24 años","0.129946190479058"
"Miguel Hidalgo","2023","Hombres","Ciudad de México","25 a 29 años","0.163121331359106"
"Miguel Hidalgo","2023","Hombres","Ciudad de México","30 a 34 años","0.184855230375984"
"Miguel Hidalgo","2023","Hombres","Ciudad de México","35 a 39 años","0.174261487910087"
"Miguel Hidalgo","2023","Hombres","Ciudad de México","40 a 44 años","0.153653870986951"
"Miguel Hidalgo","2023","Hombres","Ciudad de México","45 a 49 años","0.14405259492049"
"Miguel Hidalgo","2023","Hombres","Ciudad de México","50 a 54 años","0.133224674989557"
"Miguel Hidalgo","2023","Hombres","Ciudad de México","55 a 59 años","0.117824718836499"
"Miguel Hidalgo","2023","Hombres","Ciudad de México","60 a 64 años","0.105569431499635"
"Miguel Hidalgo","2023","Hombres","Ciudad de México","65 y más","0.254405937491567"
"Miguel Hidalgo","2024","Hombres","Ciudad de México","Hasta 4 años","0.102423558469175"
"Miguel Hidalgo","2024","Hombres","Ciudad de México","5 a 9 años","0.0948113743245165"
"Miguel Hidalgo","2024","Hombres","Ciudad de México","10 a 14 años","0.0969351848788265"
"Miguel Hidalgo","2024","Hombres","Ciudad de México","15 a 19 años","0.106838848832083"
"Miguel Hidalgo","2024","Hombres","Ciudad de México","20 a 24 años","0.128255801579757"
"Miguel Hidalgo","2024","Hombres","Ciudad de México","25 a 29 años","0.160671857408701"
"Miguel Hidalgo","2024","Hombres","Ciudad de México","30 a 34 años","0.184950365429551"
"Miguel Hidalgo","2024","Hombres","Ciudad de México","35 a 39 años","0.176231564206594"
"Miguel Hidalgo","2024","Hombres","Ciudad de México","40 a 44 años","0.155373508973211"
"Miguel Hidalgo","2024","Hombres","Ciudad de México","45 a 49 años","0.143703728874792"
"Miguel Hidalgo","2024","Hombres","Ciudad de México","50 a 54 años","0.134269538833541"
"Miguel Hidalgo","2024","Hombres","Ciudad de México","55 a 59 años","0.119369331102513"
"Miguel Hidalgo","2024","Hombres","Ciudad de México","60 a 64 años","0.107576593550949"
"Miguel Hidalgo","2024","Hombres","Ciudad de México","65 y más","0.263665491342454"
"Miguel Hidalgo","2025","Hombres","Ciudad de México","Hasta 4 años","0.100877831017921"
"Miguel Hidalgo","2025","Hombres","Ciudad de México","5 a 9 años","0.0936490563254917"
"Miguel Hidalgo","2025","Hombres","Ciudad de México","10 a 14 años","0.0947137595747642"
"Miguel Hidalgo","2025","Hombres","Ciudad de México","15 a 19 años","0.104800421936294"
"Miguel Hidalgo","2025","Hombres","Ciudad de México","20 a 24 años","0.126587612637198"
"Miguel Hidalgo","2025","Hombres","Ciudad de México","25 a 29 años","0.15817007323141"
"Miguel Hidalgo","2025","Hombres","Ciudad de México","30 a 34 años","0.184193662124157"
"Miguel Hidalgo","2025","Hombres","Ciudad de México","35 a 39 años","0.177850272239017"
"Miguel Hidalgo","2025","Hombres","Ciudad de México","40 a 44 años","0.157318310631992"
"Miguel Hidalgo","2025","Hombres","Ciudad de México","45 a 49 años","0.143544412807192"
"Miguel Hidalgo","2025","Hombres","Ciudad de México","50 a 54 años","0.135015579410388"
"Miguel Hidalgo","2025","Hombres","Ciudad de México","55 a 59 años","0.121006326130485"
"Miguel Hidalgo","2025","Hombres","Ciudad de México","60 a 64 años","0.109507531038341"
"Miguel Hidalgo","2025","Hombres","Ciudad de México","65 y más","0.273326135192208"
"Miguel Hidalgo","2026","Hombres","Ciudad de México","Hasta 4 años","0.0991002747090636"
"Miguel Hidalgo","2026","Hombres","Ciudad de México","5 a 9 años","0.092277787837293"
"Miguel Hidalgo","2026","Hombres","Ciudad de México","10 a 14 años","0.0927835735197142"
"Miguel Hidalgo","2026","Hombres","Ciudad de México","15 a 19 años","0.102820609395317"
"Miguel Hidalgo","2026","Hombres","Ciudad de México","20 a 24 años","0.124805427057893"
"Miguel Hidalgo","2026","Hombres","Ciudad de México","25 a 29 años","0.155759510822071"
"Miguel Hidalgo","2026","Hombres","Ciudad de México","30 a 34 años","0.182498713899406"
"Miguel Hidalgo","2026","Hombres","Ciudad de México","35 a 39 años","0.179104329986268"
"Miguel Hidalgo","2026","Hombres","Ciudad de México","40 a 44 años","0.159333729644515"
"Miguel Hidalgo","2026","Hombres","Ciudad de México","45 a 49 años","0.143800489353268"
"Miguel Hidalgo","2026","Hombres","Ciudad de México","50 a 54 años","0.135393207343244"
"Miguel Hidalgo","2026","Hombres","Ciudad de México","55 a 59 años","0.12272608591905"
"Miguel Hidalgo","2026","Hombres","Ciudad de México","60 a 64 años","0.111407726314647"
"Miguel Hidalgo","2026","Hombres","Ciudad de México","65 y más","0.283352378974197"
"Miguel Hidalgo","2027","Hombres","Ciudad de México","Hasta 4 años","0.0970649603498262"
"Miguel Hidalgo","2027","Hombres","Ciudad de México","5 a 9 años","0.0906044861622957"
"Miguel Hidalgo","2027","Hombres","Ciudad de México","10 a 14 años","0.0912471511338301"
"Miguel Hidalgo","2027","Hombres","Ciudad de México","15 a 19 años","0.100909675354971"
"Miguel Hidalgo","2027","Hombres","Ciudad de México","20 a 24 años","0.122906857099948"
"Miguel Hidalgo","2027","Hombres","Ciudad de México","25 a 29 años","0.153393981363618"
"Miguel Hidalgo","2027","Hombres","Ciudad de México","30 a 34 años","0.179957466853708"
"Miguel Hidalgo","2027","Hombres","Ciudad de México","35 a 39 años","0.179878543085274"
"Miguel Hidalgo","2027","Hombres","Ciudad de México","40 a 44 años","0.161286358207023"
"Miguel Hidalgo","2027","Hombres","Ciudad de México","45 a 49 años","0.144622168243376"
"Miguel Hidalgo","2027","Hombres","Ciudad de México","50 a 54 años","0.135433186632839"
"Miguel Hidalgo","2027","Hombres","Ciudad de México","55 a 59 años","0.124462782820505"
"Miguel Hidalgo","2027","Hombres","Ciudad de México","60 a 64 años","0.113334531471304"
"Miguel Hidalgo","2027","Hombres","Ciudad de México","65 y más","0.293709166815306"
"Miguel Hidalgo","2028","Hombres","Ciudad de México","Hasta 4 años","0.094734229420646"
"Miguel Hidalgo","2028","Hombres","Ciudad de México","5 a 9 años","0.0888515211212985"
"Miguel Hidalgo","2028","Hombres","Ciudad de México","10 a 14 años","0.08989230797426"
"Miguel Hidalgo","2028","Hombres","Ciudad de México","15 a 19 años","0.0989991929376729"
"Miguel Hidalgo","2028","Hombres","Ciudad de México","20 a 24 años","0.120844403949288"
"Miguel Hidalgo","2028","Hombres","Ciudad de México","25 a 29 años","0.15100459688402"
"Miguel Hidalgo","2028","Hombres","Ciudad de México","30 a 34 años","0.176798010196544"
"Miguel Hidalgo","2028","Hombres","Ciudad de México","35 a 39 años","0.179965622357731"
"Miguel Hidalgo","2028","Hombres","Ciudad de México","40 a 44 años","0.163086774698834"
"Miguel Hidalgo","2028","Hombres","Ciudad de México","45 a 49 años","0.145959043227272"
"Miguel Hidalgo","2028","Hombres","Ciudad de México","50 a 54 años","0.135324916686144"
"Miguel Hidalgo","2028","Hombres","Ciudad de México","55 a 59 años","0.126093589816398"
"Miguel Hidalgo","2028","Hombres","Ciudad de México","60 a 64 años","0.115335021368938"
"Miguel Hidalgo","2028","Hombres","Ciudad de México","65 y más","0.304373589988355"
"Miguel Hidalgo","2029","Hombres","Ciudad de México","Hasta 4 años","0.0920804353826396"
"Miguel Hidalgo","2029","Hombres","Ciudad de México","5 a 9 años","0.0869938712579266"
"Miguel Hidalgo","2029","Hombres","Ciudad de México","10 a 14 años","0.0887423776757967"
"Miguel Hidalgo","2029","Hombres","Ciudad de México","15 a 19 años","0.0970761680051256"
"Miguel Hidalgo","2029","Hombres","Ciudad de México","20 a 24 años","0.118625941908486"
"Miguel Hidalgo","2029","Hombres","Ciudad de México","25 a 29 años","0.148532214016731"
"Miguel Hidalgo","2029","Hombres","Ciudad de México","30 a 34 años","0.173249736560259"
"Miguel Hidalgo","2029","Hombres","Ciudad de México","35 a 39 años","0.179278677520577"
"Miguel Hidalgo","2029","Hombres","Ciudad de México","40 a 44 años","0.164620743848692"
"Miguel Hidalgo","2029","Hombres","Ciudad de México","45 a 49 años","0.147714730496688"
"Miguel Hidalgo","2029","Hombres","Ciudad de México","50 a 54 años","0.135270814691587"
"Miguel Hidalgo","2029","Hombres","Ciudad de México","55 a 59 años","0.127527429126733"
"Miguel Hidalgo","2029","Hombres","Ciudad de México","60 a 64 años","0.117467840255091"
"Miguel Hidalgo","2029","Hombres","Ciudad de México","65 y más","0.315332913918872"
"Miguel Hidalgo","2030","Hombres","Ciudad de México","Hasta 4 años","0.0890758677915796"
"Miguel Hidalgo","2030","Hombres","Ciudad de México","5 a 9 años","0.0849839629243784"
"Miguel Hidalgo","2030","Hombres","Ciudad de México","10 a 14 años","0.0877764885301285"
"Miguel Hidalgo","2030","Hombres","Ciudad de México","15 a 19 años","0.0951396376783512"
"Miguel Hidalgo","2030","Hombres","Ciudad de México","20 a 24 años","0.116271647772476"
"Miguel Hidalgo","2030","Hombres","Ciudad de México","25 a 29 años","0.145815428874943"
"Miguel Hidalgo","2030","Hombres","Ciudad de México","30 a 34 años","0.169500605237182"
"Miguel Hidalgo","2030","Hombres","Ciudad de México","35 a 39 años","0.177741405290069"
"Miguel Hidalgo","2030","Hombres","Ciudad de México","40 a 44 años","0.165841826790465"
"Miguel Hidalgo","2030","Hombres","Ciudad de México","45 a 49 años","0.149759158914084"
"Miguel Hidalgo","2030","Hombres","Ciudad de México","50 a 54 años","0.135477385101819"
"Miguel Hidalgo","2030","Hombres","Ciudad de México","55 a 59 años","0.128706935265837"
"Miguel Hidalgo","2030","Hombres","Ciudad de México","60 a 64 años","0.119713863008952"
"Miguel Hidalgo","2030","Hombres","Ciudad de México","65 y más","0.326611515235792"
"Miguel Hidalgo","2015","Mujeres","Ciudad de México","Hasta 4 años","0.107895871542315"
"Miguel Hidalgo","2015","Mujeres","Ciudad de México","5 a 9 años","0.109496536712525"
"Miguel Hidalgo","2015","Mujeres","Ciudad de México","10 a 14 años","0.11744466721288"
"Miguel Hidalgo","2015","Mujeres","Ciudad de México","15 a 19 años","0.134985749664357"
"Miguel Hidalgo","2015","Mujeres","Ciudad de México","20 a 24 años","0.163190573870477"
"Miguel Hidalgo","2015","Mujeres","Ciudad de México","25 a 29 años","0.186251191391645"
"Miguel Hidalgo","2015","Mujeres","Ciudad de México","30 a 34 años","0.193238922789873"
"Miguel Hidalgo","2015","Mujeres","Ciudad de México","35 a 39 años","0.18616287883053"
"Miguel Hidalgo","2015","Mujeres","Ciudad de México","40 a 44 años","0.17598485616202"
"Miguel Hidalgo","2015","Mujeres","Ciudad de México","45 a 49 años","0.160497040756468"
"Miguel Hidalgo","2015","Mujeres","Ciudad de México","50 a 54 años","0.14672028122252"
"Miguel Hidalgo","2015","Mujeres","Ciudad de México","55 a 59 años","0.13065843416972"
"Miguel Hidalgo","2015","Mujeres","Ciudad de México","60 a 64 años","0.11154980375845"
"Miguel Hidalgo","2015","Mujeres","Ciudad de México","65 y más","0.303342608360064"
"Miguel Hidalgo","2016","Mujeres","Ciudad de México","Hasta 4 años","0.105975376601918"
"Miguel Hidalgo","2016","Mujeres","Ciudad de México","5 a 9 años","0.107256579695803"
"Miguel Hidalgo","2016","Mujeres","Ciudad de México","10 a 14 años","0.115153650490005"
"Miguel Hidalgo","2016","Mujeres","Ciudad de México","15 a 19 años","0.131731976730701"
"Miguel Hidalgo","2016","Mujeres","Ciudad de México","20 a 24 años","0.160470687509043"
"Miguel Hidalgo","2016","Mujeres","Ciudad de México","25 a 29 años","0.186326691326145"
"Miguel Hidalgo","2016","Mujeres","Ciudad de México","30 a 34 años","0.194499883476788"
"Miguel Hidalgo","2016","Mujeres","Ciudad de México","35 a 39 años","0.186260422200599"
"Miguel Hidalgo","2016","Mujeres","Ciudad de México","40 a 44 años","0.176574085016661"
"Miguel Hidalgo","2016","Mujeres","Ciudad de México","45 a 49 años","0.161950697979565"
"Miguel Hidalgo","2016","Mujeres","Ciudad de México","50 a 54 años","0.147912688218123"
"Miguel Hidalgo","2016","Mujeres","Ciudad de México","55 a 59 años","0.133145718075677"
"Miguel Hidalgo","2016","Mujeres","Ciudad de México","60 a 64 años","0.114999022530398"
"Miguel Hidalgo","2016","Mujeres","Ciudad de México","65 y más","0.310989961331965"
"Miguel Hidalgo","2017","Mujeres","Ciudad de México","Hasta 4 años","0.104463588919367"
"Miguel Hidalgo","2017","Mujeres","Ciudad de México","5 a 9 años","0.105181893508361"
"Miguel Hidalgo","2017","Mujeres","Ciudad de México","10 a 14 años","0.112961684749156"
"Miguel Hidalgo","2017","Mujeres","Ciudad de México","15 a 19 años","0.128852792425666"
"Miguel Hidalgo","2017","Mujeres","Ciudad de México","20 a 24 años","0.157441315067621"
"Miguel Hidalgo","2017","Mujeres","Ciudad de México","25 a 29 años","0.186040888549407"
"Miguel Hidalgo","2017","Mujeres","Ciudad de México","30 a 34 años","0.195655119202094"
"Miguel Hidalgo","2017","Mujeres","Ciudad de México","35 a 39 años","0.18673709145874"
"Miguel Hidalgo","2017","Mujeres","Ciudad de México","40 a 44 años","0.176968149048423"
"Miguel Hidalgo","2017","Mujeres","Ciudad de México","45 a 49 años","0.163707141251614"
"Miguel Hidalgo","2017","Mujeres","Ciudad de México","50 a 54 años","0.149208439393769"
"Miguel Hidalgo","2017","Mujeres","Ciudad de México","55 a 59 años","0.135218076168135"
"Miguel Hidalgo","2017","Mujeres","Ciudad de México","60 a 64 años","0.117989816872113"
"Miguel Hidalgo","2017","Mujeres","Ciudad de México","65 y más","0.318949339192931"
"Miguel Hidalgo","2018","Mujeres","Ciudad de México","Hasta 4 años","0.103192040608778"
"Miguel Hidalgo","2018","Mujeres","Ciudad de México","5 a 9 años","0.103092498447419"
"Miguel Hidalgo","2018","Mujeres","Ciudad de México","10 a 14 años","0.110823606312964"
"Miguel Hidalgo","2018","Mujeres","Ciudad de México","15 a 19 años","0.126263701563752"
"Miguel Hidalgo","2018","Mujeres","Ciudad de México","20 a 24 años","0.154412012748033"
"Miguel Hidalgo","2018","Mujeres","Ciudad de México","25 a 29 años","0.185535528532931"
"Miguel Hidalgo","2018","Mujeres","Ciudad de México","30 a 34 años","0.196706371085435"
"Miguel Hidalgo","2018","Mujeres","Ciudad de México","35 a 39 años","0.1874157693586"
"Miguel Hidalgo","2018","Mujeres","Ciudad de México","40 a 44 años","0.176974902656061"
"Miguel Hidalgo","2018","Mujeres","Ciudad de México","45 a 49 años","0.16539483121797"
"Miguel Hidalgo","2018","Mujeres","Ciudad de México","50 a 54 años","0.150673651576997"
"Miguel Hidalgo","2018","Mujeres","Ciudad de México","55 a 59 años","0.137158038112482"
"Miguel Hidalgo","2018","Mujeres","Ciudad de México","60 a 64 años","0.12101008749203"
"Miguel Hidalgo","2018","Mujeres","Ciudad de México","65 y más","0.32767067471336"
"Miguel Hidalgo","2019","Mujeres","Ciudad de México","Hasta 4 años","0.102156819908909"
"Miguel Hidalgo","2019","Mujeres","Ciudad de México","5 a 9 años","0.100960967258772"
"Miguel Hidalgo","2019","Mujeres","Ciudad de México","10 a 14 años","0.108678645936044"
"Miguel Hidalgo","2019","Mujeres","Ciudad de México","15 a 19 años","0.123925767225289"
"Miguel Hidalgo","2019","Mujeres","Ciudad de México","20 a 24 años","0.151530032565947"
"Miguel Hidalgo","2019","Mujeres","Ciudad de México","25 a 29 años","0.18477030715586"
"Miguel Hidalgo","2019","Mujeres","Ciudad de México","30 a 34 años","0.19755928688649"
"Miguel Hidalgo","2019","Mujeres","Ciudad de México","35 a 39 años","0.188213919879866"
"Miguel Hidalgo","2019","Mujeres","Ciudad de México","40 a 44 años","0.176775810735501"
"Miguel Hidalgo","2019","Mujeres","Ciudad de México","45 a 49 años","0.166898953662149"
"Miguel Hidalgo","2019","Mujeres","Ciudad de México","50 a 54 años","0.152360485795208"
"Miguel Hidalgo","2019","Mujeres","Ciudad de México","55 a 59 años","0.138984652449234"
"Miguel Hidalgo","2019","Mujeres","Ciudad de México","60 a 64 años","0.1240254216128"
"Miguel Hidalgo","2019","Mujeres","Ciudad de México","65 y más","0.337164011080239"
"Miguel Hidalgo","2020","Mujeres","Ciudad de México","Hasta 4 años","0.101334513111449"
"Miguel Hidalgo","2020","Mujeres","Ciudad de México","5 a 9 años","0.0987509764493447"
"Miguel Hidalgo","2020","Mujeres","Ciudad de México","10 a 14 años","0.106534850856198"
"Miguel Hidalgo","2020","Mujeres","Ciudad de México","15 a 19 años","0.121736691043943"
"Miguel Hidalgo","2020","Mujeres","Ciudad de México","20 a 24 años","0.148935898907208"
"Miguel Hidalgo","2020","Mujeres","Ciudad de México","25 a 29 años","0.183663953953171"
"Miguel Hidalgo","2020","Mujeres","Ciudad de México","30 a 34 años","0.198167241309532"
"Miguel Hidalgo","2020","Mujeres","Ciudad de México","35 a 39 años","0.189063878221174"
"Miguel Hidalgo","2020","Mujeres","Ciudad de México","40 a 44 años","0.176478839116076"
"Miguel Hidalgo","2020","Mujeres","Ciudad de México","45 a 49 años","0.168140557700187"
"Miguel Hidalgo","2020","Mujeres","Ciudad de México","50 a 54 años","0.154247118053765"
"Miguel Hidalgo","2020","Mujeres","Ciudad de México","55 a 59 años","0.140741763313669"
"Miguel Hidalgo","2020","Mujeres","Ciudad de México","60 a 64 años","0.127003557629777"
"Miguel Hidalgo","2020","Mujeres","Ciudad de México","65 y más","0.347391431861438"
"Miguel Hidalgo","2021","Mujeres","Ciudad de México","Hasta 4 años","0.100446176942316"
"Miguel Hidalgo","2021","Mujeres","Ciudad de México","5 a 9 años","0.0967255368189549"
"Miguel Hidalgo","2021","Mujeres","Ciudad de México","10 a 14 años","0.104444476776375"
"Miguel Hidalgo","2021","Mujeres","Ciudad de México","15 a 19 años","0.119626909757373"
"Miguel Hidalgo","2021","Mujeres","Ciudad de México","20 a 24 años","0.146704284744698"
"Miguel Hidalgo","2021","Mujeres","Ciudad de México","25 a 29 años","0.182089238276124"
"Miguel Hidalgo","2021","Mujeres","Ciudad de México","30 a 34 años","0.19852669314948"
"Miguel Hidalgo","2021","Mujeres","Ciudad de México","35 a 39 años","0.189863710175684"
"Miguel Hidalgo","2021","Mujeres","Ciudad de México","40 a 44 años","0.176325022682022"
"Miguel Hidalgo","2021","Mujeres","Ciudad de México","45 a 49 años","0.168983699931152"
"Miguel Hidalgo","2021","Mujeres","Ciudad de México","50 a 54 años","0.156311310734869"
"Miguel Hidalgo","2021","Mujeres","Ciudad de México","55 a 59 años","0.142517176307364"
"Miguel Hidalgo","2021","Mujeres","Ciudad de México","60 a 64 años","0.12990031905322"
"Miguel Hidalgo","2021","Mujeres","Ciudad de México","65 y más","0.35839204818129"
"Miguel Hidalgo","2022","Mujeres","Ciudad de México","Hasta 4 años","0.099368249385152"
"Miguel Hidalgo","2022","Mujeres","Ciudad de México","5 a 9 años","0.0949840287515854"
"Miguel Hidalgo","2022","Mujeres","Ciudad de México","10 a 14 años","0.102383792003671"
"Miguel Hidalgo","2022","Mujeres","Ciudad de México","15 a 19 años","0.117606162122248"
"Miguel Hidalgo","2022","Mujeres","Ciudad de México","20 a 24 años","0.144723790761846"
"Miguel Hidalgo","2022","Mujeres","Ciudad de México","25 a 29 años","0.180075742418803"
"Miguel Hidalgo","2022","Mujeres","Ciudad de México","30 a 34 años","0.198536204426639"
"Miguel Hidalgo","2022","Mujeres","Ciudad de México","35 a 39 años","0.190568940534167"
"Miguel Hidalgo","2022","Mujeres","Ciudad de México","40 a 44 años","0.176403679451603"
"Miguel Hidalgo","2022","Mujeres","Ciudad de México","45 a 49 años","0.169393377423311"
"Miguel Hidalgo","2022","Mujeres","Ciudad de México","50 a 54 años","0.158466208230006"
"Miguel Hidalgo","2022","Mujeres","Ciudad de México","55 a 59 años","0.144412221782811"
"Miguel Hidalgo","2022","Mujeres","Ciudad de México","60 a 64 años","0.132683875214844"
"Miguel Hidalgo","2022","Mujeres","Ciudad de México","65 y más","0.370143947093807"
"Miguel Hidalgo","2023","Mujeres","Ciudad de México","Hasta 4 años","0.0981984170049416"
"Miguel Hidalgo","2023","Mujeres","Ciudad de México","5 a 9 años","0.0934145059334994"
"Miguel Hidalgo","2023","Mujeres","Ciudad de México","10 a 14 años","0.100317165498121"
"Miguel Hidalgo","2023","Mujeres","Ciudad de México","15 a 19 años","0.115661365111884"
"Miguel Hidalgo","2023","Mujeres","Ciudad de México","20 a 24 años","0.142970918058183"
"Miguel Hidalgo","2023","Mujeres","Ciudad de México","25 a 29 años","0.177762998577762"
"Miguel Hidalgo","2023","Mujeres","Ciudad de México","30 a 34 años","0.198114135420144"
"Miguel Hidalgo","2023","Mujeres","Ciudad de México","35 a 39 años","0.191122265392652"
"Miguel Hidalgo","2023","Mujeres","Ciudad de México","40 a 44 años","0.176714775639031"
"Miguel Hidalgo","2023","Mujeres","Ciudad de México","45 a 49 años","0.169477576838644"
"Miguel Hidalgo","2023","Mujeres","Ciudad de México","50 a 54 años","0.160601135783008"
"Miguel Hidalgo","2023","Mujeres","Ciudad de México","55 a 59 años","0.146472428725858"
"Miguel Hidalgo","2023","Mujeres","Ciudad de México","60 a 64 años","0.135343423482736"
"Miguel Hidalgo","2023","Mujeres","Ciudad de México","65 y más","0.382645977868222"
"Miguel Hidalgo","2024","Mujeres","Ciudad de México","Hasta 4 años","0.096901651027969"
"Miguel Hidalgo","2024","Mujeres","Ciudad de México","5 a 9 años","0.09200570880277"
"Miguel Hidalgo","2024","Mujeres","Ciudad de México","10 a 14 años","0.0982318271119843"
"Miguel Hidalgo","2024","Mujeres","Ciudad de México","15 a 19 años","0.11375800005902"
"Miguel Hidalgo","2024","Mujeres","Ciudad de México","20 a 24 años","0.141345181364479"
"Miguel Hidalgo","2024","Mujeres","Ciudad de México","25 a 29 años","0.17532615023344"
"Miguel Hidalgo","2024","Mujeres","Ciudad de México","30 a 34 años","0.197223754843406"
"Miguel Hidalgo","2024","Mujeres","Ciudad de México","35 a 39 años","0.191433576595339"
"Miguel Hidalgo","2024","Mujeres","Ciudad de México","40 a 44 años","0.177170512030604"
"Miguel Hidalgo","2024","Mujeres","Ciudad de México","45 a 49 años","0.16941301453223"
"Miguel Hidalgo","2024","Mujeres","Ciudad de México","50 a 54 años","0.162594464857866"
"Miguel Hidalgo","2024","Mujeres","Ciudad de México","55 a 59 años","0.148778518304564"
"Miguel Hidalgo","2024","Mujeres","Ciudad de México","60 a 64 años","0.137924728577011"
"Miguel Hidalgo","2024","Mujeres","Ciudad de México","65 y más","0.3958782873234"
"Miguel Hidalgo","2025","Mujeres","Ciudad de México","Hasta 4 años","0.0954534481479431"
"Miguel Hidalgo","2025","Mujeres","Ciudad de México","5 a 9 años","0.0907799612537677"
"Miguel Hidalgo","2025","Mujeres","Ciudad de México","10 a 14 años","0.0960922700975066"
"Miguel Hidalgo","2025","Mujeres","Ciudad de México","15 a 19 años","0.11190591519986"
"Miguel Hidalgo","2025","Mujeres","Ciudad de México","20 a 24 años","0.139756310720307"
"Miguel Hidalgo","2025","Mujeres","Ciudad de México","25 a 29 años","0.172919015084491"
"Miguel Hidalgo","2025","Mujeres","Ciudad de México","30 a 34 años","0.19574849422942"
"Miguel Hidalgo","2025","Mujeres","Ciudad de México","35 a 39 años","0.191467266427082"
"Miguel Hidalgo","2025","Mujeres","Ciudad de México","40 a 44 años","0.177704576004906"
"Miguel Hidalgo","2025","Mujeres","Ciudad de México","45 a 49 años","0.169321438842213"
"Miguel Hidalgo","2025","Mujeres","Ciudad de México","50 a 54 años","0.164367766882439"
"Miguel Hidalgo","2025","Mujeres","Ciudad de México","55 a 59 años","0.15131114282557"
"Miguel Hidalgo","2025","Mujeres","Ciudad de México","60 a 64 años","0.140462377085614"
"Miguel Hidalgo","2025","Mujeres","Ciudad de México","65 y más","0.409798676943705"
"Miguel Hidalgo","2026","Mujeres","Ciudad de México","Hasta 4 años","0.0938063845663882"
"Miguel Hidalgo","2026","Mujeres","Ciudad de México","5 a 9 años","0.0894566276975658"
"Miguel Hidalgo","2026","Mujeres","Ciudad de México","10 a 14 años","0.0941435750213357"
"Miguel Hidalgo","2026","Mujeres","Ciudad de México","15 a 19 años","0.110182600995004"
"Miguel Hidalgo","2026","Mujeres","Ciudad de México","20 a 24 años","0.138124450028318"
"Miguel Hidalgo","2026","Mujeres","Ciudad de México","25 a 29 años","0.170584651157929"
"Miguel Hidalgo","2026","Mujeres","Ciudad de México","30 a 34 años","0.193569800503515"
"Miguel Hidalgo","2026","Mujeres","Ciudad de México","35 a 39 años","0.191220707000715"
"Miguel Hidalgo","2026","Mujeres","Ciudad de México","40 a 44 años","0.1782613538489"
"Miguel Hidalgo","2026","Mujeres","Ciudad de México","45 a 49 años","0.169415724247444"
"Miguel Hidalgo","2026","Mujeres","Ciudad de México","50 a 54 años","0.165807786379506"
"Miguel Hidalgo","2026","Mujeres","Ciudad de México","55 a 59 años","0.154051079183671"
"Miguel Hidalgo","2026","Mujeres","Ciudad de México","60 a 64 años","0.14303619098872"
"Miguel Hidalgo","2026","Mujeres","Ciudad de México","65 y más","0.424376666915064"
"Miguel Hidalgo","2027","Mujeres","Ciudad de México","Hasta 4 años","0.0919349154016126"
"Miguel Hidalgo","2027","Mujeres","Ciudad de México","5 a 9 años","0.0879436276836618"
"Miguel Hidalgo","2027","Mujeres","Ciudad de México","10 a 14 años","0.092498656604713"
"Miguel Hidalgo","2027","Mujeres","Ciudad de México","15 a 19 años","0.108554006069012"
"Miguel Hidalgo","2027","Mujeres","Ciudad de México","20 a 24 años","0.136436645974358"
"Miguel Hidalgo","2027","Mujeres","Ciudad de México","25 a 29 años","0.168254199477344"
"Miguel Hidalgo","2027","Mujeres","Ciudad de México","30 a 34 años","0.190713649008864"
"Miguel Hidalgo","2027","Mujeres","Ciudad de México","35 a 39 años","0.190623450416368"
"Miguel Hidalgo","2027","Mujeres","Ciudad de México","40 a 44 años","0.178796159975322"
"Miguel Hidalgo","2027","Mujeres","Ciudad de México","45 a 49 años","0.169832674846025"
"Miguel Hidalgo","2027","Mujeres","Ciudad de México","50 a 54 años","0.166878670941779"
"Miguel Hidalgo","2027","Mujeres","Ciudad de México","55 a 59 años","0.156911726470964"
"Miguel Hidalgo","2027","Mujeres","Ciudad de México","60 a 64 años","0.145749650649576"
"Miguel Hidalgo","2027","Mujeres","Ciudad de México","65 y más","0.439560290881441"
"Miguel Hidalgo","2028","Mujeres","Ciudad de México","Hasta 4 años","0.089790491869079"
"Miguel Hidalgo","2028","Mujeres","Ciudad de México","5 a 9 años","0.0863626829946515"
"Miguel Hidalgo","2028","Mujeres","Ciudad de México","10 a 14 años","0.0910349109324025"
"Miguel Hidalgo","2028","Mujeres","Ciudad de México","15 a 19 años","0.10699741364467"
"Miguel Hidalgo","2028","Mujeres","Ciudad de México","20 a 24 años","0.134691394253906"
"Miguel Hidalgo","2028","Mujeres","Ciudad de México","25 a 29 años","0.165801870836994"
"Miguel Hidalgo","2028","Mujeres","Ciudad de México","30 a 34 años","0.187341633533066"
"Miguel Hidalgo","2028","Mujeres","Ciudad de México","35 a 39 años","0.189581587847049"
"Miguel Hidalgo","2028","Mujeres","Ciudad de México","40 a 44 años","0.179264222522039"
"Miguel Hidalgo","2028","Mujeres","Ciudad de México","45 a 49 años","0.170541976178199"
"Miguel Hidalgo","2028","Mujeres","Ciudad de México","50 a 54 años","0.167702438133706"
"Miguel Hidalgo","2028","Mujeres","Ciudad de México","55 a 59 años","0.15980603353189"
"Miguel Hidalgo","2028","Mujeres","Ciudad de México","60 a 64 años","0.148662826464857"
"Miguel Hidalgo","2028","Mujeres","Ciudad de México","65 y más","0.455321622369496"
"Miguel Hidalgo","2029","Mujeres","Ciudad de México","Hasta 4 años","0.0873685512046131"
"Miguel Hidalgo","2029","Mujeres","Ciudad de México","5 a 9 años","0.0846663140133593"
"Miguel Hidalgo","2029","Mujeres","Ciudad de México","10 a 14 años","0.0897528781380723"
"Miguel Hidalgo","2029","Mujeres","Ciudad de México","15 a 19 años","0.10551214377446"
"Miguel Hidalgo","2029","Mujeres","Ciudad de México","20 a 24 años","0.132841072007014"
"Miguel Hidalgo","2029","Mujeres","Ciudad de México","25 a 29 años","0.163144731937503"
"Miguel Hidalgo","2029","Mujeres","Ciudad de México","30 a 34 años","0.183615881751917"
"Miguel Hidalgo","2029","Mujeres","Ciudad de México","35 a 39 años","0.188077979298819"
"Miguel Hidalgo","2029","Mujeres","Ciudad de México","40 a 44 años","0.179596587778372"
"Miguel Hidalgo","2029","Mujeres","Ciudad de México","45 a 49 años","0.171501230142389"
"Miguel Hidalgo","2029","Mujeres","Ciudad de México","50 a 54 años","0.168424313004448"
"Miguel Hidalgo","2029","Mujeres","Ciudad de México","55 a 59 años","0.162611096861919"
"Miguel Hidalgo","2029","Mujeres","Ciudad de México","60 a 64 años","0.151847563848018"
"Miguel Hidalgo","2029","Mujeres","Ciudad de México","65 y más","0.471676637127127"
"Miguel Hidalgo","2030","Mujeres","Ciudad de México","Hasta 4 años","0.0846420210134702"
"Miguel Hidalgo","2030","Mujeres","Ciudad de México","5 a 9 años","0.0828411269493538"
"Miguel Hidalgo","2030","Mujeres","Ciudad de México","10 a 14 años","0.0886883336258836"
"Miguel Hidalgo","2030","Mujeres","Ciudad de México","15 a 19 años","0.104052923489358"
"Miguel Hidalgo","2030","Mujeres","Ciudad de México","20 a 24 años","0.130895363495649"
"Miguel Hidalgo","2030","Mujeres","Ciudad de México","25 a 29 años","0.160165591069389"
"Miguel Hidalgo","2030","Mujeres","Ciudad de México","30 a 34 años","0.179701872245943"
"Miguel Hidalgo","2030","Mujeres","Ciudad de México","35 a 39 años","0.186016399534047"
"Miguel Hidalgo","2030","Mujeres","Ciudad de México","40 a 44 años","0.179770260628124"
"Miguel Hidalgo","2030","Mujeres","Ciudad de México","45 a 49 años","0.172680665008628"
"Miguel Hidalgo","2030","Mujeres","Ciudad de México","50 a 54 años","0.169204255581062"
"Miguel Hidalgo","2030","Mujeres","Ciudad de México","55 a 59 años","0.165237729414527"
"Miguel Hidalgo","2030","Mujeres","Ciudad de México","60 a 64 años","0.155310015934493"
"Miguel Hidalgo","2030","Mujeres","Ciudad de México","65 y más","0.488646388751479"
"Milpa Alta","2015","Hombres","Ciudad de México","Hasta 4 años","0.0629447779347534"
"Milpa Alta","2015","Hombres","Ciudad de México","5 a 9 años","0.066609749221028"
"Milpa Alta","2015","Hombres","Ciudad de México","10 a 14 años","0.0709039475052474"
"Milpa Alta","2015","Hombres","Ciudad de México","15 a 19 años","0.0712792758899864"
"Milpa Alta","2015","Hombres","Ciudad de México","20 a 24 años","0.0681662581106808"
"Milpa Alta","2015","Hombres","Ciudad de México","25 a 29 años","0.0612668392735674"
"Milpa Alta","2015","Hombres","Ciudad de México","30 a 34 años","0.0553498976788589"
"Milpa Alta","2015","Hombres","Ciudad de México","35 a 39 años","0.0523472706009471"
"Milpa Alta","2015","Hombres","Ciudad de México","40 a 44 años","0.0505810193786461"
"Milpa Alta","2015","Hombres","Ciudad de México","45 a 49 años","0.0438582256637627"
"Milpa Alta","2015","Hombres","Ciudad de México","50 a 54 años","0.0365834784419103"
"Milpa Alta","2015","Hombres","Ciudad de México","55 a 59 años","0.0289334028353189"
"Milpa Alta","2015","Hombres","Ciudad de México","60 a 64 años","0.0205989048800859"
"Milpa Alta","2015","Hombres","Ciudad de México","65 y más","0.0412309269705899"
"Milpa Alta","2016","Hombres","Ciudad de México","Hasta 4 años","0.0622487985959781"
"Milpa Alta","2016","Hombres","Ciudad de México","5 a 9 años","0.065882555646737"
"Milpa Alta","2016","Hombres","Ciudad de México","10 a 14 años","0.0707864709371227"
"Milpa Alta","2016","Hombres","Ciudad de México","15 a 19 años","0.0712282651074278"
"Milpa Alta","2016","Hombres","Ciudad de México","20 a 24 años","0.068478096397279"
"Milpa Alta","2016","Hombres","Ciudad de México","25 a 29 años","0.0623150677215239"
"Milpa Alta","2016","Hombres","Ciudad de México","30 a 34 años","0.0563618912766637"
"Milpa Alta","2016","Hombres","Ciudad de México","35 a 39 años","0.0526397753918438"
"Milpa Alta","2016","Hombres","Ciudad de México","40 a 44 años","0.0510161818159728"
"Milpa Alta","2016","Hombres","Ciudad de México","45 a 49 años","0.0448089737231872"
"Milpa Alta","2016","Hombres","Ciudad de México","50 a 54 años","0.0374862353503814"
"Milpa Alta","2016","Hombres","Ciudad de México","55 a 59 años","0.029975734455196"
"Milpa Alta","2016","Hombres","Ciudad de México","60 a 64 años","0.0214822415310819"
"Milpa Alta","2016","Hombres","Ciudad de México","65 y más","0.042809855102557"
"Milpa Alta","2017","Hombres","Ciudad de México","Hasta 4 años","0.0618294488526245"
"Milpa Alta","2017","Hombres","Ciudad de México","5 a 9 años","0.0651668024814882"
"Milpa Alta","2017","Hombres","Ciudad de México","10 a 14 años","0.0705154089595347"
"Milpa Alta","2017","Hombres","Ciudad de México","15 a 19 años","0.0711342559900525"
"Milpa Alta","2017","Hombres","Ciudad de México","20 a 24 años","0.0683604951925531"
"Milpa Alta","2017","Hombres","Ciudad de México","25 a 29 años","0.063100295433152"
"Milpa Alta","2017","Hombres","Ciudad de México","30 a 34 años","0.0573538587212012"
"Milpa Alta","2017","Hombres","Ciudad de México","35 a 39 años","0.0532097937846983"
"Milpa Alta","2017","Hombres","Ciudad de México","40 a 44 años","0.0513864052126369"
"Milpa Alta","2017","Hombres","Ciudad de México","45 a 49 años","0.0457725785786542"
"Milpa Alta","2017","Hombres","Ciudad de México","50 a 54 años","0.0383353633726102"
"Milpa Alta","2017","Hombres","Ciudad de México","55 a 59 años","0.0308649956470742"
"Milpa Alta","2017","Hombres","Ciudad de México","60 a 64 años","0.0222674422588093"
"Milpa Alta","2017","Hombres","Ciudad de México","65 y más","0.0443249185608359"
"Milpa Alta","2018","Hombres","Ciudad de México","Hasta 4 años","0.0614506942789249"
"Milpa Alta","2018","Hombres","Ciudad de México","5 a 9 años","0.0643263567181834"
"Milpa Alta","2018","Hombres","Ciudad de México","10 a 14 años","0.0700887418368515"
"Milpa Alta","2018","Hombres","Ciudad de México","15 a 19 años","0.070995681529233"
"Milpa Alta","2018","Hombres","Ciudad de México","20 a 24 años","0.0679983564483136"
"Milpa Alta","2018","Hombres","Ciudad de México","25 a 29 años","0.0636406218288218"
"Milpa Alta","2018","Hombres","Ciudad de México","30 a 34 años","0.0582542848752875"
"Milpa Alta","2018","Hombres","Ciudad de México","35 a 39 años","0.0538965502557957"
"Milpa Alta","2018","Hombres","Ciudad de México","40 a 44 años","0.0516070805445399"
"Milpa Alta","2018","Hombres","Ciudad de México","45 a 49 años","0.0466078519962904"
"Milpa Alta","2018","Hombres","Ciudad de México","50 a 54 años","0.0391532501345202"
"Milpa Alta","2018","Hombres","Ciudad de México","55 a 59 años","0.031687588032599"
"Milpa Alta","2018","Hombres","Ciudad de México","60 a 64 años","0.0230384802345213"
"Milpa Alta","2018","Hombres","Ciudad de México","65 y más","0.0459110568667777"
"Milpa Alta","2019","Hombres","Ciudad de México","Hasta 4 años","0.0611213576736591"
"Milpa Alta","2019","Hombres","Ciudad de México","5 a 9 años","0.0633469723280804"
"Milpa Alta","2019","Hombres","Ciudad de México","10 a 14 años","0.0694812535148933"
"Milpa Alta","2019","Hombres","Ciudad de México","15 a 19 años","0.070809978681712"
"Milpa Alta","2019","Hombres","Ciudad de México","20 a 24 años","0.0674549476354948"
"Milpa Alta","2019","Hombres","Ciudad de México","25 a 29 años","0.0639006078142549"
"Milpa Alta","2019","Hombres","Ciudad de México","30 a 34 años","0.0590507609553667"
"Milpa Alta","2019","Hombres","Ciudad de México","35 a 39 años","0.0546770406145885"
"Milpa Alta","2019","Hombres","Ciudad de México","40 a 44 años","0.051742772537864"
"Milpa Alta","2019","Hombres","Ciudad de México","45 a 49 años","0.0472915432290214"
"Milpa Alta","2019","Hombres","Ciudad de México","50 a 54 años","0.0399503366823482"
"Milpa Alta","2019","Hombres","Ciudad de México","55 a 59 años","0.0324319667800992"
"Milpa Alta","2019","Hombres","Ciudad de México","60 a 64 años","0.0237841804860543"
"Milpa Alta","2019","Hombres","Ciudad de México","65 y más","0.0475572882623851"
"Milpa Alta","2020","Hombres","Ciudad de México","Hasta 4 años","0.060829537031339"
"Milpa Alta","2020","Hombres","Ciudad de México","5 a 9 años","0.0622155545539269"
"Milpa Alta","2020","Hombres","Ciudad de México","10 a 14 años","0.0687242928399998"
"Milpa Alta","2020","Hombres","Ciudad de México","15 a 19 años","0.070509483409093"
"Milpa Alta","2020","Hombres","Ciudad de México","20 a 24 años","0.0668393090092802"
"Milpa Alta","2020","Hombres","Ciudad de México","25 a 29 años","0.0638455111604903"
"Milpa Alta","2020","Hombres","Ciudad de México","30 a 34 años","0.0596985467329072"
"Milpa Alta","2020","Hombres","Ciudad de México","35 a 39 años","0.0554961416044206"
"Milpa Alta","2020","Hombres","Ciudad de México","40 a 44 años","0.0518814079055113"
"Milpa Alta","2020","Hombres","Ciudad de México","45 a 49 años","0.047778796038651"
"Milpa Alta","2020","Hombres","Ciudad de México","50 a 54 años","0.0407045626033623"
"Milpa Alta","2020","Hombres","Ciudad de México","55 a 59 años","0.0331091865795804"
"Milpa Alta","2020","Hombres","Ciudad de México","60 a 64 años","0.0245047897993546"
"Milpa Alta","2020","Hombres","Ciudad de México","65 y más","0.0492646068228653"
"Milpa Alta","2021","Hombres","Ciudad de México","Hasta 4 años","0.0603521147174418"
"Milpa Alta","2021","Hombres","Ciudad de México","5 a 9 años","0.0611628810726816"
"Milpa Alta","2021","Hombres","Ciudad de México","10 a 14 años","0.0678267141294474"
"Milpa Alta","2021","Hombres","Ciudad de México","15 a 19 años","0.0700257790381801"
"Milpa Alta","2021","Hombres","Ciudad de México","20 a 24 años","0.0661718622536839"
"Milpa Alta","2021","Hombres","Ciudad de México","25 a 29 años","0.063428584311982"
"Milpa Alta","2021","Hombres","Ciudad de México","30 a 34 años","0.0602077316678786"
"Milpa Alta","2021","Hombres","Ciudad de México","35 a 39 años","0.0562982829412427"
"Milpa Alta","2021","Hombres","Ciudad de México","40 a 44 años","0.0520889617270523"
"Milpa Alta","2021","Hombres","Ciudad de México","45 a 49 años","0.048057342727709"
"Milpa Alta","2021","Hombres","Ciudad de México","50 a 54 años","0.041437935224655"
"Milpa Alta","2021","Hombres","Ciudad de México","55 a 59 años","0.0337412080440906"
"Milpa Alta","2021","Hombres","Ciudad de México","60 a 64 años","0.0251781825661466"
"Milpa Alta","2021","Hombres","Ciudad de México","65 y más","0.0510338548263977"
"Milpa Alta","2022","Hombres","Ciudad de México","Hasta 4 años","0.0596320770946282"
"Milpa Alta","2022","Hombres","Ciudad de México","5 a 9 años","0.0602552150526986"
"Milpa Alta","2022","Hombres","Ciudad de México","10 a 14 años","0.0667870361489006"
"Milpa Alta","2022","Hombres","Ciudad de México","15 a 19 años","0.06932409783533"
"Milpa Alta","2022","Hombres","Ciudad de México","20 a 24 años","0.065473995451538"
"Milpa Alta","2022","Hombres","Ciudad de México","25 a 29 años","0.0627032570308322"
"Milpa Alta","2022","Hombres","Ciudad de México","30 a 34 años","0.0605334016411228"
"Milpa Alta","2022","Hombres","Ciudad de México","35 a 39 años","0.0570393780905139"
"Milpa Alta","2022","Hombres","Ciudad de México","40 a 44 años","0.0524103532591339"
"Milpa Alta","2022","Hombres","Ciudad de México","45 a 49 años","0.0481151523338631"
"Milpa Alta","2022","Hombres","Ciudad de México","50 a 54 años","0.0420951945603617"
"Milpa Alta","2022","Hombres","Ciudad de México","55 a 59 años","0.0343504799386298"
"Milpa Alta","2022","Hombres","Ciudad de México","60 a 64 años","0.025804587942236"
"Milpa Alta","2022","Hombres","Ciudad de México","65 y más","0.0528554518006128"
"Milpa Alta","2023","Hombres","Ciudad de México","Hasta 4 años","0.0588119976475201"
"Milpa Alta","2023","Hombres","Ciudad de México","5 a 9 años","0.0593584117326032"
"Milpa Alta","2023","Hombres","Ciudad de México","10 a 14 años","0.0655808415178357"
"Milpa Alta","2023","Hombres","Ciudad de México","15 a 19 años","0.068413273713981"
"Milpa Alta","2023","Hombres","Ciudad de México","20 a 24 años","0.0646998881969874"
"Milpa Alta","2023","Hombres","Ciudad de México","25 a 29 años","0.0617224889986772"
"Milpa Alta","2023","Hombres","Ciudad de México","30 a 34 años","0.0606185095206521"
"Milpa Alta","2023","Hombres","Ciudad de México","35 a 39 años","0.0576745642459185"
"Milpa Alta","2023","Hombres","Ciudad de México","40 a 44 años","0.0528348966351821"
"Milpa Alta","2023","Hombres","Ciudad de México","45 a 49 años","0.0480286829480222"
"Milpa Alta","2023","Hombres","Ciudad de México","50 a 54 años","0.0426537525600615"
"Milpa Alta","2023","Hombres","Ciudad de México","55 a 59 años","0.0349258962138857"
"Milpa Alta","2023","Hombres","Ciudad de México","60 a 64 años","0.0263839943940145"
"Milpa Alta","2023","Hombres","Ciudad de México","65 y más","0.0547306189711848"
"Milpa Alta","2024","Hombres","Ciudad de México","Hasta 4 años","0.0578682486298069"
"Milpa Alta","2024","Hombres","Ciudad de México","5 a 9 años","0.0584830358955282"
"Milpa Alta","2024","Hombres","Ciudad de México","10 a 14 años","0.0641726125910221"
"Milpa Alta","2024","Hombres","Ciudad de México","15 a 19 años","0.0672689048202004"
"Milpa Alta","2024","Hombres","Ciudad de México","20 a 24 años","0.0638484520327326"
"Milpa Alta","2024","Hombres","Ciudad de México","25 a 29 años","0.0605844905492666"
"Milpa Alta","2024","Hombres","Ciudad de México","30 a 34 años","0.0604279992452648"
"Milpa Alta","2024","Hombres","Ciudad de México","35 a 39 años","0.0581700532875246"
"Milpa Alta","2024","Hombres","Ciudad de México","40 a 44 años","0.0533188228634689"
"Milpa Alta","2024","Hombres","Ciudad de México","45 a 49 años","0.0478528051736919"
"Milpa Alta","2024","Hombres","Ciudad de México","50 a 54 años","0.0430686424513513"
"Milpa Alta","2024","Hombres","Ciudad de México","55 a 59 años","0.0355011701078359"
"Milpa Alta","2024","Hombres","Ciudad de México","60 a 64 años","0.0269165042883088"
"Milpa Alta","2024","Hombres","Ciudad de México","65 y más","0.0566610299989359"
"Milpa Alta","2025","Hombres","Ciudad de México","Hasta 4 años","0.0567991164980364"
"Milpa Alta","2025","Hombres","Ciudad de México","5 a 9 años","0.0576060494869587"
"Milpa Alta","2025","Hombres","Ciudad de México","10 a 14 años","0.0625597214467322"
"Milpa Alta","2025","Hombres","Ciudad de México","15 a 19 años","0.0659107348312849"
"Milpa Alta","2025","Hombres","Ciudad de México","20 a 24 años","0.0628399065123303"
"Milpa Alta","2025","Hombres","Ciudad de México","25 a 29 años","0.0593656116989145"
"Milpa Alta","2025","Hombres","Ciudad de México","30 a 34 años","0.0599371892327345"
"Milpa Alta","2025","Hombres","Ciudad de México","35 a 39 años","0.0585138490994964"
"Milpa Alta","2025","Hombres","Ciudad de México","40 a 44 años","0.0538067399974492"
"Milpa Alta","2025","Hombres","Ciudad de México","45 a 49 años","0.0476538759569161"
"Milpa Alta","2025","Hombres","Ciudad de México","50 a 54 años","0.0433054037388343"
"Milpa Alta","2025","Hombres","Ciudad de México","55 a 59 años","0.0360542142411569"
"Milpa Alta","2025","Hombres","Ciudad de México","60 a 64 años","0.0274020994154891"
"Milpa Alta","2025","Hombres","Ciudad de México","65 y más","0.0586147157231117"
"Milpa Alta","2026","Hombres","Ciudad de México","Hasta 4 años","0.0555802266571759"
"Milpa Alta","2026","Hombres","Ciudad de México","5 a 9 años","0.0565131202491972"
"Milpa Alta","2026","Hombres","Ciudad de México","10 a 14 años","0.0609527945726724"
"Milpa Alta","2026","Hombres","Ciudad de México","15 a 19 años","0.0643584181676419"
"Milpa Alta","2026","Hombres","Ciudad de México","20 a 24 años","0.0616046961189041"
"Milpa Alta","2026","Hombres","Ciudad de México","25 a 29 años","0.0580979153874504"
"Milpa Alta","2026","Hombres","Ciudad de México","30 a 34 años","0.0591207264341244"
"Milpa Alta","2026","Hombres","Ciudad de México","35 a 39 años","0.0587048582063558"
"Milpa Alta","2026","Hombres","Ciudad de México","40 a 44 años","0.0542202251555544"
"Milpa Alta","2026","Hombres","Ciudad de México","45 a 49 años","0.0475101351020996"
"Milpa Alta","2026","Hombres","Ciudad de México","50 a 54 años","0.0433402131425824"
"Milpa Alta","2026","Hombres","Ciudad de México","55 a 59 años","0.0365964040436329"
"Milpa Alta","2026","Hombres","Ciudad de México","60 a 64 años","0.0278631712604932"
"Milpa Alta","2026","Hombres","Ciudad de México","65 y más","0.0606043644358933"
"Milpa Alta","2027","Hombres","Ciudad de México","Hasta 4 años","0.0542206289141961"
"Milpa Alta","2027","Hombres","Ciudad de México","5 a 9 años","0.0551677141354048"
"Milpa Alta","2027","Hombres","Ciudad de México","10 a 14 años","0.0593957731586577"
"Milpa Alta","2027","Hombres","Ciudad de México","15 a 19 años","0.062586548368206"
"Milpa Alta","2027","Hombres","Ciudad de México","20 a 24 años","0.0601286367226883"
"Milpa Alta","2027","Hombres","Ciudad de México","25 a 29 años","0.0567912888003339"
"Milpa Alta","2027","Hombres","Ciudad de México","30 a 34 años","0.0580202446230928"
"Milpa Alta","2027","Hombres","Ciudad de México","35 a 39 años","0.0586967340668133"
"Milpa Alta","2027","Hombres","Ciudad de México","40 a 44 años","0.0545363239879323"
"Milpa Alta","2027","Hombres","Ciudad de México","45 a 49 años","0.0474444596529293"
"Milpa Alta","2027","Hombres","Ciudad de México","50 a 54 años","0.0431938509815524"
"Milpa Alta","2027","Hombres","Ciudad de México","55 a 59 años","0.0370828963399441"
"Milpa Alta","2027","Hombres","Ciudad de México","60 a 64 años","0.0283223580437639"
"Milpa Alta","2027","Hombres","Ciudad de México","65 y más","0.062597823192268"
"Milpa Alta","2028","Hombres","Ciudad de México","Hasta 4 años","0.0527068037820384"
"Milpa Alta","2028","Hombres","Ciudad de México","5 a 9 años","0.0537136519332729"
"Milpa Alta","2028","Hombres","Ciudad de México","10 a 14 años","0.0577636703393621"
"Milpa Alta","2028","Hombres","Ciudad de México","15 a 19 años","0.0605805825827035"
"Milpa Alta","2028","Hombres","Ciudad de México","20 a 24 años","0.0584085056721752"
"Milpa Alta","2028","Hombres","Ciudad de México","25 a 29 años","0.0554105870196231"
"Milpa Alta","2028","Hombres","Ciudad de México","30 a 34 años","0.056711570585825"
"Milpa Alta","2028","Hombres","Ciudad de México","35 a 39 años","0.0584311314733266"
"Milpa Alta","2028","Hombres","Ciudad de México","40 a 44 años","0.054697874283356"
"Milpa Alta","2028","Hombres","Ciudad de México","45 a 49 años","0.0474236792132013"
"Milpa Alta","2028","Hombres","Ciudad de México","50 a 54 años","0.042898518982934"
"Milpa Alta","2028","Hombres","Ciudad de México","55 a 59 años","0.0374909525077646"
"Milpa Alta","2028","Hombres","Ciudad de México","60 a 64 años","0.0287687061639244"
"Milpa Alta","2028","Hombres","Ciudad de México","65 y más","0.0646079751876414"
"Milpa Alta","2029","Hombres","Ciudad de México","Hasta 4 años","0.0510245963760274"
"Milpa Alta","2029","Hombres","Ciudad de México","5 a 9 años","0.0521032204649733"
"Milpa Alta","2029","Hombres","Ciudad de México","10 a 14 años","0.0560316829362918"
"Milpa Alta","2029","Hombres","Ciudad de México","15 a 19 años","0.0583024704919673"
"Milpa Alta","2029","Hombres","Ciudad de México","20 a 24 años","0.0564063628829783"
"Milpa Alta","2029","Hombres","Ciudad de México","25 a 29 años","0.053931204447292"
"Milpa Alta","2029","Hombres","Ciudad de México","30 a 34 años","0.0552709691051405"
"Milpa Alta","2029","Hombres","Ciudad de México","35 a 39 años","0.0578937287319457"
"Milpa Alta","2029","Hombres","Ciudad de México","40 a 44 años","0.0546805643406649"
"Milpa Alta","2029","Hombres","Ciudad de México","45 a 49 años","0.0474253981002818"
"Milpa Alta","2029","Hombres","Ciudad de México","50 a 54 años","0.0425318509178012"
"Milpa Alta","2029","Hombres","Ciudad de México","55 a 59 años","0.0377859049264395"
"Milpa Alta","2029","Hombres","Ciudad de México","60 a 64 años","0.0292363897793215"
"Milpa Alta","2029","Hombres","Ciudad de México","65 y más","0.0666249068835178"
"Milpa Alta","2030","Hombres","Ciudad de México","Hasta 4 años","0.0491826448522925"
"Milpa Alta","2030","Hombres","Ciudad de México","5 a 9 años","0.0503566454130772"
"Milpa Alta","2030","Hombres","Ciudad de México","10 a 14 años","0.0541749967515518"
"Milpa Alta","2030","Hombres","Ciudad de México","15 a 19 años","0.0557365314780325"
"Milpa Alta","2030","Hombres","Ciudad de México","20 a 24 años","0.0541635986878549"
"Milpa Alta","2030","Hombres","Ciudad de México","25 a 29 años","0.0522943162415569"
"Milpa Alta","2030","Hombres","Ciudad de México","30 a 34 años","0.053776064522159"
"Milpa Alta","2030","Hombres","Ciudad de México","35 a 39 años","0.0570473088031805"
"Milpa Alta","2030","Hombres","Ciudad de México","40 a 44 años","0.0544371522165814"
"Milpa Alta","2030","Hombres","Ciudad de México","45 a 49 años","0.0473475565970853"
"Milpa Alta","2030","Hombres","Ciudad de México","50 a 54 años","0.0421386414875841"
"Milpa Alta","2030","Hombres","Ciudad de México","55 a 59 años","0.0379555521108074"
"Milpa Alta","2030","Hombres","Ciudad de México","60 a 64 años","0.0297147520579204"
"Milpa Alta","2030","Hombres","Ciudad de México","65 y más","0.0686391395829676"
"Milpa Alta","2015","Mujeres","Ciudad de México","Hasta 4 años","0.0626908793215476"
"Milpa Alta","2015","Mujeres","Ciudad de México","5 a 9 años","0.0654948031369505"
"Milpa Alta","2015","Mujeres","Ciudad de México","10 a 14 años","0.0688286023190437"
"Milpa Alta","2015","Mujeres","Ciudad de México","15 a 19 años","0.0685636646356985"
"Milpa Alta","2015","Mujeres","Ciudad de México","20 a 24 años","0.0669078041147913"
"Milpa Alta","2015","Mujeres","Ciudad de México","25 a 29 años","0.0635298486521406"
"Milpa Alta","2015","Mujeres","Ciudad de México","30 a 34 años","0.0619954179027665"
"Milpa Alta","2015","Mujeres","Ciudad de México","35 a 39 años","0.0608583936784102"
"Milpa Alta","2015","Mujeres","Ciudad de México","40 a 44 años","0.05622198421987"
"Milpa Alta","2015","Mujeres","Ciudad de México","45 a 49 años","0.0469160480923714"
"Milpa Alta","2015","Mujeres","Ciudad de México","50 a 54 años","0.0387360971190897"
"Milpa Alta","2015","Mujeres","Ciudad de México","55 a 59 años","0.0305340680055292"
"Milpa Alta","2015","Mujeres","Ciudad de México","60 a 64 años","0.0224093123829445"
"Milpa Alta","2015","Mujeres","Ciudad de México","65 y más","0.0489361979278782"
"Milpa Alta","2016","Mujeres","Ciudad de México","Hasta 4 años","0.0620941706363714"
"Milpa Alta","2016","Mujeres","Ciudad de México","5 a 9 años","0.0648222496380049"
"Milpa Alta","2016","Mujeres","Ciudad de México","10 a 14 años","0.0686769037739162"
"Milpa Alta","2016","Mujeres","Ciudad de México","15 a 19 años","0.0686216795026281"
"Milpa Alta","2016","Mujeres","Ciudad de México","20 a 24 años","0.0671306241778487"
"Milpa Alta","2016","Mujeres","Ciudad de México","25 a 29 años","0.064082244402744"
"Milpa Alta","2016","Mujeres","Ciudad de México","30 a 34 años","0.0626464133492527"
"Milpa Alta","2016","Mujeres","Ciudad de México","35 a 39 años","0.0613872999638833"
"Milpa Alta","2016","Mujeres","Ciudad de México","40 a 44 años","0.0572233899087585"
"Milpa Alta","2016","Mujeres","Ciudad de México","45 a 49 años","0.0481776542717631"
"Milpa Alta","2016","Mujeres","Ciudad de México","50 a 54 años","0.0397725201817099"
"Milpa Alta","2016","Mujeres","Ciudad de México","55 a 59 años","0.0316103728853246"
"Milpa Alta","2016","Mujeres","Ciudad de México","60 a 64 años","0.0233709116091359"
"Milpa Alta","2016","Mujeres","Ciudad de México","65 y más","0.0507290156052746"
"Milpa Alta","2017","Mujeres","Ciudad de México","Hasta 4 años","0.0616526354153337"
"Milpa Alta","2017","Mujeres","Ciudad de México","5 a 9 años","0.0641390743772354"
"Milpa Alta","2017","Mujeres","Ciudad de México","10 a 14 años","0.0684268002315372"
"Milpa Alta","2017","Mujeres","Ciudad de México","15 a 19 años","0.0686478170281507"
"Milpa Alta","2017","Mujeres","Ciudad de México","20 a 24 años","0.0670343944128722"
"Milpa Alta","2017","Mujeres","Ciudad de México","25 a 29 años","0.0644042945331716"
"Milpa Alta","2017","Mujeres","Ciudad de México","30 a 34 años","0.0631776513119668"
"Milpa Alta","2017","Mujeres","Ciudad de México","35 a 39 años","0.0619620589305925"
"Milpa Alta","2017","Mujeres","Ciudad de México","40 a 44 años","0.0580500616305337"
"Milpa Alta","2017","Mujeres","Ciudad de México","45 a 49 años","0.0494525082422689"
"Milpa Alta","2017","Mujeres","Ciudad de México","50 a 54 años","0.0407775989751893"
"Milpa Alta","2017","Mujeres","Ciudad de México","55 a 59 años","0.0325557741411674"
"Milpa Alta","2017","Mujeres","Ciudad de México","60 a 64 años","0.0242123900690081"
"Milpa Alta","2017","Mujeres","Ciudad de México","65 y más","0.0525135908753658"
"Milpa Alta","2018","Mujeres","Ciudad de México","Hasta 4 años","0.061251609956207"
"Milpa Alta","2018","Mujeres","Ciudad de México","5 a 9 años","0.0633198748644429"
"Milpa Alta","2018","Mujeres","Ciudad de México","10 a 14 años","0.0680315371687665"
"Milpa Alta","2018","Mujeres","Ciudad de México","15 a 19 años","0.0685956094164673"
"Milpa Alta","2018","Mujeres","Ciudad de México","20 a 24 años","0.0667706697915532"
"Milpa Alta","2018","Mujeres","Ciudad de México","25 a 29 años","0.0645475615212033"
"Milpa Alta","2018","Mujeres","Ciudad de México","30 a 34 años","0.0636185013485198"
"Milpa Alta","2018","Mujeres","Ciudad de México","35 a 39 años","0.0625124773334203"
"Milpa Alta","2018","Mujeres","Ciudad de México","40 a 44 años","0.0586524535207233"
"Milpa Alta","2018","Mujeres","Ciudad de México","45 a 49 años","0.0506227191711014"
"Milpa Alta","2018","Mujeres","Ciudad de México","50 a 54 años","0.0417745270503058"
"Milpa Alta","2018","Mujeres","Ciudad de México","55 a 59 años","0.0334461662166071"
"Milpa Alta","2018","Mujeres","Ciudad de México","60 a 64 años","0.0250403837018513"
"Milpa Alta","2018","Mujeres","Ciudad de México","65 y más","0.0543500201019865"
"Milpa Alta","2019","Mujeres","Ciudad de México","Hasta 4 años","0.0608888307694659"
"Milpa Alta","2019","Mujeres","Ciudad de México","5 a 9 años","0.0623836465821369"
"Milpa Alta","2019","Mujeres","Ciudad de México","10 a 14 años","0.0674549476354948"
"Milpa Alta","2019","Mujeres","Ciudad de México","15 a 19 años","0.0684736369300558"
"Milpa Alta","2019","Mujeres","Ciudad de México","20 a 24 años","0.0663698220825929"
"Milpa Alta","2019","Mujeres","Ciudad de México","25 a 29 años","0.0645096068490467"
"Milpa Alta","2019","Mujeres","Ciudad de México","30 a 34 años","0.0639227532337018"
"Milpa Alta","2019","Mujeres","Ciudad de México","35 a 39 años","0.0630147910363757"
"Milpa Alta","2019","Mujeres","Ciudad de México","40 a 44 años","0.0590950517942606"
"Milpa Alta","2019","Mujeres","Ciudad de México","45 a 49 años","0.0516652635697995"
"Milpa Alta","2019","Mujeres","Ciudad de México","50 a 54 años","0.0427517322423909"
"Milpa Alta","2019","Mujeres","Ciudad de México","55 a 59 años","0.0342589638844749"
"Milpa Alta","2019","Mujeres","Ciudad de México","60 a 64 años","0.0258437044946233"
"Milpa Alta","2019","Mujeres","Ciudad de México","65 y más","0.0562604381050475"
"Milpa Alta","2020","Mujeres","Ciudad de México","Hasta 4 años","0.0605855979473635"
"Milpa Alta","2020","Mujeres","Ciudad de México","5 a 9 años","0.0612730626385671"
"Milpa Alta","2020","Mujeres","Ciudad de México","10 a 14 años","0.0667173394672925"
"Milpa Alta","2020","Mujeres","Ciudad de México","15 a 19 años","0.0681809739711453"
"Milpa Alta","2020","Mujeres","Ciudad de México","20 a 24 años","0.0658857289537397"
"Milpa Alta","2020","Mujeres","Ciudad de México","25 a 29 años","0.0642446842069956"
"Milpa Alta","2020","Mujeres","Ciudad de México","30 a 34 años","0.0640783621042851"
"Milpa Alta","2020","Mujeres","Ciudad de México","35 a 39 años","0.063446338113985"
"Milpa Alta","2020","Mujeres","Ciudad de México","40 a 44 años","0.0593880788078475"
"Milpa Alta","2020","Mujeres","Ciudad de México","45 a 49 años","0.0525466963163535"
"Milpa Alta","2020","Mujeres","Ciudad de México","50 a 54 años","0.043742713012875"
"Milpa Alta","2020","Mujeres","Ciudad de México","55 a 59 años","0.0350163466906614"
"Milpa Alta","2020","Mujeres","Ciudad de México","60 a 64 años","0.0266226245738689"
"Milpa Alta","2020","Mujeres","Ciudad de México","65 y más","0.0582349122290544"
"Milpa Alta","2021","Mujeres","Ciudad de México","Hasta 4 años","0.0601521997257388"
"Milpa Alta","2021","Mujeres","Ciudad de México","5 a 9 años","0.0601855188910227"
"Milpa Alta","2021","Mujeres","Ciudad de México","10 a 14 años","0.0658386706008456"
"Milpa Alta","2021","Mujeres","Ciudad de México","15 a 19 años","0.06770454385674"
"Milpa Alta","2021","Mujeres","Ciudad de México","20 a 24 años","0.065372202286872"
"Milpa Alta","2021","Mujeres","Ciudad de México","25 a 29 años","0.0637173504111085"
"Milpa Alta","2021","Mujeres","Ciudad de México","30 a 34 años","0.0640838612292306"
"Milpa Alta","2021","Mujeres","Ciudad de México","35 a 39 años","0.0637728823532482"
"Milpa Alta","2021","Mujeres","Ciudad de México","40 a 44 años","0.0596079866927696"
"Milpa Alta","2021","Mujeres","Ciudad de México","45 a 49 años","0.0531884941814186"
"Milpa Alta","2021","Mujeres","Ciudad de México","50 a 54 años","0.0447143198108982"
"Milpa Alta","2021","Mujeres","Ciudad de México","55 a 59 años","0.0357292515726924"
"Milpa Alta","2021","Mujeres","Ciudad de México","60 a 64 años","0.0273550346980234"
"Milpa Alta","2021","Mujeres","Ciudad de México","65 y más","0.0602521572215903"
"Milpa Alta","2022","Mujeres","Ciudad de México","Hasta 4 años","0.0595430573863324"
"Milpa Alta","2022","Mujeres","Ciudad de México","5 a 9 años","0.0591758510896124"
"Milpa Alta","2022","Mujeres","Ciudad de México","10 a 14 años","0.0648063476393197"
"Milpa Alta","2022","Mujeres","Ciudad de México","15 a 19 años","0.067020712883177"
"Milpa Alta","2022","Mujeres","Ciudad de México","20 a 24 años","0.0647729652487088"
"Milpa Alta","2022","Mujeres","Ciudad de México","25 a 29 años","0.0629591886921825"
"Milpa Alta","2022","Mujeres","Ciudad de México","30 a 34 años","0.063927278019899"
"Milpa Alta","2022","Mujeres","Ciudad de México","35 a 39 años","0.0639940428011209"
"Milpa Alta","2022","Mujeres","Ciudad de México","40 a 44 años","0.0597878615841458"
"Milpa Alta","2022","Mujeres","Ciudad de México","45 a 49 años","0.0535898643940529"
"Milpa Alta","2022","Mujeres","Ciudad de México","50 a 54 años","0.0456337279651185"
"Milpa Alta","2022","Mujeres","Ciudad de México","55 a 59 años","0.0364201881565064"
"Milpa Alta","2022","Mujeres","Ciudad de México","60 a 64 años","0.0280523355767042"
"Milpa Alta","2022","Mujeres","Ciudad de México","65 y más","0.0623360507341122"
"Milpa Alta","2023","Mujeres","Ciudad de México","Hasta 4 años","0.0588231489553789"
"Milpa Alta","2023","Mujeres","Ciudad de México","5 a 9 años","0.0581763730995662"
"Milpa Alta","2023","Mujeres","Ciudad de México","10 a 14 años","0.0636070600268211"
"Milpa Alta","2023","Mujeres","Ciudad de México","15 a 19 años","0.0661272556029189"
"Milpa Alta","2023","Mujeres","Ciudad de México","20 a 24 años","0.0640642636490335"
"Milpa Alta","2023","Mujeres","Ciudad de México","25 a 29 años","0.0619901203872894"
"Milpa Alta","2023","Mujeres","Ciudad de México","30 a 34 años","0.0635624547953858"
"Milpa Alta","2023","Mujeres","Ciudad de México","35 a 39 años","0.0640531123411747"
"Milpa Alta","2023","Mujeres","Ciudad de México","40 a 44 años","0.0599159771255452"
"Milpa Alta","2023","Mujeres","Ciudad de México","45 a 49 años","0.0537827578031834"
"Milpa Alta","2023","Mujeres","Ciudad de México","50 a 54 años","0.0464674998477847"
"Milpa Alta","2023","Mujeres","Ciudad de México","55 a 59 años","0.0371227038620771"
"Milpa Alta","2023","Mujeres","Ciudad de México","60 a 64 años","0.0286923151207943"
"Milpa Alta","2023","Mujeres","Ciudad de México","65 y más","0.0644545594240929"
"Milpa Alta","2024","Mujeres","Ciudad de México","Hasta 4 años","0.0579688501823794"
"Milpa Alta","2024","Mujeres","Ciudad de México","5 a 9 años","0.0571975716126563"
"Milpa Alta","2024","Mujeres","Ciudad de México","10 a 14 años","0.0622052933407138"
"Milpa Alta","2024","Mujeres","Ciudad de México","15 a 19 años","0.0649886029618886"
"Milpa Alta","2024","Mujeres","Ciudad de México","20 a 24 años","0.0632001309161537"
"Milpa Alta","2024","Mujeres","Ciudad de México","25 a 29 años","0.0608862952069843"
"Milpa Alta","2024","Mujeres","Ciudad de México","30 a 34 años","0.0629989278110086"
"Milpa Alta","2024","Mujeres","Ciudad de México","35 a 39 años","0.0639490535853052"
"Milpa Alta","2024","Mujeres","Ciudad de México","40 a 44 años","0.0599808812338311"
"Milpa Alta","2024","Mujeres","Ciudad de México","45 a 49 años","0.053810652676046"
"Milpa Alta","2024","Mujeres","Ciudad de México","50 a 54 años","0.0471821281565414"
"Milpa Alta","2024","Mujeres","Ciudad de México","55 a 59 años","0.0378261837672912"
"Milpa Alta","2024","Mujeres","Ciudad de México","60 a 64 años","0.0292862297489075"
"Milpa Alta","2024","Mujeres","Ciudad de México","65 y más","0.0666205837036216"
"Milpa Alta","2025","Mujeres","Ciudad de México","Hasta 4 años","0.0569672275373952"
"Milpa Alta","2025","Mujeres","Ciudad de México","5 a 9 años","0.0562387463668403"
"Milpa Alta","2025","Mujeres","Ciudad de México","10 a 14 años","0.0606096333901698"
"Milpa Alta","2025","Mujeres","Ciudad de México","15 a 19 años","0.0636132172933809"
"Milpa Alta","2025","Mujeres","Ciudad de México","20 a 24 años","0.0621226327443993"
"Milpa Alta","2025","Mujeres","Ciudad de México","25 a 29 años","0.0597018337776321"
"Milpa Alta","2025","Mujeres","Ciudad de México","30 a 34 años","0.0622010845627667"
"Milpa Alta","2025","Mujeres","Ciudad de México","35 a 39 años","0.0636580469038766"
"Milpa Alta","2025","Mujeres","Ciudad de México","40 a 44 años","0.0599371892327345"
"Milpa Alta","2025","Mujeres","Ciudad de México","45 a 49 años","0.0536834585685861"
"Milpa Alta","2025","Mujeres","Ciudad de México","50 a 54 años","0.0477323277752835"
"Milpa Alta","2025","Mujeres","Ciudad de México","55 a 59 años","0.0385422576236675"
"Milpa Alta","2025","Mujeres","Ciudad de México","60 a 64 años","0.029856520590128"
"Milpa Alta","2025","Mujeres","Ciudad de México","65 y más","0.0688246595135046"
"Milpa Alta","2026","Mujeres","Ciudad de México","Hasta 4 años","0.0558050202938075"
"Milpa Alta","2026","Mujeres","Ciudad de México","5 a 9 años","0.0551418790657442"
"Milpa Alta","2026","Mujeres","Ciudad de México","10 a 14 años","0.0589521312066507"
"Milpa Alta","2026","Mujeres","Ciudad de México","15 a 19 años","0.0619980849830095"
"Milpa Alta","2026","Mujeres","Ciudad de México","20 a 24 años","0.0607954390270302"
"Milpa Alta","2026","Mujeres","Ciudad de México","25 a 29 años","0.058457585206061"
"Milpa Alta","2026","Mujeres","Ciudad de México","30 a 34 años","0.0611326294819777"
"Milpa Alta","2026","Mujeres","Ciudad de México","35 a 39 años","0.0631670118934941"
"Milpa Alta","2026","Mujeres","Ciudad de México","40 a 44 años","0.0597389089348614"
"Milpa Alta","2026","Mujeres","Ciudad de México","45 a 49 años","0.0534896458365015"
"Milpa Alta","2026","Mujeres","Ciudad de México","50 a 54 años","0.0480945985573419"
"Milpa Alta","2026","Mujeres","Ciudad de México","55 a 59 años","0.0392489689558864"
"Milpa Alta","2026","Mujeres","Ciudad de México","60 a 64 años","0.0304033393544309"
"Milpa Alta","2026","Mujeres","Ciudad de México","65 y más","0.0710347891756019"
"Milpa Alta","2027","Mujeres","Ciudad de México","Hasta 4 años","0.0544686750435603"
"Milpa Alta","2027","Mujeres","Ciudad de México","5 a 9 años","0.0538598345442119"
"Milpa Alta","2027","Mujeres","Ciudad de México","10 a 14 años","0.0572986558831243"
"Milpa Alta","2027","Mujeres","Ciudad de México","15 a 19 años","0.0601737360189363"
"Milpa Alta","2027","Mujeres","Ciudad de México","20 a 24 años","0.0592153759736656"
"Milpa Alta","2027","Mujeres","Ciudad de México","25 a 29 años","0.0571182586981321"
"Milpa Alta","2027","Mujeres","Ciudad de México","30 a 34 años","0.059812941648952"
"Milpa Alta","2027","Mujeres","Ciudad de México","35 a 39 años","0.0624625253035239"
"Milpa Alta","2027","Mujeres","Ciudad de México","40 a 44 años","0.0593732235105337"
"Milpa Alta","2027","Mujeres","Ciudad de México","45 a 49 años","0.0532509940448634"
"Milpa Alta","2027","Mujeres","Ciudad de México","50 a 54 años","0.0482449721613319"
"Milpa Alta","2027","Mujeres","Ciudad de México","55 a 59 años","0.0399241520035701"
"Milpa Alta","2027","Mujeres","Ciudad de México","60 a 64 años","0.0309493920502118"
"Milpa Alta","2027","Mujeres","Ciudad de México","65 y más","0.0732525319308655"
"Milpa Alta","2028","Mujeres","Ciudad de México","Hasta 4 años","0.0529783133958545"
"Milpa Alta","2028","Mujeres","Ciudad de México","5 a 9 años","0.0524352941682224"
"Milpa Alta","2028","Mujeres","Ciudad de México","10 a 14 años","0.0555802805282582"
"Milpa Alta","2028","Mujeres","Ciudad de México","15 a 19 años","0.0580804315554808"
"Milpa Alta","2028","Mujeres","Ciudad de México","20 a 24 años","0.0573790317197894"
"Milpa Alta","2028","Mujeres","Ciudad de México","25 a 29 años","0.0556594708322878"
"Milpa Alta","2028","Mujeres","Ciudad de México","30 a 34 años","0.0582840637658429"
"Milpa Alta","2028","Mujeres","Ciudad de México","35 a 39 años","0.061519553330484"
"Milpa Alta","2028","Mujeres","Ciudad de México","40 a 44 años","0.0588270829934749"
"Milpa Alta","2028","Mujeres","Ciudad de México","45 a 49 años","0.0529443746941275"
"Milpa Alta","2028","Mujeres","Ciudad de México","50 a 54 años","0.0482042693529224"
"Milpa Alta","2028","Mujeres","Ciudad de México","55 a 59 años","0.0405567485637707"
"Milpa Alta","2028","Mujeres","Ciudad de México","60 a 64 años","0.0315177410038118"
"Milpa Alta","2028","Mujeres","Ciudad de México","65 y más","0.0754796726408586"
"Milpa Alta","2029","Mujeres","Ciudad de México","Hasta 4 años","0.0512743830071517"
"Milpa Alta","2029","Mujeres","Ciudad de México","5 a 9 años","0.0508769951849085"
"Milpa Alta","2029","Mujeres","Ciudad de México","10 a 14 años","0.0537608953806164"
"Milpa Alta","2029","Mujeres","Ciudad de México","15 a 19 años","0.0557251266162756"
"Milpa Alta","2029","Mujeres","Ciudad de México","20 a 24 años","0.0552482612295838"
"Milpa Alta","2029","Mujeres","Ciudad de México","25 a 29 años","0.0540333898872974"
"Milpa Alta","2029","Mujeres","Ciudad de México","30 a 34 años","0.056610733762989"
"Milpa Alta","2029","Mujeres","Ciudad de México","35 a 39 años","0.0602894096031833"
"Milpa Alta","2029","Mujeres","Ciudad de México","40 a 44 años","0.0580413299230646"
"Milpa Alta","2029","Mujeres","Ciudad de México","45 a 49 años","0.0525346701005516"
"Milpa Alta","2029","Mujeres","Ciudad de México","50 a 54 años","0.0480158028647575"
"Milpa Alta","2029","Mujeres","Ciudad de México","55 a 59 años","0.0410899008199473"
"Milpa Alta","2029","Mujeres","Ciudad de México","60 a 64 años","0.0321089360372509"
"Milpa Alta","2029","Mujeres","Ciudad de México","65 y más","0.0776949962174356"
"Milpa Alta","2030","Mujeres","Ciudad de México","Hasta 4 años","0.0493764119351405"
"Milpa Alta","2030","Mujeres","Ciudad de México","5 a 9 años","0.0491598487248986"
"Milpa Alta","2030","Mujeres","Ciudad de México","10 a 14 años","0.0518497917573763"
"Milpa Alta","2030","Mujeres","Ciudad de México","15 a 19 años","0.0530579865092518"
"Milpa Alta","2030","Mujeres","Ciudad de México","20 a 24 años","0.0528528213627069"
"Milpa Alta","2030","Mujeres","Ciudad de México","25 a 29 años","0.0522259278593752"
"Milpa Alta","2030","Mujeres","Ciudad de México","30 a 34 años","0.0548360844459743"
"Milpa Alta","2030","Mujeres","Ciudad de México","35 a 39 años","0.0587912125488122"
"Milpa Alta","2030","Mujeres","Ciudad de México","40 a 44 años","0.0570017165483928"
"Milpa Alta","2030","Mujeres","Ciudad de México","45 a 49 años","0.0519979665854365"
"Milpa Alta","2030","Mujeres","Ciudad de México","50 a 54 años","0.0477122946353873"
"Milpa Alta","2030","Mujeres","Ciudad de México","55 a 59 años","0.0415003499205555"
"Milpa Alta","2030","Mujeres","Ciudad de México","60 a 64 años","0.0327466370013062"
"Milpa Alta","2030","Mujeres","Ciudad de México","65 y más","0.0799232226429374"
"Tláhuac","2015","Hombres","Ciudad de México","Hasta 4 años","0.158653516043191"
"Tláhuac","2015","Hombres","Ciudad de México","5 a 9 años","0.166557490262988"
"Tláhuac","2015","Hombres","Ciudad de México","10 a 14 años","0.17562056684742"
"Tláhuac","2015","Hombres","Ciudad de México","15 a 19 años","0.181382961460178"
"Tláhuac","2015","Hombres","Ciudad de México","20 a 24 años","0.180312171656658"
"Tláhuac","2015","Hombres","Ciudad de México","25 a 29 años","0.165067215794172"
"Tláhuac","2015","Hombres","Ciudad de México","30 a 34 años","0.152140464660956"
"Tláhuac","2015","Hombres","Ciudad de México","35 a 39 años","0.148111204060082"
"Tláhuac","2015","Hombres","Ciudad de México","40 a 44 años","0.145119616052309"
"Tláhuac","2015","Hombres","Ciudad de México","45 a 49 años","0.126938267532748"
"Tláhuac","2015","Hombres","Ciudad de México","50 a 54 años","0.10512506493733"
"Tláhuac","2015","Hombres","Ciudad de México","55 a 59 años","0.0828813386064764"
"Tláhuac","2015","Hombres","Ciudad de México","60 a 64 años","0.0600856587686535"
"Tláhuac","2015","Hombres","Ciudad de México","65 y más","0.105202338428306"
"Tláhuac","2016","Hombres","Ciudad de México","Hasta 4 años","0.154727363295078"
"Tláhuac","2016","Hombres","Ciudad de México","5 a 9 años","0.162646523797795"
"Tláhuac","2016","Hombres","Ciudad de México","10 a 14 años","0.173238539030858"
"Tláhuac","2016","Hombres","Ciudad de México","15 a 19 años","0.17955619566622"
"Tláhuac","2016","Hombres","Ciudad de México","20 a 24 años","0.179489926540674"
"Tláhuac","2016","Hombres","Ciudad de México","25 a 29 años","0.165993114637856"
"Tláhuac","2016","Hombres","Ciudad de México","30 a 34 años","0.153125859427722"
"Tláhuac","2016","Hombres","Ciudad de México","35 a 39 años","0.147625522007424"
"Tláhuac","2016","Hombres","Ciudad de México","40 a 44 años","0.145394461447384"
"Tláhuac","2016","Hombres","Ciudad de México","45 a 49 años","0.129059122000356"
"Tláhuac","2016","Hombres","Ciudad de México","50 a 54 años","0.107333893675606"
"Tláhuac","2016","Hombres","Ciudad de México","55 a 59 años","0.0857853830189784"
"Tláhuac","2016","Hombres","Ciudad de México","60 a 64 años","0.0629667141227238"
"Tláhuac","2016","Hombres","Ciudad de México","65 y más","0.109962568988921"
"Tláhuac","2017","Hombres","Ciudad de México","Hasta 4 años","0.151661725836178"
"Tláhuac","2017","Hombres","Ciudad de México","5 a 9 años","0.158944229284593"
"Tláhuac","2017","Hombres","Ciudad de México","10 a 14 años","0.170658119505108"
"Tláhuac","2017","Hombres","Ciudad de México","15 a 19 años","0.177752758676401"
"Tláhuac","2017","Hombres","Ciudad de México","20 a 24 años","0.177719606156909"
"Tláhuac","2017","Hombres","Ciudad de México","25 a 29 años","0.166337241131314"
"Tláhuac","2017","Hombres","Ciudad de México","30 a 34 años","0.154103961438757"
"Tláhuac","2017","Hombres","Ciudad de México","35 a 39 años","0.147948643653072"
"Tláhuac","2017","Hombres","Ciudad de México","40 a 44 años","0.145528509730154"
"Tláhuac","2017","Hombres","Ciudad de México","45 a 49 años","0.131239773829092"
"Tláhuac","2017","Hombres","Ciudad de México","50 a 54 años","0.109381212644017"
"Tláhuac","2017","Hombres","Ciudad de México","55 a 59 años","0.0882520068877675"
"Tláhuac","2017","Hombres","Ciudad de México","60 a 64 años","0.0655204293560698"
"Tláhuac","2017","Hombres","Ciudad de México","65 y más","0.114586158204265"
"Tláhuac","2018","Hombres","Ciudad de México","Hasta 4 años","0.148870832432385"
"Tláhuac","2018","Hombres","Ciudad de México","5 a 9 años","0.155086687397243"
"Tláhuac","2018","Hombres","Ciudad de México","10 a 14 años","0.167828084051189"
"Tláhuac","2018","Hombres","Ciudad de México","15 a 19 años","0.176012661762925"
"Tláhuac","2018","Hombres","Ciudad de México","20 a 24 años","0.175459649755375"
"Tláhuac","2018","Hombres","Ciudad de México","25 a 29 años","0.166157987788389"
"Tláhuac","2018","Hombres","Ciudad de México","30 a 34 años","0.154953964515432"
"Tláhuac","2018","Hombres","Ciudad de México","35 a 39 años","0.148693868589969"
"Tláhuac","2018","Hombres","Ciudad de México","40 a 44 años","0.145298374863613"
"Tláhuac","2018","Hombres","Ciudad de México","45 a 49 años","0.133109990217218"
"Tláhuac","2018","Hombres","Ciudad de México","50 a 54 años","0.111343437600061"
"Tláhuac","2018","Hombres","Ciudad de México","55 a 59 años","0.0904948849154362"
"Tláhuac","2018","Hombres","Ciudad de México","60 a 64 años","0.0680315371687665"
"Tláhuac","2018","Hombres","Ciudad de México","65 y más","0.119351051469381"
"Tláhuac","2019","Hombres","Ciudad de México","Hasta 4 años","0.146381222544524"
"Tláhuac","2019","Hombres","Ciudad de México","5 a 9 años","0.15106497875756"
"Tláhuac","2019","Hombres","Ciudad de México","10 a 14 años","0.164739775266069"
"Tláhuac","2019","Hombres","Ciudad de México","15 a 19 años","0.174317669176887"
"Tláhuac","2019","Hombres","Ciudad de México","20 a 24 años","0.172944653171174"
"Tláhuac","2019","Hombres","Ciudad de México","25 a 29 años","0.165404137849478"
"Tláhuac","2019","Hombres","Ciudad de México","30 a 34 años","0.155593717034467"
"Tláhuac","2019","Hombres","Ciudad de México","35 a 39 años","0.149769471719912"
"Tláhuac","2019","Hombres","Ciudad de México","40 a 44 años","0.144930697570747"
"Tláhuac","2019","Hombres","Ciudad de México","45 a 49 años","0.134566641269561"
"Tláhuac","2019","Hombres","Ciudad de México","50 a 54 años","0.113251675051845"
"Tláhuac","2019","Hombres","Ciudad de México","55 a 59 años","0.0925235624494738"
"Tláhuac","2019","Hombres","Ciudad de México","60 a 64 años","0.0704445792608368"
"Tláhuac","2019","Hombres","Ciudad de México","65 y más","0.124257948516993"
"Tláhuac","2020","Hombres","Ciudad de México","Hasta 4 años","0.144212351190229"
"Tláhuac","2020","Hombres","Ciudad de México","5 a 9 años","0.146873504833598"
"Tláhuac","2020","Hombres","Ciudad de México","10 a 14 años","0.161454409171223"
"Tláhuac","2020","Hombres","Ciudad de México","15 a 19 años","0.172487108651022"
"Tláhuac","2020","Hombres","Ciudad de México","20 a 24 años","0.170413626437231"
"Tláhuac","2020","Hombres","Ciudad de México","25 a 29 años","0.164015769552965"
"Tláhuac","2020","Hombres","Ciudad de México","30 a 34 años","0.156010132342497"
"Tláhuac","2020","Hombres","Ciudad de México","35 a 39 años","0.151020469261181"
"Tláhuac","2020","Hombres","Ciudad de México","40 a 44 años","0.144622612376915"
"Tláhuac","2020","Hombres","Ciudad de México","45 a 49 años","0.135530337428738"
"Tláhuac","2020","Hombres","Ciudad de México","50 a 54 años","0.115094895075702"
"Tláhuac","2020","Hombres","Ciudad de México","55 a 59 años","0.0943489847976054"
"Tláhuac","2020","Hombres","Ciudad de México","60 a 64 años","0.0727271114452337"
"Tláhuac","2020","Hombres","Ciudad de México","65 y más","0.129298802647183"
"Tláhuac","2021","Hombres","Ciudad de México","Hasta 4 años","0.141828580224831"
"Tláhuac","2021","Hombres","Ciudad de México","5 a 9 años","0.143083602117189"
"Tláhuac","2021","Hombres","Ciudad de México","10 a 14 años","0.158055013718056"
"Tláhuac","2021","Hombres","Ciudad de México","15 a 19 años","0.1703942112615"
"Tláhuac","2021","Hombres","Ciudad de México","20 a 24 años","0.16801744413792"
"Tláhuac","2021","Hombres","Ciudad de México","25 a 29 años","0.161953356056264"
"Tláhuac","2021","Hombres","Ciudad de México","30 a 34 años","0.156233566015873"
"Tláhuac","2021","Hombres","Ciudad de México","35 a 39 años","0.152324117289237"
"Tláhuac","2021","Hombres","Ciudad de México","40 a 44 años","0.144594070943389"
"Tláhuac","2021","Hombres","Ciudad de México","45 a 49 años","0.135919981581165"
"Tláhuac","2021","Hombres","Ciudad de México","50 a 54 años","0.116850312650387"
"Tláhuac","2021","Hombres","Ciudad de México","55 a 59 años","0.0960369407364224"
"Tláhuac","2021","Hombres","Ciudad de México","60 a 64 años","0.0748681643927632"
"Tláhuac","2021","Hombres","Ciudad de México","65 y más","0.134476151085533"
"Tláhuac","2022","Hombres","Ciudad de México","Hasta 4 años","0.139160058993361"
"Tláhuac","2022","Hombres","Ciudad de México","5 a 9 años","0.139849961732653"
"Tláhuac","2022","Hombres","Ciudad de México","10 a 14 años","0.154549341064992"
"Tláhuac","2022","Hombres","Ciudad de México","15 a 19 años","0.16800244448119"
"Tláhuac","2022","Hombres","Ciudad de México","20 a 24 años","0.165732441919648"
"Tláhuac","2022","Hombres","Ciudad de México","25 a 29 años","0.159345277849426"
"Tláhuac","2022","Hombres","Ciudad de México","30 a 34 años","0.156162823277853"
"Tláhuac","2022","Hombres","Ciudad de México","35 a 39 años","0.153558996810201"
"Tláhuac","2022","Hombres","Ciudad de México","40 a 44 años","0.144979722423197"
"Tláhuac","2022","Hombres","Ciudad de México","45 a 49 años","0.135777310078121"
"Tláhuac","2022","Hombres","Ciudad de México","50 a 54 años","0.118451849351057"
"Tláhuac","2022","Hombres","Ciudad de México","55 a 59 años","0.0975989826827736"
"Tláhuac","2022","Hombres","Ciudad de México","60 a 64 años","0.0768128807957116"
"Tláhuac","2022","Hombres","Ciudad de México","65 y más","0.13974981456082"
"Tláhuac","2023","Hombres","Ciudad de México","Hasta 4 años","0.136547764731491"
"Tláhuac","2023","Hombres","Ciudad de México","5 a 9 años","0.136871152659397"
"Tláhuac","2023","Hombres","Ciudad de México","10 a 14 años","0.150854892714382"
"Tláhuac","2023","Hombres","Ciudad de México","15 a 19 años","0.165306987699438"
"Tláhuac","2023","Hombres","Ciudad de México","20 a 24 años","0.163533929749883"
"Tláhuac","2023","Hombres","Ciudad de México","25 a 29 años","0.156397092720226"
"Tláhuac","2023","Hombres","Ciudad de México","30 a 34 años","0.15568340901726"
"Tláhuac","2023","Hombres","Ciudad de México","35 a 39 años","0.154646337386388"
"Tláhuac","2023","Hombres","Ciudad de México","40 a 44 años","0.145725291099316"
"Tláhuac","2023","Hombres","Ciudad de México","45 a 49 años","0.135287666943442"
"Tláhuac","2023","Hombres","Ciudad de México","50 a 54 años","0.119776197711796"
"Tláhuac","2023","Hombres","Ciudad de México","55 a 59 años","0.0991016729415076"
"Tláhuac","2023","Hombres","Ciudad de México","60 a 64 años","0.0785721151733839"
"Tláhuac","2023","Hombres","Ciudad de México","65 y más","0.145123120474939"
"Tláhuac","2024","Hombres","Ciudad de México","Hasta 4 años","0.134012445976966"
"Tláhuac","2024","Hombres","Ciudad de México","5 a 9 años","0.13419129318154"
"Tláhuac","2024","Hombres","Ciudad de México","10 a 14 años","0.146967690358258"
"Tláhuac","2024","Hombres","Ciudad de México","15 a 19 años","0.162303838150434"
"Tláhuac","2024","Hombres","Ciudad de México","20 a 24 años","0.161398424177281"
"Tláhuac","2024","Hombres","Ciudad de México","25 a 29 años","0.15336147792176"
"Tláhuac","2024","Hombres","Ciudad de México","30 a 34 años","0.154747543757204"
"Tláhuac","2024","Hombres","Ciudad de México","35 a 39 años","0.155530000277213"
"Tláhuac","2024","Hombres","Ciudad de México","40 a 44 años","0.146744131352541"
"Tláhuac","2024","Hombres","Ciudad de México","45 a 49 años","0.134627233242688"
"Tláhuac","2024","Hombres","Ciudad de México","50 a 54 años","0.120721863087099"
"Tláhuac","2024","Hombres","Ciudad de México","55 a 59 años","0.10055684077144"
"Tláhuac","2024","Hombres","Ciudad de México","60 a 64 años","0.080145903549491"
"Tláhuac","2024","Hombres","Ciudad de México","65 y más","0.150555812400013"
"Tláhuac","2025","Hombres","Ciudad de México","Hasta 4 años","0.131552491999596"
"Tláhuac","2025","Hombres","Ciudad de México","5 a 9 años","0.131799054857322"
"Tláhuac","2025","Hombres","Ciudad de México","10 a 14 años","0.142860761247133"
"Tláhuac","2025","Hombres","Ciudad de México","15 a 19 años","0.159033043233452"
"Tláhuac","2025","Hombres","Ciudad de México","20 a 24 años","0.159156324662315"
"Tláhuac","2025","Hombres","Ciudad de México","25 a 29 años","0.150448172823528"
"Tláhuac","2025","Hombres","Ciudad de México","30 a 34 años","0.153317267895252"
"Tláhuac","2025","Hombres","Ciudad de México","35 a 39 años","0.156152740759104"
"Tláhuac","2025","Hombres","Ciudad de México","40 a 44 años","0.147870470220026"
"Tláhuac","2025","Hombres","Ciudad de México","45 a 49 años","0.133984498368987"
"Tláhuac","2025","Hombres","Ciudad de México","50 a 54 años","0.121208059377716"
"Tláhuac","2025","Hombres","Ciudad de México","55 a 59 años","0.101964949072442"
"Tláhuac","2025","Hombres","Ciudad de México","60 a 64 años","0.0815674762969038"
"Tláhuac","2025","Hombres","Ciudad de México","65 y más","0.156007044524993"
"Tláhuac","2026","Hombres","Ciudad de México","Hasta 4 años","0.129166423608547"
"Tláhuac","2026","Hombres","Ciudad de México","5 a 9 años","0.129245101381368"
"Tláhuac","2026","Hombres","Ciudad de México","10 a 14 años","0.13905734362034"
"Tláhuac","2026","Hombres","Ciudad de México","15 a 19 años","0.155557196549103"
"Tláhuac","2026","Hombres","Ciudad de México","20 a 24 años","0.156681164732261"
"Tláhuac","2026","Hombres","Ciudad de México","25 a 29 años","0.147801816085311"
"Tláhuac","2026","Hombres","Ciudad de México","30 a 34 años","0.151376034907754"
"Tláhuac","2026","Hombres","Ciudad de México","35 a 39 años","0.156557528232114"
"Tláhuac","2026","Hombres","Ciudad de México","40 a 44 años","0.148948263632132"
"Tláhuac","2026","Hombres","Ciudad de México","45 a 49 años","0.133561139204696"
"Tláhuac","2026","Hombres","Ciudad de México","50 a 54 años","0.121186249508123"
"Tláhuac","2026","Hombres","Ciudad de México","55 a 59 años","0.103292676032244"
"Tláhuac","2026","Hombres","Ciudad de México","60 a 64 años","0.0828701741442584"
"Tláhuac","2026","Hombres","Ciudad de México","65 y más","0.161469269192515"
"Tláhuac","2027","Hombres","Ciudad de México","Hasta 4 años","0.126886869993837"
"Tláhuac","2027","Hombres","Ciudad de México","5 a 9 años","0.126447151855419"
"Tláhuac","2027","Hombres","Ciudad de México","10 a 14 años","0.135703782410327"
"Tláhuac","2027","Hombres","Ciudad de México","15 a 19 años","0.151883154939309"
"Tláhuac","2027","Hombres","Ciudad de México","20 a 24 años","0.153946447742656"
"Tláhuac","2027","Hombres","Ciudad de México","25 a 29 años","0.145422680751778"
"Tláhuac","2027","Hombres","Ciudad de México","30 a 34 años","0.149019349627559"
"Tláhuac","2027","Hombres","Ciudad de México","35 a 39 años","0.156629855869414"
"Tláhuac","2027","Hombres","Ciudad de México","40 a 44 años","0.149864961432209"
"Tláhuac","2027","Hombres","Ciudad de México","45 a 49 años","0.133460092421988"
"Tláhuac","2027","Hombres","Ciudad de México","50 a 54 años","0.120663167111609"
"Tláhuac","2027","Hombres","Ciudad de México","55 a 59 años","0.104483794582627"
"Tláhuac","2027","Hombres","Ciudad de México","60 a 64 años","0.0840876378544551"
"Tláhuac","2027","Hombres","Ciudad de México","65 y más","0.166878670941779"
"Tláhuac","2028","Hombres","Ciudad de México","Hasta 4 años","0.124713415946167"
"Tláhuac","2028","Hombres","Ciudad de México","5 a 9 años","0.123751819397235"
"Tláhuac","2028","Hombres","Ciudad de México","10 a 14 años","0.132485378641651"
"Tláhuac","2028","Hombres","Ciudad de México","15 a 19 años","0.147938800828014"
"Tláhuac","2028","Hombres","Ciudad de México","20 a 24 años","0.150948032381142"
"Tláhuac","2028","Hombres","Ciudad de México","25 a 29 años","0.143277885790838"
"Tláhuac","2028","Hombres","Ciudad de México","30 a 34 años","0.146479436653753"
"Tláhuac","2028","Hombres","Ciudad de México","35 a 39 años","0.156242469850554"
"Tláhuac","2028","Hombres","Ciudad de México","40 a 44 años","0.150518142159266"
"Tláhuac","2028","Hombres","Ciudad de México","45 a 49 años","0.133616668699218"
"Tláhuac","2028","Hombres","Ciudad de México","50 a 54 años","0.119814929996903"
"Tláhuac","2028","Hombres","Ciudad de México","55 a 59 años","0.105413607564077"
"Tláhuac","2028","Hombres","Ciudad de México","60 a 64 años","0.0852427058376603"
"Tláhuac","2028","Hombres","Ciudad de México","65 y más","0.172227598363974"
"Tláhuac","2029","Hombres","Ciudad de México","Hasta 4 años","0.122645235882031"
"Tláhuac","2029","Hombres","Ciudad de México","5 a 9 años","0.121135162157507"
"Tláhuac","2029","Hombres","Ciudad de México","10 a 14 años","0.129434890673501"
"Tláhuac","2029","Hombres","Ciudad de México","15 a 19 años","0.143684082585364"
"Tláhuac","2029","Hombres","Ciudad de México","20 a 24 años","0.147669314745575"
"Tláhuac","2029","Hombres","Ciudad de México","25 a 29 años","0.141356525340797"
"Tláhuac","2029","Hombres","Ciudad de México","30 a 34 años","0.143956577092045"
"Tláhuac","2029","Hombres","Ciudad de México","35 a 39 años","0.155344576683758"
"Tláhuac","2029","Hombres","Ciudad de México","40 a 44 años","0.150825709447964"
"Tláhuac","2029","Hombres","Ciudad de México","45 a 49 años","0.133908342158181"
"Tláhuac","2029","Hombres","Ciudad de México","50 a 54 años","0.118784897037383"
"Tláhuac","2029","Hombres","Ciudad de México","55 a 59 años","0.10600036309893"
"Tláhuac","2029","Hombres","Ciudad de México","60 a 64 años","0.0863694046801159"
"Tláhuac","2029","Hombres","Ciudad de México","65 y más","0.177496109289372"
"Tláhuac","2030","Hombres","Ciudad de México","Hasta 4 años","0.120705494550586"
"Tláhuac","2030","Hombres","Ciudad de México","5 a 9 años","0.118631046957743"
"Tláhuac","2030","Hombres","Ciudad de México","10 a 14 años","0.126518507036025"
"Tláhuac","2030","Hombres","Ciudad de México","15 a 19 años","0.139113367421142"
"Tláhuac","2030","Hombres","Ciudad de México","20 a 24 años","0.144174107702583"
"Tláhuac","2030","Hombres","Ciudad de México","25 a 29 años","0.139535095777929"
"Tláhuac","2030","Hombres","Ciudad de México","30 a 34 años","0.14165513562556"
"Tláhuac","2030","Hombres","Ciudad de México","35 a 39 años","0.153873859908679"
"Tláhuac","2030","Hombres","Ciudad de México","40 a 44 años","0.15073939239202"
"Tláhuac","2030","Hombres","Ciudad de México","45 a 49 años","0.134178005840368"
"Tláhuac","2030","Hombres","Ciudad de México","50 a 54 años","0.117741997989382"
"Tláhuac","2030","Hombres","Ciudad de México","55 a 59 años","0.106184361400685"
"Tláhuac","2030","Hombres","Ciudad de México","60 a 64 años","0.0874573427466142"
"Tláhuac","2030","Hombres","Ciudad de México","65 y más","0.182665368807147"
"Tláhuac","2015","Mujeres","Ciudad de México","Hasta 4 años","0.152869043290155"
"Tláhuac","2015","Mujeres","Ciudad de México","5 a 9 años","0.166425021421316"
"Tláhuac","2015","Mujeres","Ciudad de México","10 a 14 años","0.176017973372438"
"Tláhuac","2015","Mujeres","Ciudad de México","15 a 19 años","0.178369295312126"
"Tláhuac","2015","Mujeres","Ciudad de México","20 a 24 años","0.17865631113575"
"Tláhuac","2015","Mujeres","Ciudad de México","25 a 29 años","0.174858871007803"
"Tláhuac","2015","Mujeres","Ciudad de México","30 a 34 años","0.173997823536931"
"Tláhuac","2015","Mujeres","Ciudad de México","35 a 39 años","0.173423791889683"
"Tláhuac","2015","Mujeres","Ciudad de México","40 a 44 años","0.165619169301141"
"Tláhuac","2015","Mujeres","Ciudad de México","45 a 49 años","0.142370887587603"
"Tláhuac","2015","Mujeres","Ciudad de México","50 a 54 años","0.117367393721904"
"Tláhuac","2015","Mujeres","Ciudad de México","55 a 59 años","0.0929268924333135"
"Tláhuac","2015","Mujeres","Ciudad de México","60 a 64 años","0.0686519771968136"
"Tláhuac","2015","Mujeres","Ciudad de México","65 y más","0.132987677969129"
"Tláhuac","2016","Mujeres","Ciudad de México","Hasta 4 años","0.148707917724672"
"Tláhuac","2016","Mujeres","Ciudad de México","5 a 9 años","0.162966824571266"
"Tláhuac","2016","Mujeres","Ciudad de México","10 a 14 años","0.174077947954438"
"Tláhuac","2016","Mujeres","Ciudad de México","15 a 19 años","0.176861251227359"
"Tláhuac","2016","Mujeres","Ciudad de México","20 a 24 años","0.177236776272119"
"Tláhuac","2016","Mujeres","Ciudad de México","25 a 29 años","0.17425466562256"
"Tláhuac","2016","Mujeres","Ciudad de México","30 a 34 años","0.173879140577801"
"Tláhuac","2016","Mujeres","Ciudad de México","35 a 39 años","0.17337107728195"
"Tláhuac","2016","Mujeres","Ciudad de México","40 a 44 años","0.167517304525408"
"Tláhuac","2016","Mujeres","Ciudad de México","45 a 49 años","0.145703717366597"
"Tláhuac","2016","Mujeres","Ciudad de México","50 a 54 años","0.120190104031482"
"Tláhuac","2016","Mujeres","Ciudad de México","55 a 59 años","0.0961675460211465"
"Tláhuac","2016","Mujeres","Ciudad de México","60 a 64 años","0.0717694629660514"
"Tláhuac","2016","Mujeres","Ciudad de México","65 y más","0.137961274532002"
"Tláhuac","2017","Mujeres","Ciudad de México","Hasta 4 años","0.145075425297096"
"Tláhuac","2017","Mujeres","Ciudad de México","5 a 9 años","0.159585177994772"
"Tláhuac","2017","Mujeres","Ciudad de México","10 a 14 años","0.17200632196445"
"Tláhuac","2017","Mujeres","Ciudad de México","15 a 19 años","0.17544313315179"
"Tláhuac","2017","Mujeres","Ciudad de México","20 a 24 años","0.175188963835685"
"Tláhuac","2017","Mujeres","Ciudad de México","25 a 29 años","0.17314455846701"
"Tláhuac","2017","Mujeres","Ciudad de México","30 a 34 años","0.173553439540745"
"Tláhuac","2017","Mujeres","Ciudad de México","35 a 39 años","0.173498185341591"
"Tláhuac","2017","Mujeres","Ciudad de México","40 a 44 años","0.169000493530507"
"Tláhuac","2017","Mujeres","Ciudad de México","45 a 49 años","0.149097930995462"
"Tláhuac","2017","Mujeres","Ciudad de México","50 a 54 años","0.122940593116255"
"Tláhuac","2017","Mujeres","Ciudad de México","55 a 59 años","0.0990155248828445"
"Tláhuac","2017","Mujeres","Ciudad de México","60 a 64 años","0.0745158129782389"
"Tláhuac","2017","Mujeres","Ciudad de México","65 y más","0.142909460690284"
"Tláhuac","2018","Mujeres","Ciudad de México","Hasta 4 años","0.141725917294842"
"Tláhuac","2018","Mujeres","Ciudad de México","5 a 9 años","0.15604892829038"
"Tláhuac","2018","Mujeres","Ciudad de México","10 a 14 años","0.169741505597311"
"Tláhuac","2018","Mujeres","Ciudad de México","15 a 19 años","0.174010758295595"
"Tláhuac","2018","Mujeres","Ciudad de México","20 a 24 años","0.172827312599438"
"Tláhuac","2018","Mujeres","Ciudad de México","25 a 29 años","0.171710228344188"
"Tláhuac","2018","Mujeres","Ciudad de México","30 a 34 años","0.173048517402458"
"Tláhuac","2018","Mujeres","Ciudad de México","35 a 39 años","0.173667890850914"
"Tláhuac","2018","Mujeres","Ciudad de México","40 a 44 años","0.169885288719274"
"Tláhuac","2018","Mujeres","Ciudad de México","45 a 49 años","0.152244205678438"
"Tláhuac","2018","Mujeres","Ciudad de México","50 a 54 años","0.125655388355447"
"Tláhuac","2018","Mujeres","Ciudad de México","55 a 59 años","0.101621486507337"
"Tláhuac","2018","Mujeres","Ciudad de México","60 a 64 años","0.0772004762539409"
"Tláhuac","2018","Mujeres","Ciudad de México","65 y más","0.148030254180909"
"Tláhuac","2019","Mujeres","Ciudad de México","Hasta 4 años","0.13871890741587"
"Tláhuac","2019","Mujeres","Ciudad de México","5 a 9 años","0.152371558504932"
"Tláhuac","2019","Mujeres","Ciudad de México","10 a 14 años","0.167175771405236"
"Tláhuac","2019","Mujeres","Ciudad de México","15 a 19 años","0.172523890201682"
"Tláhuac","2019","Mujeres","Ciudad de México","20 a 24 años","0.170331493676431"
"Tláhuac","2019","Mujeres","Ciudad de México","25 a 29 años","0.169966094255556"
"Tláhuac","2019","Mujeres","Ciudad de México","30 a 34 años","0.172324581426659"
"Tláhuac","2019","Mujeres","Ciudad de México","35 a 39 años","0.173797251819883"
"Tláhuac","2019","Mujeres","Ciudad de México","40 a 44 años","0.170309348256984"
"Tláhuac","2019","Mujeres","Ciudad de México","45 a 49 años","0.154973645289952"
"Tláhuac","2019","Mujeres","Ciudad de México","50 a 54 años","0.128354851114684"
"Tláhuac","2019","Mujeres","Ciudad de México","55 a 59 años","0.104028107852179"
"Tláhuac","2019","Mujeres","Ciudad de México","60 a 64 años","0.079801018977185"
"Tláhuac","2019","Mujeres","Ciudad de México","65 y más","0.153312738831428"
"Tláhuac","2020","Mujeres","Ciudad de México","Hasta 4 años","0.136084744437773"
"Tláhuac","2020","Mujeres","Ciudad de México","5 a 9 años","0.14849237329998"
"Tláhuac","2020","Mujeres","Ciudad de México","10 a 14 años","0.164370590038748"
"Tláhuac","2020","Mujeres","Ciudad de México","15 a 19 años","0.170823887623917"
"Tláhuac","2020","Mujeres","Ciudad de México","20 a 24 años","0.167907706756392"
"Tláhuac","2020","Mujeres","Ciudad de México","25 a 29 años","0.167852266055488"
"Tláhuac","2020","Mujeres","Ciudad de México","30 a 34 años","0.17134503021241"
"Tláhuac","2020","Mujeres","Ciudad de México","35 a 39 años","0.173828773612888"
"Tláhuac","2020","Mujeres","Ciudad de México","40 a 44 años","0.170413626437231"
"Tláhuac","2020","Mujeres","Ciudad de México","45 a 49 años","0.157218739622194"
"Tláhuac","2020","Mujeres","Ciudad de México","50 a 54 años","0.131050728795734"
"Tláhuac","2020","Mujeres","Ciudad de México","55 a 59 años","0.106235471071319"
"Tláhuac","2020","Mujeres","Ciudad de México","60 a 64 años","0.0822850882810001"
"Tláhuac","2020","Mujeres","Ciudad de México","65 y más","0.15873781482695"
"Tláhuac","2021","Mujeres","Ciudad de México","Hasta 4 años","0.133443256961734"
"Tláhuac","2021","Mujeres","Ciudad de México","5 a 9 años","0.144860624265659"
"Tláhuac","2021","Mujeres","Ciudad de México","10 a 14 años","0.161398036634866"
"Tláhuac","2021","Mujeres","Ciudad de México","15 a 19 años","0.168839316881588"
"Tláhuac","2021","Mujeres","Ciudad de México","20 a 24 años","0.165596251460629"
"Tláhuac","2021","Mujeres","Ciudad de México","25 a 29 años","0.165307485361502"
"Tláhuac","2021","Mujeres","Ciudad de México","30 a 34 años","0.170160977104513"
"Tláhuac","2021","Mujeres","Ciudad de México","35 a 39 años","0.173703915013027"
"Tláhuac","2021","Mujeres","Ciudad de México","40 a 44 años","0.170416424038356"
"Tláhuac","2021","Mujeres","Ciudad de México","45 a 49 años","0.158832460908012"
"Tláhuac","2021","Mujeres","Ciudad de México","50 a 54 años","0.133687597507149"
"Tláhuac","2021","Mujeres","Ciudad de México","55 a 59 años","0.108320606337727"
"Tláhuac","2021","Mujeres","Ciudad de México","60 a 64 años","0.0846084670440691"
"Tláhuac","2021","Mujeres","Ciudad de México","65 y más","0.164307910402988"
"Tláhuac","2022","Mujeres","Ciudad de México","Hasta 4 años","0.130703186705263"
"Tláhuac","2022","Mujeres","Ciudad de México","5 a 9 años","0.141663738289179"
"Tláhuac","2022","Mujeres","Ciudad de México","10 a 14 años","0.158254786422803"
"Tláhuac","2022","Mujeres","Ciudad de México","15 a 19 años","0.166567001684921"
"Tláhuac","2022","Mujeres","Ciudad de México","20 a 24 años","0.16337341964981"
"Tláhuac","2022","Mujeres","Ciudad de México","25 a 29 años","0.162383075395019"
"Tláhuac","2022","Mujeres","Ciudad de México","30 a 34 años","0.16873685707463"
"Tláhuac","2022","Mujeres","Ciudad de México","35 a 39 años","0.173388136833084"
"Tláhuac","2022","Mujeres","Ciudad de México","40 a 44 años","0.170383721678102"
"Tláhuac","2022","Mujeres","Ciudad de México","45 a 49 años","0.159756994000294"
"Tláhuac","2022","Mujeres","Ciudad de México","50 a 54 años","0.136200153692526"
"Tláhuac","2022","Mujeres","Ciudad de México","55 a 59 años","0.110317673505532"
"Tláhuac","2022","Mujeres","Ciudad de México","60 a 64 años","0.0867719606613007"
"Tláhuac","2022","Mujeres","Ciudad de México","65 y más","0.170016515381382"
"Tláhuac","2023","Mujeres","Ciudad de México","Hasta 4 años","0.128061619450914"
"Tláhuac","2023","Mujeres","Ciudad de México","5 a 9 años","0.138722269763965"
"Tláhuac","2023","Mujeres","Ciudad de México","10 a 14 años","0.154891666159282"
"Tláhuac","2023","Mujeres","Ciudad de México","15 a 19 años","0.164013435987813"
"Tláhuac","2023","Mujeres","Ciudad de México","20 a 24 años","0.16115870117595"
"Tláhuac","2023","Mujeres","Ciudad de México","25 a 29 años","0.159274130147806"
"Tláhuac","2023","Mujeres","Ciudad de México","30 a 34 años","0.167013137801841"
"Tláhuac","2023","Mujeres","Ciudad de México","35 a 39 años","0.172845271812014"
"Tláhuac","2023","Mujeres","Ciudad de México","40 a 44 años","0.170325076235916"
"Tláhuac","2023","Mujeres","Ciudad de México","45 a 49 años","0.160088175621501"
"Tláhuac","2023","Mujeres","Ciudad de México","50 a 54 años","0.138465789683211"
"Tláhuac","2023","Mujeres","Ciudad de México","55 a 59 años","0.112327124062091"
"Tláhuac","2023","Mujeres","Ciudad de México","60 a 64 años","0.0887532592485044"
"Tláhuac","2023","Mujeres","Ciudad de México","65 y más","0.175844973626042"
"Tláhuac","2024","Mujeres","Ciudad de México","Hasta 4 años","0.125528381710012"
"Tláhuac","2024","Mujeres","Ciudad de México","5 a 9 años","0.136080366779847"
"Tláhuac","2024","Mujeres","Ciudad de México","10 a 14 años","0.151315913019451"
"Tláhuac","2024","Mujeres","Ciudad de México","15 a 19 años","0.161096619519563"
"Tláhuac","2024","Mujeres","Ciudad de México","20 a 24 años","0.158883385362966"
"Tláhuac","2024","Mujeres","Ciudad de México","25 a 29 años","0.156167143443506"
"Tláhuac","2024","Mujeres","Ciudad de México","30 a 34 años","0.165031258020179"
"Tláhuac","2024","Mujeres","Ciudad de México","35 a 39 años","0.171995121048259"
"Tláhuac","2024","Mujeres","Ciudad de México","40 a 44 años","0.170128403350524"
"Tláhuac","2024","Mujeres","Ciudad de México","45 a 49 años","0.159956468590407"
"Tláhuac","2024","Mujeres","Ciudad de México","50 a 54 años","0.140395055590182"
"Tláhuac","2024","Mujeres","Ciudad de México","55 a 59 años","0.114328075523598"
"Tláhuac","2024","Mujeres","Ciudad de México","60 a 64 años","0.0905637532158963"
"Tláhuac","2024","Mujeres","Ciudad de México","65 y más","0.181764649598086"
"Tláhuac","2025","Mujeres","Ciudad de México","Hasta 4 años","0.123090903018535"
"Tláhuac","2025","Mujeres","Ciudad de México","5 a 9 años","0.133771557719132"
"Tláhuac","2025","Mujeres","Ciudad de México","10 a 14 años","0.147455796322941"
"Tláhuac","2025","Mujeres","Ciudad de México","15 a 19 años","0.157878680763188"
"Tláhuac","2025","Mujeres","Ciudad de México","20 a 24 años","0.156444133227326"
"Tláhuac","2025","Mujeres","Ciudad de México","25 a 29 años","0.153193986466389"
"Tláhuac","2025","Mujeres","Ciudad de México","30 a 34 años","0.162720278696723"
"Tláhuac","2025","Mujeres","Ciudad de México","35 a 39 años","0.170834438196442"
"Tláhuac","2025","Mujeres","Ciudad de México","40 a 44 años","0.169747320141922"
"Tláhuac","2025","Mujeres","Ciudad de México","45 a 49 años","0.159481339338409"
"Tláhuac","2025","Mujeres","Ciudad de México","50 a 54 años","0.14185209501098"
"Tláhuac","2025","Mujeres","Ciudad de México","55 a 59 años","0.116366461444181"
"Tláhuac","2025","Mujeres","Ciudad de México","60 a 64 años","0.0922257161922536"
"Tláhuac","2025","Mujeres","Ciudad de México","65 y más","0.187757616158564"
"Tláhuac","2026","Mujeres","Ciudad de México","Hasta 4 años","0.120770381280355"
"Tláhuac","2026","Mujeres","Ciudad de México","5 a 9 años","0.131448079020358"
"Tláhuac","2026","Mujeres","Ciudad de México","10 a 14 años","0.143733051262278"
"Tláhuac","2026","Mujeres","Ciudad de México","15 a 19 años","0.15439950932045"
"Tláhuac","2026","Mujeres","Ciudad de México","20 a 24 años","0.15375884745605"
"Tláhuac","2026","Mujeres","Ciudad de México","25 a 29 años","0.150488100043059"
"Tláhuac","2026","Mujeres","Ciudad de México","30 a 34 años","0.16000811055441"
"Tláhuac","2026","Mujeres","Ciudad de México","35 a 39 años","0.169359525838286"
"Tláhuac","2026","Mujeres","Ciudad de México","40 a 44 años","0.169078533792497"
"Tláhuac","2026","Mujeres","Ciudad de México","45 a 49 años","0.158827943962093"
"Tláhuac","2026","Mujeres","Ciudad de México","50 a 54 años","0.14275519894293"
"Tláhuac","2026","Mujeres","Ciudad de México","55 a 59 años","0.118365089368396"
"Tláhuac","2026","Mujeres","Ciudad de México","60 a 64 años","0.0937951448845567"
"Tláhuac","2026","Mujeres","Ciudad de México","65 y más","0.193783354458315"
"Tláhuac","2027","Mujeres","Ciudad de México","Hasta 4 años","0.118577324660137"
"Tláhuac","2027","Mujeres","Ciudad de México","5 a 9 años","0.128983987269371"
"Tláhuac","2027","Mujeres","Ciudad de México","10 a 14 años","0.140315185451689"
"Tláhuac","2027","Mujeres","Ciudad de México","15 a 19 años","0.150676748764674"
"Tláhuac","2027","Mujeres","Ciudad de México","20 a 24 años","0.150857145949666"
"Tláhuac","2027","Mujeres","Ciudad de México","25 a 29 años","0.147993340637916"
"Tláhuac","2027","Mujeres","Ciudad de México","30 a 34 años","0.156979375415336"
"Tláhuac","2027","Mujeres","Ciudad de México","35 a 39 años","0.167532610737376"
"Tláhuac","2027","Mujeres","Ciudad de México","40 a 44 años","0.168085077116414"
"Tláhuac","2027","Mujeres","Ciudad de México","45 a 49 años","0.158118132645599"
"Tláhuac","2027","Mujeres","Ciudad de México","50 a 54 años","0.143043692874695"
"Tláhuac","2027","Mujeres","Ciudad de México","55 a 59 años","0.120279823093501"
"Tláhuac","2027","Mujeres","Ciudad de México","60 a 64 años","0.095351187092401"
"Tláhuac","2027","Mujeres","Ciudad de México","65 y más","0.199801157202842"
"Tláhuac","2028","Mujeres","Ciudad de México","Hasta 4 años","0.116545501730534"
"Tláhuac","2028","Mujeres","Ciudad de México","5 a 9 años","0.126591357441728"
"Tláhuac","2028","Mujeres","Ciudad de México","10 a 14 años","0.137010538871918"
"Tláhuac","2028","Mujeres","Ciudad de México","15 a 19 años","0.146649130162388"
"Tláhuac","2028","Mujeres","Ciudad de México","20 a 24 años","0.147735168617652"
"Tláhuac","2028","Mujeres","Ciudad de México","25 a 29 años","0.145619656210002"
"Tláhuac","2028","Mujeres","Ciudad de México","30 a 34 años","0.153787570425634"
"Tláhuac","2028","Mujeres","Ciudad de México","35 a 39 años","0.165292790311089"
"Tláhuac","2028","Mujeres","Ciudad de México","40 a 44 años","0.166695589982472"
"Tláhuac","2028","Mujeres","Ciudad de México","45 a 49 años","0.157260630902364"
"Tláhuac","2028","Mujeres","Ciudad de México","50 a 54 años","0.14280274396666"
"Tláhuac","2028","Mujeres","Ciudad de México","55 a 59 años","0.121998319808007"
"Tláhuac","2028","Mujeres","Ciudad de México","60 a 64 años","0.0968949934305986"
"Tláhuac","2028","Mujeres","Ciudad de México","65 y más","0.205792974371981"
"Tláhuac","2029","Mujeres","Ciudad de México","Hasta 4 años","0.114663417623832"
"Tláhuac","2029","Mujeres","Ciudad de México","5 a 9 años","0.124268848984339"
"Tláhuac","2029","Mujeres","Ciudad de México","10 a 14 años","0.13385157246929"
"Tláhuac","2029","Mujeres","Ciudad de México","15 a 19 años","0.142321610051959"
"Tláhuac","2029","Mujeres","Ciudad de México","20 a 24 años","0.144365318852067"
"Tláhuac","2029","Mujeres","Ciudad de México","25 a 29 años","0.14336617232757"
"Tláhuac","2029","Mujeres","Ciudad de México","30 a 34 años","0.150621338567953"
"Tláhuac","2029","Mujeres","Ciudad de México","35 a 39 años","0.162633804737476"
"Tláhuac","2029","Mujeres","Ciudad de México","40 a 44 años","0.164825114728703"
"Tláhuac","2029","Mujeres","Ciudad de México","45 a 49 años","0.156196122017136"
"Tláhuac","2029","Mujeres","Ciudad de México","50 a 54 años","0.142139947047505"
"Tláhuac","2029","Mujeres","Ciudad de México","55 a 59 años","0.123440011526518"
"Tláhuac","2029","Mujeres","Ciudad de México","60 a 64 años","0.0984840562896444"
"Tláhuac","2029","Mujeres","Ciudad de México","65 y más","0.211762293504514"
"Tláhuac","2030","Mujeres","Ciudad de México","Hasta 4 años","0.112966209300364"
"Tláhuac","2030","Mujeres","Ciudad de México","5 a 9 años","0.12199347574834"
"Tláhuac","2030","Mujeres","Ciudad de México","10 a 14 años","0.130838373177165"
"Tláhuac","2030","Mujeres","Ciudad de México","15 a 19 años","0.137620221076843"
"Tláhuac","2030","Mujeres","Ciudad de México","20 a 24 años","0.140754688593502"
"Tláhuac","2030","Mujeres","Ciudad de México","25 a 29 años","0.141142222759198"
"Tláhuac","2030","Mujeres","Ciudad de México","30 a 34 años","0.147616322939059"
"Tláhuac","2030","Mujeres","Ciudad de México","35 a 39 años","0.159481707247573"
"Tláhuac","2030","Mujeres","Ciudad de México","40 a 44 años","0.162411009617686"
"Tláhuac","2030","Mujeres","Ciudad de México","45 a 49 años","0.154819899195525"
"Tláhuac","2030","Mujeres","Ciudad de México","50 a 54 años","0.141165018886592"
"Tláhuac","2030","Mujeres","Ciudad de México","55 a 59 años","0.124501049761666"
"Tláhuac","2030","Mujeres","Ciudad de México","60 a 64 años","0.100109193450217"
"Tláhuac","2030","Mujeres","Ciudad de México","65 y más","0.217691618547841"
"Tlalpan","2015","Hombres","Ciudad de México","Hasta 4 años","0.245851131074166"
"Tlalpan","2015","Hombres","Ciudad de México","5 a 9 años","0.266703934567457"
"Tlalpan","2015","Hombres","Ciudad de México","10 a 14 años","0.282699547199421"
"Tlalpan","2015","Hombres","Ciudad de México","15 a 19 años","0.303541311622573"
"Tlalpan","2015","Hombres","Ciudad de México","20 a 24 años","0.323753849047781"
"Tlalpan","2015","Hombres","Ciudad de México","25 a 29 años","0.311500481193067"
"Tlalpan","2015","Hombres","Ciudad de México","30 a 34 años","0.28432229050991"
"Tlalpan","2015","Hombres","Ciudad de México","35 a 39 años","0.264540276820138"
"Tlalpan","2015","Hombres","Ciudad de México","40 a 44 años","0.256161622584348"
"Tlalpan","2015","Hombres","Ciudad de México","45 a 49 años","0.235893889808443"
"Tlalpan","2015","Hombres","Ciudad de México","50 a 54 años","0.212722881585882"
"Tlalpan","2015","Hombres","Ciudad de México","55 a 59 años","0.181592703792826"
"Tlalpan","2015","Hombres","Ciudad de México","60 a 64 años","0.141046199170878"
"Tlalpan","2015","Hombres","Ciudad de México","65 y más","0.25916424966226"
"Tlalpan","2016","Hombres","Ciudad de México","Hasta 4 años","0.240733643399209"
"Tlalpan","2016","Hombres","Ciudad de México","5 a 9 años","0.262138570950487"
"Tlalpan","2016","Hombres","Ciudad de México","10 a 14 años","0.279147646507231"
"Tlalpan","2016","Hombres","Ciudad de México","15 a 19 años","0.298730173106001"
"Tlalpan","2016","Hombres","Ciudad de México","20 a 24 años","0.320687343370161"
"Tlalpan","2016","Hombres","Ciudad de México","25 a 29 años","0.314137744795389"
"Tlalpan","2016","Hombres","Ciudad de México","30 a 34 años","0.288160247581453"
"Tlalpan","2016","Hombres","Ciudad de México","35 a 39 años","0.264513214615877"
"Tlalpan","2016","Hombres","Ciudad de México","40 a 44 años","0.255865093732156"
"Tlalpan","2016","Hombres","Ciudad de México","45 a 49 años","0.238226461482727"
"Tlalpan","2016","Hombres","Ciudad de México","50 a 54 años","0.215617644817368"
"Tlalpan","2016","Hombres","Ciudad de México","55 a 59 años","0.18676848549645"
"Tlalpan","2016","Hombres","Ciudad de México","60 a 64 años","0.147338355796726"
"Tlalpan","2016","Hombres","Ciudad de México","65 y más","0.271581921340757"
"Tlalpan","2017","Hombres","Ciudad de México","Hasta 4 años","0.236996311008648"
"Tlalpan","2017","Hombres","Ciudad de México","5 a 9 años","0.257937652487776"
"Tlalpan","2017","Hombres","Ciudad de México","10 a 14 años","0.275397979420242"
"Tlalpan","2017","Hombres","Ciudad de México","15 a 19 años","0.294184407132389"
"Tlalpan","2017","Hombres","Ciudad de México","20 a 24 años","0.316076120836955"
"Tlalpan","2017","Hombres","Ciudad de México","25 a 29 años","0.315689341442882"
"Tlalpan","2017","Hombres","Ciudad de México","30 a 34 años","0.292040544205238"
"Tlalpan","2017","Hombres","Ciudad de México","35 a 39 años","0.266015816403999"
"Tlalpan","2017","Hombres","Ciudad de México","40 a 44 años","0.255517518564858"
"Tlalpan","2017","Hombres","Ciudad de México","45 a 49 años","0.2407977999104"
"Tlalpan","2017","Hombres","Ciudad de México","50 a 54 años","0.218287239175316"
"Tlalpan","2017","Hombres","Ciudad de México","55 a 59 años","0.191046918992703"
"Tlalpan","2017","Hombres","Ciudad de México","60 a 64 años","0.152855216537891"
"Tlalpan","2017","Hombres","Ciudad de México","65 y más","0.283597702574603"
"Tlalpan","2018","Hombres","Ciudad de México","Hasta 4 años","0.233702874390512"
"Tlalpan","2018","Hombres","Ciudad de México","5 a 9 años","0.253500704260792"
"Tlalpan","2018","Hombres","Ciudad de México","10 a 14 años","0.27138511258495"
"Tlalpan","2018","Hombres","Ciudad de México","15 a 19 años","0.28996631603862"
"Tlalpan","2018","Hombres","Ciudad de México","20 a 24 años","0.310726386802037"
"Tlalpan","2018","Hombres","Ciudad de México","25 a 29 años","0.316223326157081"
"Tlalpan","2018","Hombres","Ciudad de México","30 a 34 años","0.295662339716382"
"Tlalpan","2018","Hombres","Ciudad de México","35 a 39 años","0.268376727263879"
"Tlalpan","2018","Hombres","Ciudad de México","40 a 44 años","0.254750511397854"
"Tlalpan","2018","Hombres","Ciudad de México","45 a 49 años","0.243004536357498"
"Tlalpan","2018","Hombres","Ciudad de México","50 a 54 años","0.220917236775962"
"Tlalpan","2018","Hombres","Ciudad de México","55 a 59 años","0.194859310980219"
"Tlalpan","2018","Hombres","Ciudad de México","60 a 64 años","0.158227795600126"
"Tlalpan","2018","Hombres","Ciudad de México","65 y más","0.295905664999704"
"Tlalpan","2019","Hombres","Ciudad de México","Hasta 4 años","0.230865997734745"
"Tlalpan","2019","Hombres","Ciudad de México","5 a 9 años","0.248759496647903"
"Tlalpan","2019","Hombres","Ciudad de México","10 a 14 años","0.26706268582083"
"Tlalpan","2019","Hombres","Ciudad de México","15 a 19 años","0.286030237577167"
"Tlalpan","2019","Hombres","Ciudad de México","20 a 24 años","0.305053152882121"
"Tlalpan","2019","Hombres","Ciudad de México","25 a 29 años","0.315594372538883"
"Tlalpan","2019","Hombres","Ciudad de México","30 a 34 años","0.298819217307797"
"Tlalpan","2019","Hombres","Ciudad de México","35 a 39 años","0.271425333451885"
"Tlalpan","2019","Hombres","Ciudad de México","40 a 44 años","0.253930452088773"
"Tlalpan","2019","Hombres","Ciudad de México","45 a 49 años","0.244640448630765"
"Tlalpan","2019","Hombres","Ciudad de México","50 a 54 años","0.223558009317242"
"Tlalpan","2019","Hombres","Ciudad de México","55 a 59 años","0.198245794889347"
"Tlalpan","2019","Hombres","Ciudad de México","60 a 64 años","0.163366759260356"
"Tlalpan","2019","Hombres","Ciudad de México","65 y más","0.308485692896403"
"Tlalpan","2020","Hombres","Ciudad de México","Hasta 4 años","0.228471128423394"
"Tlalpan","2020","Hombres","Ciudad de México","5 a 9 años","0.243661880470958"
"Tlalpan","2020","Hombres","Ciudad de México","10 a 14 años","0.262511718778153"
"Tlalpan","2020","Hombres","Ciudad de México","15 a 19 años","0.282104462477456"
"Tlalpan","2020","Hombres","Ciudad de México","20 a 24 años","0.29950175442098"
"Tlalpan","2020","Hombres","Ciudad de México","25 a 29 años","0.313661309431738"
"Tlalpan","2020","Hombres","Ciudad de México","30 a 34 años","0.301464355232965"
"Tlalpan","2020","Hombres","Ciudad de México","35 a 39 años","0.274863906939457"
"Tlalpan","2020","Hombres","Ciudad de México","40 a 44 años","0.253419443829977"
"Tlalpan","2020","Hombres","Ciudad de México","45 a 49 años","0.2455912168624"
"Tlalpan","2020","Hombres","Ciudad de México","50 a 54 años","0.22620914782653"
"Tlalpan","2020","Hombres","Ciudad de México","55 a 59 años","0.20129409684049"
"Tlalpan","2020","Hombres","Ciudad de México","60 a 64 años","0.16819599840109"
"Tlalpan","2020","Hombres","Ciudad de México","65 y más","0.321323214296604"
"Tlalpan","2021","Hombres","Ciudad de México","Hasta 4 años","0.225659600078944"
"Tlalpan","2021","Hombres","Ciudad de México","5 a 9 años","0.239109436465183"
"Tlalpan","2021","Hombres","Ciudad de México","10 a 14 años","0.257845913743123"
"Tlalpan","2021","Hombres","Ciudad de México","15 a 19 años","0.277959583186127"
"Tlalpan","2021","Hombres","Ciudad de México","20 a 24 años","0.294319293340487"
"Tlalpan","2021","Hombres","Ciudad de México","25 a 29 años","0.310301386288297"
"Tlalpan","2021","Hombres","Ciudad de México","30 a 34 años","0.303559808512536"
"Tlalpan","2021","Hombres","Ciudad de México","35 a 39 años","0.278426051500101"
"Tlalpan","2021","Hombres","Ciudad de México","40 a 44 años","0.253592166975221"
"Tlalpan","2021","Hombres","Ciudad de México","45 a 49 años","0.245728843968237"
"Tlalpan","2021","Hombres","Ciudad de México","50 a 54 años","0.228824920780908"
"Tlalpan","2021","Hombres","Ciudad de México","55 a 59 años","0.204079887363451"
"Tlalpan","2021","Hombres","Ciudad de México","60 a 64 años","0.172659914500801"
"Tlalpan","2021","Hombres","Ciudad de México","65 y más","0.334346717234794"
"Tlalpan","2022","Hombres","Ciudad de México","Hasta 4 años","0.222237701760387"
"Tlalpan","2022","Hombres","Ciudad de México","5 a 9 años","0.235345853806939"
"Tlalpan","2022","Hombres","Ciudad de México","10 a 14 años","0.253060775757797"
"Tlalpan","2022","Hombres","Ciudad de México","15 a 19 años","0.273557563592898"
"Tlalpan","2022","Hombres","Ciudad de México","20 a 24 años","0.289480963914303"
"Tlalpan","2022","Hombres","Ciudad de México","25 a 29 años","0.305715933214744"
"Tlalpan","2022","Hombres","Ciudad de México","30 a 34 años","0.304914755840082"
"Tlalpan","2022","Hombres","Ciudad de México","35 a 39 años","0.281903161245626"
"Tlalpan","2022","Hombres","Ciudad de México","40 a 44 años","0.254696512897732"
"Tlalpan","2022","Hombres","Ciudad de México","45 a 49 años","0.245149149183011"
"Tlalpan","2022","Hombres","Ciudad de México","50 a 54 años","0.231284329615945"
"Tlalpan","2022","Hombres","Ciudad de México","55 a 59 años","0.206692635199238"
"Tlalpan","2022","Hombres","Ciudad de México","60 a 64 años","0.176681866040027"
"Tlalpan","2022","Hombres","Ciudad de México","65 y más","0.347544068650219"
"Tlalpan","2023","Hombres","Ciudad de México","Hasta 4 años","0.218766357574715"
"Tlalpan","2023","Hombres","Ciudad de México","5 a 9 años","0.231857993000993"
"Tlalpan","2023","Hombres","Ciudad de México","10 a 14 años","0.248016238088452"
"Tlalpan","2023","Hombres","Ciudad de México","15 a 19 años","0.268902637708058"
"Tlalpan","2023","Hombres","Ciudad de México","20 a 24 años","0.284927067101211"
"Tlalpan","2023","Hombres","Ciudad de México","25 a 29 años","0.300293569330692"
"Tlalpan","2023","Hombres","Ciudad de México","30 a 34 años","0.305200144788581"
"Tlalpan","2023","Hombres","Ciudad de México","35 a 39 años","0.285150093258388"
"Tlalpan","2023","Hombres","Ciudad de México","40 a 44 años","0.25668080429477"
"Tlalpan","2023","Hombres","Ciudad de México","45 a 49 años","0.244169036877152"
"Tlalpan","2023","Hombres","Ciudad de México","50 a 54 años","0.233374570869795"
"Tlalpan","2023","Hombres","Ciudad de México","55 a 59 años","0.209231989355408"
"Tlalpan","2023","Hombres","Ciudad de México","60 a 64 años","0.180238588922425"
"Tlalpan","2023","Hombres","Ciudad de México","65 y más","0.360822868388473"
"Tlalpan","2024","Hombres","Ciudad de México","Hasta 4 años","0.215175543002469"
"Tlalpan","2024","Hombres","Ciudad de México","5 a 9 años","0.228633795146623"
"Tlalpan","2024","Hombres","Ciudad de México","10 a 14 años","0.242662122755356"
"Tlalpan","2024","Hombres","Ciudad de México","15 a 19 años","0.263989651900743"
"Tlalpan","2024","Hombres","Ciudad de México","20 a 24 años","0.280600086025505"
"Tlalpan","2024","Hombres","Ciudad de México","25 a 29 años","0.29446074437995"
"Tlalpan","2024","Hombres","Ciudad de México","30 a 34 años","0.304297340631492"
"Tlalpan","2024","Hombres","Ciudad de México","35 a 39 años","0.287977533214161"
"Tlalpan","2024","Hombres","Ciudad de México","40 a 44 años","0.259350802532119"
"Tlalpan","2024","Hombres","Ciudad de México","45 a 49 años","0.243165130518219"
"Tlalpan","2024","Hombres","Ciudad de México","50 a 54 años","0.234893447306695"
"Tlalpan","2024","Hombres","Ciudad de México","55 a 59 años","0.211766268165287"
"Tlalpan","2024","Hombres","Ciudad de México","60 a 64 años","0.183374274439247"
"Tlalpan","2024","Hombres","Ciudad de México","65 y más","0.37412599606715"
"Tlalpan","2025","Hombres","Ciudad de México","Hasta 4 años","0.211461272708159"
"Tlalpan","2025","Hombres","Ciudad de México","5 a 9 años","0.225683466637916"
"Tlalpan","2025","Hombres","Ciudad de México","10 a 14 años","0.236980528482829"
"Tlalpan","2025","Hombres","Ciudad de México","15 a 19 años","0.258879793209973"
"Tlalpan","2025","Hombres","Ciudad de México","20 a 24 años","0.276251267277052"
"Tlalpan","2025","Hombres","Ciudad de México","25 a 29 años","0.28859061756599"
"Tlalpan","2025","Hombres","Ciudad de México","30 a 34 años","0.302061915519944"
"Tlalpan","2025","Hombres","Ciudad de México","35 a 39 años","0.290316557570074"
"Tlalpan","2025","Hombres","Ciudad de México","40 a 44 años","0.262466162049628"
"Tlalpan","2025","Hombres","Ciudad de México","45 a 49 años","0.242460948365927"
"Tlalpan","2025","Hombres","Ciudad de México","50 a 54 años","0.235736506791574"
"Tlalpan","2025","Hombres","Ciudad de México","55 a 59 años","0.214263123364139"
"Tlalpan","2025","Hombres","Ciudad de México","60 a 64 años","0.186132542778095"
"Tlalpan","2025","Hombres","Ciudad de México","65 y más","0.387327834682742"
"Tlalpan","2026","Hombres","Ciudad de México","Hasta 4 años","0.207585683747499"
"Tlalpan","2026","Hombres","Ciudad de México","5 a 9 años","0.222141071719398"
"Tlalpan","2026","Hombres","Ciudad de México","10 a 14 años","0.231773479049064"
"Tlalpan","2026","Hombres","Ciudad de México","15 a 19 años","0.253724577666145"
"Tlalpan","2026","Hombres","Ciudad de México","20 a 24 años","0.271629390823856"
"Tlalpan","2026","Hombres","Ciudad de México","25 a 29 años","0.28294775042826"
"Tlalpan","2026","Hombres","Ciudad de México","30 a 34 años","0.298379833583023"
"Tlalpan","2026","Hombres","Ciudad de México","35 a 39 años","0.292164289530158"
"Tlalpan","2026","Hombres","Ciudad de México","40 a 44 años","0.265751037225939"
"Tlalpan","2026","Hombres","Ciudad de México","45 a 49 años","0.2424624164709"
"Tlalpan","2026","Hombres","Ciudad de México","50 a 54 años","0.235797285144771"
"Tlalpan","2026","Hombres","Ciudad de México","55 a 59 años","0.216701065712912"
"Tlalpan","2026","Hombres","Ciudad de México","60 a 64 años","0.188601861133956"
"Tlalpan","2026","Hombres","Ciudad de México","65 y más","0.40034622715914"
"Tlalpan","2027","Hombres","Ciudad de México","Hasta 4 años","0.203521849143305"
"Tlalpan","2027","Hombres","Ciudad de México","5 a 9 años","0.217829600877993"
"Tlalpan","2027","Hombres","Ciudad de México","10 a 14 años","0.22730045309008"
"Tlalpan","2027","Hombres","Ciudad de México","15 a 19 años","0.248497122326655"
"Tlalpan","2027","Hombres","Ciudad de México","20 a 24 años","0.266683413538673"
"Tlalpan","2027","Hombres","Ciudad de México","25 a 29 años","0.277473420166015"
"Tlalpan","2027","Hombres","Ciudad de México","30 a 34 años","0.29344984586188"
"Tlalpan","2027","Hombres","Ciudad de México","35 a 39 años","0.293325822797198"
"Tlalpan","2027","Hombres","Ciudad de México","40 a 44 años","0.269028576943571"
"Tlalpan","2027","Hombres","Ciudad de México","45 a 49 años","0.243367077378441"
"Tlalpan","2027","Hombres","Ciudad de México","50 a 54 años","0.235125180989113"
"Tlalpan","2027","Hombres","Ciudad de México","55 a 59 años","0.218923258812008"
"Tlalpan","2027","Hombres","Ciudad de México","60 a 64 años","0.190848946897608"
"Tlalpan","2027","Hombres","Ciudad de México","65 y más","0.413064454335722"
"Tlalpan","2028","Hombres","Ciudad de México","Hasta 4 años","0.199242804938669"
"Tlalpan","2028","Hombres","Ciudad de México","5 a 9 años","0.213282114553074"
"Tlalpan","2028","Hombres","Ciudad de México","10 a 14 años","0.223056460650451"
"Tlalpan","2028","Hombres","Ciudad de México","15 a 19 años","0.243102920470535"
"Tlalpan","2028","Hombres","Ciudad de México","20 a 24 años","0.261441132303693"
"Tlalpan","2028","Hombres","Ciudad de México","25 a 29 años","0.272097884645973"
"Tlalpan","2028","Hombres","Ciudad de México","30 a 34 años","0.287653122937517"
"Tlalpan","2028","Hombres","Ciudad de México","35 a 39 años","0.293524518336289"
"Tlalpan","2028","Hombres","Ciudad de México","40 a 44 años","0.272165762049427"
"Tlalpan","2028","Hombres","Ciudad de México","45 a 49 años","0.245139242574156"
"Tlalpan","2028","Hombres","Ciudad de México","50 a 54 años","0.234041287109425"
"Tlalpan","2028","Hombres","Ciudad de México","55 a 59 años","0.220726003131863"
"Tlalpan","2028","Hombres","Ciudad de México","60 a 64 años","0.192964145119173"
"Tlalpan","2028","Hombres","Ciudad de México","65 y más","0.425421626148005"
"Tlalpan","2029","Hombres","Ciudad de México","Hasta 4 años","0.194731386836948"
"Tlalpan","2029","Hombres","Ciudad de México","5 a 9 años","0.208424235797671"
"Tlalpan","2029","Hombres","Ciudad de México","10 a 14 años","0.219028813682676"
"Tlalpan","2029","Hombres","Ciudad de México","15 a 19 años","0.237513024385874"
"Tlalpan","2029","Hombres","Ciudad de México","20 a 24 años","0.255883695711288"
"Tlalpan","2029","Hombres","Ciudad de México","25 a 29 años","0.266726706289639"
"Tlalpan","2029","Hombres","Ciudad de México","30 a 34 años","0.281384639961524"
"Tlalpan","2029","Hombres","Ciudad de México","35 a 39 años","0.292625038362117"
"Tlalpan","2029","Hombres","Ciudad de México","40 a 44 años","0.274981019054519"
"Tlalpan","2029","Hombres","Ciudad de México","45 a 49 años","0.247595321133073"
"Tlalpan","2029","Hombres","Ciudad de México","50 a 54 años","0.232903325647853"
"Tlalpan","2029","Hombres","Ciudad de México","55 a 59 años","0.22193542175394"
"Tlalpan","2029","Hombres","Ciudad de México","60 a 64 años","0.194992527405851"
"Tlalpan","2029","Hombres","Ciudad de México","65 y más","0.437365037160871"
"Tlalpan","2030","Hombres","Ciudad de México","Hasta 4 años","0.189960129573188"
"Tlalpan","2030","Hombres","Ciudad de México","5 a 9 años","0.203238873780122"
"Tlalpan","2030","Hombres","Ciudad de México","10 a 14 años","0.215206840661908"
"Tlalpan","2030","Hombres","Ciudad de México","15 a 19 años","0.231711236895076"
"Tlalpan","2030","Hombres","Ciudad de México","20 a 24 años","0.250107711701936"
"Tlalpan","2030","Hombres","Ciudad de México","25 a 29 años","0.261106843169482"
"Tlalpan","2030","Hombres","Ciudad de México","30 a 34 años","0.274989684752354"
"Tlalpan","2030","Hombres","Ciudad de México","35 a 39 años","0.290491051380192"
"Tlalpan","2030","Hombres","Ciudad de México","40 a 44 años","0.277417472319802"
"Tlalpan","2030","Hombres","Ciudad de México","45 a 49 años","0.250518041995026"
"Tlalpan","2030","Hombres","Ciudad de México","50 a 54 años","0.232030382678591"
"Tlalpan","2030","Hombres","Ciudad de México","55 a 59 años","0.222433213045768"
"Tlalpan","2030","Hombres","Ciudad de México","60 a 64 años","0.196924346492018"
"Tlalpan","2030","Hombres","Ciudad de México","65 y más","0.448855748385464"
"Tlalpan","2015","Mujeres","Ciudad de México","Hasta 4 años","0.240353674144754"
"Tlalpan","2015","Mujeres","Ciudad de México","5 a 9 años","0.258535022664315"
"Tlalpan","2015","Mujeres","Ciudad de México","10 a 14 años","0.27326114223025"
"Tlalpan","2015","Mujeres","Ciudad de México","15 a 19 años","0.293517835936015"
"Tlalpan","2015","Mujeres","Ciudad de México","20 a 24 años","0.31930510378161"
"Tlalpan","2015","Mujeres","Ciudad de México","25 a 29 años","0.323179817400533"
"Tlalpan","2015","Mujeres","Ciudad de México","30 a 34 años","0.312615427277145"
"Tlalpan","2015","Mujeres","Ciudad de México","35 a 39 años","0.304115343269821"
"Tlalpan","2015","Mujeres","Ciudad de México","40 a 44 años","0.297414627695217"
"Tlalpan","2015","Mujeres","Ciudad de México","45 a 49 años","0.273647509685128"
"Tlalpan","2015","Mujeres","Ciudad de México","50 a 54 años","0.247087506929776"
"Tlalpan","2015","Mujeres","Ciudad de México","55 a 59 años","0.21435666396651"
"Tlalpan","2015","Mujeres","Ciudad de México","60 a 64 años","0.169802976883966"
"Tlalpan","2015","Mujeres","Ciudad de México","65 y más","0.342752088757656"
"Tlalpan","2016","Mujeres","Ciudad de México","Hasta 4 años","0.235365844230002"
"Tlalpan","2016","Mujeres","Ciudad de México","5 a 9 años","0.254318814136088"
"Tlalpan","2016","Mujeres","Ciudad de México","10 a 14 años","0.269914148347855"
"Tlalpan","2016","Mujeres","Ciudad de México","15 a 19 años","0.289386226404049"
"Tlalpan","2016","Mujeres","Ciudad de México","20 a 24 años","0.315794472934032"
"Tlalpan","2016","Mujeres","Ciudad de México","25 a 29 años","0.322896314221686"
"Tlalpan","2016","Mujeres","Ciudad de México","30 a 34 años","0.31338669470587"
"Tlalpan","2016","Mujeres","Ciudad de México","35 a 39 años","0.303678267813417"
"Tlalpan","2016","Mujeres","Ciudad de México","40 a 44 años","0.299094653296502"
"Tlalpan","2016","Mujeres","Ciudad de México","45 a 49 años","0.277789129433543"
"Tlalpan","2016","Mujeres","Ciudad de México","50 a 54 años","0.251314613778014"
"Tlalpan","2016","Mujeres","Ciudad de México","55 a 59 años","0.221250520488757"
"Tlalpan","2016","Mujeres","Ciudad de México","60 a 64 años","0.177943646944607"
"Tlalpan","2016","Mujeres","Ciudad de México","65 y más","0.357135362420325"
"Tlalpan","2017","Mujeres","Ciudad de México","Hasta 4 años","0.231216721777205"
"Tlalpan","2017","Mujeres","Ciudad de México","5 a 9 años","0.250279420485119"
"Tlalpan","2017","Mujeres","Ciudad de México","10 a 14 años","0.26651310419638"
"Tlalpan","2017","Mujeres","Ciudad de México","15 a 19 años","0.285586853744124"
"Tlalpan","2017","Mujeres","Ciudad de México","20 a 24 años","0.311257954670781"
"Tlalpan","2017","Mujeres","Ciudad de México","25 a 29 años","0.321756252509922"
"Tlalpan","2017","Mujeres","Ciudad de México","30 a 34 años","0.31386595287082"
"Tlalpan","2017","Mujeres","Ciudad de México","35 a 39 años","0.303743383585922"
"Tlalpan","2017","Mujeres","Ciudad de México","40 a 44 años","0.300273419879091"
"Tlalpan","2017","Mujeres","Ciudad de México","45 a 49 años","0.282216347595768"
"Tlalpan","2017","Mujeres","Ciudad de México","50 a 54 años","0.255462264365705"
"Tlalpan","2017","Mujeres","Ciudad de México","55 a 59 años","0.22720526691867"
"Tlalpan","2017","Mujeres","Ciudad de México","60 a 64 años","0.185178923042614"
"Tlalpan","2017","Mujeres","Ciudad de México","65 y más","0.371451879228466"
"Tlalpan","2018","Mujeres","Ciudad de México","Hasta 4 años","0.227520200146106"
"Tlalpan","2018","Mujeres","Ciudad de México","5 a 9 años","0.246023981918719"
"Tlalpan","2018","Mujeres","Ciudad de México","10 a 14 años","0.262912968629288"
"Tlalpan","2018","Mujeres","Ciudad de México","15 a 19 años","0.282002943129904"
"Tlalpan","2018","Mujeres","Ciudad de México","20 a 24 años","0.30631335098179"
"Tlalpan","2018","Mujeres","Ciudad de México","25 a 29 años","0.320028048769023"
"Tlalpan","2018","Mujeres","Ciudad de México","30 a 34 años","0.31409976004809"
"Tlalpan","2018","Mujeres","Ciudad de México","35 a 39 años","0.304046001750836"
"Tlalpan","2018","Mujeres","Ciudad de México","40 a 44 años","0.300661568264632"
"Tlalpan","2018","Mujeres","Ciudad de México","45 a 49 años","0.286338557269094"
"Tlalpan","2018","Mujeres","Ciudad de México","50 a 54 años","0.259617017064292"
"Tlalpan","2018","Mujeres","Ciudad de México","55 a 59 años","0.232618970855714"
"Tlalpan","2018","Mujeres","Ciudad de México","60 a 64 años","0.19219379310383"
"Tlalpan","2018","Mujeres","Ciudad de México","65 y más","0.386201465592422"
"Tlalpan","2019","Mujeres","Ciudad de México","Hasta 4 años","0.224299880868716"
"Tlalpan","2019","Mujeres","Ciudad de México","5 a 9 años","0.241495799069294"
"Tlalpan","2019","Mujeres","Ciudad de México","10 a 14 años","0.259001753142131"
"Tlalpan","2019","Mujeres","Ciudad de México","15 a 19 años","0.278511867674918"
"Tlalpan","2019","Mujeres","Ciudad de México","20 a 24 años","0.301266286156688"
"Tlalpan","2019","Mujeres","Ciudad de México","25 a 29 años","0.317676041966899"
"Tlalpan","2019","Mujeres","Ciudad de México","30 a 34 años","0.313933466080359"
"Tlalpan","2019","Mujeres","Ciudad de México","35 a 39 años","0.304488444686223"
"Tlalpan","2019","Mujeres","Ciudad de México","40 a 44 años","0.300502269185767"
"Tlalpan","2019","Mujeres","Ciudad de México","45 a 49 años","0.289916758690112"
"Tlalpan","2019","Mujeres","Ciudad de México","50 a 54 años","0.263851600001019"
"Tlalpan","2019","Mujeres","Ciudad de México","55 a 59 años","0.237520696278562"
"Tlalpan","2019","Mujeres","Ciudad de México","60 a 64 años","0.198910157472756"
"Tlalpan","2019","Mujeres","Ciudad de México","65 y más","0.401363582057028"
"Tlalpan","2020","Mujeres","Ciudad de México","Hasta 4 años","0.221574305230996"
"Tlalpan","2020","Mujeres","Ciudad de México","5 a 9 años","0.23659873517585"
"Tlalpan","2020","Mujeres","Ciudad de México","10 a 14 años","0.254838725773107"
"Tlalpan","2020","Mujeres","Ciudad de México","15 a 19 años","0.274919347640361"
"Tlalpan","2020","Mujeres","Ciudad de México","20 a 24 años","0.296441427731106"
"Tlalpan","2020","Mujeres","Ciudad de México","25 a 29 años","0.314592713206917"
"Tlalpan","2020","Mujeres","Ciudad de México","30 a 34 años","0.313350841506679"
"Tlalpan","2020","Mujeres","Ciudad de México","35 a 39 años","0.304934943109525"
"Tlalpan","2020","Mujeres","Ciudad de México","40 a 44 años","0.300078337710377"
"Tlalpan","2020","Mujeres","Ciudad de México","45 a 49 años","0.292793429611654"
"Tlalpan","2020","Mujeres","Ciudad de México","50 a 54 años","0.268166670270312"
"Tlalpan","2020","Mujeres","Ciudad de México","55 a 59 años","0.241987571303671"
"Tlalpan","2020","Mujeres","Ciudad de México","60 a 64 años","0.205285827305543"
"Tlalpan","2020","Mujeres","Ciudad de México","65 y más","0.416869718233726"
"Tlalpan","2021","Mujeres","Ciudad de México","Hasta 4 años","0.21871810731148"
"Tlalpan","2021","Mujeres","Ciudad de México","5 a 9 años","0.231990241482872"
"Tlalpan","2021","Mujeres","Ciudad de México","10 a 14 años","0.25051569738068"
"Tlalpan","2021","Mujeres","Ciudad de México","15 a 19 años","0.271084728749231"
"Tlalpan","2021","Mujeres","Ciudad de México","20 a 24 años","0.291953632605335"
"Tlalpan","2021","Mujeres","Ciudad de México","25 a 29 años","0.310601258775852"
"Tlalpan","2021","Mujeres","Ciudad de México","30 a 34 años","0.312356068147467"
"Tlalpan","2021","Mujeres","Ciudad de México","35 a 39 años","0.305259085942011"
"Tlalpan","2021","Mujeres","Ciudad de México","40 a 44 años","0.299739210893323"
"Tlalpan","2021","Mujeres","Ciudad de México","45 a 49 años","0.294741336100749"
"Tlalpan","2021","Mujeres","Ciudad de México","50 a 54 años","0.272484133691152"
"Tlalpan","2021","Mujeres","Ciudad de México","55 a 59 años","0.246139780340071"
"Tlalpan","2021","Mujeres","Ciudad de México","60 a 64 años","0.211199082345763"
"Tlalpan","2021","Mujeres","Ciudad de México","65 y más","0.432704893152656"
"Tlalpan","2022","Mujeres","Ciudad de México","Hasta 4 años","0.215516713784056"
"Tlalpan","2022","Mujeres","Ciudad de México","5 a 9 años","0.227946090554853"
"Tlalpan","2022","Mujeres","Ciudad de México","10 a 14 años","0.246017091338894"
"Tlalpan","2022","Mujeres","Ciudad de México","15 a 19 años","0.267025742496696"
"Tlalpan","2022","Mujeres","Ciudad de México","20 a 24 años","0.287700569748388"
"Tlalpan","2022","Mujeres","Ciudad de México","25 a 29 años","0.305793825459503"
"Tlalpan","2022","Mujeres","Ciudad de México","30 a 34 años","0.310856821368825"
"Tlalpan","2022","Mujeres","Ciudad de México","35 a 39 años","0.30543774662632"
"Tlalpan","2022","Mujeres","Ciudad de México","40 a 44 años","0.299673720514169"
"Tlalpan","2022","Mujeres","Ciudad de México","45 a 49 años","0.29570121603147"
"Tlalpan","2022","Mujeres","Ciudad de México","50 a 54 años","0.276650998456176"
"Tlalpan","2022","Mujeres","Ciudad de México","55 a 59 años","0.250123125384037"
"Tlalpan","2022","Mujeres","Ciudad de México","60 a 64 años","0.216584950283606"
"Tlalpan","2022","Mujeres","Ciudad de México","65 y más","0.448803986836656"
"Tlalpan","2023","Mujeres","Ciudad de México","Hasta 4 años","0.212242842477294"
"Tlalpan","2023","Mujeres","Ciudad de México","5 a 9 años","0.224185893194111"
"Tlalpan","2023","Mujeres","Ciudad de México","10 a 14 años","0.241258545525995"
"Tlalpan","2023","Mujeres","Ciudad de México","15 a 19 años","0.262724813154261"
"Tlalpan","2023","Mujeres","Ciudad de México","20 a 24 años","0.283544304926715"
"Tlalpan","2023","Mujeres","Ciudad de México","25 a 29 años","0.300460838948574"
"Tlalpan","2023","Mujeres","Ciudad de México","30 a 34 años","0.308735109379833"
"Tlalpan","2023","Mujeres","Ciudad de México","35 a 39 años","0.305367414406464"
"Tlalpan","2023","Mujeres","Ciudad de México","40 a 44 años","0.299858668324197"
"Tlalpan","2023","Mujeres","Ciudad de México","45 a 49 años","0.295844197495015"
"Tlalpan","2023","Mujeres","Ciudad de México","50 a 54 años","0.280455392649816"
"Tlalpan","2023","Mujeres","Ciudad de México","55 a 59 años","0.254060246947943"
"Tlalpan","2023","Mujeres","Ciudad de México","60 a 64 años","0.221398066229402"
"Tlalpan","2023","Mujeres","Ciudad de México","65 y más","0.465132202100059"
"Tlalpan","2024","Mujeres","Ciudad de México","Hasta 4 años","0.208860001090968"
"Tlalpan","2024","Mujeres","Ciudad de México","5 a 9 años","0.220719806344247"
"Tlalpan","2024","Mujeres","Ciudad de México","10 a 14 años","0.236212445440425"
"Tlalpan","2024","Mujeres","Ciudad de México","15 a 19 años","0.258098872100104"
"Tlalpan","2024","Mujeres","Ciudad de México","20 a 24 años","0.279370511494063"
"Tlalpan","2024","Mujeres","Ciudad de México","25 a 29 años","0.294907862391384"
"Tlalpan","2024","Mujeres","Ciudad de México","30 a 34 años","0.305974033174368"
"Tlalpan","2024","Mujeres","Ciudad de México","35 a 39 años","0.304934483797785"
"Tlalpan","2024","Mujeres","Ciudad de México","40 a 44 años","0.300183854926302"
"Tlalpan","2024","Mujeres","Ciudad de México","45 a 49 años","0.295444404005104"
"Tlalpan","2024","Mujeres","Ciudad de México","50 a 54 años","0.283685200304398"
"Tlalpan","2024","Mujeres","Ciudad de México","55 a 59 años","0.258020626448103"
"Tlalpan","2024","Mujeres","Ciudad de México","60 a 64 años","0.225682816271161"
"Tlalpan","2024","Mujeres","Ciudad de México","65 y más","0.48159081011524"
"Tlalpan","2025","Mujeres","Ciudad de México","Hasta 4 años","0.205330823472874"
"Tlalpan","2025","Mujeres","Ciudad de México","5 a 9 años","0.21758051454082"
"Tlalpan","2025","Mujeres","Ciudad de México","10 a 14 años","0.230794042234424"
"Tlalpan","2025","Mujeres","Ciudad de México","15 a 19 años","0.253208847482268"
"Tlalpan","2025","Mujeres","Ciudad de México","20 a 24 años","0.274996038183172"
"Tlalpan","2025","Mujeres","Ciudad de México","25 a 29 años","0.289442380165408"
"Tlalpan","2025","Mujeres","Ciudad de México","30 a 34 años","0.302442967209157"
"Tlalpan","2025","Mujeres","Ciudad de México","35 a 39 años","0.304090455394874"
"Tlalpan","2025","Mujeres","Ciudad de México","40 a 44 años","0.300526501360467"
"Tlalpan","2025","Mujeres","Ciudad de México","45 a 49 años","0.294754689009147"
"Tlalpan","2025","Mujeres","Ciudad de México","50 a 54 años","0.286158611196599"
"Tlalpan","2025","Mujeres","Ciudad de México","55 a 59 años","0.261973036334175"
"Tlalpan","2025","Mujeres","Ciudad de México","60 a 64 años","0.229482776127425"
"Tlalpan","2025","Mujeres","Ciudad de México","65 y más","0.498101802217586"
"Tlalpan","2026","Mujeres","Ciudad de México","Hasta 4 años","0.201617412694928"
"Tlalpan","2026","Mujeres","Ciudad de México","5 a 9 años","0.214149657937143"
"Tlalpan","2026","Mujeres","Ciudad de México","10 a 14 años","0.225614133405357"
"Tlalpan","2026","Mujeres","Ciudad de México","15 a 19 años","0.248172174841343"
"Tlalpan","2026","Mujeres","Ciudad de México","20 a 24 años","0.270280629004066"
"Tlalpan","2026","Mujeres","Ciudad de México","25 a 29 años","0.284172875747902"
"Tlalpan","2026","Mujeres","Ciudad de México","30 a 34 años","0.297986444718917"
"Tlalpan","2026","Mujeres","Ciudad de México","35 a 39 años","0.302864466633824"
"Tlalpan","2026","Mujeres","Ciudad de México","40 a 44 años","0.30077388581315"
"Tlalpan","2026","Mujeres","Ciudad de México","45 a 49 años","0.294108754487022"
"Tlalpan","2026","Mujeres","Ciudad de México","50 a 54 años","0.287668416797525"
"Tlalpan","2026","Mujeres","Ciudad de México","55 a 59 años","0.265852194362423"
"Tlalpan","2026","Mujeres","Ciudad de México","60 a 64 años","0.232919926595886"
"Tlalpan","2026","Mujeres","Ciudad de México","65 y más","0.514552634249851"
"Tlalpan","2027","Mujeres","Ciudad de México","Hasta 4 años","0.197692765103247"
"Tlalpan","2027","Mujeres","Ciudad de México","5 a 9 años","0.210196544988014"
"Tlalpan","2027","Mujeres","Ciudad de México","10 a 14 años","0.220952727143169"
"Tlalpan","2027","Mujeres","Ciudad de México","15 a 19 años","0.242972458536271"
"Tlalpan","2027","Mujeres","Ciudad de México","20 a 24 años","0.265240236058736"
"Tlalpan","2027","Mujeres","Ciudad de México","25 a 29 años","0.278984246590324"
"Tlalpan","2027","Mujeres","Ciudad de México","30 a 34 años","0.292683157825664"
"Tlalpan","2027","Mujeres","Ciudad de México","35 a 39 años","0.301161825520294"
"Tlalpan","2027","Mujeres","Ciudad de México","40 a 44 años","0.300868680094681"
"Tlalpan","2027","Mujeres","Ciudad de México","45 a 49 años","0.293720441639368"
"Tlalpan","2027","Mujeres","Ciudad de México","50 a 54 años","0.288128128904613"
"Tlalpan","2027","Mujeres","Ciudad de México","55 a 59 años","0.269479569906051"
"Tlalpan","2027","Mujeres","Ciudad de México","60 a 64 años","0.23611736550657"
"Tlalpan","2027","Mujeres","Ciudad de México","65 y más","0.530818716839333"
"Tlalpan","2028","Mujeres","Ciudad de México","Hasta 4 años","0.193518477247381"
"Tlalpan","2028","Mujeres","Ciudad de México","5 a 9 años","0.206007919482919"
"Tlalpan","2028","Mujeres","Ciudad de México","10 a 14 años","0.216506291217139"
"Tlalpan","2028","Mujeres","Ciudad de México","15 a 19 años","0.237559599188458"
"Tlalpan","2028","Mujeres","Ciudad de México","20 a 24 años","0.259891264924827"
"Tlalpan","2028","Mujeres","Ciudad de México","25 a 29 años","0.273738255229445"
"Tlalpan","2028","Mujeres","Ciudad de México","30 a 34 años","0.286815968294917"
"Tlalpan","2028","Mujeres","Ciudad de México","35 a 39 años","0.29887552030858"
"Tlalpan","2028","Mujeres","Ciudad de México","40 a 44 años","0.300753461804141"
"Tlalpan","2028","Mujeres","Ciudad de México","45 a 49 años","0.293535831236864"
"Tlalpan","2028","Mujeres","Ciudad de México","50 a 54 años","0.287721000340971"
"Tlalpan","2028","Mujeres","Ciudad de México","55 a 59 años","0.272640903873605"
"Tlalpan","2028","Mujeres","Ciudad de México","60 a 64 años","0.239177343970778"
"Tlalpan","2028","Mujeres","Ciudad de México","65 y más","0.546820362225501"
"Tlalpan","2029","Mujeres","Ciudad de México","Hasta 4 años","0.189099833698873"
"Tlalpan","2029","Mujeres","Ciudad de México","5 a 9 años","0.20150968769064"
"Tlalpan","2029","Mujeres","Ciudad de México","10 a 14 años","0.212273220704541"
"Tlalpan","2029","Mujeres","Ciudad de México","15 a 19 años","0.231915533061134"
"Tlalpan","2029","Mujeres","Ciudad de México","20 a 24 años","0.25412383535564"
"Tlalpan","2029","Mujeres","Ciudad de México","25 a 29 años","0.268304903640833"
"Tlalpan","2029","Mujeres","Ciudad de México","30 a 34 años","0.280680695819264"
"Tlalpan","2029","Mujeres","Ciudad de México","35 a 39 años","0.295985803944517"
"Tlalpan","2029","Mujeres","Ciudad de México","40 a 44 años","0.300277592424744"
"Tlalpan","2029","Mujeres","Ciudad de México","45 a 49 años","0.29344252188216"
"Tlalpan","2029","Mujeres","Ciudad de México","50 a 54 años","0.286698282841804"
"Tlalpan","2029","Mujeres","Ciudad de México","55 a 59 años","0.275128620245638"
"Tlalpan","2029","Mujeres","Ciudad de México","60 a 64 años","0.242145430999452"
"Tlalpan","2029","Mujeres","Ciudad de México","65 y más","0.562519493291923"
"Tlalpan","2030","Mujeres","Ciudad de México","Hasta 4 años","0.184409272552779"
"Tlalpan","2030","Mujeres","Ciudad de México","5 a 9 años","0.196684987154382"
"Tlalpan","2030","Mujeres","Ciudad de México","10 a 14 años","0.20831101212526"
"Tlalpan","2030","Mujeres","Ciudad de México","15 a 19 años","0.225966612791819"
"Tlalpan","2030","Mujeres","Ciudad de México","20 a 24 años","0.24804466217279"
"Tlalpan","2030","Mujeres","Ciudad de México","25 a 29 años","0.262520203067903"
"Tlalpan","2030","Mujeres","Ciudad de México","30 a 34 años","0.27452236414078"
"Tlalpan","2030","Mujeres","Ciudad de México","35 a 39 años","0.29236033382649"
"Tlalpan","2030","Mujeres","Ciudad de México","40 a 44 años","0.299415735254895"
"Tlalpan","2030","Mujeres","Ciudad de México","45 a 49 años","0.293329169240729"
"Tlalpan","2030","Mujeres","Ciudad de México","50 a 54 años","0.285293534334387"
"Tlalpan","2030","Mujeres","Ciudad de México","55 a 59 años","0.276733588497986"
"Tlalpan","2030","Mujeres","Ciudad de México","60 a 64 años","0.244978583038313"
"Tlalpan","2030","Mujeres","Ciudad de México","65 y más","0.577870431371119"
"Venustiano Carranza","2015","Hombres","Ciudad de México","Hasta 4 años","0.144413115563389"
"Venustiano Carranza","2015","Hombres","Ciudad de México","5 a 9 años","0.154480747530505"
"Venustiano Carranza","2015","Hombres","Ciudad de México","10 a 14 años","0.168599718238774"
"Venustiano Carranza","2015","Hombres","Ciudad de México","15 a 19 años","0.182376477772722"
"Venustiano Carranza","2015","Hombres","Ciudad de México","20 a 24 años","0.193680485595449"
"Venustiano Carranza","2015","Hombres","Ciudad de México","25 a 29 años","0.189430443591787"
"Venustiano Carranza","2015","Hombres","Ciudad de México","30 a 34 años","0.177916693436412"
"Venustiano Carranza","2015","Hombres","Ciudad de México","35 a 39 años","0.169582195481179"
"Venustiano Carranza","2015","Hombres","Ciudad de México","40 a 44 años","0.168930890342955"
"Venustiano Carranza","2015","Hombres","Ciudad de México","45 a 49 años","0.158730789534167"
"Venustiano Carranza","2015","Hombres","Ciudad de México","50 a 54 años","0.145439749086351"
"Venustiano Carranza","2015","Hombres","Ciudad de México","55 a 59 años","0.125977868430622"
"Venustiano Carranza","2015","Hombres","Ciudad de México","60 a 64 años","0.0987003261162101"
"Venustiano Carranza","2015","Hombres","Ciudad de México","65 y más","0.218860604583378"
"Venustiano Carranza","2016","Hombres","Ciudad de México","Hasta 4 años","0.140192335092042"
"Venustiano Carranza","2016","Hombres","Ciudad de México","5 a 9 años","0.149768223733404"
"Venustiano Carranza","2016","Hombres","Ciudad de México","10 a 14 años","0.164524149021592"
"Venustiano Carranza","2016","Hombres","Ciudad de México","15 a 19 años","0.177987826361637"
"Venustiano Carranza","2016","Hombres","Ciudad de México","20 a 24 años","0.190203435170571"
"Venustiano Carranza","2016","Hombres","Ciudad de México","25 a 29 años","0.189010590910748"
"Venustiano Carranza","2016","Hombres","Ciudad de México","30 a 34 años","0.178230813155305"
"Venustiano Carranza","2016","Hombres","Ciudad de México","35 a 39 años","0.167517304525408"
"Venustiano Carranza","2016","Hombres","Ciudad de México","40 a 44 años","0.16704237579233"
"Venustiano Carranza","2016","Hombres","Ciudad de México","45 a 49 años","0.15936620208328"
"Venustiano Carranza","2016","Hombres","Ciudad de México","50 a 54 años","0.14704014473177"
"Venustiano Carranza","2016","Hombres","Ciudad de México","55 a 59 años","0.129158525688674"
"Venustiano Carranza","2016","Hombres","Ciudad de México","60 a 64 años","0.102120722466007"
"Venustiano Carranza","2016","Hombres","Ciudad de México","65 y más","0.224917412102289"
"Venustiano Carranza","2017","Hombres","Ciudad de México","Hasta 4 años","0.136997261380873"
"Venustiano Carranza","2017","Hombres","Ciudad de México","5 a 9 años","0.145528509730154"
"Venustiano Carranza","2017","Hombres","Ciudad de México","10 a 14 años","0.160557651899871"
"Venustiano Carranza","2017","Hombres","Ciudad de México","15 a 19 años","0.173984422294141"
"Venustiano Carranza","2017","Hombres","Ciudad de México","20 a 24 años","0.18608509190873"
"Venustiano Carranza","2017","Hombres","Ciudad de México","25 a 29 años","0.18821790399605"
"Venustiano Carranza","2017","Hombres","Ciudad de México","30 a 34 años","0.178802588460315"
"Venustiano Carranza","2017","Hombres","Ciudad de México","35 a 39 años","0.166635613806742"
"Venustiano Carranza","2017","Hombres","Ciudad de México","40 a 44 años","0.165265309667739"
"Venustiano Carranza","2017","Hombres","Ciudad de México","45 a 49 años","0.160226126704951"
"Venustiano Carranza","2017","Hombres","Ciudad de México","50 a 54 años","0.148567490683589"
"Venustiano Carranza","2017","Hombres","Ciudad de México","55 a 59 años","0.131814417500287"
"Venustiano Carranza","2017","Hombres","Ciudad de México","60 a 64 años","0.105115588469377"
"Venustiano Carranza","2017","Hombres","Ciudad de México","65 y más","0.230874145742454"
"Venustiano Carranza","2018","Hombres","Ciudad de México","Hasta 4 años","0.134293435913374"
"Venustiano Carranza","2018","Hombres","Ciudad de México","5 a 9 años","0.141427290810765"
"Venustiano Carranza","2018","Hombres","Ciudad de México","10 a 14 años","0.156657241498685"
"Venustiano Carranza","2018","Hombres","Ciudad de México","15 a 19 años","0.170360879045767"
"Venustiano Carranza","2018","Hombres","Ciudad de México","20 a 24 años","0.181797167361895"
"Venustiano Carranza","2018","Hombres","Ciudad de México","25 a 29 años","0.187128203114674"
"Venustiano Carranza","2018","Hombres","Ciudad de México","30 a 34 años","0.179496637410488"
"Venustiano Carranza","2018","Hombres","Ciudad de México","35 a 39 años","0.166522975713372"
"Venustiano Carranza","2018","Hombres","Ciudad de México","40 a 44 años","0.163370807270338"
"Venustiano Carranza","2018","Hombres","Ciudad de México","45 a 49 años","0.160915433956818"
"Venustiano Carranza","2018","Hombres","Ciudad de México","50 a 54 años","0.150131699809598"
"Venustiano Carranza","2018","Hombres","Ciudad de México","55 a 59 años","0.134260255192921"
"Venustiano Carranza","2018","Hombres","Ciudad de México","60 a 64 años","0.108135967956272"
"Venustiano Carranza","2018","Hombres","Ciudad de México","65 y más","0.23735275364034"
"Venustiano Carranza","2019","Hombres","Ciudad de México","Hasta 4 años","0.132064208872053"
"Venustiano Carranza","2019","Hombres","Ciudad de México","5 a 9 años","0.137434473087945"
"Venustiano Carranza","2019","Hombres","Ciudad de México","10 a 14 años","0.152814466893871"
"Venustiano Carranza","2019","Hombres","Ciudad de México","15 a 19 años","0.167087189727449"
"Venustiano Carranza","2019","Hombres","Ciudad de México","20 a 24 años","0.17759519125504"
"Venustiano Carranza","2019","Hombres","Ciudad de México","25 a 29 años","0.185667196643463"
"Venustiano Carranza","2019","Hombres","Ciudad de México","30 a 34 años","0.180208350749783"
"Venustiano Carranza","2019","Hombres","Ciudad de México","35 a 39 años","0.167053971598278"
"Venustiano Carranza","2019","Hombres","Ciudad de México","40 a 44 años","0.161595125704598"
"Venustiano Carranza","2019","Hombres","Ciudad de México","45 a 49 años","0.16128508983234"
"Venustiano Carranza","2019","Hombres","Ciudad de México","50 a 54 años","0.15176255947014"
"Venustiano Carranza","2019","Hombres","Ciudad de México","55 a 59 años","0.136515438180896"
"Venustiano Carranza","2019","Hombres","Ciudad de México","60 a 64 años","0.111158932914106"
"Venustiano Carranza","2019","Hombres","Ciudad de México","65 y más","0.244363630887678"
"Venustiano Carranza","2020","Hombres","Ciudad de México","Hasta 4 años","0.130307823403627"
"Venustiano Carranza","2020","Hombres","Ciudad de México","5 a 9 años","0.133545560336392"
"Venustiano Carranza","2020","Hombres","Ciudad de México","10 a 14 años","0.149080044729557"
"Venustiano Carranza","2020","Hombres","Ciudad de México","15 a 19 años","0.164004681412784"
"Venustiano Carranza","2020","Hombres","Ciudad de México","20 a 24 años","0.173695715930719"
"Venustiano Carranza","2020","Hombres","Ciudad de México","25 a 29 años","0.183774835354978"
"Venustiano Carranza","2020","Hombres","Ciudad de México","30 a 34 años","0.180914095188357"
"Venustiano Carranza","2020","Hombres","Ciudad de México","35 a 39 años","0.168062940718922"
"Venustiano Carranza","2020","Hombres","Ciudad de México","40 a 44 años","0.160190361190622"
"Venustiano Carranza","2020","Hombres","Ciudad de México","45 a 49 años","0.161265910788151"
"Venustiano Carranza","2020","Hombres","Ciudad de México","50 a 54 años","0.153448771960755"
"Venustiano Carranza","2020","Hombres","Ciudad de México","55 a 59 años","0.138635016679335"
"Venustiano Carranza","2020","Hombres","Ciudad de México","60 a 64 años","0.114108050599619"
"Venustiano Carranza","2020","Hombres","Ciudad de México","65 y más","0.251911456765401"
"Venustiano Carranza","2021","Hombres","Ciudad de México","Hasta 4 años","0.128523126888155"
"Venustiano Carranza","2021","Hombres","Ciudad de México","5 a 9 años","0.130244617094487"
"Venustiano Carranza","2021","Hombres","Ciudad de México","10 a 14 años","0.145515901182908"
"Venustiano Carranza","2021","Hombres","Ciudad de México","15 a 19 años","0.160964887486177"
"Venustiano Carranza","2021","Hombres","Ciudad de México","20 a 24 años","0.170260934600365"
"Venustiano Carranza","2021","Hombres","Ciudad de México","25 a 29 años","0.181400642193592"
"Venustiano Carranza","2021","Hombres","Ciudad de México","30 a 34 años","0.181622769962151"
"Venustiano Carranza","2021","Hombres","Ciudad de México","35 a 39 años","0.169394636302985"
"Venustiano Carranza","2021","Hombres","Ciudad de México","40 a 44 años","0.159387780329409"
"Venustiano Carranza","2021","Hombres","Ciudad de México","45 a 49 años","0.160809398048186"
"Venustiano Carranza","2021","Hombres","Ciudad de México","50 a 54 años","0.155178459115218"
"Venustiano Carranza","2021","Hombres","Ciudad de México","55 a 59 años","0.140684622216753"
"Venustiano Carranza","2021","Hombres","Ciudad de México","60 a 64 años","0.116961376534667"
"Venustiano Carranza","2021","Hombres","Ciudad de México","65 y más","0.259989446709716"
"Venustiano Carranza","2022","Hombres","Ciudad de México","Hasta 4 años","0.126619407587194"
"Venustiano Carranza","2022","Hombres","Ciudad de México","5 a 9 años","0.127654261696133"
"Venustiano Carranza","2022","Hombres","Ciudad de México","10 a 14 años","0.142119964294195"
"Venustiano Carranza","2022","Hombres","Ciudad de México","15 a 19 años","0.157932089980231"
"Venustiano Carranza","2022","Hombres","Ciudad de México","20 a 24 años","0.167234649497139"
"Venustiano Carranza","2022","Hombres","Ciudad de México","25 a 29 años","0.178640299622534"
"Venustiano Carranza","2022","Hombres","Ciudad de México","30 a 34 años","0.182245597808513"
"Venustiano Carranza","2022","Hombres","Ciudad de México","35 a 39 años","0.170962349782024"
"Venustiano Carranza","2022","Hombres","Ciudad de México","40 a 44 años","0.159345277849426"
"Venustiano Carranza","2022","Hombres","Ciudad de México","45 a 49 años","0.159946160880423"
"Venustiano Carranza","2022","Hombres","Ciudad de México","50 a 54 años","0.156841598553608"
"Venustiano Carranza","2022","Hombres","Ciudad de México","55 a 59 años","0.142720847325191"
"Venustiano Carranza","2022","Hombres","Ciudad de México","60 a 64 años","0.119686997803661"
"Venustiano Carranza","2022","Hombres","Ciudad de México","65 y más","0.268594714855409"
"Venustiano Carranza","2023","Hombres","Ciudad de México","Hasta 4 años","0.124883496711145"
"Venustiano Carranza","2023","Hombres","Ciudad de México","5 a 9 años","0.125519121259099"
"Venustiano Carranza","2023","Hombres","Ciudad de México","10 a 14 años","0.138822631534694"
"Venustiano Carranza","2023","Hombres","Ciudad de México","15 a 19 años","0.154913968775"
"Venustiano Carranza","2023","Hombres","Ciudad de México","20 a 24 años","0.164593303996473"
"Venustiano Carranza","2023","Hombres","Ciudad de México","25 a 29 años","0.175755763163171"
"Venustiano Carranza","2023","Hombres","Ciudad de México","30 a 34 años","0.182624968804216"
"Venustiano Carranza","2023","Hombres","Ciudad de México","35 a 39 años","0.17268915350199"
"Venustiano Carranza","2023","Hombres","Ciudad de México","40 a 44 años","0.160032419082207"
"Venustiano Carranza","2023","Hombres","Ciudad de México","45 a 49 años","0.158906136988464"
"Venustiano Carranza","2023","Hombres","Ciudad de México","50 a 54 años","0.158292815056228"
"Venustiano Carranza","2023","Hombres","Ciudad de México","55 a 59 años","0.144799732547032"
"Venustiano Carranza","2023","Hombres","Ciudad de México","60 a 64 años","0.122262939364317"
"Venustiano Carranza","2023","Hombres","Ciudad de México","65 y más","0.277734473532259"
"Venustiano Carranza","2024","Hombres","Ciudad de México","Hasta 4 años","0.123303969603129"
"Venustiano Carranza","2024","Hombres","Ciudad de México","5 a 9 años","0.12384051121685"
"Venustiano Carranza","2024","Hombres","Ciudad de México","10 a 14 años","0.135610892867842"
"Venustiano Carranza","2024","Hombres","Ciudad de México","15 a 19 años","0.151897166434314"
"Venustiano Carranza","2024","Hombres","Ciudad de México","20 a 24 años","0.162292660200148"
"Venustiano Carranza","2024","Hombres","Ciudad de México","25 a 29 años","0.172978780673413"
"Venustiano Carranza","2024","Hombres","Ciudad de México","30 a 34 años","0.182681241521525"
"Venustiano Carranza","2024","Hombres","Ciudad de México","35 a 39 años","0.174498981912288"
"Venustiano Carranza","2024","Hombres","Ciudad de México","40 a 44 años","0.161353712376137"
"Venustiano Carranza","2024","Hombres","Ciudad de México","45 a 49 años","0.157922081638383"
"Venustiano Carranza","2024","Hombres","Ciudad de México","50 a 54 años","0.159408749026401"
"Venustiano Carranza","2024","Hombres","Ciudad de México","55 a 59 años","0.146978868308544"
"Venustiano Carranza","2024","Hombres","Ciudad de México","60 a 64 años","0.124734747239717"
"Venustiano Carranza","2024","Hombres","Ciudad de México","65 y más","0.287351567998154"
"Venustiano Carranza","2025","Hombres","Ciudad de México","Hasta 4 años","0.121858088729903"
"Venustiano Carranza","2025","Hombres","Ciudad de México","5 a 9 años","0.12262019210833"
"Venustiano Carranza","2025","Hombres","Ciudad de México","10 a 14 años","0.132460291612133"
"Venustiano Carranza","2025","Hombres","Ciudad de México","15 a 19 años","0.148912758664051"
"Venustiano Carranza","2025","Hombres","Ciudad de México","20 a 24 años","0.160176198301092"
"Venustiano Carranza","2025","Hombres","Ciudad de México","25 a 29 años","0.170531838325596"
"Venustiano Carranza","2025","Hombres","Ciudad de México","30 a 34 años","0.182355648093834"
"Venustiano Carranza","2025","Hombres","Ciudad de México","35 a 39 años","0.176348480287412"
"Venustiano Carranza","2025","Hombres","Ciudad de México","40 a 44 años","0.163146159996432"
"Venustiano Carranza","2025","Hombres","Ciudad de México","45 a 49 años","0.157239858813625"
"Venustiano Carranza","2025","Hombres","Ciudad de México","50 a 54 años","0.160097746482725"
"Venustiano Carranza","2025","Hombres","Ciudad de México","55 a 59 años","0.149237773340144"
"Venustiano Carranza","2025","Hombres","Ciudad de México","60 a 64 años","0.127125567963146"
"Venustiano Carranza","2025","Hombres","Ciudad de México","65 y más","0.29742205083364"
"Venustiano Carranza","2026","Hombres","Ciudad de México","Hasta 4 años","0.12052310828006"
"Venustiano Carranza","2026","Hombres","Ciudad de México","5 a 9 años","0.121422282826587"
"Venustiano Carranza","2026","Hombres","Ciudad de México","10 a 14 años","0.129852044200274"
"Venustiano Carranza","2026","Hombres","Ciudad de México","15 a 19 años","0.146037186037753"
"Venustiano Carranza","2026","Hombres","Ciudad de México","20 a 24 años","0.158108604324872"
"Venustiano Carranza","2026","Hombres","Ciudad de México","25 a 29 años","0.168572748110076"
"Venustiano Carranza","2026","Hombres","Ciudad de México","30 a 34 años","0.181577059989217"
"Venustiano Carranza","2026","Hombres","Ciudad de México","35 a 39 años","0.178283833212563"
"Venustiano Carranza","2026","Hombres","Ciudad de México","40 a 44 años","0.165290761015253"
"Venustiano Carranza","2026","Hombres","Ciudad de México","45 a 49 años","0.157074553596367"
"Venustiano Carranza","2026","Hombres","Ciudad de México","50 a 54 años","0.160289102600199"
"Venustiano Carranza","2026","Hombres","Ciudad de México","55 a 59 años","0.151567109498891"
"Venustiano Carranza","2026","Hombres","Ciudad de México","60 a 64 años","0.129526093427158"
"Venustiano Carranza","2026","Hombres","Ciudad de México","65 y más","0.307911083776205"
"Venustiano Carranza","2027","Hombres","Ciudad de México","Hasta 4 años","0.119287638576044"
"Venustiano Carranza","2027","Hombres","Ciudad de México","5 a 9 años","0.12016707485288"
"Venustiano Carranza","2027","Hombres","Ciudad de México","10 a 14 años","0.12791287898348"
"Venustiano Carranza","2027","Hombres","Ciudad de México","15 a 19 años","0.143257914531873"
"Venustiano Carranza","2027","Hombres","Ciudad de México","20 a 24 años","0.156054839842252"
"Venustiano Carranza","2027","Hombres","Ciudad de México","25 a 29 años","0.167081617774895"
"Venustiano Carranza","2027","Hombres","Ciudad de México","30 a 34 años","0.180476108760561"
"Venustiano Carranza","2027","Hombres","Ciudad de México","35 a 39 años","0.180205512983073"
"Venustiano Carranza","2027","Hombres","Ciudad de México","40 a 44 años","0.167679183450182"
"Venustiano Carranza","2027","Hombres","Ciudad de México","45 a 49 años","0.157588215914685"
"Venustiano Carranza","2027","Hombres","Ciudad de México","50 a 54 años","0.160023577912078"
"Venustiano Carranza","2027","Hombres","Ciudad de México","55 a 59 años","0.153867523974222"
"Venustiano Carranza","2027","Hombres","Ciudad de México","60 a 64 años","0.131971815645803"
"Venustiano Carranza","2027","Hombres","Ciudad de México","65 y más","0.318784375529212"
"Venustiano Carranza","2028","Hombres","Ciudad de México","Hasta 4 años","0.118117994910552"
"Venustiano Carranza","2028","Hombres","Ciudad de México","5 a 9 años","0.119158781763514"
"Venustiano Carranza","2028","Hombres","Ciudad de México","10 a 14 años","0.126399038131941"
"Venustiano Carranza","2028","Hombres","Ciudad de México","15 a 19 años","0.1405062251498"
"Venustiano Carranza","2028","Hombres","Ciudad de México","20 a 24 años","0.154002515536572"
"Venustiano Carranza","2028","Hombres","Ciudad de México","25 a 29 años","0.166028128848507"
"Venustiano Carranza","2028","Hombres","Ciudad de México","30 a 34 años","0.179264222522039"
"Venustiano Carranza","2028","Hombres","Ciudad de México","35 a 39 años","0.181934067057897"
"Venustiano Carranza","2028","Hombres","Ciudad de México","40 a 44 años","0.170259153663807"
"Venustiano Carranza","2028","Hombres","Ciudad de México","45 a 49 años","0.158765246678928"
"Venustiano Carranza","2028","Hombres","Ciudad de México","50 a 54 años","0.159511898116922"
"Venustiano Carranza","2028","Hombres","Ciudad de México","55 a 59 años","0.15599358603789"
"Venustiano Carranza","2028","Hombres","Ciudad de México","60 a 64 años","0.134544326546423"
"Venustiano Carranza","2028","Hombres","Ciudad de México","65 y más","0.330019935593394"
"Venustiano Carranza","2029","Hombres","Ciudad de México","Hasta 4 años","0.117013682743956"
"Venustiano Carranza","2029","Hombres","Ciudad de México","5 a 9 años","0.118364801339583"
"Venustiano Carranza","2029","Hombres","Ciudad de México","10 a 14 años","0.125324765197728"
"Venustiano Carranza","2029","Hombres","Ciudad de México","15 a 19 años","0.13776868100283"
"Venustiano Carranza","2029","Hombres","Ciudad de México","20 a 24 años","0.151949749288023"
"Venustiano Carranza","2029","Hombres","Ciudad de México","25 a 29 años","0.165392811617622"
"Venustiano Carranza","2029","Hombres","Ciudad de México","30 a 34 años","0.178188699493853"
"Venustiano Carranza","2029","Hombres","Ciudad de México","35 a 39 años","0.183400156934128"
"Venustiano Carranza","2029","Hombres","Ciudad de México","40 a 44 años","0.172943180240243"
"Venustiano Carranza","2029","Hombres","Ciudad de México","45 a 49 años","0.160476556559584"
"Venustiano Carranza","2029","Hombres","Ciudad de México","50 a 54 años","0.158989190710617"
"Venustiano Carranza","2029","Hombres","Ciudad de México","55 a 59 años","0.157819735119444"
"Venustiano Carranza","2029","Hombres","Ciudad de México","60 a 64 años","0.137291815616138"
"Venustiano Carranza","2029","Hombres","Ciudad de México","65 y más","0.341628633813594"
"Venustiano Carranza","2030","Hombres","Ciudad de México","Hasta 4 años","0.115929705861568"
"Venustiano Carranza","2030","Hombres","Ciudad de México","5 a 9 años","0.117776192180472"
"Venustiano Carranza","2030","Hombres","Ciudad de México","10 a 14 años","0.124717612971908"
"Venustiano Carranza","2030","Hombres","Ciudad de México","15 a 19 años","0.135032860617638"
"Venustiano Carranza","2030","Hombres","Ciudad de México","20 a 24 años","0.149941527933235"
"Venustiano Carranza","2030","Hombres","Ciudad de México","25 a 29 años","0.165032564267982"
"Venustiano Carranza","2030","Hombres","Ciudad de México","30 a 34 años","0.177467851761343"
"Venustiano Carranza","2030","Hombres","Ciudad de México","35 a 39 años","0.184523253189748"
"Venustiano Carranza","2030","Hombres","Ciudad de México","40 a 44 años","0.175712549952014"
"Venustiano Carranza","2030","Hombres","Ciudad de México","45 a 49 años","0.162604776700534"
"Venustiano Carranza","2030","Hombres","Ciudad de México","50 a 54 años","0.15867244472509"
"Venustiano Carranza","2030","Hombres","Ciudad de México","55 a 59 años","0.159287940164725"
"Venustiano Carranza","2030","Hombres","Ciudad de México","60 a 64 años","0.140207581536049"
"Venustiano Carranza","2030","Hombres","Ciudad de México","65 y más","0.353602130070144"
"Venustiano Carranza","2015","Mujeres","Ciudad de México","Hasta 4 años","0.139048127475649"
"Venustiano Carranza","2015","Mujeres","Ciudad de México","5 a 9 años","0.151467081382454"
"Venustiano Carranza","2015","Mujeres","Ciudad de México","10 a 14 años","0.163444472483683"
"Venustiano Carranza","2015","Mujeres","Ciudad de México","15 a 19 años","0.175863426390487"
"Venustiano Carranza","2015","Mujeres","Ciudad de México","20 a 24 años","0.18919862311886"
"Venustiano Carranza","2015","Mujeres","Ciudad de México","25 a 29 años","0.192686969282904"
"Venustiano Carranza","2015","Mujeres","Ciudad de México","30 a 34 años","0.191969429723844"
"Venustiano Carranza","2015","Mujeres","Ciudad de México","35 a 39 años","0.194972056801756"
"Venustiano Carranza","2015","Mujeres","Ciudad de México","40 a 44 años","0.196296745218482"
"Venustiano Carranza","2015","Mujeres","Ciudad de México","45 a 49 años","0.185003776465895"
"Venustiano Carranza","2015","Mujeres","Ciudad de México","50 a 54 años","0.172728330470902"
"Venustiano Carranza","2015","Mujeres","Ciudad de México","55 a 59 años","0.152449558624859"
"Venustiano Carranza","2015","Mujeres","Ciudad de México","60 a 64 años","0.125977868430622"
"Venustiano Carranza","2015","Mujeres","Ciudad de México","65 y más","0.335499419676083"
"Venustiano Carranza","2016","Mujeres","Ciudad de México","Hasta 4 años","0.134736177088775"
"Venustiano Carranza","2016","Mujeres","Ciudad de México","5 a 9 años","0.147128503565831"
"Venustiano Carranza","2016","Mujeres","Ciudad de México","10 a 14 años","0.159653368293979"
"Venustiano Carranza","2016","Mujeres","Ciudad de México","15 a 19 años","0.172078829333808"
"Venustiano Carranza","2016","Mujeres","Ciudad de México","20 a 24 años","0.18569713463346"
"Venustiano Carranza","2016","Mujeres","Ciudad de México","25 a 29 años","0.190402242547208"
"Venustiano Carranza","2016","Mujeres","Ciudad de México","30 a 34 años","0.189927313814131"
"Venustiano Carranza","2016","Mujeres","Ciudad de México","35 a 39 años","0.192401361167839"
"Venustiano Carranza","2016","Mujeres","Ciudad de México","40 a 44 años","0.19541660638017"
"Venustiano Carranza","2016","Mujeres","Ciudad de México","45 a 49 años","0.186271467054856"
"Venustiano Carranza","2016","Mujeres","Ciudad de México","50 a 54 años","0.174475562707712"
"Venustiano Carranza","2016","Mujeres","Ciudad de México","55 a 59 años","0.155633041344203"
"Venustiano Carranza","2016","Mujeres","Ciudad de México","60 a 64 años","0.129743902964328"
"Venustiano Carranza","2016","Mujeres","Ciudad de México","65 y más","0.344400645461283"
"Venustiano Carranza","2017","Mujeres","Ciudad de México","Hasta 4 años","0.131151367110446"
"Venustiano Carranza","2017","Mujeres","Ciudad de México","5 a 9 años","0.143130477486898"
"Venustiano Carranza","2017","Mujeres","Ciudad de México","10 a 14 años","0.156048909248956"
"Venustiano Carranza","2017","Mujeres","Ciudad de México","15 a 19 años","0.168702120855079"
"Venustiano Carranza","2017","Mujeres","Ciudad de México","20 a 24 años","0.181874721933243"
"Venustiano Carranza","2017","Mujeres","Ciudad de México","25 a 29 años","0.187941633000283"
"Venustiano Carranza","2017","Mujeres","Ciudad de México","30 a 34 años","0.188007938039267"
"Venustiano Carranza","2017","Mujeres","Ciudad de México","35 a 39 años","0.190394919442693"
"Venustiano Carranza","2017","Mujeres","Ciudad de México","40 a 44 años","0.194373221781736"
"Venustiano Carranza","2017","Mujeres","Ciudad de México","45 a 49 años","0.187864277121468"
"Venustiano Carranza","2017","Mujeres","Ciudad de México","50 a 54 años","0.176338251178075"
"Venustiano Carranza","2017","Mujeres","Ciudad de México","55 a 59 años","0.158336433093906"
"Venustiano Carranza","2017","Mujeres","Ciudad de México","60 a 64 años","0.13301895904183"
"Venustiano Carranza","2017","Mujeres","Ciudad de México","65 y más","0.353604772901926"
"Venustiano Carranza","2018","Mujeres","Ciudad de México","Hasta 4 años","0.128044400228062"
"Venustiano Carranza","2018","Mujeres","Ciudad de México","5 a 9 años","0.139248423501019"
"Venustiano Carranza","2018","Mujeres","Ciudad de México","10 a 14 años","0.152531771922364"
"Venustiano Carranza","2018","Mujeres","Ciudad de México","15 a 19 años","0.165638156501292"
"Venustiano Carranza","2018","Mujeres","Ciudad de México","20 a 24 años","0.17806986643101"
"Venustiano Carranza","2018","Mujeres","Ciudad de México","25 a 29 años","0.185447046611723"
"Venustiano Carranza","2018","Mujeres","Ciudad de México","30 a 34 años","0.186243383902595"
"Venustiano Carranza","2018","Mujeres","Ciudad de México","35 a 39 años","0.188798299377474"
"Venustiano Carranza","2018","Mujeres","Ciudad de México","40 a 44 años","0.193012250875003"
"Venustiano Carranza","2018","Mujeres","Ciudad de México","45 a 49 años","0.189373431865326"
"Venustiano Carranza","2018","Mujeres","Ciudad de México","50 a 54 años","0.178357432674936"
"Venustiano Carranza","2018","Mujeres","Ciudad de México","55 a 59 años","0.160860132756063"
"Venustiano Carranza","2018","Mujeres","Ciudad de México","60 a 64 años","0.136306399620855"
"Venustiano Carranza","2018","Mujeres","Ciudad de México","65 y más","0.363572214243488"
"Venustiano Carranza","2019","Mujeres","Ciudad de México","Hasta 4 años","0.12542058303796"
"Venustiano Carranza","2019","Mujeres","Ciudad de México","5 a 9 años","0.135474603466888"
"Venustiano Carranza","2019","Mujeres","Ciudad de México","10 a 14 años","0.149049745587885"
"Venustiano Carranza","2019","Mujeres","Ciudad de México","15 a 19 años","0.162802051064458"
"Venustiano Carranza","2019","Mujeres","Ciudad de México","20 a 24 años","0.174461614403292"
"Venustiano Carranza","2019","Mujeres","Ciudad de México","25 a 29 años","0.182932237341761"
"Venustiano Carranza","2019","Mujeres","Ciudad de México","30 a 34 años","0.184570998380838"
"Venustiano Carranza","2019","Mujeres","Ciudad de México","35 a 39 años","0.187549557296456"
"Venustiano Carranza","2019","Mujeres","Ciudad de México","40 a 44 años","0.191480369248295"
"Venustiano Carranza","2019","Mujeres","Ciudad de México","45 a 49 años","0.190660988728757"
"Venustiano Carranza","2019","Mujeres","Ciudad de México","50 a 54 años","0.180595895590105"
"Venustiano Carranza","2019","Mujeres","Ciudad de México","55 a 59 años","0.163233886743674"
"Venustiano Carranza","2019","Mujeres","Ciudad de México","60 a 64 años","0.139593651484025"
"Venustiano Carranza","2019","Mujeres","Ciudad de México","65 y más","0.374335097621992"
"Venustiano Carranza","2020","Mujeres","Ciudad de México","Hasta 4 años","0.123300118809422"
"Venustiano Carranza","2020","Mujeres","Ciudad de México","5 a 9 años","0.131738193486937"
"Venustiano Carranza","2020","Mujeres","Ciudad de México","10 a 14 años","0.145631633133359"
"Venustiano Carranza","2020","Mujeres","Ciudad de México","15 a 19 años","0.160090567928996"
"Venustiano Carranza","2020","Mujeres","Ciudad de México","20 a 24 años","0.171200884390061"
"Venustiano Carranza","2020","Mujeres","Ciudad de México","25 a 29 años","0.18033751189896"
"Venustiano Carranza","2020","Mujeres","Ciudad de México","30 a 34 años","0.182998665542329"
"Venustiano Carranza","2020","Mujeres","Ciudad de México","35 a 39 años","0.186580134820696"
"Venustiano Carranza","2020","Mujeres","Ciudad de México","40 a 44 años","0.189984193856172"
"Venustiano Carranza","2020","Mujeres","Ciudad de México","45 a 49 años","0.191625238602917"
"Venustiano Carranza","2020","Mujeres","Ciudad de México","50 a 54 años","0.183043018103052"
"Venustiano Carranza","2020","Mujeres","Ciudad de México","55 a 59 años","0.165534844757721"
"Venustiano Carranza","2020","Mujeres","Ciudad de México","60 a 64 años","0.142859598088183"
"Venustiano Carranza","2020","Mujeres","Ciudad de México","65 y más","0.385856190148298"
"Venustiano Carranza","2021","Mujeres","Ciudad de México","Hasta 4 años","0.12131508079842"
"Venustiano Carranza","2021","Mujeres","Ciudad de México","5 a 9 años","0.128400956615448"
"Venustiano Carranza","2021","Mujeres","Ciudad de México","10 a 14 años","0.142339474092516"
"Venustiano Carranza","2021","Mujeres","Ciudad de México","15 a 19 años","0.157388630412379"
"Venustiano Carranza","2021","Mujeres","Ciudad de México","20 a 24 años","0.168372848567615"
"Venustiano Carranza","2021","Mujeres","Ciudad de México","25 a 29 años","0.177568938185951"
"Venustiano Carranza","2021","Mujeres","Ciudad de México","30 a 34 años","0.181567238020011"
"Venustiano Carranza","2021","Mujeres","Ciudad de México","35 a 39 años","0.185832091176341"
"Venustiano Carranza","2021","Mujeres","Ciudad de México","40 a 44 años","0.188764177721318"
"Venustiano Carranza","2021","Mujeres","Ciudad de México","45 a 49 años","0.192129413414985"
"Venustiano Carranza","2021","Mujeres","Ciudad de México","50 a 54 años","0.185654388961494"
"Venustiano Carranza","2021","Mujeres","Ciudad de México","55 a 59 años","0.167828635534645"
"Venustiano Carranza","2021","Mujeres","Ciudad de México","60 a 64 años","0.146049007827449"
"Venustiano Carranza","2021","Mujeres","Ciudad de México","65 y más","0.398164025141754"
"Venustiano Carranza","2022","Mujeres","Ciudad de México","Hasta 4 años","0.119353173897552"
"Venustiano Carranza","2022","Mujeres","Ciudad de México","5 a 9 años","0.125640190795941"
"Venustiano Carranza","2022","Mujeres","Ciudad de México","10 a 14 años","0.139148931529824"
"Venustiano Carranza","2022","Mujeres","Ciudad de México","15 a 19 años","0.154705125554509"
"Venustiano Carranza","2022","Mujeres","Ciudad de México","20 a 24 años","0.165899353872702"
"Venustiano Carranza","2022","Mujeres","Ciudad de México","25 a 29 años","0.174678922603372"
"Venustiano Carranza","2022","Mujeres","Ciudad de México","30 a 34 años","0.180231526908321"
"Venustiano Carranza","2022","Mujeres","Ciudad de México","35 a 39 años","0.185294522817643"
"Venustiano Carranza","2022","Mujeres","Ciudad de México","40 a 44 años","0.187931731675905"
"Venustiano Carranza","2022","Mujeres","Ciudad de México","45 a 49 años","0.192149040356417"
"Venustiano Carranza","2022","Mujeres","Ciudad de México","50 a 54 años","0.188321192899699"
"Venustiano Carranza","2022","Mujeres","Ciudad de México","55 a 59 años","0.170239064652121"
"Venustiano Carranza","2022","Mujeres","Ciudad de México","60 a 64 años","0.14911913885895"
"Venustiano Carranza","2022","Mujeres","Ciudad de México","65 y más","0.411259924862915"
"Venustiano Carranza","2023","Mujeres","Ciudad de México","Hasta 4 años","0.117579390063605"
"Venustiano Carranza","2023","Mujeres","Ciudad de México","5 a 9 años","0.123277708379472"
"Venustiano Carranza","2023","Mujeres","Ciudad de México","10 a 14 años","0.136034804569984"
"Venustiano Carranza","2023","Mujeres","Ciudad de México","15 a 19 años","0.152036931347419"
"Venustiano Carranza","2023","Mujeres","Ciudad de México","20 a 24 años","0.163678896752048"
"Venustiano Carranza","2023","Mujeres","Ciudad de México","25 a 29 años","0.171852805412577"
"Venustiano Carranza","2023","Mujeres","Ciudad de México","30 a 34 años","0.178956188518658"
"Venustiano Carranza","2023","Mujeres","Ciudad de México","35 a 39 años","0.184955592146714"
"Venustiano Carranza","2023","Mujeres","Ciudad de México","40 a 44 años","0.18748693903067"
"Venustiano Carranza","2023","Mujeres","Ciudad de México","45 a 49 años","0.1918136464799"
"Venustiano Carranza","2023","Mujeres","Ciudad de México","50 a 54 años","0.190899239235475"
"Venustiano Carranza","2023","Mujeres","Ciudad de México","55 a 59 años","0.172845271812014"
"Venustiano Carranza","2023","Mujeres","Ciudad de México","60 a 64 años","0.152081536578855"
"Venustiano Carranza","2023","Mujeres","Ciudad de México","65 y más","0.425110158194684"
"Venustiano Carranza","2024","Mujeres","Ciudad de México","Hasta 4 años","0.115960056265331"
"Venustiano Carranza","2024","Mujeres","Ciudad de México","5 a 9 años","0.121336650352821"
"Venustiano Carranza","2024","Mujeres","Ciudad de México","10 a 14 años","0.132972896600383"
"Venustiano Carranza","2024","Mujeres","Ciudad de México","15 a 19 años","0.149315059918285"
"Venustiano Carranza","2024","Mujeres","Ciudad de México","20 a 24 años","0.161644339083569"
"Venustiano Carranza","2024","Mujeres","Ciudad de México","25 a 29 años","0.169256523228228"
"Venustiano Carranza","2024","Mujeres","Ciudad de México","30 a 34 años","0.177740587495182"
"Venustiano Carranza","2024","Mujeres","Ciudad de México","35 a 39 años","0.184749162324406"
"Venustiano Carranza","2024","Mujeres","Ciudad de México","40 a 44 años","0.187364802691293"
"Venustiano Carranza","2024","Mujeres","Ciudad de México","45 a 49 años","0.191288263241623"
"Venustiano Carranza","2024","Mujeres","Ciudad de México","50 a 54 años","0.193266760442218"
"Venustiano Carranza","2024","Mujeres","Ciudad de México","55 a 59 años","0.175706200543159"
"Venustiano Carranza","2024","Mujeres","Ciudad de México","60 a 64 años","0.154959924812635"
"Venustiano Carranza","2024","Mujeres","Ciudad de México","65 y más","0.439695852443902"
"Venustiano Carranza","2025","Mujeres","Ciudad de México","Hasta 4 años","0.114494825205986"
"Venustiano Carranza","2025","Mujeres","Ciudad de México","5 a 9 años","0.119851963660221"
"Venustiano Carranza","2025","Mujeres","Ciudad de México","10 a 14 años","0.129916211216503"
"Venustiano Carranza","2025","Mujeres","Ciudad de México","15 a 19 años","0.146570411515651"
"Venustiano Carranza","2025","Mujeres","Ciudad de México","20 a 24 años","0.159671865183016"
"Venustiano Carranza","2025","Mujeres","Ciudad de México","25 a 29 años","0.167068750914804"
"Venustiano Carranza","2025","Mujeres","Ciudad de México","30 a 34 años","0.176550213534642"
"Venustiano Carranza","2025","Mujeres","Ciudad de México","35 a 39 años","0.184675580436986"
"Venustiano Carranza","2025","Mujeres","Ciudad de México","40 a 44 años","0.187511053300838"
"Venustiano Carranza","2025","Mujeres","Ciudad de México","45 a 49 años","0.190749992659151"
"Venustiano Carranza","2025","Mujeres","Ciudad de México","50 a 54 años","0.195300198124464"
"Venustiano Carranza","2025","Mujeres","Ciudad de México","55 a 59 años","0.178825316267298"
"Venustiano Carranza","2025","Mujeres","Ciudad de México","60 a 64 años","0.157811436347445"
"Venustiano Carranza","2025","Mujeres","Ciudad de México","65 y más","0.454986924323359"
"Venustiano Carranza","2026","Mujeres","Ciudad de México","Hasta 4 años","0.113127397634879"
"Venustiano Carranza","2026","Mujeres","Ciudad de México","5 a 9 años","0.118477486186712"
"Venustiano Carranza","2026","Mujeres","Ciudad de México","10 a 14 años","0.127221958651683"
"Venustiano Carranza","2026","Mujeres","Ciudad de México","15 a 19 años","0.143856687762425"
"Venustiano Carranza","2026","Mujeres","Ciudad de México","20 a 24 años","0.157681496415272"
"Venustiano Carranza","2026","Mujeres","Ciudad de México","25 a 29 años","0.165369438788075"
"Venustiano Carranza","2026","Mujeres","Ciudad de México","30 a 34 años","0.175294077845362"
"Venustiano Carranza","2026","Mujeres","Ciudad de México","35 a 39 años","0.184791608993049"
"Venustiano Carranza","2026","Mujeres","Ciudad de México","40 a 44 años","0.187871281814903"
"Venustiano Carranza","2026","Mujeres","Ciudad de México","45 a 49 años","0.190422689590672"
"Venustiano Carranza","2026","Mujeres","Ciudad de México","50 a 54 años","0.196863027280169"
"Venustiano Carranza","2026","Mujeres","Ciudad de México","55 a 59 años","0.182150283762627"
"Venustiano Carranza","2026","Mujeres","Ciudad de México","60 a 64 años","0.160738689873463"
"Venustiano Carranza","2026","Mujeres","Ciudad de México","65 y más","0.470931429061479"
"Venustiano Carranza","2027","Mujeres","Ciudad de México","Hasta 4 años","0.111868804343243"
"Venustiano Carranza","2027","Mujeres","Ciudad de México","5 a 9 años","0.117100322708014"
"Venustiano Carranza","2027","Mujeres","Ciudad de México","10 a 14 años","0.12504907367173"
"Venustiano Carranza","2027","Mujeres","Ciudad de México","15 a 19 años","0.141183346904463"
"Venustiano Carranza","2027","Mujeres","Ciudad de México","20 a 24 años","0.155671495824143"
"Venustiano Carranza","2027","Mujeres","Ciudad de México","25 a 29 años","0.164093789398463"
"Venustiano Carranza","2027","Mujeres","Ciudad de México","30 a 34 años","0.174038184221154"
"Venustiano Carranza","2027","Mujeres","Ciudad de México","35 a 39 años","0.185042412505674"
"Venustiano Carranza","2027","Mujeres","Ciudad de México","40 a 44 años","0.188436134548338"
"Venustiano Carranza","2027","Mujeres","Ciudad de México","45 a 49 años","0.1904656028795"
"Venustiano Carranza","2027","Mujeres","Ciudad de México","50 a 54 años","0.197906986760425"
"Venustiano Carranza","2027","Mujeres","Ciudad de México","55 a 59 años","0.185606153708774"
"Venustiano Carranza","2027","Mujeres","Ciudad de México","60 a 64 años","0.163834468445037"
"Venustiano Carranza","2027","Mujeres","Ciudad de México","65 y más","0.487489567969037"
"Venustiano Carranza","2028","Mujeres","Ciudad de México","Hasta 4 años","0.110696732132914"
"Venustiano Carranza","2028","Mujeres","Ciudad de México","5 a 9 años","0.115900666397721"
"Venustiano Carranza","2028","Mujeres","Ciudad de México","10 a 14 años","0.12324273887133"
"Venustiano Carranza","2028","Mujeres","Ciudad de México","15 a 19 años","0.138481215946755"
"Venustiano Carranza","2028","Mujeres","Ciudad de México","20 a 24 años","0.153629189817575"
"Venustiano Carranza","2028","Mujeres","Ciudad de México","25 a 29 años","0.163154652102288"
"Venustiano Carranza","2028","Mujeres","Ciudad de México","30 a 34 años","0.172962936901392"
"Venustiano Carranza","2028","Mujeres","Ciudad de México","35 a 39 años","0.185395814634051"
"Venustiano Carranza","2028","Mujeres","Ciudad de México","40 a 44 años","0.1891856363269"
"Venustiano Carranza","2028","Mujeres","Ciudad de México","45 a 49 años","0.190848632711524"
"Venustiano Carranza","2028","Mujeres","Ciudad de México","50 a 54 años","0.198564030904129"
"Venustiano Carranza","2028","Mujeres","Ciudad de México","55 a 59 años","0.189061194420568"
"Venustiano Carranza","2028","Mujeres","Ciudad de México","60 a 64 años","0.167193357607801"
"Venustiano Carranza","2028","Mujeres","Ciudad de México","65 y más","0.504611930177683"
"Venustiano Carranza","2029","Mujeres","Ciudad de México","Hasta 4 años","0.109588207436897"
"Venustiano Carranza","2029","Mujeres","Ciudad de México","5 a 9 años","0.114856434566064"
"Venustiano Carranza","2029","Mujeres","Ciudad de México","10 a 14 años","0.121839106299766"
"Venustiano Carranza","2029","Mujeres","Ciudad de México","15 a 19 años","0.1357363261405"
"Venustiano Carranza","2029","Mujeres","Ciudad de México","20 a 24 años","0.151484237839109"
"Venustiano Carranza","2029","Mujeres","Ciudad de México","25 a 29 años","0.162531619297471"
"Venustiano Carranza","2029","Mujeres","Ciudad de México","30 a 34 años","0.172273297911318"
"Venustiano Carranza","2029","Mujeres","Ciudad de México","35 a 39 años","0.185875315369814"
"Venustiano Carranza","2029","Mujeres","Ciudad de México","40 a 44 años","0.190064918410035"
"Venustiano Carranza","2029","Mujeres","Ciudad de México","45 a 49 años","0.191518222445668"
"Venustiano Carranza","2029","Mujeres","Ciudad de México","50 a 54 años","0.199023175317175"
"Venustiano Carranza","2029","Mujeres","Ciudad de México","55 a 59 años","0.192392475654603"
"Venustiano Carranza","2029","Mujeres","Ciudad de México","60 a 64 años","0.170876763564578"
"Venustiano Carranza","2029","Mujeres","Ciudad de México","65 y más","0.522326553556468"
"Venustiano Carranza","2030","Mujeres","Ciudad de México","Hasta 4 años","0.108532362522255"
"Venustiano Carranza","2030","Mujeres","Ciudad de México","5 a 9 años","0.113957840841998"
"Venustiano Carranza","2030","Mujeres","Ciudad de México","10 a 14 años","0.120853669378646"
"Venustiano Carranza","2030","Mujeres","Ciudad de México","15 a 19 años","0.132912820770008"
"Venustiano Carranza","2030","Mujeres","Ciudad de México","20 a 24 años","0.149269042175115"
"Venustiano Carranza","2030","Mujeres","Ciudad de México","25 a 29 años","0.162091863834172"
"Venustiano Carranza","2030","Mujeres","Ciudad de México","30 a 34 años","0.172144956014872"
"Venustiano Carranza","2030","Mujeres","Ciudad de México","35 a 39 años","0.18641533176344"
"Venustiano Carranza","2030","Mujeres","Ciudad de México","40 a 44 años","0.191088537879185"
"Venustiano Carranza","2030","Mujeres","Ciudad de México","45 a 49 años","0.192422111331727"
"Venustiano Carranza","2030","Mujeres","Ciudad de México","50 a 54 años","0.199443318569041"
"Venustiano Carranza","2030","Mujeres","Ciudad de México","55 a 59 años","0.195476792402507"
"Venustiano Carranza","2030","Mujeres","Ciudad de México","60 a 64 años","0.174903287429531"
"Venustiano Carranza","2030","Mujeres","Ciudad de México","65 y más","0.540655753400612"
"Xochimilco","2015","Hombres","Ciudad de México","Hasta 4 años","0.17027765689996"
"Xochimilco","2015","Hombres","Ciudad de México","5 a 9 años","0.181184258197669"
"Xochimilco","2015","Hombres","Ciudad de México","10 a 14 años","0.193205805579455"
"Xochimilco","2015","Hombres","Ciudad de México","15 a 19 años","0.204432539911206"
"Xochimilco","2015","Hombres","Ciudad de México","20 a 24 años","0.215835899365187"
"Xochimilco","2015","Hombres","Ciudad de México","25 a 29 años","0.205602681345981"
"Xochimilco","2015","Hombres","Ciudad de México","30 a 34 años","0.185224557868682"
"Xochimilco","2015","Hombres","Ciudad de México","35 a 39 años","0.17063090714442"
"Xochimilco","2015","Hombres","Ciudad de México","40 a 44 años","0.162020432435702"
"Xochimilco","2015","Hombres","Ciudad de México","45 a 49 años","0.144600779755758"
"Xochimilco","2015","Hombres","Ciudad de México","50 a 54 años","0.127214244286232"
"Xochimilco","2015","Hombres","Ciudad de México","55 a 59 años","0.105743252865135"
"Xochimilco","2015","Hombres","Ciudad de México","60 a 64 años","0.0799118287389827"
"Xochimilco","2015","Hombres","Ciudad de México","65 y más","0.142039715483422"
"Xochimilco","2016","Hombres","Ciudad de México","Hasta 4 años","0.166147742597463"
"Xochimilco","2016","Hombres","Ciudad de México","5 a 9 años","0.177015879186966"
"Xochimilco","2016","Hombres","Ciudad de México","10 a 14 años","0.190026717502449"
"Xochimilco","2016","Hombres","Ciudad de México","15 a 19 años","0.201016347488787"
"Xochimilco","2016","Hombres","Ciudad de México","20 a 24 años","0.213784199010602"
"Xochimilco","2016","Hombres","Ciudad de México","25 a 29 años","0.206859075391071"
"Xochimilco","2016","Hombres","Ciudad de México","30 a 34 años","0.186845799476253"
"Xochimilco","2016","Hombres","Ciudad de México","35 a 39 años","0.169792544502479"
"Xochimilco","2016","Hombres","Ciudad de México","40 a 44 años","0.161232782452819"
"Xochimilco","2016","Hombres","Ciudad de México","45 a 49 años","0.145714762220855"
"Xochimilco","2016","Hombres","Ciudad de México","50 a 54 años","0.128849269769461"
"Xochimilco","2016","Hombres","Ciudad de México","55 a 59 años","0.108714500457809"
"Xochimilco","2016","Hombres","Ciudad de México","60 a 64 años","0.0833555150823007"
"Xochimilco","2016","Hombres","Ciudad de México","65 y más","0.147780149967031"
"Xochimilco","2017","Hombres","Ciudad de México","Hasta 4 años","0.162977785822789"
"Xochimilco","2017","Hombres","Ciudad de México","5 a 9 años","0.173133507627179"
"Xochimilco","2017","Hombres","Ciudad de México","10 a 14 años","0.186714989779078"
"Xochimilco","2017","Hombres","Ciudad de México","15 a 19 años","0.197743727930092"
"Xochimilco","2017","Hombres","Ciudad de México","20 a 24 años","0.21066215969215"
"Xochimilco","2017","Hombres","Ciudad de México","25 a 29 años","0.207369009422609"
"Xochimilco","2017","Hombres","Ciudad de México","30 a 34 años","0.188472073312156"
"Xochimilco","2017","Hombres","Ciudad de México","35 a 39 años","0.169906662396622"
"Xochimilco","2017","Hombres","Ciudad de México","40 a 44 años","0.160380838462581"
"Xochimilco","2017","Hombres","Ciudad de México","45 a 49 años","0.14694301722848"
"Xochimilco","2017","Hombres","Ciudad de México","50 a 54 años","0.130355706642638"
"Xochimilco","2017","Hombres","Ciudad de México","55 a 59 años","0.111160397856756"
"Xochimilco","2017","Hombres","Ciudad de México","60 a 64 años","0.0863733641165528"
"Xochimilco","2017","Hombres","Ciudad de México","65 y más","0.15333040265061"
"Xochimilco","2018","Hombres","Ciudad de México","Hasta 4 años","0.160141217146248"
"Xochimilco","2018","Hombres","Ciudad de México","5 a 9 años","0.169166373109459"
"Xochimilco","2018","Hombres","Ciudad de México","10 a 14 años","0.183246058821675"
"Xochimilco","2018","Hombres","Ciudad de México","15 a 19 años","0.194638106177199"
"Xochimilco","2018","Hombres","Ciudad de México","20 a 24 años","0.206981334185709"
"Xochimilco","2018","Hombres","Ciudad de México","25 a 29 años","0.207169358268276"
"Xochimilco","2018","Hombres","Ciudad de México","30 a 34 años","0.189904323392574"
"Xochimilco","2018","Hombres","Ciudad de México","35 a 39 años","0.170559963368485"
"Xochimilco","2018","Hombres","Ciudad de México","40 a 44 años","0.159245337694017"
"Xochimilco","2018","Hombres","Ciudad de México","45 a 49 años","0.14793071201955"
"Xochimilco","2018","Hombres","Ciudad de México","50 a 54 años","0.131827002359702"
"Xochimilco","2018","Hombres","Ciudad de México","55 a 59 años","0.113345341067391"
"Xochimilco","2018","Hombres","Ciudad de México","60 a 64 años","0.0893114392192798"
"Xochimilco","2018","Hombres","Ciudad de México","65 y más","0.159090494331903"
"Xochimilco","2019","Hombres","Ciudad de México","Hasta 4 años","0.157653241043036"
"Xochimilco","2019","Hombres","Ciudad de México","5 a 9 años","0.165071956557774"
"Xochimilco","2019","Hombres","Ciudad de México","10 a 14 años","0.179599351714991"
"Xochimilco","2019","Hombres","Ciudad de México","15 a 19 años","0.191690750733041"
"Xochimilco","2019","Hombres","Ciudad de México","20 a 24 años","0.203029205489894"
"Xochimilco","2019","Hombres","Ciudad de México","25 a 29 años","0.206207073180535"
"Xochimilco","2019","Hombres","Ciudad de México","30 a 34 años","0.191048533569079"
"Xochimilco","2019","Hombres","Ciudad de México","35 a 39 años","0.171638073423803"
"Xochimilco","2019","Hombres","Ciudad de México","40 a 44 años","0.158074004012529"
"Xochimilco","2019","Hombres","Ciudad de México","45 a 49 años","0.148562546360052"
"Xochimilco","2019","Hombres","Ciudad de México","50 a 54 años","0.133304352361084"
"Xochimilco","2019","Hombres","Ciudad de México","55 a 59 años","0.115289053640967"
"Xochimilco","2019","Hombres","Ciudad de México","60 a 64 años","0.0921360176091517"
"Xochimilco","2019","Hombres","Ciudad de México","65 y más","0.165049811138327"
"Xochimilco","2020","Hombres","Ciudad de México","Hasta 4 años","0.155522254174546"
"Xochimilco","2020","Hombres","Ciudad de México","5 a 9 años","0.160855649601465"
"Xochimilco","2020","Hombres","Ciudad de México","10 a 14 años","0.175857903265956"
"Xochimilco","2020","Hombres","Ciudad de México","15 a 19 años","0.188731234015753"
"Xochimilco","2020","Hombres","Ciudad de México","20 a 24 años","0.199120821365072"
"Xochimilco","2020","Hombres","Ciudad de México","25 a 29 años","0.204376599810725"
"Xochimilco","2020","Hombres","Ciudad de México","30 a 34 años","0.191869177686892"
"Xochimilco","2020","Hombres","Ciudad de México","35 a 39 años","0.172952810538612"
"Xochimilco","2020","Hombres","Ciudad de México","40 a 44 años","0.157074593799845"
"Xochimilco","2020","Hombres","Ciudad de México","45 a 49 años","0.148747400524136"
"Xochimilco","2020","Hombres","Ciudad de México","50 a 54 años","0.134787432036631"
"Xochimilco","2020","Hombres","Ciudad de México","55 a 59 años","0.117035319607325"
"Xochimilco","2020","Hombres","Ciudad de México","60 a 64 años","0.0947925104048335"
"Xochimilco","2020","Hombres","Ciudad de México","65 y más","0.171223060670422"
"Xochimilco","2021","Hombres","Ciudad de México","Hasta 4 años","0.153190415586617"
"Xochimilco","2021","Hombres","Ciudad de México","5 a 9 años","0.157133183478536"
"Xochimilco","2021","Hombres","Ciudad de México","10 a 14 años","0.172126807856259"
"Xochimilco","2021","Hombres","Ciudad de México","15 a 19 años","0.18562106979621"
"Xochimilco","2021","Hombres","Ciudad de México","20 a 24 años","0.195428010778084"
"Xochimilco","2021","Hombres","Ciudad de México","25 a 29 años","0.201636481909304"
"Xochimilco","2021","Hombres","Ciudad de México","30 a 34 años","0.192373753960399"
"Xochimilco","2021","Hombres","Ciudad de México","35 a 39 años","0.174359191930276"
"Xochimilco","2021","Hombres","Ciudad de México","40 a 44 años","0.156500119338144"
"Xochimilco","2021","Hombres","Ciudad de México","45 a 49 años","0.148447987727885"
"Xochimilco","2021","Hombres","Ciudad de México","50 a 54 años","0.136264279622432"
"Xochimilco","2021","Hombres","Ciudad de México","55 a 59 años","0.118649547575714"
"Xochimilco","2021","Hombres","Ciudad de México","60 a 64 años","0.0972697498519241"
"Xochimilco","2021","Hombres","Ciudad de México","65 y más","0.177568938185951"
"Xochimilco","2022","Hombres","Ciudad de México","Hasta 4 años","0.150543454191682"
"Xochimilco","2022","Hombres","Ciudad de México","5 a 9 años","0.154081987596439"
"Xochimilco","2022","Hombres","Ciudad de México","10 a 14 años","0.168403033168521"
"Xochimilco","2022","Hombres","Ciudad de México","15 a 19 años","0.182345744980346"
"Xochimilco","2022","Hombres","Ciudad de México","20 a 24 años","0.191926491085678"
"Xochimilco","2022","Hombres","Ciudad de México","25 a 29 años","0.198113360812234"
"Xochimilco","2022","Hombres","Ciudad de México","30 a 34 años","0.192438354408378"
"Xochimilco","2022","Hombres","Ciudad de México","35 a 39 años","0.175736031639385"
"Xochimilco","2022","Hombres","Ciudad de México","40 a 44 años","0.156507774647499"
"Xochimilco","2022","Hombres","Ciudad de México","45 a 49 años","0.147705950989755"
"Xochimilco","2022","Hombres","Ciudad de México","50 a 54 años","0.137635596488796"
"Xochimilco","2022","Hombres","Ciudad de México","55 a 59 años","0.120176606199288"
"Xochimilco","2022","Hombres","Ciudad de México","60 a 64 años","0.0995129064111326"
"Xochimilco","2022","Hombres","Ciudad de México","65 y más","0.184081629292113"
"Xochimilco","2023","Hombres","Ciudad de México","Hasta 4 años","0.147977855286802"
"Xochimilco","2023","Hombres","Ciudad de México","5 a 9 años","0.151379004183748"
"Xochimilco","2023","Hombres","Ciudad de México","10 a 14 años","0.164626757920049"
"Xochimilco","2023","Hombres","Ciudad de México","15 a 19 años","0.178911583287223"
"Xochimilco","2023","Hombres","Ciudad de México","20 a 24 años","0.188568615892978"
"Xochimilco","2023","Hombres","Ciudad de México","25 a 29 años","0.194077361975245"
"Xochimilco","2023","Hombres","Ciudad de México","30 a 34 años","0.19191400825063"
"Xochimilco","2023","Hombres","Ciudad de México","35 a 39 años","0.176993558335502"
"Xochimilco","2023","Hombres","Ciudad de México","40 a 44 años","0.157043868576038"
"Xochimilco","2023","Hombres","Ciudad de México","45 a 49 años","0.146717757498753"
"Xochimilco","2023","Hombres","Ciudad de México","50 a 54 años","0.138789177611118"
"Xochimilco","2023","Hombres","Ciudad de México","55 a 59 años","0.121683071355658"
"Xochimilco","2023","Hombres","Ciudad de México","60 a 64 años","0.101510355439017"
"Xochimilco","2023","Hombres","Ciudad de México","65 y más","0.19075427223331"
"Xochimilco","2024","Hombres","Ciudad de México","Hasta 4 años","0.145481022970241"
"Xochimilco","2024","Hombres","Ciudad de México","5 a 9 años","0.149046789111424"
"Xochimilco","2024","Hombres","Ciudad de México","10 a 14 años","0.160783636911559"
"Xochimilco","2024","Hombres","Ciudad de México","15 a 19 años","0.17532615023344"
"Xochimilco","2024","Hombres","Ciudad de México","20 a 24 años","0.185341593689555"
"Xochimilco","2024","Hombres","Ciudad de México","25 a 29 años","0.189823951754178"
"Xochimilco","2024","Hombres","Ciudad de México","30 a 34 años","0.190718187777045"
"Xochimilco","2024","Hombres","Ciudad de México","35 a 39 años","0.1780423921529"
"Xochimilco","2024","Hombres","Ciudad de México","40 a 44 años","0.15801150524067"
"Xochimilco","2024","Hombres","Ciudad de México","45 a 49 años","0.145726937876529"
"Xochimilco","2024","Hombres","Ciudad de México","50 a 54 años","0.139634954970745"
"Xochimilco","2024","Hombres","Ciudad de México","55 a 59 años","0.123181012149985"
"Xochimilco","2024","Hombres","Ciudad de México","60 a 64 años","0.103295438591471"
"Xochimilco","2024","Hombres","Ciudad de México","65 y más","0.197536737451409"
"Xochimilco","2025","Hombres","Ciudad de México","Hasta 4 años","0.143062494494363"
"Xochimilco","2025","Hombres","Ciudad de México","5 a 9 años","0.147108366841599"
"Xochimilco","2025","Hombres","Ciudad de México","10 a 14 años","0.156870014527035"
"Xochimilco","2025","Hombres","Ciudad de México","15 a 19 años","0.171652578587988"
"Xochimilco","2025","Hombres","Ciudad de México","20 a 24 años","0.182075463028236"
"Xochimilco","2025","Hombres","Ciudad de México","25 a 29 años","0.185605794854771"
"Xochimilco","2025","Hombres","Ciudad de México","30 a 34 años","0.188788697199965"
"Xochimilco","2025","Hombres","Ciudad de México","35 a 39 años","0.17885893847517"
"Xochimilco","2025","Hombres","Ciudad de México","40 a 44 años","0.159245983883307"
"Xochimilco","2025","Hombres","Ciudad de México","45 a 49 años","0.144922923329935"
"Xochimilco","2025","Hombres","Ciudad de México","50 a 54 años","0.140070117993776"
"Xochimilco","2025","Hombres","Ciudad de México","55 a 59 años","0.124693561593755"
"Xochimilco","2025","Hombres","Ciudad de México","60 a 64 años","0.104890081157285"
"Xochimilco","2025","Hombres","Ciudad de México","65 y más","0.204389401652464"
"Xochimilco","2026","Hombres","Ciudad de México","Hasta 4 años","0.140698337167751"
"Xochimilco","2026","Hombres","Ciudad de México","5 a 9 años","0.145036854354742"
"Xochimilco","2026","Hombres","Ciudad de México","10 a 14 años","0.153466615728429"
"Xochimilco","2026","Hombres","Ciudad de México","15 a 19 años","0.167999524336665"
"Xochimilco","2026","Hombres","Ciudad de México","20 a 24 años","0.17862102366751"
"Xochimilco","2026","Hombres","Ciudad de México","25 a 29 años","0.181577059989217"
"Xochimilco","2026","Hombres","Ciudad de México","30 a 34 años","0.18607293272185"
"Xochimilco","2026","Hombres","Ciudad de México","35 a 39 años","0.179441520441216"
"Xochimilco","2026","Hombres","Ciudad de México","40 a 44 años","0.160603813691484"
"Xochimilco","2026","Hombres","Ciudad de México","45 a 49 años","0.14453106867232"
"Xochimilco","2026","Hombres","Ciudad de México","50 a 54 años","0.140057675303351"
"Xochimilco","2026","Hombres","Ciudad de México","55 a 59 años","0.126187907923178"
"Xochimilco","2026","Hombres","Ciudad de México","60 a 64 años","0.106349869490434"
"Xochimilco","2026","Hombres","Ciudad de México","65 y más","0.211272299388258"
"Xochimilco","2027","Hombres","Ciudad de México","Hasta 4 años","0.138421015009271"
"Xochimilco","2027","Hombres","Ciudad de México","5 a 9 años","0.142750547449082"
"Xochimilco","2027","Hombres","Ciudad de México","10 a 14 años","0.150744397709046"
"Xochimilco","2027","Hombres","Ciudad de México","15 a 19 años","0.164364385175952"
"Xochimilco","2027","Hombres","Ciudad de México","20 a 24 años","0.174928895322053"
"Xochimilco","2027","Hombres","Ciudad de México","25 a 29 años","0.177736326513493"
"Xochimilco","2027","Hombres","Ciudad de México","30 a 34 años","0.1827197987489"
"Xochimilco","2027","Hombres","Ciudad de México","35 a 39 años","0.179709420724344"
"Xochimilco","2027","Hombres","Ciudad de México","40 a 44 años","0.161974122474806"
"Xochimilco","2027","Hombres","Ciudad de México","45 a 49 años","0.144689817187748"
"Xochimilco","2027","Hombres","Ciudad de México","50 a 54 años","0.139627421183906"
"Xochimilco","2027","Hombres","Ciudad de México","55 a 59 años","0.127585909085682"
"Xochimilco","2027","Hombres","Ciudad de México","60 a 64 años","0.107719669088424"
"Xochimilco","2027","Hombres","Ciudad de México","65 y más","0.218145295951729"
"Xochimilco","2028","Hombres","Ciudad de México","Hasta 4 años","0.136218635831621"
"Xochimilco","2028","Hombres","Ciudad de México","5 a 9 años","0.140608041254981"
"Xochimilco","2028","Hombres","Ciudad de México","10 a 14 años","0.148413942652192"
"Xochimilco","2028","Hombres","Ciudad de México","15 a 19 años","0.160688439776792"
"Xochimilco","2028","Hombres","Ciudad de México","20 a 24 años","0.171039743803528"
"Xochimilco","2028","Hombres","Ciudad de México","25 a 29 años","0.174026349555505"
"Xochimilco","2028","Hombres","Ciudad de México","30 a 34 años","0.178992712908223"
"Xochimilco","2028","Hombres","Ciudad de México","35 a 39 años","0.179501793434128"
"Xochimilco","2028","Hombres","Ciudad de México","40 a 44 años","0.163290406909196"
"Xochimilco","2028","Hombres","Ciudad de México","45 a 49 años","0.145359459496761"
"Xochimilco","2028","Hombres","Ciudad de México","50 a 54 años","0.138967670671509"
"Xochimilco","2028","Hombres","Ciudad de México","55 a 59 años","0.128763434352256"
"Xochimilco","2028","Hombres","Ciudad de México","60 a 64 años","0.109033735748291"
"Xochimilco","2028","Hombres","Ciudad de México","65 y más","0.22499096664889"
"Xochimilco","2029","Hombres","Ciudad de México","Hasta 4 años","0.134090005162636"
"Xochimilco","2029","Hombres","Ciudad de México","5 a 9 años","0.138620226336208"
"Xochimilco","2029","Hombres","Ciudad de México","10 a 14 años","0.146488505216623"
"Xochimilco","2029","Hombres","Ciudad de México","15 a 19 años","0.156968189786066"
"Xochimilco","2029","Hombres","Ciudad de México","20 a 24 años","0.166936947155481"
"Xochimilco","2029","Hombres","Ciudad de México","25 a 29 años","0.170411252115664"
"Xochimilco","2029","Hombres","Ciudad de México","30 a 34 años","0.175123136293691"
"Xochimilco","2029","Hombres","Ciudad de México","35 a 39 años","0.178733688507215"
"Xochimilco","2029","Hombres","Ciudad de México","40 a 44 años","0.164439080844238"
"Xochimilco","2029","Hombres","Ciudad de México","45 a 49 años","0.146454443403288"
"Xochimilco","2029","Hombres","Ciudad de México","50 a 54 años","0.138302316078413"
"Xochimilco","2029","Hombres","Ciudad de México","55 a 59 años","0.129616553677955"
"Xochimilco","2029","Hombres","Ciudad de México","60 a 64 años","0.110348921268049"
"Xochimilco","2029","Hombres","Ciudad de México","65 y más","0.231779285807794"
"Xochimilco","2030","Hombres","Ciudad de México","Hasta 4 años","0.13204656792904"
"Xochimilco","2030","Hombres","Ciudad de México","5 a 9 años","0.13677676436327"
"Xochimilco","2030","Hombres","Ciudad de México","10 a 14 años","0.145017564416157"
"Xochimilco","2030","Hombres","Ciudad de México","15 a 19 años","0.153212772214256"
"Xochimilco","2030","Hombres","Ciudad de México","20 a 24 años","0.16269596121011"
"Xochimilco","2030","Hombres","Ciudad de México","25 a 29 años","0.166730875758826"
"Xochimilco","2030","Hombres","Ciudad de México","30 a 34 años","0.171358489619783"
"Xochimilco","2030","Hombres","Ciudad de México","35 a 39 años","0.177353871124373"
"Xochimilco","2030","Hombres","Ciudad de México","40 a 44 años","0.165420098433678"
"Xochimilco","2030","Hombres","Ciudad de México","45 a 49 años","0.147810090021907"
"Xochimilco","2030","Hombres","Ciudad de México","50 a 54 años","0.137813988159691"
"Xochimilco","2030","Hombres","Ciudad de México","55 a 59 años","0.130086100973167"
"Xochimilco","2030","Hombres","Ciudad de México","60 a 64 años","0.111621237784125"
"Xochimilco","2030","Hombres","Ciudad de México","65 y más","0.238504482858452"
"Xochimilco","2015","Mujeres","Ciudad de México","Hasta 4 años","0.164537340427481"
"Xochimilco","2015","Mujeres","Ciudad de México","5 a 9 años","0.177729029244042"
"Xochimilco","2015","Mujeres","Ciudad de México","10 a 14 años","0.184462862029065"
"Xochimilco","2015","Mujeres","Ciudad de México","15 a 19 años","0.191251890164785"
"Xochimilco","2015","Mujeres","Ciudad de México","20 a 24 años","0.199222098805418"
"Xochimilco","2015","Mujeres","Ciudad de México","25 a 29 años","0.197809097827577"
"Xochimilco","2015","Mujeres","Ciudad de México","30 a 34 años","0.193172688369037"
"Xochimilco","2015","Mujeres","Ciudad de México","35 a 39 años","0.188812255663981"
"Xochimilco","2015","Mujeres","Ciudad de México","40 a 44 años","0.179693983728852"
"Xochimilco","2015","Mujeres","Ciudad de México","45 a 49 años","0.158962610007094"
"Xochimilco","2015","Mujeres","Ciudad de México","50 a 54 años","0.139313065158995"
"Xochimilco","2015","Mujeres","Ciudad de México","55 a 59 años","0.116705049513541"
"Xochimilco","2015","Mujeres","Ciudad de México","60 a 64 años","0.0899573825658199"
"Xochimilco","2015","Mujeres","Ciudad de México","65 y más","0.185544690902724"
"Xochimilco","2016","Mujeres","Ciudad de México","Hasta 4 años","0.16062531546865"
"Xochimilco","2016","Mujeres","Ciudad de México","5 a 9 años","0.174133172225726"
"Xochimilco","2016","Mujeres","Ciudad de México","10 a 14 años","0.181378596618728"
"Xochimilco","2016","Mujeres","Ciudad de México","15 a 19 años","0.188149092278653"
"Xochimilco","2016","Mujeres","Ciudad de México","20 a 24 años","0.196775123453858"
"Xochimilco","2016","Mujeres","Ciudad de México","25 a 29 años","0.197205872769906"
"Xochimilco","2016","Mujeres","Ciudad de México","30 a 34 años","0.193218680382903"
"Xochimilco","2016","Mujeres","Ciudad de México","35 a 39 años","0.188281630529744"
"Xochimilco","2016","Mujeres","Ciudad de México","40 a 44 años","0.180483963423861"
"Xochimilco","2016","Mujeres","Ciudad de México","45 a 49 años","0.161155468473016"
"Xochimilco","2016","Mujeres","Ciudad de México","50 a 54 años","0.141462493331669"
"Xochimilco","2016","Mujeres","Ciudad de México","55 a 59 años","0.120068610634648"
"Xochimilco","2016","Mujeres","Ciudad de México","60 a 64 años","0.0937708126472417"
"Xochimilco","2016","Mujeres","Ciudad de México","65 y más","0.192058970685852"
"Xochimilco","2017","Mujeres","Ciudad de México","Hasta 4 años","0.157297654149822"
"Xochimilco","2017","Mujeres","Ciudad de México","5 a 9 años","0.170669170344939"
"Xochimilco","2017","Mujeres","Ciudad de México","10 a 14 años","0.178261097308612"
"Xochimilco","2017","Mujeres","Ciudad de México","15 a 19 años","0.185223126401937"
"Xochimilco","2017","Mujeres","Ciudad de México","20 a 24 años","0.193654917192742"
"Xochimilco","2017","Mujeres","Ciudad de México","25 a 29 años","0.196064000275829"
"Xochimilco","2017","Mujeres","Ciudad de México","30 a 34 años","0.193080273521547"
"Xochimilco","2017","Mujeres","Ciudad de México","35 a 39 años","0.188041090558759"
"Xochimilco","2017","Mujeres","Ciudad de México","40 a 44 años","0.180935400547635"
"Xochimilco","2017","Mujeres","Ciudad de México","45 a 49 años","0.163497175294831"
"Xochimilco","2017","Mujeres","Ciudad de México","50 a 54 años","0.143583561919955"
"Xochimilco","2017","Mujeres","Ciudad de México","55 a 59 años","0.122940593116255"
"Xochimilco","2017","Mujeres","Ciudad de México","60 a 64 años","0.0971258312717992"
"Xochimilco","2017","Mujeres","Ciudad de México","65 y más","0.198583591757223"
"Xochimilco","2018","Mujeres","Ciudad de México","Hasta 4 años","0.154290350106372"
"Xochimilco","2018","Mujeres","Ciudad de México","5 a 9 años","0.167098108201223"
"Xochimilco","2018","Mujeres","Ciudad de México","10 a 14 años","0.175028300389486"
"Xochimilco","2018","Mujeres","Ciudad de México","15 a 19 años","0.1824054805702"
"Xochimilco","2018","Mujeres","Ciudad de México","20 a 24 años","0.190247190837255"
"Xochimilco","2018","Mujeres","Ciudad de México","25 a 29 años","0.194571744736293"
"Xochimilco","2018","Mujeres","Ciudad de México","30 a 34 años","0.192791046071983"
"Xochimilco","2018","Mujeres","Ciudad de México","35 a 39 años","0.187935600645697"
"Xochimilco","2018","Mujeres","Ciudad de México","40 a 44 años","0.180890227669513"
"Xochimilco","2018","Mujeres","Ciudad de México","45 a 49 años","0.165649216741443"
"Xochimilco","2018","Mujeres","Ciudad de México","50 a 54 años","0.145718663989351"
"Xochimilco","2018","Mujeres","Ciudad de México","55 a 59 años","0.125555846194088"
"Xochimilco","2018","Mujeres","Ciudad de México","60 a 64 años","0.100382739610425"
"Xochimilco","2018","Mujeres","Ciudad de México","65 y más","0.205388659603966"
"Xochimilco","2019","Mujeres","Ciudad de México","Hasta 4 años","0.151640759663181"
"Xochimilco","2019","Mujeres","Ciudad de México","5 a 9 años","0.163399977389527"
"Xochimilco","2019","Mujeres","Ciudad de México","10 a 14 años","0.171638073423803"
"Xochimilco","2019","Mujeres","Ciudad de México","15 a 19 años","0.179643642553885"
"Xochimilco","2019","Mujeres","Ciudad de México","20 a 24 años","0.186763394906088"
"Xochimilco","2019","Mujeres","Ciudad de México","25 a 29 años","0.192731585447049"
"Xochimilco","2019","Mujeres","Ciudad de México","30 a 34 años","0.192288677058109"
"Xochimilco","2019","Mujeres","Ciudad de México","35 a 39 años","0.187914956717331"
"Xochimilco","2019","Mujeres","Ciudad de México","40 a 44 años","0.180496241202594"
"Xochimilco","2019","Mujeres","Ciudad de México","45 a 49 años","0.167474734567771"
"Xochimilco","2019","Mujeres","Ciudad de México","50 a 54 años","0.147931401905813"
"Xochimilco","2019","Mujeres","Ciudad de México","55 a 59 años","0.127911942725745"
"Xochimilco","2019","Mujeres","Ciudad de México","60 a 64 años","0.103529835914622"
"Xochimilco","2019","Mujeres","Ciudad de México","65 y más","0.212463154174306"
"Xochimilco","2020","Mujeres","Ciudad de México","Hasta 4 años","0.149379424514436"
"Xochimilco","2020","Mujeres","Ciudad de México","5 a 9 años","0.15952507277978"
"Xochimilco","2020","Mujeres","Ciudad de México","10 a 14 años","0.168118381419825"
"Xochimilco","2020","Mujeres","Ciudad de México","15 a 19 años","0.176811483321497"
"Xochimilco","2020","Mujeres","Ciudad de México","20 a 24 años","0.183420014869196"
"Xochimilco","2020","Mujeres","Ciudad de México","25 a 29 años","0.190472072024123"
"Xochimilco","2020","Mujeres","Ciudad de México","30 a 34 años","0.191558709761832"
"Xochimilco","2020","Mujeres","Ciudad de México","35 a 39 años","0.187888535362019"
"Xochimilco","2020","Mujeres","Ciudad de México","40 a 44 años","0.179916162572094"
"Xochimilco","2020","Mujeres","Ciudad de México","45 a 49 años","0.168883463092294"
"Xochimilco","2020","Mujeres","Ciudad de México","50 a 54 años","0.150199946887809"
"Xochimilco","2020","Mujeres","Ciudad de México","55 a 59 años","0.130074972459832"
"Xochimilco","2020","Mujeres","Ciudad de México","60 a 64 años","0.106512674575837"
"Xochimilco","2020","Mujeres","Ciudad de México","65 y más","0.219800202802084"
"Xochimilco","2021","Mujeres","Ciudad de México","Hasta 4 años","0.147093008339676"
"Xochimilco","2021","Mujeres","Ciudad de México","5 a 9 años","0.155944799916747"
"Xochimilco","2021","Mujeres","Ciudad de México","10 a 14 años","0.164585570113686"
"Xochimilco","2021","Mujeres","Ciudad de México","15 a 19 años","0.173837191674163"
"Xochimilco","2021","Mujeres","Ciudad de México","20 a 24 años","0.180301109739225"
"Xochimilco","2021","Mujeres","Ciudad de México","25 a 29 años","0.187709070820663"
"Xochimilco","2021","Mujeres","Ciudad de México","30 a 34 años","0.190618944588784"
"Xochimilco","2021","Mujeres","Ciudad de México","35 a 39 años","0.187797921928087"
"Xochimilco","2021","Mujeres","Ciudad de México","40 a 44 años","0.179368173111278"
"Xochimilco","2021","Mujeres","Ciudad de México","45 a 49 años","0.169772253509535"
"Xochimilco","2021","Mujeres","Ciudad de México","50 a 54 años","0.152490713115656"
"Xochimilco","2021","Mujeres","Ciudad de México","55 a 59 años","0.132110490350381"
"Xochimilco","2021","Mujeres","Ciudad de México","60 a 64 años","0.109320181296242"
"Xochimilco","2021","Mujeres","Ciudad de México","65 y más","0.227392196673703"
"Xochimilco","2022","Mujeres","Ciudad de México","Hasta 4 años","0.144657025980624"
"Xochimilco","2022","Mujeres","Ciudad de México","5 a 9 años","0.152846839143835"
"Xochimilco","2022","Mujeres","Ciudad de México","10 a 14 años","0.161025524843509"
"Xochimilco","2022","Mujeres","Ciudad de México","15 a 19 años","0.170739800511285"
"Xochimilco","2022","Mujeres","Ciudad de México","20 a 24 años","0.177327258925172"
"Xochimilco","2022","Mujeres","Ciudad de México","25 a 29 años","0.184504472906518"
"Xochimilco","2022","Mujeres","Ciudad de México","30 a 34 años","0.189445066716933"
"Xochimilco","2022","Mujeres","Ciudad de México","35 a 39 años","0.187631290160407"
"Xochimilco","2022","Mujeres","Ciudad de México","40 a 44 años","0.178996378455717"
"Xochimilco","2022","Mujeres","Ciudad de México","45 a 49 años","0.170083280162603"
"Xochimilco","2022","Mujeres","Ciudad de México","50 a 54 años","0.154727380481583"
"Xochimilco","2022","Mujeres","Ciudad de México","55 a 59 años","0.134097063084039"
"Xochimilco","2022","Mujeres","Ciudad de México","60 a 64 años","0.111897773327781"
"Xochimilco","2022","Mujeres","Ciudad de México","65 y más","0.235223451708032"
"Xochimilco","2023","Mujeres","Ciudad de México","Hasta 4 años","0.142290688278793"
"Xochimilco","2023","Mujeres","Ciudad de México","5 a 9 años","0.150074301164263"
"Xochimilco","2023","Mujeres","Ciudad de México","10 a 14 años","0.15741186173538"
"Xochimilco","2023","Mujeres","Ciudad de México","15 a 19 años","0.167548400579065"
"Xochimilco","2023","Mujeres","Ciudad de México","20 a 24 años","0.174451060143687"
"Xochimilco","2023","Mujeres","Ciudad de México","25 a 29 años","0.181063785703979"
"Xochimilco","2023","Mujeres","Ciudad de México","30 a 34 años","0.187977596576459"
"Xochimilco","2023","Mujeres","Ciudad de México","35 a 39 años","0.187341972028505"
"Xochimilco","2023","Mujeres","Ciudad de México","40 a 44 años","0.17874431366934"
"Xochimilco","2023","Mujeres","Ciudad de México","45 a 49 años","0.169934780460857"
"Xochimilco","2023","Mujeres","Ciudad de México","50 a 54 años","0.156798539803144"
"Xochimilco","2023","Mujeres","Ciudad de México","55 a 59 años","0.136112863724996"
"Xochimilco","2023","Mujeres","Ciudad de México","60 a 64 años","0.114245149013812"
"Xochimilco","2023","Mujeres","Ciudad de México","65 y más","0.243276932248445"
"Xochimilco","2024","Mujeres","Ciudad de México","Hasta 4 años","0.139959115529035"
"Xochimilco","2024","Mujeres","Ciudad de México","5 a 9 años","0.147638367375408"
"Xochimilco","2024","Mujeres","Ciudad de México","10 a 14 años","0.153752706181764"
"Xochimilco","2024","Mujeres","Ciudad de México","15 a 19 años","0.164192911748741"
"Xochimilco","2024","Mujeres","Ciudad de México","20 a 24 años","0.171592714837969"
"Xochimilco","2024","Mujeres","Ciudad de México","25 a 29 años","0.177584096191181"
"Xochimilco","2024","Mujeres","Ciudad de México","30 a 34 años","0.186213473811851"
"Xochimilco","2024","Mujeres","Ciudad de México","35 a 39 años","0.18686179492843"
"Xochimilco","2024","Mujeres","Ciudad de México","40 a 44 años","0.17857893376662"
"Xochimilco","2024","Mujeres","Ciudad de México","45 a 49 años","0.169480082233945"
"Xochimilco","2024","Mujeres","Ciudad de México","50 a 54 años","0.158570402754962"
"Xochimilco","2024","Mujeres","Ciudad de México","55 a 59 años","0.138181821433586"
"Xochimilco","2024","Mujeres","Ciudad de México","60 a 64 años","0.116373640425907"
"Xochimilco","2024","Mujeres","Ciudad de México","65 y más","0.251537415282315"
"Xochimilco","2025","Mujeres","Ciudad de México","Hasta 4 años","0.137671733832257"
"Xochimilco","2025","Mujeres","Ciudad de México","5 a 9 años","0.14559536748737"
"Xochimilco","2025","Mujeres","Ciudad de México","10 a 14 años","0.150011084121195"
"Xochimilco","2025","Mujeres","Ciudad de México","15 a 19 años","0.160758983237536"
"Xochimilco","2025","Mujeres","Ciudad de México","20 a 24 años","0.168660202087401"
"Xochimilco","2025","Mujeres","Ciudad de México","25 a 29 años","0.174252695996738"
"Xochimilco","2025","Mujeres","Ciudad de México","30 a 34 años","0.184092795500542"
"Xochimilco","2025","Mujeres","Ciudad de México","35 a 39 años","0.186177372388591"
"Xochimilco","2025","Mujeres","Ciudad de México","40 a 44 años","0.178421849772837"
"Xochimilco","2025","Mujeres","Ciudad de México","45 a 49 años","0.16888435013988"
"Xochimilco","2025","Mujeres","Ciudad de México","50 a 54 años","0.159974465053862"
"Xochimilco","2025","Mujeres","Ciudad de México","55 a 59 años","0.140305473448879"
"Xochimilco","2025","Mujeres","Ciudad de México","60 a 64 años","0.118327756903368"
"Xochimilco","2025","Mujeres","Ciudad de México","65 y más","0.259944496459245"
"Xochimilco","2026","Mujeres","Ciudad de México","Hasta 4 años","0.135415686706907"
"Xochimilco","2026","Mujeres","Ciudad de México","5 a 9 años","0.143541976671141"
"Xochimilco","2026","Mujeres","Ciudad de México","10 a 14 años","0.146610409811163"
"Xochimilco","2026","Mujeres","Ciudad de México","15 a 19 años","0.15731058691483"
"Xochimilco","2026","Mujeres","Ciudad de México","20 a 24 años","0.165571753061043"
"Xochimilco","2026","Mujeres","Ciudad de México","25 a 29 años","0.171169114613171"
"Xochimilco","2026","Mujeres","Ciudad de México","30 a 34 años","0.18153210126189"
"Xochimilco","2026","Mujeres","Ciudad de México","35 a 39 años","0.185308634357302"
"Xochimilco","2026","Mujeres","Ciudad de México","40 a 44 años","0.17819391575791"
"Xochimilco","2026","Mujeres","Ciudad de México","45 a 49 años","0.168314235427949"
"Xochimilco","2026","Mujeres","Ciudad de México","50 a 54 años","0.160884805737273"
"Xochimilco","2026","Mujeres","Ciudad de México","55 a 59 años","0.142462967215309"
"Xochimilco","2026","Mujeres","Ciudad de México","60 a 64 años","0.120163438461449"
"Xochimilco","2026","Mujeres","Ciudad de México","65 y más","0.268482279911013"
"Xochimilco","2027","Mujeres","Ciudad de México","Hasta 4 años","0.133200771468562"
"Xochimilco","2027","Mujeres","Ciudad de México","5 a 9 años","0.141352469265393"
"Xochimilco","2027","Mujeres","Ciudad de México","10 a 14 años","0.143742731966539"
"Xochimilco","2027","Mujeres","Ciudad de México","15 a 19 años","0.153878798798284"
"Xochimilco","2027","Mujeres","Ciudad de México","20 a 24 años","0.162357466492914"
"Xochimilco","2027","Mujeres","Ciudad de México","25 a 29 años","0.168254199477344"
"Xochimilco","2027","Mujeres","Ciudad de México","30 a 34 años","0.178604487966268"
"Xochimilco","2027","Mujeres","Ciudad de México","35 a 39 años","0.184219350349147"
"Xochimilco","2027","Mujeres","Ciudad de México","40 a 44 años","0.177882899226299"
"Xochimilco","2027","Mujeres","Ciudad de México","45 a 49 años","0.167915954755484"
"Xochimilco","2027","Mujeres","Ciudad de México","50 a 54 años","0.161263808558899"
"Xochimilco","2027","Mujeres","Ciudad de México","55 a 59 años","0.144543244474942"
"Xochimilco","2027","Mujeres","Ciudad de México","60 a 64 años","0.12195977187874"
"Xochimilco","2027","Mujeres","Ciudad de México","65 y más","0.277090076147907"
"Xochimilco","2028","Mujeres","Ciudad de México","Hasta 4 años","0.131014701566814"
"Xochimilco","2028","Mujeres","Ciudad de México","5 a 9 años","0.139239180285325"
"Xochimilco","2028","Mujeres","Ciudad de México","10 a 14 años","0.141252876587794"
"Xochimilco","2028","Mujeres","Ciudad de México","15 a 19 años","0.150427638954661"
"Xochimilco","2028","Mujeres","Ciudad de México","20 a 24 años","0.159025443392169"
"Xochimilco","2028","Mujeres","Ciudad de México","25 a 29 años","0.165439858018573"
"Xochimilco","2028","Mujeres","Ciudad de México","30 a 34 años","0.175485713729766"
"Xochimilco","2028","Mujeres","Ciudad de México","35 a 39 años","0.18283909910395"
"Xochimilco","2028","Mujeres","Ciudad de México","40 a 44 años","0.177454158429932"
"Xochimilco","2028","Mujeres","Ciudad de México","45 a 49 años","0.167645873630828"
"Xochimilco","2028","Mujeres","Ciudad de México","50 a 54 años","0.161208833203273"
"Xochimilco","2028","Mujeres","Ciudad de México","55 a 59 años","0.146468123753177"
"Xochimilco","2028","Mujeres","Ciudad de México","60 a 64 años","0.123763132297811"
"Xochimilco","2028","Mujeres","Ciudad de México","65 y más","0.285752555640805"
"Xochimilco","2029","Mujeres","Ciudad de México","Hasta 4 años","0.128867193784582"
"Xochimilco","2029","Mujeres","Ciudad de México","5 a 9 años","0.137200984113911"
"Xochimilco","2029","Mujeres","Ciudad de México","10 a 14 años","0.139187923225127"
"Xochimilco","2029","Mujeres","Ciudad de México","15 a 19 años","0.146954016665537"
"Xochimilco","2029","Mujeres","Ciudad de México","20 a 24 años","0.15553759362599"
"Xochimilco","2029","Mujeres","Ciudad de México","25 a 29 años","0.162679220488589"
"Xochimilco","2029","Mujeres","Ciudad de México","30 a 34 años","0.172375483351324"
"Xochimilco","2029","Mujeres","Ciudad de México","35 a 39 años","0.181174785129566"
"Xochimilco","2029","Mujeres","Ciudad de México","40 a 44 años","0.176814873022669"
"Xochimilco","2029","Mujeres","Ciudad de México","45 a 49 años","0.167447874355508"
"Xochimilco","2029","Mujeres","Ciudad de México","50 a 54 años","0.160873944381827"
"Xochimilco","2029","Mujeres","Ciudad de México","55 a 59 años","0.148100764381153"
"Xochimilco","2029","Mujeres","Ciudad de México","60 a 64 años","0.125631321517744"
"Xochimilco","2029","Mujeres","Ciudad de México","65 y más","0.294441668406658"
"Xochimilco","2030","Mujeres","Ciudad de México","Hasta 4 años","0.126769264437357"
"Xochimilco","2030","Mujeres","Ciudad de México","5 a 9 años","0.135226627700486"
"Xochimilco","2030","Mujeres","Ciudad de México","10 a 14 años","0.13759742494945"
"Xochimilco","2030","Mujeres","Ciudad de México","15 a 19 años","0.143456029689676"
"Xochimilco","2030","Mujeres","Ciudad de México","20 a 24 años","0.151958985207593"
"Xochimilco","2030","Mujeres","Ciudad de México","25 a 29 años","0.159880639476966"
"Xochimilco","2030","Mujeres","Ciudad de México","30 a 34 años","0.169443614918698"
"Xochimilco","2030","Mujeres","Ciudad de México","35 a 39 años","0.179166163252187"
"Xochimilco","2030","Mujeres","Ciudad de México","40 a 44 años","0.175963307353347"
"Xochimilco","2030","Mujeres","Ciudad de México","45 a 49 años","0.167266584752582"
"Xochimilco","2030","Mujeres","Ciudad de México","50 a 54 años","0.160393552343328"
"Xochimilco","2030","Mujeres","Ciudad de México","55 a 59 años","0.149371624748388"
"Xochimilco","2030","Mujeres","Ciudad de México","60 a 64 años","0.127532934705052"
"Xochimilco","2030","Mujeres","Ciudad de México","65 y más","0.303177096274885"
"CDMX","2015","Hombres","Ciudad de México","Hasta 4 años","3.20834014995914"
"CDMX","2015","Hombres","Ciudad de México","5 a 9 años","3.42243187624231"
"CDMX","2015","Hombres","Ciudad de México","10 a 14 años","3.64133663710624"
"CDMX","2015","Hombres","Ciudad de México","15 a 19 años","3.90349247477628"
"CDMX","2015","Hombres","Ciudad de México","20 a 24 años","4.21908845099105"
"CDMX","2015","Hombres","Ciudad de México","25 a 29 años","4.16658663340816"
"CDMX","2015","Hombres","Ciudad de México","30 a 34 años","3.85745955229506"
"CDMX","2015","Hombres","Ciudad de México","35 a 39 años","3.59809659937029"
"CDMX","2015","Hombres","Ciudad de México","40 a 44 años","3.49374426934271"
"CDMX","2015","Hombres","Ciudad de México","45 a 49 años","3.20627584384308"
"CDMX","2015","Hombres","Ciudad de México","50 a 54 años","2.87056668183435"
"CDMX","2015","Hombres","Ciudad de México","55 a 59 años","2.44671054476266"
"CDMX","2015","Hombres","Ciudad de México","60 a 64 años","1.91506892685004"
"CDMX","2015","Hombres","Ciudad de México","65 y más","3.86597067537252"
"CDMX","2016","Hombres","Ciudad de México","Hasta 4 años","3.12362836716188"
"CDMX","2016","Hombres","Ciudad de México","5 a 9 años","3.33876003839191"
"CDMX","2016","Hombres","Ciudad de México","10 a 14 años","3.57513096435936"
"CDMX","2016","Hombres","Ciudad de México","15 a 19 años","3.82927306082733"
"CDMX","2016","Hombres","Ciudad de México","20 a 24 años","4.1668479863574"
"CDMX","2016","Hombres","Ciudad de México","25 a 29 años","4.18229973746381"
"CDMX","2016","Hombres","Ciudad de México","30 a 34 años","3.88610988083707"
"CDMX","2016","Hombres","Ciudad de México","35 a 39 años","3.5774393388992"
"CDMX","2016","Hombres","Ciudad de México","40 a 44 años","3.47675444748669"
"CDMX","2016","Hombres","Ciudad de México","45 a 49 años","3.23197838742919"
"CDMX","2016","Hombres","Ciudad de México","50 a 54 años","2.90532682275991"
"CDMX","2016","Hombres","Ciudad de México","55 a 59 años","2.51006462344226"
"CDMX","2016","Hombres","Ciudad de México","60 a 64 años","1.98958691140591"
"CDMX","2016","Hombres","Ciudad de México","65 y más","4.00893970503612"
"CDMX","2017","Hombres","Ciudad de México","Hasta 4 años","3.05917083780616"
"CDMX","2017","Hombres","Ciudad de México","5 a 9 años","3.26237368061261"
"CDMX","2017","Hombres","Ciudad de México","10 a 14 años","3.50849798532139"
"CDMX","2017","Hombres","Ciudad de México","15 a 19 años","3.76041293010145"
"CDMX","2017","Hombres","Ciudad de México","20 a 24 años","4.09712096890227"
"CDMX","2017","Hombres","Ciudad de México","25 a 29 años","4.18616863625785"
"CDMX","2017","Hombres","Ciudad de México","30 a 34 años","3.91716909309957"
"CDMX","2017","Hombres","Ciudad de México","35 a 39 años","3.57893603840211"
"CDMX","2017","Hombres","Ciudad de México","40 a 44 años","3.4599737476249"
"CDMX","2017","Hombres","Ciudad de México","45 a 49 años","3.26153381678547"
"CDMX","2017","Hombres","Ciudad de México","50 a 54 años","2.93804258242214"
"CDMX","2017","Hombres","Ciudad de México","55 a 59 años","2.56235823153852"
"CDMX","2017","Hombres","Ciudad de México","60 a 64 años","2.05471580223682"
"CDMX","2017","Hombres","Ciudad de México","65 y más","4.14809849304118"
"CDMX","2018","Hombres","Ciudad de México","Hasta 4 años","3.00275565883362"
"CDMX","2018","Hombres","Ciudad de México","5 a 9 años","3.18583581405303"
"CDMX","2018","Hombres","Ciudad de México","10 a 14 años","3.44063056641149"
"CDMX","2018","Hombres","Ciudad de México","15 a 19 años","3.69750464391833"
"CDMX","2018","Hombres","Ciudad de México","20 a 24 años","4.02022033104405"
"CDMX","2018","Hombres","Ciudad de México","25 a 29 años","4.1793218856161"
"CDMX","2018","Hombres","Ciudad de México","30 a 34 años","3.94686881836265"
"CDMX","2018","Hombres","Ciudad de México","35 a 39 años","3.59338354313687"
"CDMX","2018","Hombres","Ciudad de México","40 a 44 años","3.43824155453887"
"CDMX","2018","Hombres","Ciudad de México","45 a 49 años","3.28651718014753"
"CDMX","2018","Hombres","Ciudad de México","50 a 54 años","2.970846865998"
"CDMX","2018","Hombres","Ciudad de México","55 a 59 años","2.60956412146577"
"CDMX","2018","Hombres","Ciudad de México","60 a 64 años","2.11909777196992"
"CDMX","2018","Hombres","Ciudad de México","65 y más","4.29418247958418"
"CDMX","2019","Hombres","Ciudad de México","Hasta 4 años","2.95454220822829"
"CDMX","2019","Hombres","Ciudad de México","5 a 9 años","3.10840858254589"
"CDMX","2019","Hombres","Ciudad de México","10 a 14 años","3.37115291157456"
"CDMX","2019","Hombres","Ciudad de México","15 a 19 años","3.63975470404695"
"CDMX","2019","Hombres","Ciudad de México","20 a 24 años","3.9416632073676"
"CDMX","2019","Hombres","Ciudad de México","25 a 29 años","4.16026064272872"
"CDMX","2019","Hombres","Ciudad de México","30 a 34 años","3.97294361233646"
"CDMX","2019","Hombres","Ciudad de México","35 a 39 años","3.61826257447366"
"CDMX","2019","Hombres","Ciudad de México","40 a 44 años","3.4166617485381"
"CDMX","2019","Hombres","Ciudad de México","45 a 49 años","3.30435125381275"
"CDMX","2019","Hombres","Ciudad de México","50 a 54 años","3.00457978346873"
"CDMX","2019","Hombres","Ciudad de México","55 a 59 años","2.65220186922842"
"CDMX","2019","Hombres","Ciudad de México","60 a 64 años","2.18182208746488"
"CDMX","2019","Hombres","Ciudad de México","65 y más","4.44711026082543"
"CDMX","2020","Hombres","Ciudad de México","Hasta 4 años","2.91452873463807"
"CDMX","2020","Hombres","Ciudad de México","5 a 9 años","3.02978995181649"
"CDMX","2020","Hombres","Ciudad de México","10 a 14 años","3.30122762344011"
"CDMX","2020","Hombres","Ciudad de México","15 a 19 años","3.58395302176768"
"CDMX","2020","Hombres","Ciudad de México","20 a 24 años","3.86684474219797"
"CDMX","2020","Hombres","Ciudad de México","25 a 29 años","4.12731624318287"
"CDMX","2020","Hombres","Ciudad de México","30 a 34 años","3.99472426290202"
"CDMX","2020","Hombres","Ciudad de México","35 a 39 años","3.65002724910449"
"CDMX","2020","Hombres","Ciudad de México","40 a 44 años","3.40004512873054"
"CDMX","2020","Hombres","Ciudad de México","45 a 49 años","3.31340240135852"
"CDMX","2020","Hombres","Ciudad de México","50 a 54 años","3.03924813539063"
"CDMX","2020","Hombres","Ciudad de México","55 a 59 años","2.69134664908088"
"CDMX","2020","Hombres","Ciudad de México","60 a 64 años","2.24175582917389"
"CDMX","2020","Hombres","Ciudad de México","65 y más","4.60695592297956"
"CDMX","2021","Hombres","Ciudad de México","Hasta 4 años","2.87175664303634"
"CDMX","2021","Hombres","Ciudad de México","5 a 9 años","2.96119638904657"
"CDMX","2021","Hombres","Ciudad de México","10 a 14 años","3.23236996890322"
"CDMX","2021","Hombres","Ciudad de México","15 a 19 años","3.52686696445856"
"CDMX","2021","Hombres","Ciudad de México","20 a 24 años","3.79916228954643"
"CDMX","2021","Hombres","Ciudad de México","25 a 29 años","4.07912102264959"
"CDMX","2021","Hombres","Ciudad de México","30 a 34 años","4.01242716013979"
"CDMX","2021","Hombres","Ciudad de México","35 a 39 años","3.6849552973419"
"CDMX","2021","Hombres","Ciudad de México","40 a 44 años","3.39355698415796"
"CDMX","2021","Hombres","Ciudad de México","45 a 49 años","3.31212494420428"
"CDMX","2021","Hombres","Ciudad de México","50 a 54 años","3.0742483168546"
"CDMX","2021","Hombres","Ciudad de México","55 a 59 años","2.72820657260518"
"CDMX","2021","Hombres","Ciudad de México","60 a 64 años","2.29822274461737"
"CDMX","2021","Hombres","Ciudad de México","65 y más","4.7731037035696"
"CDMX","2022","Hombres","Ciudad de México","Hasta 4 años","2.82401671612082"
"CDMX","2022","Hombres","Ciudad de México","5 a 9 años","2.90588146536232"
"CDMX","2022","Hombres","Ciudad de México","10 a 14 años","3.16448371796153"
"CDMX","2022","Hombres","Ciudad de México","15 a 19 años","3.46809656056779"
"CDMX","2022","Hombres","Ciudad de México","20 a 24 años","3.73802657104763"
"CDMX","2022","Hombres","Ciudad de México","25 a 29 años","4.01820497544503"
"CDMX","2022","Hombres","Ciudad de México","30 a 34 años","4.02347939316155"
"CDMX","2022","Hombres","Ciudad de México","35 a 39 años","3.72072336524764"
"CDMX","2022","Hombres","Ciudad de México","40 a 44 años","3.40035256255471"
"CDMX","2022","Hombres","Ciudad de México","45 a 49 años","3.30152955888287"
"CDMX","2022","Hombres","Ciudad de México","50 a 54 años","3.10775590885005"
"CDMX","2022","Hombres","Ciudad de México","55 a 59 años","2.76391728555764"
"CDMX","2022","Hombres","Ciudad de México","60 a 64 años","2.35046525037794"
"CDMX","2022","Hombres","Ciudad de México","65 y más","4.94537861973607"
"CDMX","2023","Hombres","Ciudad de México","Hasta 4 años","2.77839295826132"
"CDMX","2023","Hombres","Ciudad de México","5 a 9 años","2.85747803359621"
"CDMX","2023","Hombres","Ciudad de México","10 a 14 años","3.09611602177538"
"CDMX","2023","Hombres","Ciudad de México","15 a 19 años","3.4076724120435"
"CDMX","2023","Hombres","Ciudad de México","20 a 24 años","3.68254099945604"
"CDMX","2023","Hombres","Ciudad de México","25 a 29 años","3.95012778283675"
"CDMX","2023","Hombres","Ciudad de México","30 a 34 años","4.02421707225088"
"CDMX","2023","Hombres","Ciudad de México","35 a 39 años","3.75542594762141"
"CDMX","2023","Hombres","Ciudad de México","40 a 44 años","3.41962661406818"
"CDMX","2023","Hombres","Ciudad de México","45 a 49 años","3.28615661030573"
"CDMX","2023","Hombres","Ciudad de México","50 a 54 años","3.13697441377017"
"CDMX","2023","Hombres","Ciudad de México","55 a 59 años","2.79989267981317"
"CDMX","2023","Hombres","Ciudad de México","60 a 64 años","2.39824487335348"
"CDMX","2023","Hombres","Ciudad de México","65 y más","5.12323421827882"
"CDMX","2024","Hombres","Ciudad de México","Hasta 4 años","2.73441726662452"
"CDMX","2024","Hombres","Ciudad de México","5 a 9 años","2.81619515091574"
"CDMX","2024","Hombres","Ciudad de México","10 a 14 años","3.02666477684787"
"CDMX","2024","Hombres","Ciudad de México","15 a 19 años","3.34529224974581"
"CDMX","2024","Hombres","Ciudad de México","20 a 24 años","3.63205138637882"
"CDMX","2024","Hombres","Ciudad de México","25 a 29 años","3.88026895042624"
"CDMX","2024","Hombres","Ciudad de México","30 a 34 años","4.0130965336729"
"CDMX","2024","Hombres","Ciudad de México","35 a 39 años","3.78687717578802"
"CDMX","2024","Hombres","Ciudad de México","40 a 44 años","3.44903480634872"
"CDMX","2024","Hombres","Ciudad de México","45 a 49 años","3.2709253464941"
"CDMX","2024","Hombres","Ciudad de México","50 a 54 años","3.15942529239282"
"CDMX","2024","Hombres","Ciudad de México","55 a 59 años","2.83688553689484"
"CDMX","2024","Hombres","Ciudad de México","60 a 64 años","2.44202444304745"
"CDMX","2024","Hombres","Ciudad de México","65 y más","5.30584884013117"
"CDMX","2025","Hombres","Ciudad de México","Hasta 4 años","2.69193965844768"
"CDMX","2025","Hombres","Ciudad de México","5 a 9 años","2.7821816643755"
"CDMX","2025","Hombres","Ciudad de México","10 a 14 años","2.95587399024104"
"CDMX","2025","Hombres","Ciudad de México","15 a 19 años","3.28206544361029"
"CDMX","2025","Hombres","Ciudad de México","20 a 24 años","3.58332042614131"
"CDMX","2025","Hombres","Ciudad de México","25 a 29 años","3.81384549071276"
"CDMX","2025","Hombres","Ciudad de México","30 a 34 años","3.98858010502233"
"CDMX","2025","Hombres","Ciudad de México","35 a 39 años","3.81448431266233"
"CDMX","2025","Hombres","Ciudad de México","40 a 44 años","3.4852108235715"
"CDMX","2025","Hombres","Ciudad de México","45 a 49 años","3.26041274174087"
"CDMX","2025","Hombres","Ciudad de México","50 a 54 años","3.17349933439236"
"CDMX","2025","Hombres","Ciudad de México","55 a 59 años","2.87482205446484"
"CDMX","2025","Hombres","Ciudad de México","60 a 64 años","2.48273107366693"
"CDMX","2025","Hombres","Ciudad de México","65 y más","5.49217644845032"
"CDMX","2026","Hombres","Ciudad de México","Hasta 4 años","2.65065416634212"
"CDMX","2026","Hombres","Ciudad de México","5 a 9 años","2.7453822048187"
"CDMX","2026","Hombres","Ciudad de México","10 a 14 años","2.89426303035984"
"CDMX","2026","Hombres","Ciudad de México","15 a 19 años","3.21957314161134"
"CDMX","2026","Hombres","Ciudad de México","20 a 24 años","3.53302538853051"
"CDMX","2026","Hombres","Ciudad de México","25 a 29 años","3.75427852538521"
"CDMX","2026","Hombres","Ciudad de México","30 a 34 años","3.9493319638905"
"CDMX","2026","Hombres","Ciudad de México","35 a 39 años","3.8384749819856"
"CDMX","2026","Hombres","Ciudad de México","40 a 44 años","3.52469678429331"
"CDMX","2026","Hombres","Ciudad de México","45 a 49 años","3.25962012797727"
"CDMX","2026","Hombres","Ciudad de México","50 a 54 años","3.17768284742503"
"CDMX","2026","Hombres","Ciudad de México","55 a 59 años","2.91315693551873"
"CDMX","2026","Hombres","Ciudad de México","60 a 64 años","2.52145402368808"
"CDMX","2026","Hombres","Ciudad de México","65 y más","5.68115338018258"
"CDMX","2027","Hombres","Ciudad de México","Hasta 4 años","2.61041491578045"
"CDMX","2027","Hombres","Ciudad de México","5 a 9 años","2.70382683313418"
"CDMX","2027","Hombres","Ciudad de México","10 a 14 años","2.84488615697396"
"CDMX","2027","Hombres","Ciudad de México","15 a 19 años","3.15763850163"
"CDMX","2027","Hombres","Ciudad de México","20 a 24 años","3.48061711171028"
"CDMX","2027","Hombres","Ciudad de México","25 a 29 años","3.70107374659472"
"CDMX","2027","Hombres","Ciudad de México","30 a 34 años","3.89798854883769"
"CDMX","2027","Hombres","Ciudad de México","35 a 39 años","3.85644082216919"
"CDMX","2027","Hombres","Ciudad de México","40 a 44 años","3.56523466629565"
"CDMX","2027","Hombres","Ciudad de México","45 a 49 años","3.2716269728969"
"CDMX","2027","Hombres","Ciudad de México","50 a 54 años","3.1728933385859"
"CDMX","2027","Hombres","Ciudad de México","55 a 59 años","2.95014791441687"
"CDMX","2027","Hombres","Ciudad de México","60 a 64 años","2.55928358865924"
"CDMX","2027","Hombres","Ciudad de México","65 y más","5.87179307360498"
"CDMX","2028","Hombres","Ciudad de México","Hasta 4 años","2.57091322032349"
"CDMX","2028","Hombres","Ciudad de México","5 a 9 años","2.66421071137103"
"CDMX","2028","Hombres","Ciudad de México","10 a 14 años","2.80193396297921"
"CDMX","2028","Hombres","Ciudad de México","15 a 19 años","3.09502859109362"
"CDMX","2028","Hombres","Ciudad de México","20 a 24 años","3.42615719094343"
"CDMX","2028","Hombres","Ciudad de México","25 a 29 años","3.65348992801149"
"CDMX","2028","Hombres","Ciudad de México","30 a 34 años","3.83989259079677"
"CDMX","2028","Hombres","Ciudad de México","35 a 39 años","3.86482622366555"
"CDMX","2028","Hombres","Ciudad de México","40 a 44 años","3.60509333934878"
"CDMX","2028","Hombres","Ciudad de México","45 a 49 años","3.29576469890828"
"CDMX","2028","Hombres","Ciudad de México","50 a 54 años","3.16340376217296"
"CDMX","2028","Hombres","Ciudad de México","55 a 59 años","2.98309875279796"
"CDMX","2028","Hombres","Ciudad de México","60 a 64 años","2.59744197217343"
"CDMX","2028","Hombres","Ciudad de México","65 y más","6.06345451184495"
"CDMX","2029","Hombres","Ciudad de México","Hasta 4 años","2.53198489426702"
"CDMX","2029","Hombres","Ciudad de México","5 a 9 años","2.626199869952"
"CDMX","2029","Hombres","Ciudad de México","10 a 14 años","2.76558081011936"
"CDMX","2029","Hombres","Ciudad de México","15 a 19 años","3.03119483050671"
"CDMX","2029","Hombres","Ciudad de México","20 a 24 años","3.36941728298679"
"CDMX","2029","Hombres","Ciudad de México","25 a 29 años","3.61075658440398"
"CDMX","2029","Hombres","Ciudad de México","30 a 34 años","3.78005515061736"
"CDMX","2029","Hombres","Ciudad de México","35 a 39 años","3.86198516562613"
"CDMX","2029","Hombres","Ciudad de México","40 a 44 años","3.64205939085897"
"CDMX","2029","Hombres","Ciudad de México","45 a 49 años","3.32979204014026"
"CDMX","2029","Hombres","Ciudad de México","50 a 54 años","3.15398766757986"
"CDMX","2029","Hombres","Ciudad de México","55 a 59 años","3.00963370266558"
"CDMX","2029","Hombres","Ciudad de México","60 a 64 años","2.63675903208589"
"CDMX","2029","Hombres","Ciudad de México","65 y más","6.25580399106808"
"CDMX","2030","Hombres","Ciudad de México","Hasta 4 años","2.49334922983284"
"CDMX","2030","Hombres","Ciudad de México","5 a 9 años","2.5895602854987"
"CDMX","2030","Hombres","Ciudad de México","10 a 14 años","2.73608239432285"
"CDMX","2030","Hombres","Ciudad de México","15 a 19 años","2.96606112553599"
"CDMX","2030","Hombres","Ciudad de México","20 a 24 años","3.31168461101828"
"CDMX","2030","Hombres","Ciudad de México","25 a 29 años","3.56963419054371"
"CDMX","2030","Hombres","Ciudad de México","30 a 34 años","3.7234738562613"
"CDMX","2030","Hombres","Ciudad de México","35 a 39 años","3.84627659453212"
"CDMX","2030","Hombres","Ciudad de México","40 a 44 años","3.67553360035197"
"CDMX","2030","Hombres","Ciudad de México","45 a 49 años","3.37056700807667"
"CDMX","2030","Hombres","Ciudad de México","50 a 54 años","3.14918241689102"
"CDMX","2030","Hombres","Ciudad de México","55 a 59 años","3.02824896106649"
"CDMX","2030","Hombres","Ciudad de México","60 a 64 años","2.67715440500968"
"CDMX","2030","Hombres","Ciudad de México","65 y más","6.44863690556248"
"CDMX","2015","Mujeres","Ciudad de México","Hasta 4 años","3.11891264276001"
"CDMX","2015","Mujeres","Ciudad de México","5 a 9 años","3.31412755910484"
"CDMX","2015","Mujeres","Ciudad de México","10 a 14 años","3.52245689077525"
"CDMX","2015","Mujeres","Ciudad de México","15 a 19 años","3.7831334930466"
"CDMX","2015","Mujeres","Ciudad de México","20 a 24 años","4.12670247299457"
"CDMX","2015","Mujeres","Ciudad de México","25 a 29 años","4.25907196303589"
"CDMX","2015","Mujeres","Ciudad de México","30 a 34 años","4.20599611380575"
"CDMX","2015","Mujeres","Ciudad de México","35 a 39 años","4.11855563923171"
"CDMX","2015","Mujeres","Ciudad de México","40 a 44 años","4.0130442068395"
"CDMX","2015","Mujeres","Ciudad de México","45 a 49 años","3.68441108879011"
"CDMX","2015","Mujeres","Ciudad de México","50 a 54 años","3.32454844131641"
"CDMX","2015","Mujeres","Ciudad de México","55 a 59 años","2.88698177913161"
"CDMX","2015","Mujeres","Ciudad de México","60 a 64 años","2.34103352631836"
"CDMX","2015","Mujeres","Ciudad de México","65 y más","5.4858548666955"
"CDMX","2016","Mujeres","Ciudad de México","Hasta 4 años","3.03528057795513"
"CDMX","2016","Mujeres","Ciudad de México","5 a 9 años","3.2346070627425"
"CDMX","2016","Mujeres","Ciudad de México","10 a 14 años","3.45709460690811"
"CDMX","2016","Mujeres","Ciudad de México","15 a 19 años","3.71303701462007"
"CDMX","2016","Mujeres","Ciudad de México","20 a 24 años","4.06328038798364"
"CDMX","2016","Mujeres","Ciudad de México","25 a 29 años","4.23385711713841"
"CDMX","2016","Mujeres","Ciudad de México","30 a 34 años","4.19582968392941"
"CDMX","2016","Mujeres","Ciudad de México","35 a 39 años","4.09531046533075"
"CDMX","2016","Mujeres","Ciudad de México","40 a 44 años","4.0205699365694"
"CDMX","2016","Mujeres","Ciudad de México","45 a 49 años","3.7273401008837"
"CDMX","2016","Mujeres","Ciudad de México","50 a 54 años","3.36750979402451"
"CDMX","2016","Mujeres","Ciudad de México","55 a 59 años","2.95999885133516"
"CDMX","2016","Mujeres","Ciudad de México","60 a 64 años","2.42921629027644"
"CDMX","2016","Mujeres","Ciudad de México","65 y más","5.66492783844471"
"CDMX","2017","Mujeres","Ciudad de México","Hasta 4 años","2.96486297069118"
"CDMX","2017","Mujeres","Ciudad de México","5 a 9 años","3.15978873446445"
"CDMX","2017","Mujeres","Ciudad de México","10 a 14 años","3.39316037000864"
"CDMX","2017","Mujeres","Ciudad de México","15 a 19 años","3.64940724400232"
"CDMX","2017","Mujeres","Ciudad de México","20 a 24 años","3.98960734818964"
"CDMX","2017","Mujeres","Ciudad de México","25 a 29 años","4.20033581292077"
"CDMX","2017","Mujeres","Ciudad de México","30 a 34 años","4.18389216325273"
"CDMX","2017","Mujeres","Ciudad de México","35 a 39 años","4.08048945495711"
"CDMX","2017","Mujeres","Ciudad de México","40 a 44 años","4.0225941050842"
"CDMX","2017","Mujeres","Ciudad de México","45 a 49 años","3.77539786891184"
"CDMX","2017","Mujeres","Ciudad de México","50 a 54 años","3.41098537465552"
"CDMX","2017","Mujeres","Ciudad de México","55 a 59 años","3.02226103277171"
"CDMX","2017","Mujeres","Ciudad de México","60 a 64 años","2.50659569375294"
"CDMX","2017","Mujeres","Ciudad de México","65 y más","5.8460489821845"
"CDMX","2018","Mujeres","Ciudad de México","Hasta 4 años","2.90251670234516"
"CDMX","2018","Mujeres","Ciudad de México","5 a 9 años","3.0848668817146"
"CDMX","2018","Mujeres","Ciudad de México","10 a 14 años","3.32894426136675"
"CDMX","2018","Mujeres","Ciudad de México","15 a 19 años","3.59061848309912"
"CDMX","2018","Mujeres","Ciudad de México","20 a 24 años","3.91357749550816"
"CDMX","2018","Mujeres","Ciudad de México","25 a 29 años","4.1620347302601"
"CDMX","2018","Mujeres","Ciudad de México","30 a 34 años","4.17093822358165"
"CDMX","2018","Mujeres","Ciudad de México","35 a 39 años","4.07050018277047"
"CDMX","2018","Mujeres","Ciudad de México","40 a 44 años","4.01516580129504"
"CDMX","2018","Mujeres","Ciudad de México","45 a 49 años","3.82032861079513"
"CDMX","2018","Mujeres","Ciudad de México","50 a 54 años","3.4562918664653"
"CDMX","2018","Mujeres","Ciudad de México","55 a 59 años","3.07932570139895"
"CDMX","2018","Mujeres","Ciudad de México","60 a 64 años","2.58270985837915"
"CDMX","2018","Mujeres","Ciudad de México","65 y más","6.03720996593999"
"CDMX","2019","Mujeres","Ciudad de México","Hasta 4 años","2.8485320853356"
"CDMX","2019","Mujeres","Ciudad de México","5 a 9 años","3.00936319406928"
"CDMX","2019","Mujeres","Ciudad de México","10 a 14 años","3.26306111925386"
"CDMX","2019","Mujeres","Ciudad de México","15 a 19 años","3.53516188799888"
"CDMX","2019","Mujeres","Ciudad de México","20 a 24 años","3.83928493326422"
"CDMX","2019","Mujeres","Ciudad de México","25 a 29 años","4.119003726299"
"CDMX","2019","Mujeres","Ciudad de México","30 a 34 años","4.15528899606288"
"CDMX","2019","Mujeres","Ciudad de México","35 a 39 años","4.06397235897326"
"CDMX","2019","Mujeres","Ciudad de México","40 a 44 años","4.00188767555366"
"CDMX","2019","Mujeres","Ciudad de México","45 a 49 años","3.85932653786374"
"CDMX","2019","Mujeres","Ciudad de México","50 a 54 años","3.50436868225785"
"CDMX","2019","Mujeres","Ciudad de México","55 a 59 años","3.13173878193328"
"CDMX","2019","Mujeres","Ciudad de México","60 a 64 años","2.65701849795814"
"CDMX","2019","Mujeres","Ciudad de México","65 y más","6.2382760765359"
"CDMX","2020","Mujeres","Ciudad de México","Hasta 4 años","2.80342557002743"
"CDMX","2020","Mujeres","Ciudad de México","5 a 9 años","2.93231411148792"
"CDMX","2020","Mujeres","Ciudad de México","10 a 14 años","3.19624511220921"
"CDMX","2020","Mujeres","Ciudad de México","15 a 19 años","3.48052285016208"
"CDMX","2020","Mujeres","Ciudad de México","20 a 24 años","3.77061077356964"
"CDMX","2020","Mujeres","Ciudad de México","25 a 29 años","4.06984641262629"
"CDMX","2020","Mujeres","Ciudad de México","30 a 34 años","4.13666354535521"
"CDMX","2020","Mujeres","Ciudad de México","35 a 39 años","4.05930159131444"
"CDMX","2020","Mujeres","Ciudad de México","40 a 44 años","3.98637489334595"
"CDMX","2020","Mujeres","Ciudad de México","45 a 49 años","3.89020745355871"
"CDMX","2020","Mujeres","Ciudad de México","50 a 54 años","3.55519038613894"
"CDMX","2020","Mujeres","Ciudad de México","55 a 59 años","3.1806773633955"
"CDMX","2020","Mujeres","Ciudad de México","60 a 64 años","2.72874694591039"
"CDMX","2020","Mujeres","Ciudad de México","65 y más","6.44870709513458"
"CDMX","2021","Mujeres","Ciudad de México","Hasta 4 años","2.75922671548443"
"CDMX","2021","Mujeres","Ciudad de México","5 a 9 años","2.86187195733548"
"CDMX","2021","Mujeres","Ciudad de México","10 a 14 años","3.12989132287859"
"CDMX","2021","Mujeres","Ciudad de México","15 a 19 años","3.42482146758262"
"CDMX","2021","Mujeres","Ciudad de México","20 a 24 años","3.70927828799909"
"CDMX","2021","Mujeres","Ciudad de México","25 a 29 años","4.01248269208193"
"CDMX","2021","Mujeres","Ciudad de México","30 a 34 años","4.1156499341891"
"CDMX","2021","Mujeres","Ciudad de México","35 a 39 años","4.05502015976096"
"CDMX","2021","Mujeres","Ciudad de México","40 a 44 años","3.97323271537758"
"CDMX","2021","Mujeres","Ciudad de México","45 a 49 años","3.91023728021429"
"CDMX","2021","Mujeres","Ciudad de México","50 a 54 años","3.60777700415612"
"CDMX","2021","Mujeres","Ciudad de México","55 a 59 años","3.22778303048248"
"CDMX","2021","Mujeres","Ciudad de México","60 a 64 años","2.79693290419729"
"CDMX","2021","Mujeres","Ciudad de México","65 y más","6.66847552712863"
"CDMX","2022","Mujeres","Ciudad de México","Hasta 4 años","2.71332070885504"
"CDMX","2022","Mujeres","Ciudad de México","5 a 9 años","2.80173953411981"
"CDMX","2022","Mujeres","Ciudad de México","10 a 14 años","3.06381355534255"
"CDMX","2022","Mujeres","Ciudad de México","15 a 19 años","3.3683277224953"
"CDMX","2022","Mujeres","Ciudad de México","20 a 24 años","3.65376941714569"
"CDMX","2022","Mujeres","Ciudad de México","25 a 29 años","3.94823548472455"
"CDMX","2022","Mujeres","Ciudad de México","30 a 34 años","4.0911232440028"
"CDMX","2022","Mujeres","Ciudad de México","35 a 39 años","4.05060814926469"
"CDMX","2022","Mujeres","Ciudad de México","40 a 44 años","3.96532726871734"
"CDMX","2022","Mujeres","Ciudad de México","45 a 49 años","3.91842500990901"
"CDMX","2022","Mujeres","Ciudad de México","50 a 54 años","3.66013432628883"
"CDMX","2022","Mujeres","Ciudad de México","55 a 59 años","3.27503506820134"
"CDMX","2022","Mujeres","Ciudad de México","60 a 64 años","2.86065945354807"
"CDMX","2022","Mujeres","Ciudad de México","65 y más","6.89716910651141"
"CDMX","2023","Mujeres","Ciudad de México","Hasta 4 años","2.66955619355905"
"CDMX","2023","Mujeres","Ciudad de México","5 a 9 años","2.74839594012105"
"CDMX","2023","Mujeres","Ciudad de México","10 a 14 años","2.9971704671439"
"CDMX","2023","Mujeres","Ciudad de México","15 a 19 años","3.31099057290736"
"CDMX","2023","Mujeres","Ciudad de México","20 a 24 años","3.60231849071955"
"CDMX","2023","Mujeres","Ciudad de México","25 a 29 años","3.88112348980625"
"CDMX","2023","Mujeres","Ciudad de México","30 a 34 años","4.06178582842732"
"CDMX","2023","Mujeres","Ciudad de México","35 a 39 años","4.04520383364122"
"CDMX","2023","Mujeres","Ciudad de México","40 a 44 años","3.96205968224571"
"CDMX","2023","Mujeres","Ciudad de México","45 a 49 años","3.91735408903962"
"CDMX","2023","Mujeres","Ciudad de México","50 a 54 años","3.70966098016874"
"CDMX","2023","Mujeres","Ciudad de México","55 a 59 años","3.32416026748865"
"CDMX","2023","Mujeres","Ciudad de México","60 a 64 años","2.91975808798783"
"CDMX","2023","Mujeres","Ciudad de México","65 y más","7.13436143931269"
"CDMX","2024","Mujeres","Ciudad de México","Hasta 4 años","2.62745546033929"
"CDMX","2024","Mujeres","Ciudad de México","5 a 9 años","2.70224712570186"
"CDMX","2024","Mujeres","Ciudad de México","10 a 14 años","2.92971841401876"
"CDMX","2024","Mujeres","Ciudad de México","15 a 19 años","3.25156513659902"
"CDMX","2024","Mujeres","Ciudad de México","20 a 24 años","3.55368277692478"
"CDMX","2024","Mujeres","Ciudad de México","25 a 29 años","3.81521327976263"
"CDMX","2024","Mujeres","Ciudad de México","30 a 34 años","4.02761669109421"
"CDMX","2024","Mujeres","Ciudad de México","35 a 39 años","4.03715148268804"
"CDMX","2024","Mujeres","Ciudad de México","40 a 44 años","3.96218097012089"
"CDMX","2024","Mujeres","Ciudad de México","45 a 49 años","3.91058355160144"
"CDMX","2024","Mujeres","Ciudad de México","50 a 54 años","3.75355570598593"
"CDMX","2024","Mujeres","Ciudad de México","55 a 59 años","3.37607632483302"
"CDMX","2024","Mujeres","Ciudad de México","60 a 64 años","2.97475437572042"
"CDMX","2024","Mujeres","Ciudad de México","65 y más","7.37919094890067"
"CDMX","2025","Mujeres","Ciudad de México","Hasta 4 años","2.58671335521168"
"CDMX","2025","Mujeres","Ciudad de México","5 a 9 años","2.66395477409575"
"CDMX","2025","Mujeres","Ciudad de México","10 a 14 años","2.86056623832721"
"CDMX","2025","Mujeres","Ciudad de México","15 a 19 años","3.19092684547256"
"CDMX","2025","Mujeres","Ciudad de México","20 a 24 años","3.50546260011293"
"CDMX","2025","Mujeres","Ciudad de México","25 a 29 años","3.75437901239023"
"CDMX","2025","Mujeres","Ciudad de México","30 a 34 años","3.98713435008384"
"CDMX","2025","Mujeres","Ciudad de México","35 a 39 años","4.02622577043608"
"CDMX","2025","Mujeres","Ciudad de México","40 a 44 años","3.96410313769168"
"CDMX","2025","Mujeres","Ciudad de México","45 a 49 años","3.90158824585545"
"CDMX","2025","Mujeres","Ciudad de México","50 a 54 años","3.78963750104509"
"CDMX","2025","Mujeres","Ciudad de México","55 a 59 años","3.43085492084548"
"CDMX","2025","Mujeres","Ciudad de México","60 a 64 años","3.02665994521373"
"CDMX","2025","Mujeres","Ciudad de México","65 y más","7.63064973571824"
"CDMX","2026","Mujeres","Ciudad de México","Hasta 4 años","2.54695686176394"
"CDMX","2026","Mujeres","Ciudad de México","5 a 9 años","2.6261628996311"
"CDMX","2026","Mujeres","Ciudad de México","10 a 14 años","2.79739945233526"
"CDMX","2026","Mujeres","Ciudad de México","15 a 19 años","3.1305548615052"
"CDMX","2026","Mujeres","Ciudad de México","20 a 24 años","3.4558312537112"
"CDMX","2026","Mujeres","Ciudad de México","25 a 29 años","3.70047416845743"
"CDMX","2026","Mujeres","Ciudad de México","30 a 34 años","3.93836203442287"
"CDMX","2026","Mujeres","Ciudad de México","35 a 39 años","4.01286988528444"
"CDMX","2026","Mujeres","Ciudad de México","40 a 44 años","3.9664162802745"
"CDMX","2026","Mujeres","Ciudad de México","45 a 49 años","3.89485322605282"
"CDMX","2026","Mujeres","Ciudad de México","50 a 54 años","3.81520884059422"
"CDMX","2026","Mujeres","Ciudad de México","55 a 59 años","3.48748219774894"
"CDMX","2026","Mujeres","Ciudad de México","60 a 64 años","3.07702025694137"
"CDMX","2026","Mujeres","Ciudad de México","65 y más","7.88766027926788"
"CDMX","2027","Mujeres","Ciudad de México","Hasta 4 años","2.50803951329741"
"CDMX","2027","Mujeres","Ciudad de México","5 a 9 años","2.58638826570431"
"CDMX","2027","Mujeres","Ciudad de México","10 a 14 años","2.74369461101744"
"CDMX","2027","Mujeres","Ciudad de México","15 a 19 años","3.07030371444569"
"CDMX","2027","Mujeres","Ciudad de México","20 a 24 años","3.40512088979108"
"CDMX","2027","Mujeres","Ciudad de México","25 a 29 años","3.65205081157311"
"CDMX","2027","Mujeres","Ciudad de México","30 a 34 años","3.88263223846523"
"CDMX","2027","Mujeres","Ciudad de México","35 a 39 años","3.99600059440872"
"CDMX","2027","Mujeres","Ciudad de México","40 a 44 años","3.96863659641023"
"CDMX","2027","Mujeres","Ciudad de México","45 a 49 años","3.89325312273165"
"CDMX","2027","Mujeres","Ciudad de México","50 a 54 años","3.82926849617975"
"CDMX","2027","Mujeres","Ciudad de México","55 a 59 años","3.54402672223501"
"CDMX","2027","Mujeres","Ciudad de México","60 a 64 años","3.12777149268974"
"CDMX","2027","Mujeres","Ciudad de México","65 y más","8.1489467397606"
"CDMX","2028","Mujeres","Ciudad de México","Hasta 4 años","2.46975326337586"
"CDMX","2028","Mujeres","Ciudad de México","5 a 9 años","2.54842317397906"
"CDMX","2028","Mujeres","Ciudad de México","10 a 14 años","2.69614702969614"
"CDMX","2028","Mujeres","Ciudad de México","15 a 19 años","3.00944649823869"
"CDMX","2028","Mujeres","Ciudad de México","20 a 24 años","3.35334736283843"
"CDMX","2028","Mujeres","Ciudad de México","25 a 29 años","3.60741248396679"
"CDMX","2028","Mujeres","Ciudad de México","30 a 34 años","3.8238395848799"
"CDMX","2028","Mujeres","Ciudad de México","35 a 39 años","3.97438035284032"
"CDMX","2028","Mujeres","Ciudad de México","40 a 44 años","3.9698778184112"
"CDMX","2028","Mujeres","Ciudad de México","45 a 49 años","3.8961855840613"
"CDMX","2028","Mujeres","Ciudad de México","50 a 54 años","3.83438320821642"
"CDMX","2028","Mujeres","Ciudad de México","55 a 59 años","3.59806802809129"
"CDMX","2028","Mujeres","Ciudad de México","60 a 64 años","3.18047492914165"
"CDMX","2028","Mujeres","Ciudad de México","65 y más","8.41355122583197"
"CDMX","2029","Mujeres","Ciudad de México","Hasta 4 años","2.43197941031508"
"CDMX","2029","Mujeres","Ciudad de México","5 a 9 años","2.51194519408819"
"CDMX","2029","Mujeres","Ciudad de México","10 a 14 años","2.65515241128686"
"CDMX","2029","Mujeres","Ciudad de México","15 a 19 años","2.94772067996008"
"CDMX","2029","Mujeres","Ciudad de México","20 a 24 años","3.29934077901865"
"CDMX","2029","Mujeres","Ciudad de México","25 a 29 años","3.56538624904159"
"CDMX","2029","Mujeres","Ciudad de México","30 a 34 años","3.76599897564773"
"CDMX","2029","Mujeres","Ciudad de México","35 a 39 años","3.94794582854623"
"CDMX","2029","Mujeres","Ciudad de México","40 a 44 años","3.96855322561398"
"CDMX","2029","Mujeres","Ciudad de México","45 a 49 años","3.90255278530828"
"CDMX","2029","Mujeres","Ciudad de México","50 a 54 años","3.83391823143799"
"CDMX","2029","Mujeres","Ciudad de México","55 a 59 años","3.646873460477"
"CDMX","2029","Mujeres","Ciudad de México","60 a 64 años","3.23606528377975"
"CDMX","2029","Mujeres","Ciudad de México","65 y más","8.6813570726006"
"CDMX","2030","Mujeres","Ciudad de México","Hasta 4 años","2.39457360983516"
"CDMX","2030","Mujeres","Ciudad de México","5 a 9 años","2.47666246458052"
"CDMX","2030","Mujeres","Ciudad de México","10 a 14 años","2.62150905804122"
"CDMX","2030","Mujeres","Ciudad de México","15 a 19 años","2.88430281463785"
"CDMX","2030","Mujeres","Ciudad de México","20 a 24 años","3.24395731653107"
"CDMX","2030","Mujeres","Ciudad de México","25 a 29 años","3.52368859578135"
"CDMX","2030","Mujeres","Ciudad de México","30 a 34 años","3.71293064734163"
"CDMX","2030","Mujeres","Ciudad de México","35 a 39 años","3.9152462779623"
"CDMX","2030","Mujeres","Ciudad de México","40 a 44 años","3.96446311700568"
"CDMX","2030","Mujeres","Ciudad de México","45 a 49 años","3.9107668389294"
"CDMX","2030","Mujeres","Ciudad de México","50 a 54 años","3.83129953883434"
"CDMX","2030","Mujeres","Ciudad de México","55 a 59 años","3.68819684911927"
"CDMX","2030","Mujeres","Ciudad de México","60 a 64 años","3.29458751547287"
"CDMX","2030","Mujeres","Ciudad de México","65 y más","8.95236977142323"