 pob,año,sexo,alcaldia,grupo_edad
"11430","2015","Mujeres","Azcapotzalco","00-04"
"11021","2016","Mujeres","Azcapotzalco","00-04"
"10675","2017","Mujeres","Azcapotzalco","00-04"
"10368","2018","Mujeres","Azcapotzalco","00-04"
"10102","2019","Mujeres","Azcapotzalco","00-04"
"9878","2020","Mujeres","Azcapotzalco","00-04"
"9670","2021","Mujeres","Azcapotzalco","00-04"
"9468","2022","Mujeres","Azcapotzalco","00-04"
"9287","2023","Mujeres","Azcapotzalco","00-04"
"9126","2024","Mujeres","Azcapotzalco","00-04"
"8983","2025","Mujeres","Azcapotzalco","00-04"
"8859","2026","Mujeres","Azcapotzalco","00-04"
"8753","2027","Mujeres","Azcapotzalco","00-04"
"8664","2028","Mujeres","Azcapotzalco","00-04"
"8593","2029","Mujeres","Azcapotzalco","00-04"
"8537","2030","Mujeres","Azcapotzalco","00-04"
"15777","2015","Mujeres","Coyoacán","00-04"
"15193","2016","Mujeres","Coyoacán","00-04"
"14693","2017","Mujeres","Coyoacán","00-04"
"14246","2018","Mujeres","Coyoacán","00-04"
"13854","2019","Mujeres","Coyoacán","00-04"
"13521","2020","Mujeres","Coyoacán","00-04"
"13211","2021","Mujeres","Coyoacán","00-04"
"12911","2022","Mujeres","Coyoacán","00-04"
"12642","2023","Mujeres","Coyoacán","00-04"
"12404","2024","Mujeres","Coyoacán","00-04"
"12197","2025","Mujeres","Coyoacán","00-04"
"12020","2026","Mujeres","Coyoacán","00-04"
"11874","2027","Mujeres","Coyoacán","00-04"
"11758","2028","Mujeres","Coyoacán","00-04"
"11674","2029","Mujeres","Coyoacán","00-04"
"11620","2030","Mujeres","Coyoacán","00-04"
"7436","2015","Mujeres","Cuajimalpa de Morelos","00-04"
"7316","2016","Mujeres","Cuajimalpa de Morelos","00-04"
"7218","2017","Mujeres","Cuajimalpa de Morelos","00-04"
"7127","2018","Mujeres","Cuajimalpa de Morelos","00-04"
"7045","2019","Mujeres","Cuajimalpa de Morelos","00-04"
"6972","2020","Mujeres","Cuajimalpa de Morelos","00-04"
"6889","2021","Mujeres","Cuajimalpa de Morelos","00-04"
"6788","2022","Mujeres","Cuajimalpa de Morelos","00-04"
"6678","2023","Mujeres","Cuajimalpa de Morelos","00-04"
"6557","2024","Mujeres","Cuajimalpa de Morelos","00-04"
"6425","2025","Mujeres","Cuajimalpa de Morelos","00-04"
"6279","2026","Mujeres","Cuajimalpa de Morelos","00-04"
"6120","2027","Mujeres","Cuajimalpa de Morelos","00-04"
"5944","2028","Mujeres","Cuajimalpa de Morelos","00-04"
"5753","2029","Mujeres","Cuajimalpa de Morelos","00-04"
"5548","2030","Mujeres","Cuajimalpa de Morelos","00-04"
"36643","2015","Mujeres","Gustavo A. Madero","00-04"
"35481","2016","Mujeres","Gustavo A. Madero","00-04"
"34497","2017","Mujeres","Gustavo A. Madero","00-04"
"33621","2018","Mujeres","Gustavo A. Madero","00-04"
"32856","2019","Mujeres","Gustavo A. Madero","00-04"
"32209","2020","Mujeres","Gustavo A. Madero","00-04"
"31590","2021","Mujeres","Gustavo A. Madero","00-04"
"30970","2022","Mujeres","Gustavo A. Madero","00-04"
"30394","2023","Mujeres","Gustavo A. Madero","00-04"
"29858","2024","Mujeres","Gustavo A. Madero","00-04"
"29360","2025","Mujeres","Gustavo A. Madero","00-04"
"28895","2026","Mujeres","Gustavo A. Madero","00-04"
"28463","2027","Mujeres","Gustavo A. Madero","00-04"
"28061","2028","Mujeres","Gustavo A. Madero","00-04"
"27689","2029","Mujeres","Gustavo A. Madero","00-04"
"27343","2030","Mujeres","Gustavo A. Madero","00-04"
"11453","2015","Mujeres","Iztacalco","00-04"
"11083","2016","Mujeres","Iztacalco","00-04"
"10772","2017","Mujeres","Iztacalco","00-04"
"10499","2018","Mujeres","Iztacalco","00-04"
"10265","2019","Mujeres","Iztacalco","00-04"
"10070","2020","Mujeres","Iztacalco","00-04"
"9886","2021","Mujeres","Iztacalco","00-04"
"9703","2022","Mujeres","Iztacalco","00-04"
"9537","2023","Mujeres","Iztacalco","00-04"
"9383","2024","Mujeres","Iztacalco","00-04"
"9242","2025","Mujeres","Iztacalco","00-04"
"9112","2026","Mujeres","Iztacalco","00-04"
"8991","2027","Mujeres","Iztacalco","00-04"
"8879","2028","Mujeres","Iztacalco","00-04"
"8775","2029","Mujeres","Iztacalco","00-04"
"8677","2030","Mujeres","Iztacalco","00-04"
"65796","2015","Mujeres","Iztapalapa","00-04"
"63758","2016","Mujeres","Iztapalapa","00-04"
"62000","2017","Mujeres","Iztapalapa","00-04"
"60400","2018","Mujeres","Iztapalapa","00-04"
"58971","2019","Mujeres","Iztapalapa","00-04"
"57736","2020","Mujeres","Iztapalapa","00-04"
"56530","2021","Mujeres","Iztapalapa","00-04"
"55310","2022","Mujeres","Iztapalapa","00-04"
"54165","2023","Mujeres","Iztapalapa","00-04"
"53092","2024","Mujeres","Iztapalapa","00-04"
"52089","2025","Mujeres","Iztapalapa","00-04"
"51159","2026","Mujeres","Iztapalapa","00-04"
"50306","2027","Mujeres","Iztapalapa","00-04"
"49530","2028","Mujeres","Iztapalapa","00-04"
"48839","2029","Mujeres","Iztapalapa","00-04"
"48229","2030","Mujeres","Iztapalapa","00-04"
"8417","2015","Mujeres","La Magdalena Contreras","00-04"
"8227","2016","Mujeres","La Magdalena Contreras","00-04"
"8068","2017","Mujeres","La Magdalena Contreras","00-04"
"7924","2018","Mujeres","La Magdalena Contreras","00-04"
"7795","2019","Mujeres","La Magdalena Contreras","00-04"
"7682","2020","Mujeres","La Magdalena Contreras","00-04"
"7565","2021","Mujeres","La Magdalena Contreras","00-04"
"7435","2022","Mujeres","La Magdalena Contreras","00-04"
"7304","2023","Mujeres","La Magdalena Contreras","00-04"
"7169","2024","Mujeres","La Magdalena Contreras","00-04"
"7029","2025","Mujeres","La Magdalena Contreras","00-04"
"6884","2026","Mujeres","La Magdalena Contreras","00-04"
"6732","2027","Mujeres","La Magdalena Contreras","00-04"
"6574","2028","Mujeres","La Magdalena Contreras","00-04"
"6408","2029","Mujeres","La Magdalena Contreras","00-04"
"6235","2030","Mujeres","La Magdalena Contreras","00-04"
"5679","2015","Mujeres","Milpa Alta","00-04"
"5622","2016","Mujeres","Milpa Alta","00-04"
"5579","2017","Mujeres","Milpa Alta","00-04"
"5538","2018","Mujeres","Milpa Alta","00-04"
"5499","2019","Mujeres","Milpa Alta","00-04"
"5464","2020","Mujeres","Milpa Alta","00-04"
"5416","2021","Mujeres","Milpa Alta","00-04"
"5351","2022","Mujeres","Milpa Alta","00-04"
"5275","2023","Mujeres","Milpa Alta","00-04"
"5186","2024","Mujeres","Milpa Alta","00-04"
"5083","2025","Mujeres","Milpa Alta","00-04"
"4965","2026","Mujeres","Milpa Alta","00-04"
"4831","2027","Mujeres","Milpa Alta","00-04"
"4683","2028","Mujeres","Milpa Alta","00-04"
"4516","2029","Mujeres","Milpa Alta","00-04"
"4332","2030","Mujeres","Milpa Alta","00-04"
"24071","2015","Mujeres","Álvaro Obregón","00-04"
"23492","2016","Mujeres","Álvaro Obregón","00-04"
"23007","2017","Mujeres","Álvaro Obregón","00-04"
"22570","2018","Mujeres","Álvaro Obregón","00-04"
"22183","2019","Mujeres","Álvaro Obregón","00-04"
"21851","2020","Mujeres","Álvaro Obregón","00-04"
"21509","2021","Mujeres","Álvaro Obregón","00-04"
"21139","2022","Mujeres","Álvaro Obregón","00-04"
"20767","2023","Mujeres","Álvaro Obregón","00-04"
"20391","2024","Mujeres","Álvaro Obregón","00-04"
"20006","2025","Mujeres","Álvaro Obregón","00-04"
"19610","2026","Mujeres","Álvaro Obregón","00-04"
"19199","2027","Mujeres","Álvaro Obregón","00-04"
"18773","2028","Mujeres","Álvaro Obregón","00-04"
"18329","2029","Mujeres","Álvaro Obregón","00-04"
"17868","2030","Mujeres","Álvaro Obregón","00-04"
"13848","2015","Mujeres","Tláhuac","00-04"
"13464","2016","Mujeres","Tláhuac","00-04"
"13128","2017","Mujeres","Tláhuac","00-04"
"12814","2018","Mujeres","Tláhuac","00-04"
"12528","2019","Mujeres","Tláhuac","00-04"
"12273","2020","Mujeres","Tláhuac","00-04"
"12015","2021","Mujeres","Tláhuac","00-04"
"11746","2022","Mujeres","Tláhuac","00-04"
"11484","2023","Mujeres","Tláhuac","00-04"
"11230","2024","Mujeres","Tláhuac","00-04"
"10983","2025","Mujeres","Tláhuac","00-04"
"10745","2026","Mujeres","Tláhuac","00-04"
"10517","2027","Mujeres","Tláhuac","00-04"
"10302","2028","Mujeres","Tláhuac","00-04"
"10099","2029","Mujeres","Tláhuac","00-04"
"9911","2030","Mujeres","Tláhuac","00-04"
"21773","2015","Mujeres","Tlalpan","00-04"
"21310","2016","Mujeres","Tlalpan","00-04"
"20923","2017","Mujeres","Tlalpan","00-04"
"20571","2018","Mujeres","Tlalpan","00-04"
"20257","2019","Mujeres","Tlalpan","00-04"
"19983","2020","Mujeres","Tlalpan","00-04"
"19693","2021","Mujeres","Tlalpan","00-04"
"19368","2022","Mujeres","Tlalpan","00-04"
"19033","2023","Mujeres","Tlalpan","00-04"
"18685","2024","Mujeres","Tlalpan","00-04"
"18321","2025","Mujeres","Tlalpan","00-04"
"17938","2026","Mujeres","Tlalpan","00-04"
"17534","2027","Mujeres","Tlalpan","00-04"
"17106","2028","Mujeres","Tlalpan","00-04"
"16655","2029","Mujeres","Tlalpan","00-04"
"16179","2030","Mujeres","Tlalpan","00-04"
"14905","2015","Mujeres","Xochimilco","00-04"
"14543","2016","Mujeres","Xochimilco","00-04"
"14234","2017","Mujeres","Xochimilco","00-04"
"13950","2018","Mujeres","Xochimilco","00-04"
"13695","2019","Mujeres","Xochimilco","00-04"
"13472","2020","Mujeres","Xochimilco","00-04"
"13244","2021","Mujeres","Xochimilco","00-04"
"13000","2022","Mujeres","Xochimilco","00-04"
"12760","2023","Mujeres","Xochimilco","00-04"
"12521","2024","Mujeres","Xochimilco","00-04"
"12284","2025","Mujeres","Xochimilco","00-04"
"12048","2026","Mujeres","Xochimilco","00-04"
"11814","2027","Mujeres","Xochimilco","00-04"
"11581","2028","Mujeres","Xochimilco","00-04"
"11350","2029","Mujeres","Xochimilco","00-04"
"11122","2030","Mujeres","Xochimilco","00-04"
"8492","2015","Mujeres","Benito Juárez","00-04"
"8382","2016","Mujeres","Benito Juárez","00-04"
"8304","2017","Mujeres","Benito Juárez","00-04"
"8241","2018","Mujeres","Benito Juárez","00-04"
"8192","2019","Mujeres","Benito Juárez","00-04"
"8156","2020","Mujeres","Benito Juárez","00-04"
"8110","2021","Mujeres","Benito Juárez","00-04"
"8041","2022","Mujeres","Benito Juárez","00-04"
"7958","2023","Mujeres","Benito Juárez","00-04"
"7858","2024","Mujeres","Benito Juárez","00-04"
"7737","2025","Mujeres","Benito Juárez","00-04"
"7590","2026","Mujeres","Benito Juárez","00-04"
"7414","2027","Mujeres","Benito Juárez","00-04"
"7207","2028","Mujeres","Benito Juárez","00-04"
"6965","2029","Mujeres","Benito Juárez","00-04"
"6688","2030","Mujeres","Benito Juárez","00-04"
"14444","2015","Mujeres","Cuauhtémoc","00-04"
"14128","2016","Mujeres","Cuauhtémoc","00-04"
"13874","2017","Mujeres","Cuauhtémoc","00-04"
"13652","2018","Mujeres","Cuauhtémoc","00-04"
"13462","2019","Mujeres","Cuauhtémoc","00-04"
"13305","2020","Mujeres","Cuauhtémoc","00-04"
"13141","2021","Mujeres","Cuauhtémoc","00-04"
"12954","2022","Mujeres","Cuauhtémoc","00-04"
"12760","2023","Mujeres","Cuauhtémoc","00-04"
"12554","2024","Mujeres","Cuauhtémoc","00-04"
"12332","2025","Mujeres","Cuauhtémoc","00-04"
"12089","2026","Mujeres","Cuauhtémoc","00-04"
"11822","2027","Mujeres","Cuauhtémoc","00-04"
"11529","2028","Mujeres","Cuauhtémoc","00-04"
"11205","2029","Mujeres","Cuauhtémoc","00-04"
"10849","2030","Mujeres","Cuauhtémoc","00-04"
"9774","2015","Mujeres","Miguel Hidalgo","00-04"
"9595","2016","Mujeres","Miguel Hidalgo","00-04"
"9453","2017","Mujeres","Miguel Hidalgo","00-04"
"9330","2018","Mujeres","Miguel Hidalgo","00-04"
"9226","2019","Mujeres","Miguel Hidalgo","00-04"
"9139","2020","Mujeres","Miguel Hidalgo","00-04"
"9044","2021","Mujeres","Miguel Hidalgo","00-04"
"8930","2022","Mujeres","Miguel Hidalgo","00-04"
"8806","2023","Mujeres","Miguel Hidalgo","00-04"
"8669","2024","Mujeres","Miguel Hidalgo","00-04"
"8517","2025","Mujeres","Miguel Hidalgo","00-04"
"8346","2026","Mujeres","Miguel Hidalgo","00-04"
"8154","2027","Mujeres","Miguel Hidalgo","00-04"
"7937","2028","Mujeres","Miguel Hidalgo","00-04"
"7695","2029","Mujeres","Miguel Hidalgo","00-04"
"7426","2030","Mujeres","Miguel Hidalgo","00-04"
"12596","2015","Mujeres","Venustiano Carranza","00-04"
"12199","2016","Mujeres","Venustiano Carranza","00-04"
"11868","2017","Mujeres","Venustiano Carranza","00-04"
"11577","2018","Mujeres","Venustiano Carranza","00-04"
"11327","2019","Mujeres","Venustiano Carranza","00-04"
"11120","2020","Mujeres","Venustiano Carranza","00-04"
"10923","2021","Mujeres","Venustiano Carranza","00-04"
"10726","2022","Mujeres","Venustiano Carranza","00-04"
"10544","2023","Mujeres","Venustiano Carranza","00-04"
"10374","2024","Mujeres","Venustiano Carranza","00-04"
"10216","2025","Mujeres","Venustiano Carranza","00-04"
"10065","2026","Mujeres","Venustiano Carranza","00-04"
"9922","2027","Mujeres","Venustiano Carranza","00-04"
"9785","2028","Mujeres","Venustiano Carranza","00-04"
"9652","2029","Mujeres","Venustiano Carranza","00-04"
"9522","2030","Mujeres","Venustiano Carranza","00-04"
"11695","2015","Hombres","Azcapotzalco","00-04"
"11273","2016","Hombres","Azcapotzalco","00-04"
"10938","2017","Hombres","Azcapotzalco","00-04"
"10640","2018","Hombres","Azcapotzalco","00-04"
"10383","2019","Hombres","Azcapotzalco","00-04"
"10164","2020","Hombres","Azcapotzalco","00-04"
"9948","2021","Hombres","Azcapotzalco","00-04"
"9727","2022","Hombres","Azcapotzalco","00-04"
"9526","2023","Hombres","Azcapotzalco","00-04"
"9344","2024","Hombres","Azcapotzalco","00-04"
"9182","2025","Hombres","Azcapotzalco","00-04"
"9039","2026","Hombres","Azcapotzalco","00-04"
"8914","2027","Hombres","Azcapotzalco","00-04"
"8807","2028","Hombres","Azcapotzalco","00-04"
"8718","2029","Hombres","Azcapotzalco","00-04"
"8644","2030","Hombres","Azcapotzalco","00-04"
"16369","2015","Hombres","Coyoacán","00-04"
"15777","2016","Hombres","Coyoacán","00-04"
"15304","2017","Hombres","Coyoacán","00-04"
"14883","2018","Hombres","Coyoacán","00-04"
"14517","2019","Hombres","Coyoacán","00-04"
"14207","2020","Hombres","Coyoacán","00-04"
"13900","2021","Hombres","Coyoacán","00-04"
"13588","2022","Hombres","Coyoacán","00-04"
"13307","2023","Hombres","Coyoacán","00-04"
"13057","2024","Hombres","Coyoacán","00-04"
"12838","2025","Hombres","Coyoacán","00-04"
"12650","2026","Hombres","Coyoacán","00-04"
"12494","2027","Hombres","Coyoacán","00-04"
"12369","2028","Hombres","Coyoacán","00-04"
"12275","2029","Hombres","Coyoacán","00-04"
"12211","2030","Hombres","Coyoacán","00-04"
"7514","2015","Hombres","Cuajimalpa de Morelos","00-04"
"7387","2016","Hombres","Cuajimalpa de Morelos","00-04"
"7297","2017","Hombres","Cuajimalpa de Morelos","00-04"
"7216","2018","Hombres","Cuajimalpa de Morelos","00-04"
"7143","2019","Hombres","Cuajimalpa de Morelos","00-04"
"7078","2020","Hombres","Cuajimalpa de Morelos","00-04"
"6994","2021","Hombres","Cuajimalpa de Morelos","00-04"
"6886","2022","Hombres","Cuajimalpa de Morelos","00-04"
"6770","2023","Hombres","Cuajimalpa de Morelos","00-04"
"6644","2024","Hombres","Cuajimalpa de Morelos","00-04"
"6508","2025","Hombres","Cuajimalpa de Morelos","00-04"
"6361","2026","Hombres","Cuajimalpa de Morelos","00-04"
"6202","2027","Hombres","Cuajimalpa de Morelos","00-04"
"6030","2028","Hombres","Cuajimalpa de Morelos","00-04"
"5845","2029","Hombres","Cuajimalpa de Morelos","00-04"
"5646","2030","Hombres","Cuajimalpa de Morelos","00-04"
"37535","2015","Hombres","Gustavo A. Madero","00-04"
"36359","2016","Hombres","Gustavo A. Madero","00-04"
"35444","2017","Hombres","Gustavo A. Madero","00-04"
"34638","2018","Hombres","Gustavo A. Madero","00-04"
"33943","2019","Hombres","Gustavo A. Madero","00-04"
"33359","2020","Hombres","Gustavo A. Madero","00-04"
"32764","2021","Hombres","Gustavo A. Madero","00-04"
"32132","2022","Hombres","Gustavo A. Madero","00-04"
"31546","2023","Hombres","Gustavo A. Madero","00-04"
"31002","2024","Hombres","Gustavo A. Madero","00-04"
"30499","2025","Hombres","Gustavo A. Madero","00-04"
"30034","2026","Hombres","Gustavo A. Madero","00-04"
"29606","2027","Hombres","Gustavo A. Madero","00-04"
"29211","2028","Hombres","Gustavo A. Madero","00-04"
"28847","2029","Hombres","Gustavo A. Madero","00-04"
"28510","2030","Hombres","Gustavo A. Madero","00-04"
"11512","2015","Hombres","Iztacalco","00-04"
"11125","2016","Hombres","Iztacalco","00-04"
"10821","2017","Hombres","Iztacalco","00-04"
"10555","2018","Hombres","Iztacalco","00-04"
"10325","2019","Hombres","Iztacalco","00-04"
"10132","2020","Hombres","Iztacalco","00-04"
"9937","2021","Hombres","Iztacalco","00-04"
"9735","2022","Hombres","Iztacalco","00-04"
"9548","2023","Hombres","Iztacalco","00-04"
"9377","2024","Hombres","Iztacalco","00-04"
"9219","2025","Hombres","Iztacalco","00-04"
"9075","2026","Hombres","Iztacalco","00-04"
"8944","2027","Hombres","Iztacalco","00-04"
"8824","2028","Hombres","Iztacalco","00-04"
"8714","2029","Hombres","Iztacalco","00-04"
"8613","2030","Hombres","Iztacalco","00-04"
"68595","2015","Hombres","Iztapalapa","00-04"
"66592","2016","Hombres","Iztapalapa","00-04"
"65024","2017","Hombres","Iztapalapa","00-04"
"63607","2018","Hombres","Iztapalapa","00-04"
"62354","2019","Hombres","Iztapalapa","00-04"
"61275","2020","Hombres","Iztapalapa","00-04"
"60142","2021","Hombres","Iztapalapa","00-04"
"58910","2022","Hombres","Iztapalapa","00-04"
"57747","2023","Hombres","Iztapalapa","00-04"
"56642","2024","Hombres","Iztapalapa","00-04"
"55597","2025","Hombres","Iztapalapa","00-04"
"54618","2026","Hombres","Iztapalapa","00-04"
"53700","2027","Hombres","Iztapalapa","00-04"
"52848","2028","Hombres","Iztapalapa","00-04"
"52059","2029","Hombres","Iztapalapa","00-04"
"51337","2030","Hombres","Iztapalapa","00-04"
"8422","2015","Hombres","La Magdalena Contreras","00-04"
"8210","2016","Hombres","La Magdalena Contreras","00-04"
"8048","2017","Hombres","La Magdalena Contreras","00-04"
"7901","2018","Hombres","La Magdalena Contreras","00-04"
"7771","2019","Hombres","La Magdalena Contreras","00-04"
"7657","2020","Hombres","La Magdalena Contreras","00-04"
"7532","2021","Hombres","La Magdalena Contreras","00-04"
"7390","2022","Hombres","La Magdalena Contreras","00-04"
"7249","2023","Hombres","La Magdalena Contreras","00-04"
"7108","2024","Hombres","La Magdalena Contreras","00-04"
"6968","2025","Hombres","La Magdalena Contreras","00-04"
"6828","2026","Hombres","La Magdalena Contreras","00-04"
"6688","2027","Hombres","La Magdalena Contreras","00-04"
"6546","2028","Hombres","La Magdalena Contreras","00-04"
"6404","2029","Hombres","La Magdalena Contreras","00-04"
"6260","2030","Hombres","La Magdalena Contreras","00-04"
"5702","2015","Hombres","Milpa Alta","00-04"
"5636","2016","Hombres","Milpa Alta","00-04"
"5595","2017","Hombres","Milpa Alta","00-04"
"5556","2018","Hombres","Milpa Alta","00-04"
"5520","2019","Hombres","Milpa Alta","00-04"
"5486","2020","Hombres","Milpa Alta","00-04"
"5434","2021","Hombres","Milpa Alta","00-04"
"5359","2022","Hombres","Milpa Alta","00-04"
"5274","2023","Hombres","Milpa Alta","00-04"
"5177","2024","Hombres","Milpa Alta","00-04"
"5068","2025","Hombres","Milpa Alta","00-04"
"4945","2026","Hombres","Milpa Alta","00-04"
"4809","2027","Hombres","Milpa Alta","00-04"
"4659","2028","Hombres","Milpa Alta","00-04"
"4494","2029","Hombres","Milpa Alta","00-04"
"4315","2030","Hombres","Milpa Alta","00-04"
"24221","2015","Hombres","Álvaro Obregón","00-04"
"23598","2016","Hombres","Álvaro Obregón","00-04"
"23123","2017","Hombres","Álvaro Obregón","00-04"
"22697","2018","Hombres","Álvaro Obregón","00-04"
"22321","2019","Hombres","Álvaro Obregón","00-04"
"21995","2020","Hombres","Álvaro Obregón","00-04"
"21637","2021","Hombres","Álvaro Obregón","00-04"
"21231","2022","Hombres","Álvaro Obregón","00-04"
"20828","2023","Hombres","Álvaro Obregón","00-04"
"20427","2024","Hombres","Álvaro Obregón","00-04"
"20025","2025","Hombres","Álvaro Obregón","00-04"
"19620","2026","Hombres","Álvaro Obregón","00-04"
"19210","2027","Hombres","Álvaro Obregón","00-04"
"18795","2028","Hombres","Álvaro Obregón","00-04"
"18372","2029","Hombres","Álvaro Obregón","00-04"
"17939","2030","Hombres","Álvaro Obregón","00-04"
"14372","2015","Hombres","Tláhuac","00-04"
"14009","2016","Hombres","Tláhuac","00-04"
"13724","2017","Hombres","Tláhuac","00-04"
"13460","2018","Hombres","Tláhuac","00-04"
"13220","2019","Hombres","Tláhuac","00-04"
"13006","2020","Hombres","Tláhuac","00-04"
"12770","2021","Hombres","Tláhuac","00-04"
"12506","2022","Hombres","Tláhuac","00-04"
"12245","2023","Hombres","Tláhuac","00-04"
"11989","2024","Hombres","Tláhuac","00-04"
"11738","2025","Hombres","Tláhuac","00-04"
"11492","2026","Hombres","Tláhuac","00-04"
"11254","2027","Hombres","Tláhuac","00-04"
"11024","2028","Hombres","Tláhuac","00-04"
"10802","2029","Hombres","Tláhuac","00-04"
"10590","2030","Hombres","Tláhuac","00-04"
"22271","2015","Hombres","Tlalpan","00-04"
"21796","2016","Hombres","Tlalpan","00-04"
"21446","2017","Hombres","Tlalpan","00-04"
"21130","2018","Hombres","Tlalpan","00-04"
"20850","2019","Hombres","Tlalpan","00-04"
"20605","2020","Hombres","Tlalpan","00-04"
"20318","2021","Hombres","Tlalpan","00-04"
"19972","2022","Hombres","Tlalpan","00-04"
"19618","2023","Hombres","Tlalpan","00-04"
"19250","2024","Hombres","Tlalpan","00-04"
"18868","2025","Hombres","Tlalpan","00-04"
"18469","2026","Hombres","Tlalpan","00-04"
"18051","2027","Hombres","Tlalpan","00-04"
"17612","2028","Hombres","Tlalpan","00-04"
"17151","2029","Hombres","Tlalpan","00-04"
"16666","2030","Hombres","Tlalpan","00-04"
"15425","2015","Hombres","Xochimilco","00-04"
"15043","2016","Hombres","Xochimilco","00-04"
"14748","2017","Hombres","Xochimilco","00-04"
"14479","2018","Hombres","Xochimilco","00-04"
"14238","2019","Hombres","Xochimilco","00-04"
"14026","2020","Hombres","Xochimilco","00-04"
"13793","2021","Hombres","Xochimilco","00-04"
"13529","2022","Hombres","Xochimilco","00-04"
"13270","2023","Hombres","Xochimilco","00-04"
"13015","2024","Hombres","Xochimilco","00-04"
"12765","2025","Hombres","Xochimilco","00-04"
"12518","2026","Hombres","Xochimilco","00-04"
"12277","2027","Hombres","Xochimilco","00-04"
"12041","2028","Hombres","Xochimilco","00-04"
"11810","2029","Hombres","Xochimilco","00-04"
"11585","2030","Hombres","Xochimilco","00-04"
"8931","2015","Hombres","Benito Juárez","00-04"
"8826","2016","Hombres","Benito Juárez","00-04"
"8774","2017","Hombres","Benito Juárez","00-04"
"8737","2018","Hombres","Benito Juárez","00-04"
"8713","2019","Hombres","Benito Juárez","00-04"
"8701","2020","Hombres","Benito Juárez","00-04"
"8665","2021","Hombres","Benito Juárez","00-04"
"8596","2022","Hombres","Benito Juárez","00-04"
"8511","2023","Hombres","Benito Juárez","00-04"
"8406","2024","Hombres","Benito Juárez","00-04"
"8279","2025","Hombres","Benito Juárez","00-04"
"8124","2026","Hombres","Benito Juárez","00-04"
"7940","2027","Hombres","Benito Juárez","00-04"
"7721","2028","Hombres","Benito Juárez","00-04"
"7467","2029","Hombres","Benito Juárez","00-04"
"7173","2030","Hombres","Benito Juárez","00-04"
"14836","2015","Hombres","Cuauhtémoc","00-04"
"14508","2016","Hombres","Cuauhtémoc","00-04"
"14275","2017","Hombres","Cuauhtémoc","00-04"
"14075","2018","Hombres","Cuauhtémoc","00-04"
"13908","2019","Hombres","Cuauhtémoc","00-04"
"13771","2020","Hombres","Cuauhtémoc","00-04"
"13610","2021","Hombres","Cuauhtémoc","00-04"
"13413","2022","Hombres","Cuauhtémoc","00-04"
"13209","2023","Hombres","Cuauhtémoc","00-04"
"12994","2024","Hombres","Cuauhtémoc","00-04"
"12765","2025","Hombres","Cuauhtémoc","00-04"
"12517","2026","Hombres","Cuauhtémoc","00-04"
"12248","2027","Hombres","Cuauhtémoc","00-04"
"11953","2028","Hombres","Cuauhtémoc","00-04"
"11631","2029","Hombres","Cuauhtémoc","00-04"
"11277","2030","Hombres","Cuauhtémoc","00-04"
"10153","2015","Hombres","Miguel Hidalgo","00-04"
"9981","2016","Hombres","Miguel Hidalgo","00-04"
"9869","2017","Hombres","Miguel Hidalgo","00-04"
"9775","2018","Hombres","Miguel Hidalgo","00-04"
"9698","2019","Hombres","Miguel Hidalgo","00-04"
"9637","2020","Hombres","Miguel Hidalgo","00-04"
"9552","2021","Hombres","Miguel Hidalgo","00-04"
"9435","2022","Hombres","Miguel Hidalgo","00-04"
"9307","2023","Hombres","Miguel Hidalgo","00-04"
"9163","2024","Hombres","Miguel Hidalgo","00-04"
"9001","2025","Hombres","Miguel Hidalgo","00-04"
"8817","2026","Hombres","Miguel Hidalgo","00-04"
"8609","2027","Hombres","Miguel Hidalgo","00-04"
"8374","2028","Hombres","Miguel Hidalgo","00-04"
"8110","2029","Hombres","Miguel Hidalgo","00-04"
"7815","2030","Hombres","Miguel Hidalgo","00-04"
"13082","2015","Hombres","Venustiano Carranza","00-04"
"12693","2016","Hombres","Venustiano Carranza","00-04"
"12397","2017","Hombres","Venustiano Carranza","00-04"
"12142","2018","Hombres","Venustiano Carranza","00-04"
"11927","2019","Hombres","Venustiano Carranza","00-04"
"11752","2020","Hombres","Venustiano Carranza","00-04"
"11572","2021","Hombres","Venustiano Carranza","00-04"
"11379","2022","Hombres","Venustiano Carranza","00-04"
"11199","2023","Hombres","Venustiano Carranza","00-04"
"11031","2024","Hombres","Venustiano Carranza","00-04"
"10873","2025","Hombres","Venustiano Carranza","00-04"
"10723","2026","Hombres","Venustiano Carranza","00-04"
"10580","2027","Hombres","Venustiano Carranza","00-04"
"10441","2028","Hombres","Venustiano Carranza","00-04"
"10306","2029","Hombres","Venustiano Carranza","00-04"
"10171","2030","Hombres","Venustiano Carranza","00-04"
"12348","2015","Mujeres","Azcapotzalco","05-09"
"11934","2016","Mujeres","Azcapotzalco","05-09"
"11551","2017","Mujeres","Azcapotzalco","05-09"
"11179","2018","Mujeres","Azcapotzalco","05-09"
"10817","2019","Mujeres","Azcapotzalco","05-09"
"10462","2020","Mujeres","Azcapotzalco","05-09"
"10145","2021","Mujeres","Azcapotzalco","05-09"
"9877","2022","Mujeres","Azcapotzalco","05-09"
"9649","2023","Mujeres","Azcapotzalco","05-09"
"9460","2024","Mujeres","Azcapotzalco","05-09"
"9314","2025","Mujeres","Azcapotzalco","05-09"
"9187","2026","Mujeres","Azcapotzalco","05-09"
"9070","2027","Mujeres","Azcapotzalco","05-09"
"8978","2028","Mujeres","Azcapotzalco","05-09"
"8911","2029","Mujeres","Azcapotzalco","05-09"
"8867","2030","Mujeres","Azcapotzalco","05-09"
"17255","2015","Mujeres","Coyoacán","05-09"
"16709","2016","Mujeres","Coyoacán","05-09"
"16202","2017","Mujeres","Coyoacán","05-09"
"15705","2018","Mujeres","Coyoacán","05-09"
"15216","2019","Mujeres","Coyoacán","05-09"
"14732","2020","Mujeres","Coyoacán","05-09"
"14294","2021","Mujeres","Coyoacán","05-09"
"13920","2022","Mujeres","Coyoacán","05-09"
"13594","2023","Mujeres","Coyoacán","05-09"
"13317","2024","Mujeres","Coyoacán","05-09"
"13092","2025","Mujeres","Coyoacán","05-09"
"12885","2026","Mujeres","Coyoacán","05-09"
"12683","2027","Mujeres","Coyoacán","05-09"
"12507","2028","Mujeres","Coyoacán","05-09"
"12355","2029","Mujeres","Coyoacán","05-09"
"12226","2030","Mujeres","Coyoacán","05-09"
"7391","2015","Mujeres","Cuajimalpa de Morelos","05-09"
"7276","2016","Mujeres","Cuajimalpa de Morelos","05-09"
"7161","2017","Mujeres","Cuajimalpa de Morelos","05-09"
"7035","2018","Mujeres","Cuajimalpa de Morelos","05-09"
"6898","2019","Mujeres","Cuajimalpa de Morelos","05-09"
"6746","2020","Mujeres","Cuajimalpa de Morelos","05-09"
"6598","2021","Mujeres","Cuajimalpa de Morelos","05-09"
"6463","2022","Mujeres","Cuajimalpa de Morelos","05-09"
"6331","2023","Mujeres","Cuajimalpa de Morelos","05-09"
"6206","2024","Mujeres","Cuajimalpa de Morelos","05-09"
"6087","2025","Mujeres","Cuajimalpa de Morelos","05-09"
"5956","2026","Mujeres","Cuajimalpa de Morelos","05-09"
"5809","2027","Mujeres","Cuajimalpa de Morelos","05-09"
"5652","2028","Mujeres","Cuajimalpa de Morelos","05-09"
"5486","2029","Mujeres","Cuajimalpa de Morelos","05-09"
"5308","2030","Mujeres","Cuajimalpa de Morelos","05-09"
"39222","2015","Mujeres","Gustavo A. Madero","05-09"
"38119","2016","Mujeres","Gustavo A. Madero","05-09"
"37093","2017","Mujeres","Gustavo A. Madero","05-09"
"36076","2018","Mujeres","Gustavo A. Madero","05-09"
"35066","2019","Mujeres","Gustavo A. Madero","05-09"
"34052","2020","Mujeres","Gustavo A. Madero","05-09"
"33130","2021","Mujeres","Gustavo A. Madero","05-09"
"32343","2022","Mujeres","Gustavo A. Madero","05-09"
"31650","2023","Mujeres","Gustavo A. Madero","05-09"
"31055","2024","Mujeres","Gustavo A. Madero","05-09"
"30568","2025","Mujeres","Gustavo A. Madero","05-09"
"30103","2026","Mujeres","Gustavo A. Madero","05-09"
"29634","2027","Mujeres","Gustavo A. Madero","05-09"
"29204","2028","Mujeres","Gustavo A. Madero","05-09"
"28811","2029","Mujeres","Gustavo A. Madero","05-09"
"28451","2030","Mujeres","Gustavo A. Madero","05-09"
"12638","2015","Mujeres","Iztacalco","05-09"
"12298","2016","Mujeres","Iztacalco","05-09"
"11984","2017","Mujeres","Iztacalco","05-09"
"11672","2018","Mujeres","Iztacalco","05-09"
"11362","2019","Mujeres","Iztacalco","05-09"
"11050","2020","Mujeres","Iztacalco","05-09"
"10766","2021","Mujeres","Iztacalco","05-09"
"10524","2022","Mujeres","Iztacalco","05-09"
"10309","2023","Mujeres","Iztacalco","05-09"
"10125","2024","Mujeres","Iztacalco","05-09"
"9971","2025","Mujeres","Iztacalco","05-09"
"9822","2026","Mujeres","Iztacalco","05-09"
"9666","2027","Mujeres","Iztacalco","05-09"
"9518","2028","Mujeres","Iztacalco","05-09"
"9377","2029","Mujeres","Iztacalco","05-09"
"9241","2030","Mujeres","Iztacalco","05-09"
"69283","2015","Mujeres","Iztapalapa","05-09"
"67371","2016","Mujeres","Iztapalapa","05-09"
"65558","2017","Mujeres","Iztapalapa","05-09"
"63735","2018","Mujeres","Iztapalapa","05-09"
"61891","2019","Mujeres","Iztapalapa","05-09"
"60026","2020","Mujeres","Iztapalapa","05-09"
"58301","2021","Mujeres","Iztapalapa","05-09"
"56808","2022","Mujeres","Iztapalapa","05-09"
"55475","2023","Mujeres","Iztapalapa","05-09"
"54313","2024","Mujeres","Iztapalapa","05-09"
"53342","2025","Mujeres","Iztapalapa","05-09"
"52419","2026","Mujeres","Iztapalapa","05-09"
"51502","2027","Mujeres","Iztapalapa","05-09"
"50675","2028","Mujeres","Iztapalapa","05-09"
"49936","2029","Mujeres","Iztapalapa","05-09"
"49287","2030","Mujeres","Iztapalapa","05-09"
"8848","2015","Mujeres","La Magdalena Contreras","05-09"
"8676","2016","Mujeres","La Magdalena Contreras","05-09"
"8511","2017","Mujeres","La Magdalena Contreras","05-09"
"8337","2018","Mujeres","La Magdalena Contreras","05-09"
"8154","2019","Mujeres","La Magdalena Contreras","05-09"
"7957","2020","Mujeres","La Magdalena Contreras","05-09"
"7770","2021","Mujeres","La Magdalena Contreras","05-09"
"7602","2022","Mujeres","La Magdalena Contreras","05-09"
"7443","2023","Mujeres","La Magdalena Contreras","05-09"
"7294","2024","Mujeres","La Magdalena Contreras","05-09"
"7157","2025","Mujeres","La Magdalena Contreras","05-09"
"7010","2026","Mujeres","La Magdalena Contreras","05-09"
"6848","2027","Mujeres","La Magdalena Contreras","05-09"
"6679","2028","Mujeres","La Magdalena Contreras","05-09"
"6502","2029","Mujeres","La Magdalena Contreras","05-09"
"6316","2030","Mujeres","La Magdalena Contreras","05-09"
"5933","2015","Mujeres","Milpa Alta","05-09"
"5869","2016","Mujeres","Milpa Alta","05-09"
"5804","2017","Mujeres","Milpa Alta","05-09"
"5725","2018","Mujeres","Milpa Alta","05-09"
"5634","2019","Mujeres","Milpa Alta","05-09"
"5526","2020","Mujeres","Milpa Alta","05-09"
"5419","2021","Mujeres","Milpa Alta","05-09"
"5318","2022","Mujeres","Milpa Alta","05-09"
"5217","2023","Mujeres","Milpa Alta","05-09"
"5117","2024","Mujeres","Milpa Alta","05-09"
"5018","2025","Mujeres","Milpa Alta","05-09"
"4906","2026","Mujeres","Milpa Alta","05-09"
"4777","2027","Mujeres","Milpa Alta","05-09"
"4635","2028","Mujeres","Milpa Alta","05-09"
"4481","2029","Mujeres","Milpa Alta","05-09"
"4313","2030","Mujeres","Milpa Alta","05-09"
"25782","2015","Mujeres","Álvaro Obregón","05-09"
"25267","2016","Mujeres","Álvaro Obregón","05-09"
"24779","2017","Mujeres","Álvaro Obregón","05-09"
"24273","2018","Mujeres","Álvaro Obregón","05-09"
"23743","2019","Mujeres","Álvaro Obregón","05-09"
"23183","2020","Mujeres","Álvaro Obregón","05-09"
"22657","2021","Mujeres","Álvaro Obregón","05-09"
"22194","2022","Mujeres","Álvaro Obregón","05-09"
"21764","2023","Mujeres","Álvaro Obregón","05-09"
"21371","2024","Mujeres","Álvaro Obregón","05-09"
"21017","2025","Mujeres","Álvaro Obregón","05-09"
"20645","2026","Mujeres","Álvaro Obregón","05-09"
"20232","2027","Mujeres","Álvaro Obregón","05-09"
"19807","2028","Mujeres","Álvaro Obregón","05-09"
"19366","2029","Mujeres","Álvaro Obregón","05-09"
"18906","2030","Mujeres","Álvaro Obregón","05-09"
"15076","2015","Mujeres","Tláhuac","05-09"
"14755","2016","Mujeres","Tláhuac","05-09"
"14441","2017","Mujeres","Tláhuac","05-09"
"14109","2018","Mujeres","Tláhuac","05-09"
"13761","2019","Mujeres","Tláhuac","05-09"
"13392","2020","Mujeres","Tláhuac","05-09"
"13043","2021","Mujeres","Tláhuac","05-09"
"12731","2022","Mujeres","Tláhuac","05-09"
"12440","2023","Mujeres","Tláhuac","05-09"
"12174","2024","Mujeres","Tláhuac","05-09"
"11936","2025","Mujeres","Tláhuac","05-09"
"11695","2026","Mujeres","Tláhuac","05-09"
"11440","2027","Mujeres","Tláhuac","05-09"
"11190","2028","Mujeres","Tláhuac","05-09"
"10945","2029","Mujeres","Tláhuac","05-09"
"10703","2030","Mujeres","Tláhuac","05-09"
"23420","2015","Mujeres","Tlalpan","05-09"
"23026","2016","Mujeres","Tlalpan","05-09"
"22648","2017","Mujeres","Tlalpan","05-09"
"22244","2018","Mujeres","Tlalpan","05-09"
"21810","2019","Mujeres","Tlalpan","05-09"
"21338","2020","Mujeres","Tlalpan","05-09"
"20888","2021","Mujeres","Tlalpan","05-09"
"20485","2022","Mujeres","Tlalpan","05-09"
"20104","2023","Mujeres","Tlalpan","05-09"
"19746","2024","Mujeres","Tlalpan","05-09"
"19414","2025","Mujeres","Tlalpan","05-09"
"19053","2026","Mujeres","Tlalpan","05-09"
"18643","2027","Mujeres","Tlalpan","05-09"
"18210","2028","Mujeres","Tlalpan","05-09"
"17748","2029","Mujeres","Tlalpan","05-09"
"17256","2030","Mujeres","Tlalpan","05-09"
"16100","2015","Mujeres","Xochimilco","05-09"
"15766","2016","Mujeres","Xochimilco","05-09"
"15444","2017","Mujeres","Xochimilco","05-09"
"15108","2018","Mujeres","Xochimilco","05-09"
"14757","2019","Mujeres","Xochimilco","05-09"
"14387","2020","Mujeres","Xochimilco","05-09"
"14041","2021","Mujeres","Xochimilco","05-09"
"13736","2022","Mujeres","Xochimilco","05-09"
"13458","2023","Mujeres","Xochimilco","05-09"
"13208","2024","Mujeres","Xochimilco","05-09"
"12991","2025","Mujeres","Xochimilco","05-09"
"12771","2026","Mujeres","Xochimilco","05-09"
"12537","2027","Mujeres","Xochimilco","05-09"
"12308","2028","Mujeres","Xochimilco","05-09"
"12084","2029","Mujeres","Xochimilco","05-09"
"11864","2030","Mujeres","Xochimilco","05-09"
"8503","2015","Mujeres","Benito Juárez","05-09"
"8363","2016","Mujeres","Benito Juárez","05-09"
"8236","2017","Mujeres","Benito Juárez","05-09"
"8105","2018","Mujeres","Benito Juárez","05-09"
"7968","2019","Mujeres","Benito Juárez","05-09"
"7819","2020","Mujeres","Benito Juárez","05-09"
"7681","2021","Mujeres","Benito Juárez","05-09"
"7561","2022","Mujeres","Benito Juárez","05-09"
"7449","2023","Mujeres","Benito Juárez","05-09"
"7344","2024","Mujeres","Benito Juárez","05-09"
"7247","2025","Mujeres","Benito Juárez","05-09"
"7136","2026","Mujeres","Benito Juárez","05-09"
"7002","2027","Mujeres","Benito Juárez","05-09"
"6853","2028","Mujeres","Benito Juárez","05-09"
"6686","2029","Mujeres","Benito Juárez","05-09"
"6499","2030","Mujeres","Benito Juárez","05-09"
"14779","2015","Mujeres","Cuauhtémoc","05-09"
"14400","2016","Mujeres","Cuauhtémoc","05-09"
"14050","2017","Mujeres","Cuauhtémoc","05-09"
"13701","2018","Mujeres","Cuauhtémoc","05-09"
"13352","2019","Mujeres","Cuauhtémoc","05-09"
"12998","2020","Mujeres","Cuauhtémoc","05-09"
"12675","2021","Mujeres","Cuauhtémoc","05-09"
"12397","2022","Mujeres","Cuauhtémoc","05-09"
"12149","2023","Mujeres","Cuauhtémoc","05-09"
"11932","2024","Mujeres","Cuauhtémoc","05-09"
"11748","2025","Mujeres","Cuauhtémoc","05-09"
"11563","2026","Mujeres","Cuauhtémoc","05-09"
"11366","2027","Mujeres","Cuauhtémoc","05-09"
"11172","2028","Mujeres","Cuauhtémoc","05-09"
"10979","2029","Mujeres","Cuauhtémoc","05-09"
"10785","2030","Mujeres","Cuauhtémoc","05-09"
"9919","2015","Mujeres","Miguel Hidalgo","05-09"
"9711","2016","Mujeres","Miguel Hidalgo","05-09"
"9518","2017","Mujeres","Miguel Hidalgo","05-09"
"9321","2018","Mujeres","Miguel Hidalgo","05-09"
"9118","2019","Mujeres","Miguel Hidalgo","05-09"
"8906","2020","Mujeres","Miguel Hidalgo","05-09"
"8709","2021","Mujeres","Miguel Hidalgo","05-09"
"8536","2022","Mujeres","Miguel Hidalgo","05-09"
"8377","2023","Mujeres","Miguel Hidalgo","05-09"
"8231","2024","Mujeres","Miguel Hidalgo","05-09"
"8100","2025","Mujeres","Miguel Hidalgo","05-09"
"7959","2026","Mujeres","Miguel Hidalgo","05-09"
"7800","2027","Mujeres","Miguel Hidalgo","05-09"
"7634","2028","Mujeres","Miguel Hidalgo","05-09"
"7457","2029","Mujeres","Miguel Hidalgo","05-09"
"7268","2030","Mujeres","Miguel Hidalgo","05-09"
"13721","2015","Mujeres","Venustiano Carranza","05-09"
"13321","2016","Mujeres","Venustiano Carranza","05-09"
"12952","2017","Mujeres","Venustiano Carranza","05-09"
"12590","2018","Mujeres","Venustiano Carranza","05-09"
"12235","2019","Mujeres","Venustiano Carranza","05-09"
"11881","2020","Mujeres","Venustiano Carranza","05-09"
"11561","2021","Mujeres","Venustiano Carranza","05-09"
"11291","2022","Mujeres","Venustiano Carranza","05-09"
"11055","2023","Mujeres","Venustiano Carranza","05-09"
"10855","2024","Mujeres","Venustiano Carranza","05-09"
"10694","2025","Mujeres","Venustiano Carranza","05-09"
"10541","2026","Mujeres","Venustiano Carranza","05-09"
"10386","2027","Mujeres","Venustiano Carranza","05-09"
"10245","2028","Mujeres","Venustiano Carranza","05-09"
"10116","2029","Mujeres","Venustiano Carranza","05-09"
"9998","2030","Mujeres","Venustiano Carranza","05-09"
"12905","2015","Hombres","Azcapotzalco","05-09"
"12515","2016","Hombres","Azcapotzalco","05-09"
"12165","2017","Hombres","Azcapotzalco","05-09"
"11823","2018","Hombres","Azcapotzalco","05-09"
"11489","2019","Hombres","Azcapotzalco","05-09"
"11160","2020","Hombres","Azcapotzalco","05-09"
"10879","2021","Hombres","Azcapotzalco","05-09"
"10656","2022","Hombres","Azcapotzalco","05-09"
"10470","2023","Hombres","Azcapotzalco","05-09"
"10320","2024","Hombres","Azcapotzalco","05-09"
"10208","2025","Hombres","Azcapotzalco","05-09"
"10097","2026","Hombres","Azcapotzalco","05-09"
"9980","2027","Hombres","Azcapotzalco","05-09"
"9881","2028","Hombres","Azcapotzalco","05-09"
"9800","2029","Hombres","Azcapotzalco","05-09"
"9735","2030","Hombres","Azcapotzalco","05-09"
"18051","2015","Hombres","Coyoacán","05-09"
"17500","2016","Hombres","Coyoacán","05-09"
"17000","2017","Hombres","Coyoacán","05-09"
"16507","2018","Hombres","Coyoacán","05-09"
"16018","2019","Hombres","Coyoacán","05-09"
"15533","2020","Hombres","Coyoacán","05-09"
"15108","2021","Hombres","Coyoacán","05-09"
"14761","2022","Hombres","Coyoacán","05-09"
"14459","2023","Hombres","Coyoacán","05-09"
"14202","2024","Hombres","Coyoacán","05-09"
"13992","2025","Hombres","Coyoacán","05-09"
"13778","2026","Hombres","Coyoacán","05-09"
"13551","2027","Hombres","Coyoacán","05-09"
"13344","2028","Hombres","Coyoacán","05-09"
"13158","2029","Hombres","Coyoacán","05-09"
"12989","2030","Hombres","Coyoacán","05-09"
"7733","2015","Hombres","Cuajimalpa de Morelos","05-09"
"7611","2016","Hombres","Cuajimalpa de Morelos","05-09"
"7497","2017","Hombres","Cuajimalpa de Morelos","05-09"
"7370","2018","Hombres","Cuajimalpa de Morelos","05-09"
"7229","2019","Hombres","Cuajimalpa de Morelos","05-09"
"7074","2020","Hombres","Cuajimalpa de Morelos","05-09"
"6930","2021","Hombres","Cuajimalpa de Morelos","05-09"
"6806","2022","Hombres","Cuajimalpa de Morelos","05-09"
"6685","2023","Hombres","Cuajimalpa de Morelos","05-09"
"6569","2024","Hombres","Cuajimalpa de Morelos","05-09"
"6457","2025","Hombres","Cuajimalpa de Morelos","05-09"
"6324","2026","Hombres","Cuajimalpa de Morelos","05-09"
"6168","2027","Hombres","Cuajimalpa de Morelos","05-09"
"6001","2028","Hombres","Cuajimalpa de Morelos","05-09"
"5824","2029","Hombres","Cuajimalpa de Morelos","05-09"
"5635","2030","Hombres","Cuajimalpa de Morelos","05-09"
"40724","2015","Hombres","Gustavo A. Madero","05-09"
"39567","2016","Hombres","Gustavo A. Madero","05-09"
"38519","2017","Hombres","Gustavo A. Madero","05-09"
"37481","2018","Hombres","Gustavo A. Madero","05-09"
"36446","2019","Hombres","Gustavo A. Madero","05-09"
"35412","2020","Hombres","Gustavo A. Madero","05-09"
"34512","2021","Hombres","Gustavo A. Madero","05-09"
"33783","2022","Hombres","Gustavo A. Madero","05-09"
"33150","2023","Hombres","Gustavo A. Madero","05-09"
"32617","2024","Hombres","Gustavo A. Madero","05-09"
"32187","2025","Hombres","Gustavo A. Madero","05-09"
"31742","2026","Hombres","Gustavo A. Madero","05-09"
"31262","2027","Hombres","Gustavo A. Madero","05-09"
"30825","2028","Hombres","Gustavo A. Madero","05-09"
"30427","2029","Hombres","Gustavo A. Madero","05-09"
"30065","2030","Hombres","Gustavo A. Madero","05-09"
"12730","2015","Hombres","Iztacalco","05-09"
"12366","2016","Hombres","Iztacalco","05-09"
"12039","2017","Hombres","Iztacalco","05-09"
"11717","2018","Hombres","Iztacalco","05-09"
"11397","2019","Hombres","Iztacalco","05-09"
"11078","2020","Hombres","Iztacalco","05-09"
"10800","2021","Hombres","Iztacalco","05-09"
"10576","2022","Hombres","Iztacalco","05-09"
"10382","2023","Hombres","Iztacalco","05-09"
"10218","2024","Hombres","Iztacalco","05-09"
"10085","2025","Hombres","Iztacalco","05-09"
"9945","2026","Hombres","Iztacalco","05-09"
"9792","2027","Hombres","Iztacalco","05-09"
"9649","2028","Hombres","Iztacalco","05-09"
"9516","2029","Hombres","Iztacalco","05-09"
"9390","2030","Hombres","Iztacalco","05-09"
"72355","2015","Hombres","Iztapalapa","05-09"
"70420","2016","Hombres","Iztapalapa","05-09"
"68632","2017","Hombres","Iztapalapa","05-09"
"66826","2018","Hombres","Iztapalapa","05-09"
"64991","2019","Hombres","Iztapalapa","05-09"
"63129","2020","Hombres","Iztapalapa","05-09"
"61480","2021","Hombres","Iztapalapa","05-09"
"60115","2022","Hombres","Iztapalapa","05-09"
"58907","2023","Hombres","Iztapalapa","05-09"
"57859","2024","Hombres","Iztapalapa","05-09"
"56983","2025","Hombres","Iztapalapa","05-09"
"56080","2026","Hombres","Iztapalapa","05-09"
"55114","2027","Hombres","Iztapalapa","05-09"
"54226","2028","Hombres","Iztapalapa","05-09"
"53416","2029","Hombres","Iztapalapa","05-09"
"52688","2030","Hombres","Iztapalapa","05-09"
"9302","2015","Hombres","La Magdalena Contreras","05-09"
"9120","2016","Hombres","La Magdalena Contreras","05-09"
"8953","2017","Hombres","La Magdalena Contreras","05-09"
"8777","2018","Hombres","La Magdalena Contreras","05-09"
"8590","2019","Hombres","La Magdalena Contreras","05-09"
"8391","2020","Hombres","La Magdalena Contreras","05-09"
"8211","2021","Hombres","La Magdalena Contreras","05-09"
"8060","2022","Hombres","La Magdalena Contreras","05-09"
"7919","2023","Hombres","La Magdalena Contreras","05-09"
"7789","2024","Hombres","La Magdalena Contreras","05-09"
"7669","2025","Hombres","La Magdalena Contreras","05-09"
"7532","2026","Hombres","La Magdalena Contreras","05-09"
"7372","2027","Hombres","La Magdalena Contreras","05-09"
"7206","2028","Hombres","La Magdalena Contreras","05-09"
"7034","2029","Hombres","La Magdalena Contreras","05-09"
"6854","2030","Hombres","La Magdalena Contreras","05-09"
"6034","2015","Hombres","Milpa Alta","05-09"
"5965","2016","Hombres","Milpa Alta","05-09"
"5897","2017","Hombres","Milpa Alta","05-09"
"5816","2018","Hombres","Milpa Alta","05-09"
"5721","2019","Hombres","Milpa Alta","05-09"
"5611","2020","Hombres","Milpa Alta","05-09"
"5507","2021","Hombres","Milpa Alta","05-09"
"5415","2022","Hombres","Milpa Alta","05-09"
"5323","2023","Hombres","Milpa Alta","05-09"
"5232","2024","Hombres","Milpa Alta","05-09"
"5140","2025","Hombres","Milpa Alta","05-09"
"5028","2026","Hombres","Milpa Alta","05-09"
"4893","2027","Hombres","Milpa Alta","05-09"
"4748","2028","Hombres","Milpa Alta","05-09"
"4589","2029","Hombres","Milpa Alta","05-09"
"4418","2030","Hombres","Milpa Alta","05-09"
"25902","2015","Hombres","Álvaro Obregón","05-09"
"25298","2016","Hombres","Álvaro Obregón","05-09"
"24744","2017","Hombres","Álvaro Obregón","05-09"
"24176","2018","Hombres","Álvaro Obregón","05-09"
"23589","2019","Hombres","Álvaro Obregón","05-09"
"22981","2020","Hombres","Álvaro Obregón","05-09"
"22437","2021","Hombres","Álvaro Obregón","05-09"
"21982","2022","Hombres","Álvaro Obregón","05-09"
"21566","2023","Hombres","Álvaro Obregón","05-09"
"21192","2024","Hombres","Álvaro Obregón","05-09"
"20859","2025","Hombres","Álvaro Obregón","05-09"
"20492","2026","Hombres","Álvaro Obregón","05-09"
"20074","2027","Hombres","Álvaro Obregón","05-09"
"19657","2028","Hombres","Álvaro Obregón","05-09"
"19236","2029","Hombres","Álvaro Obregón","05-09"
"18810","2030","Hombres","Álvaro Obregón","05-09"
"15088","2015","Hombres","Tláhuac","05-09"
"14726","2016","Hombres","Tláhuac","05-09"
"14383","2017","Hombres","Tláhuac","05-09"
"14022","2018","Hombres","Tláhuac","05-09"
"13643","2019","Hombres","Tláhuac","05-09"
"13246","2020","Hombres","Tláhuac","05-09"
"12883","2021","Hombres","Tláhuac","05-09"
"12568","2022","Hombres","Tláhuac","05-09"
"12274","2023","Hombres","Tláhuac","05-09"
"12005","2024","Hombres","Tláhuac","05-09"
"11760","2025","Hombres","Tláhuac","05-09"
"11499","2026","Hombres","Tláhuac","05-09"
"11215","2027","Hombres","Tláhuac","05-09"
"10939","2028","Hombres","Tláhuac","05-09"
"10669","2029","Hombres","Tláhuac","05-09"
"10408","2030","Hombres","Tláhuac","05-09"
"24160","2015","Hombres","Tlalpan","05-09"
"23734","2016","Hombres","Tlalpan","05-09"
"23341","2017","Hombres","Tlalpan","05-09"
"22920","2018","Hombres","Tlalpan","05-09"
"22466","2019","Hombres","Tlalpan","05-09"
"21975","2020","Hombres","Tlalpan","05-09"
"21529","2021","Hombres","Tlalpan","05-09"
"21150","2022","Hombres","Tlalpan","05-09"
"20792","2023","Hombres","Tlalpan","05-09"
"20454","2024","Hombres","Tlalpan","05-09"
"20137","2025","Hombres","Tlalpan","05-09"
"19764","2026","Hombres","Tlalpan","05-09"
"19320","2027","Hombres","Tlalpan","05-09"
"18853","2028","Hombres","Tlalpan","05-09"
"18357","2029","Hombres","Tlalpan","05-09"
"17831","2030","Hombres","Tlalpan","05-09"
"16413","2015","Hombres","Xochimilco","05-09"
"16027","2016","Hombres","Xochimilco","05-09"
"15667","2017","Hombres","Xochimilco","05-09"
"15295","2018","Hombres","Xochimilco","05-09"
"14908","2019","Hombres","Xochimilco","05-09"
"14507","2020","Hombres","Xochimilco","05-09"
"14148","2021","Hombres","Xochimilco","05-09"
"13847","2022","Hombres","Xochimilco","05-09"
"13575","2023","Hombres","Xochimilco","05-09"
"13334","2024","Hombres","Xochimilco","05-09"
"13126","2025","Hombres","Xochimilco","05-09"
"12904","2026","Hombres","Xochimilco","05-09"
"12661","2027","Hombres","Xochimilco","05-09"
"12429","2028","Hombres","Xochimilco","05-09"
"12209","2029","Hombres","Xochimilco","05-09"
"12000","2030","Hombres","Xochimilco","05-09"
"8903","2015","Hombres","Benito Juárez","05-09"
"8754","2016","Hombres","Benito Juárez","05-09"
"8624","2017","Hombres","Benito Juárez","05-09"
"8489","2018","Hombres","Benito Juárez","05-09"
"8346","2019","Hombres","Benito Juárez","05-09"
"8192","2020","Hombres","Benito Juárez","05-09"
"8056","2021","Hombres","Benito Juárez","05-09"
"7947","2022","Hombres","Benito Juárez","05-09"
"7845","2023","Hombres","Benito Juárez","05-09"
"7750","2024","Hombres","Benito Juárez","05-09"
"7659","2025","Hombres","Benito Juárez","05-09"
"7545","2026","Hombres","Benito Juárez","05-09"
"7399","2027","Hombres","Benito Juárez","05-09"
"7238","2028","Hombres","Benito Juárez","05-09"
"7059","2029","Hombres","Benito Juárez","05-09"
"6859","2030","Hombres","Benito Juárez","05-09"
"15538","2015","Hombres","Cuauhtémoc","05-09"
"15156","2016","Hombres","Cuauhtémoc","05-09"
"14815","2017","Hombres","Cuauhtémoc","05-09"
"14474","2018","Hombres","Cuauhtémoc","05-09"
"14131","2019","Hombres","Cuauhtémoc","05-09"
"13783","2020","Hombres","Cuauhtémoc","05-09"
"13480","2021","Hombres","Cuauhtémoc","05-09"
"13237","2022","Hombres","Cuauhtémoc","05-09"
"13023","2023","Hombres","Cuauhtémoc","05-09"
"12840","2024","Hombres","Cuauhtémoc","05-09"
"12686","2025","Hombres","Cuauhtémoc","05-09"
"12515","2026","Hombres","Cuauhtémoc","05-09"
"12316","2027","Hombres","Cuauhtémoc","05-09"
"12119","2028","Hombres","Cuauhtémoc","05-09"
"11922","2029","Hombres","Cuauhtémoc","05-09"
"11722","2030","Hombres","Cuauhtémoc","05-09"
"10197","2015","Hombres","Miguel Hidalgo","05-09"
"9972","2016","Hombres","Miguel Hidalgo","05-09"
"9770","2017","Hombres","Miguel Hidalgo","05-09"
"9564","2018","Hombres","Miguel Hidalgo","05-09"
"9351","2019","Hombres","Miguel Hidalgo","05-09"
"9130","2020","Hombres","Miguel Hidalgo","05-09"
"8934","2021","Hombres","Miguel Hidalgo","05-09"
"8770","2022","Hombres","Miguel Hidalgo","05-09"
"8620","2023","Hombres","Miguel Hidalgo","05-09"
"8482","2024","Hombres","Miguel Hidalgo","05-09"
"8356","2025","Hombres","Miguel Hidalgo","05-09"
"8210","2026","Hombres","Miguel Hidalgo","05-09"
"8036","2027","Hombres","Miguel Hidalgo","05-09"
"7854","2028","Hombres","Miguel Hidalgo","05-09"
"7662","2029","Hombres","Miguel Hidalgo","05-09"
"7456","2030","Hombres","Miguel Hidalgo","05-09"
"13994","2015","Hombres","Venustiano Carranza","05-09"
"13560","2016","Hombres","Venustiano Carranza","05-09"
"13169","2017","Hombres","Venustiano Carranza","05-09"
"12787","2018","Hombres","Venustiano Carranza","05-09"
"12412","2019","Hombres","Venustiano Carranza","05-09"
"12044","2020","Hombres","Venustiano Carranza","05-09"
"11727","2021","Hombres","Venustiano Carranza","05-09"
"11472","2022","Hombres","Venustiano Carranza","05-09"
"11256","2023","Hombres","Venustiano Carranza","05-09"
"11079","2024","Hombres","Venustiano Carranza","05-09"
"10941","2025","Hombres","Venustiano Carranza","05-09"
"10803","2026","Hombres","Venustiano Carranza","05-09"
"10658","2027","Hombres","Venustiano Carranza","05-09"
"10533","2028","Hombres","Venustiano Carranza","05-09"
"10425","2029","Hombres","Venustiano Carranza","05-09"
"10333","2030","Hombres","Venustiano Carranza","05-09"
"13369","2015","Mujeres","Azcapotzalco","10-14"
"13011","2016","Mujeres","Azcapotzalco","10-14"
"12671","2017","Mujeres","Azcapotzalco","10-14"
"12339","2018","Mujeres","Azcapotzalco","10-14"
"12011","2019","Mujeres","Azcapotzalco","10-14"
"11691","2020","Mujeres","Azcapotzalco","10-14"
"11382","2021","Mujeres","Azcapotzalco","10-14"
"11087","2022","Mujeres","Azcapotzalco","10-14"
"10800","2023","Mujeres","Azcapotzalco","10-14"
"10523","2024","Mujeres","Azcapotzalco","10-14"
"10253","2025","Mujeres","Azcapotzalco","10-14"
"10016","2026","Mujeres","Azcapotzalco","10-14"
"9827","2027","Mujeres","Azcapotzalco","10-14"
"9673","2028","Mujeres","Azcapotzalco","10-14"
"9558","2029","Mujeres","Azcapotzalco","10-14"
"9484","2030","Mujeres","Azcapotzalco","10-14"
"19236","2015","Mujeres","Coyoacán","10-14"
"18741","2016","Mujeres","Coyoacán","10-14"
"18274","2017","Mujeres","Coyoacán","10-14"
"17819","2018","Mujeres","Coyoacán","10-14"
"17370","2019","Mujeres","Coyoacán","10-14"
"16931","2020","Mujeres","Coyoacán","10-14"
"16511","2021","Mujeres","Coyoacán","10-14"
"16109","2022","Mujeres","Coyoacán","10-14"
"15722","2023","Mujeres","Coyoacán","10-14"
"15347","2024","Mujeres","Coyoacán","10-14"
"14981","2025","Mujeres","Coyoacán","10-14"
"14664","2026","Mujeres","Coyoacán","10-14"
"14416","2027","Mujeres","Coyoacán","10-14"
"14219","2028","Mujeres","Coyoacán","10-14"
"14078","2029","Mujeres","Coyoacán","10-14"
"13999","2030","Mujeres","Coyoacán","10-14"
"7634","2015","Mujeres","Cuajimalpa de Morelos","10-14"
"7550","2016","Mujeres","Cuajimalpa de Morelos","10-14"
"7460","2017","Mujeres","Cuajimalpa de Morelos","10-14"
"7357","2018","Mujeres","Cuajimalpa de Morelos","10-14"
"7240","2019","Mujeres","Cuajimalpa de Morelos","10-14"
"7109","2020","Mujeres","Cuajimalpa de Morelos","10-14"
"6968","2021","Mujeres","Cuajimalpa de Morelos","10-14"
"6816","2022","Mujeres","Cuajimalpa de Morelos","10-14"
"6652","2023","Mujeres","Cuajimalpa de Morelos","10-14"
"6474","2024","Mujeres","Cuajimalpa de Morelos","10-14"
"6281","2025","Mujeres","Cuajimalpa de Morelos","10-14"
"6090","2026","Mujeres","Cuajimalpa de Morelos","10-14"
"5908","2027","Mujeres","Cuajimalpa de Morelos","10-14"
"5727","2028","Mujeres","Cuajimalpa de Morelos","10-14"
"5545","2029","Mujeres","Cuajimalpa de Morelos","10-14"
"5364","2030","Mujeres","Cuajimalpa de Morelos","10-14"
"41943","2015","Mujeres","Gustavo A. Madero","10-14"
"41000","2016","Mujeres","Gustavo A. Madero","10-14"
"40094","2017","Mujeres","Gustavo A. Madero","10-14"
"39191","2018","Mujeres","Gustavo A. Madero","10-14"
"38280","2019","Mujeres","Gustavo A. Madero","10-14"
"37368","2020","Mujeres","Gustavo A. Madero","10-14"
"36473","2021","Mujeres","Gustavo A. Madero","10-14"
"35594","2022","Mujeres","Gustavo A. Madero","10-14"
"34722","2023","Mujeres","Gustavo A. Madero","10-14"
"33854","2024","Mujeres","Gustavo A. Madero","10-14"
"32981","2025","Mujeres","Gustavo A. Madero","10-14"
"32191","2026","Mujeres","Gustavo A. Madero","10-14"
"31526","2027","Mujeres","Gustavo A. Madero","10-14"
"30947","2028","Mujeres","Gustavo A. Madero","10-14"
"30459","2029","Mujeres","Gustavo A. Madero","10-14"
"30073","2030","Mujeres","Gustavo A. Madero","10-14"
"13732","2015","Mujeres","Iztacalco","10-14"
"13474","2016","Mujeres","Iztacalco","10-14"
"13226","2017","Mujeres","Iztacalco","10-14"
"12976","2018","Mujeres","Iztacalco","10-14"
"12719","2019","Mujeres","Iztacalco","10-14"
"12456","2020","Mujeres","Iztacalco","10-14"
"12193","2021","Mujeres","Iztacalco","10-14"
"11927","2022","Mujeres","Iztacalco","10-14"
"11655","2023","Mujeres","Iztacalco","10-14"
"11375","2024","Mujeres","Iztacalco","10-14"
"11082","2025","Mujeres","Iztacalco","10-14"
"10807","2026","Mujeres","Iztacalco","10-14"
"10560","2027","Mujeres","Iztacalco","10-14"
"10328","2028","Mujeres","Iztacalco","10-14"
"10110","2029","Mujeres","Iztacalco","10-14"
"9909","2030","Mujeres","Iztacalco","10-14"
"72620","2015","Mujeres","Iztapalapa","10-14"
"71124","2016","Mujeres","Iztapalapa","10-14"
"69647","2017","Mujeres","Iztapalapa","10-14"
"68143","2018","Mujeres","Iztapalapa","10-14"
"66587","2019","Mujeres","Iztapalapa","10-14"
"65003","2020","Mujeres","Iztapalapa","10-14"
"63425","2021","Mujeres","Iztapalapa","10-14"
"61854","2022","Mujeres","Iztapalapa","10-14"
"60278","2023","Mujeres","Iztapalapa","10-14"
"58701","2024","Mujeres","Iztapalapa","10-14"
"57111","2025","Mujeres","Iztapalapa","10-14"
"55663","2026","Mujeres","Iztapalapa","10-14"
"54428","2027","Mujeres","Iztapalapa","10-14"
"53349","2028","Mujeres","Iztapalapa","10-14"
"52441","2029","Mujeres","Iztapalapa","10-14"
"51721","2030","Mujeres","Iztapalapa","10-14"
"9356","2015","Mujeres","La Magdalena Contreras","10-14"
"9232","2016","Mujeres","La Magdalena Contreras","10-14"
"9106","2017","Mujeres","La Magdalena Contreras","10-14"
"8971","2018","Mujeres","La Magdalena Contreras","10-14"
"8823","2019","Mujeres","La Magdalena Contreras","10-14"
"8664","2020","Mujeres","La Magdalena Contreras","10-14"
"8497","2021","Mujeres","La Magdalena Contreras","10-14"
"8322","2022","Mujeres","La Magdalena Contreras","10-14"
"8137","2023","Mujeres","La Magdalena Contreras","10-14"
"7940","2024","Mujeres","La Magdalena Contreras","10-14"
"7728","2025","Mujeres","La Magdalena Contreras","10-14"
"7522","2026","Mujeres","La Magdalena Contreras","10-14"
"7331","2027","Mujeres","La Magdalena Contreras","10-14"
"7145","2028","Mujeres","La Magdalena Contreras","10-14"
"6963","2029","Mujeres","La Magdalena Contreras","10-14"
"6787","2030","Mujeres","La Magdalena Contreras","10-14"
"6235","2015","Mujeres","Milpa Alta","10-14"
"6218","2016","Mujeres","Milpa Alta","10-14"
"6192","2017","Mujeres","Milpa Alta","10-14"
"6151","2018","Mujeres","Milpa Alta","10-14"
"6092","2019","Mujeres","Milpa Alta","10-14"
"6017","2020","Mujeres","Milpa Alta","10-14"
"5928","2021","Mujeres","Milpa Alta","10-14"
"5824","2022","Mujeres","Milpa Alta","10-14"
"5704","2023","Mujeres","Milpa Alta","10-14"
"5565","2024","Mujeres","Milpa Alta","10-14"
"5408","2025","Mujeres","Milpa Alta","10-14"
"5245","2026","Mujeres","Milpa Alta","10-14"
"5082","2027","Mujeres","Milpa Alta","10-14"
"4913","2028","Mujeres","Milpa Alta","10-14"
"4735","2029","Mujeres","Milpa Alta","10-14"
"4549","2030","Mujeres","Milpa Alta","10-14"
"27172","2015","Mujeres","Álvaro Obregón","10-14"
"26750","2016","Mujeres","Álvaro Obregón","10-14"
"26333","2017","Mujeres","Álvaro Obregón","10-14"
"25897","2018","Mujeres","Álvaro Obregón","10-14"
"25431","2019","Mujeres","Álvaro Obregón","10-14"
"24942","2020","Mujeres","Álvaro Obregón","10-14"
"24440","2021","Mujeres","Álvaro Obregón","10-14"
"23923","2022","Mujeres","Álvaro Obregón","10-14"
"23384","2023","Mujeres","Álvaro Obregón","10-14"
"22821","2024","Mujeres","Álvaro Obregón","10-14"
"22225","2025","Mujeres","Álvaro Obregón","10-14"
"21657","2026","Mujeres","Álvaro Obregón","10-14"
"21141","2027","Mujeres","Álvaro Obregón","10-14"
"20651","2028","Mujeres","Álvaro Obregón","10-14"
"20187","2029","Mujeres","Álvaro Obregón","10-14"
"19752","2030","Mujeres","Álvaro Obregón","10-14"
"15945","2015","Mujeres","Tláhuac","10-14"
"15761","2016","Mujeres","Tláhuac","10-14"
"15565","2017","Mujeres","Tláhuac","10-14"
"15347","2018","Mujeres","Tláhuac","10-14"
"15098","2019","Mujeres","Tláhuac","10-14"
"14824","2020","Mujeres","Tláhuac","10-14"
"14532","2021","Mujeres","Tláhuac","10-14"
"14222","2022","Mujeres","Tláhuac","10-14"
"13890","2023","Mujeres","Tláhuac","10-14"
"13537","2024","Mujeres","Tláhuac","10-14"
"13157","2025","Mujeres","Tláhuac","10-14"
"12788","2026","Mujeres","Tláhuac","10-14"
"12445","2027","Mujeres","Tláhuac","10-14"
"12111","2028","Mujeres","Tláhuac","10-14"
"11789","2029","Mujeres","Tláhuac","10-14"
"11479","2030","Mujeres","Tláhuac","10-14"
"24754","2015","Mujeres","Tlalpan","10-14"
"24438","2016","Mujeres","Tlalpan","10-14"
"24117","2017","Mujeres","Tlalpan","10-14"
"23771","2018","Mujeres","Tlalpan","10-14"
"23391","2019","Mujeres","Tlalpan","10-14"
"22983","2020","Mujeres","Tlalpan","10-14"
"22556","2021","Mujeres","Tlalpan","10-14"
"22109","2022","Mujeres","Tlalpan","10-14"
"21635","2023","Mujeres","Tlalpan","10-14"
"21132","2024","Mujeres","Tlalpan","10-14"
"20593","2025","Mujeres","Tlalpan","10-14"
"20073","2026","Mujeres","Tlalpan","10-14"
"19597","2027","Mujeres","Tlalpan","10-14"
"19138","2028","Mujeres","Tlalpan","10-14"
"18696","2029","Mujeres","Tlalpan","10-14"
"18276","2030","Mujeres","Tlalpan","10-14"
"16710","2015","Mujeres","Xochimilco","10-14"
"16422","2016","Mujeres","Xochimilco","10-14"
"16131","2017","Mujeres","Xochimilco","10-14"
"15825","2018","Mujeres","Xochimilco","10-14"
"15501","2019","Mujeres","Xochimilco","10-14"
"15162","2020","Mujeres","Xochimilco","10-14"
"14819","2021","Mujeres","Xochimilco","10-14"
"14471","2022","Mujeres","Xochimilco","10-14"
"14116","2023","Mujeres","Xochimilco","10-14"
"13755","2024","Mujeres","Xochimilco","10-14"
"13385","2025","Mujeres","Xochimilco","10-14"
"13044","2026","Mujeres","Xochimilco","10-14"
"12749","2027","Mujeres","Xochimilco","10-14"
"12486","2028","Mujeres","Xochimilco","10-14"
"12259","2029","Mujeres","Xochimilco","10-14"
"12072","2030","Mujeres","Xochimilco","10-14"
"9127","2015","Mujeres","Benito Juárez","10-14"
"8962","2016","Mujeres","Benito Juárez","10-14"
"8807","2017","Mujeres","Benito Juárez","10-14"
"8652","2018","Mujeres","Benito Juárez","10-14"
"8495","2019","Mujeres","Benito Juárez","10-14"
"8337","2020","Mujeres","Benito Juárez","10-14"
"8179","2021","Mujeres","Benito Juárez","10-14"
"8022","2022","Mujeres","Benito Juárez","10-14"
"7861","2023","Mujeres","Benito Juárez","10-14"
"7695","2024","Mujeres","Benito Juárez","10-14"
"7521","2025","Mujeres","Benito Juárez","10-14"
"7358","2026","Mujeres","Benito Juárez","10-14"
"7215","2027","Mujeres","Benito Juárez","10-14"
"7082","2028","Mujeres","Benito Juárez","10-14"
"6958","2029","Mujeres","Benito Juárez","10-14"
"6845","2030","Mujeres","Benito Juárez","10-14"
"15812","2015","Mujeres","Cuauhtémoc","10-14"
"15441","2016","Mujeres","Cuauhtémoc","10-14"
"15084","2017","Mujeres","Cuauhtémoc","10-14"
"14733","2018","Mujeres","Cuauhtémoc","10-14"
"14380","2019","Mujeres","Cuauhtémoc","10-14"
"14029","2020","Mujeres","Cuauhtémoc","10-14"
"13687","2021","Mujeres","Cuauhtémoc","10-14"
"13352","2022","Mujeres","Cuauhtémoc","10-14"
"13022","2023","Mujeres","Cuauhtémoc","10-14"
"12695","2024","Mujeres","Cuauhtémoc","10-14"
"12367","2025","Mujeres","Cuauhtémoc","10-14"
"12073","2026","Mujeres","Cuauhtémoc","10-14"
"11827","2027","Mujeres","Cuauhtémoc","10-14"
"11615","2028","Mujeres","Cuauhtémoc","10-14"
"11439","2029","Mujeres","Cuauhtémoc","10-14"
"11302","2030","Mujeres","Cuauhtémoc","10-14"
"10639","2015","Mujeres","Miguel Hidalgo","10-14"
"10426","2016","Mujeres","Miguel Hidalgo","10-14"
"10222","2017","Mujeres","Miguel Hidalgo","10-14"
"10020","2018","Mujeres","Miguel Hidalgo","10-14"
"9815","2019","Mujeres","Miguel Hidalgo","10-14"
"9608","2020","Mujeres","Miguel Hidalgo","10-14"
"9404","2021","Mujeres","Miguel Hidalgo","10-14"
"9201","2022","Mujeres","Miguel Hidalgo","10-14"
"8996","2023","Mujeres","Miguel Hidalgo","10-14"
"8788","2024","Mujeres","Miguel Hidalgo","10-14"
"8574","2025","Mujeres","Miguel Hidalgo","10-14"
"8376","2026","Mujeres","Miguel Hidalgo","10-14"
"8204","2027","Mujeres","Miguel Hidalgo","10-14"
"8047","2028","Mujeres","Miguel Hidalgo","10-14"
"7905","2029","Mujeres","Miguel Hidalgo","10-14"
"7781","2030","Mujeres","Miguel Hidalgo","10-14"
"14806","2015","Mujeres","Venustiano Carranza","10-14"
"14455","2016","Mujeres","Venustiano Carranza","10-14"
"14121","2017","Mujeres","Venustiano Carranza","10-14"
"13791","2018","Mujeres","Venustiano Carranza","10-14"
"13461","2019","Mujeres","Venustiano Carranza","10-14"
"13134","2020","Mujeres","Venustiano Carranza","10-14"
"12816","2021","Mujeres","Venustiano Carranza","10-14"
"12505","2022","Mujeres","Venustiano Carranza","10-14"
"12199","2023","Mujeres","Venustiano Carranza","10-14"
"11896","2024","Mujeres","Venustiano Carranza","10-14"
"11592","2025","Mujeres","Venustiano Carranza","10-14"
"11319","2026","Mujeres","Venustiano Carranza","10-14"
"11091","2027","Mujeres","Venustiano Carranza","10-14"
"10894","2028","Mujeres","Venustiano Carranza","10-14"
"10731","2029","Mujeres","Venustiano Carranza","10-14"
"10603","2030","Mujeres","Venustiano Carranza","10-14"
"14109","2015","Hombres","Azcapotzalco","10-14"
"13765","2016","Hombres","Azcapotzalco","10-14"
"13433","2017","Hombres","Azcapotzalco","10-14"
"13105","2018","Hombres","Azcapotzalco","10-14"
"12780","2019","Hombres","Azcapotzalco","10-14"
"12465","2020","Hombres","Azcapotzalco","10-14"
"12163","2021","Hombres","Azcapotzalco","10-14"
"11876","2022","Hombres","Azcapotzalco","10-14"
"11598","2023","Hombres","Azcapotzalco","10-14"
"11326","2024","Hombres","Azcapotzalco","10-14"
"11061","2025","Hombres","Azcapotzalco","10-14"
"10841","2026","Hombres","Azcapotzalco","10-14"
"10678","2027","Hombres","Azcapotzalco","10-14"
"10552","2028","Hombres","Azcapotzalco","10-14"
"10464","2029","Hombres","Azcapotzalco","10-14"
"10415","2030","Hombres","Azcapotzalco","10-14"
"19840","2015","Hombres","Coyoacán","10-14"
"19365","2016","Hombres","Coyoacán","10-14"
"18902","2017","Hombres","Coyoacán","10-14"
"18443","2018","Hombres","Coyoacán","10-14"
"17986","2019","Hombres","Coyoacán","10-14"
"17538","2020","Hombres","Coyoacán","10-14"
"17107","2021","Hombres","Coyoacán","10-14"
"16693","2022","Hombres","Coyoacán","10-14"
"16287","2023","Hombres","Coyoacán","10-14"
"15888","2024","Hombres","Coyoacán","10-14"
"15494","2025","Hombres","Coyoacán","10-14"
"15160","2026","Hombres","Coyoacán","10-14"
"14902","2027","Hombres","Coyoacán","10-14"
"14690","2028","Hombres","Coyoacán","10-14"
"14526","2029","Hombres","Coyoacán","10-14"
"14412","2030","Hombres","Coyoacán","10-14"
"8002","2015","Hombres","Cuajimalpa de Morelos","10-14"
"7953","2016","Hombres","Cuajimalpa de Morelos","10-14"
"7891","2017","Hombres","Cuajimalpa de Morelos","10-14"
"7813","2018","Hombres","Cuajimalpa de Morelos","10-14"
"7718","2019","Hombres","Cuajimalpa de Morelos","10-14"
"7606","2020","Hombres","Cuajimalpa de Morelos","10-14"
"7482","2021","Hombres","Cuajimalpa de Morelos","10-14"
"7345","2022","Hombres","Cuajimalpa de Morelos","10-14"
"7191","2023","Hombres","Cuajimalpa de Morelos","10-14"
"7018","2024","Hombres","Cuajimalpa de Morelos","10-14"
"6825","2025","Hombres","Cuajimalpa de Morelos","10-14"
"6635","2026","Hombres","Cuajimalpa de Morelos","10-14"
"6455","2027","Hombres","Cuajimalpa de Morelos","10-14"
"6270","2028","Hombres","Cuajimalpa de Morelos","10-14"
"6077","2029","Hombres","Cuajimalpa de Morelos","10-14"
"5875","2030","Hombres","Cuajimalpa de Morelos","10-14"
"43309","2015","Hombres","Gustavo A. Madero","10-14"
"42339","2016","Hombres","Gustavo A. Madero","10-14"
"41385","2017","Hombres","Gustavo A. Madero","10-14"
"40428","2018","Hombres","Gustavo A. Madero","10-14"
"39464","2019","Hombres","Gustavo A. Madero","10-14"
"38510","2020","Hombres","Gustavo A. Madero","10-14"
"37583","2021","Hombres","Gustavo A. Madero","10-14"
"36684","2022","Hombres","Gustavo A. Madero","10-14"
"35797","2023","Hombres","Gustavo A. Madero","10-14"
"34914","2024","Hombres","Gustavo A. Madero","10-14"
"34036","2025","Hombres","Gustavo A. Madero","10-14"
"33282","2026","Hombres","Gustavo A. Madero","10-14"
"32689","2027","Hombres","Gustavo A. Madero","10-14"
"32191","2028","Hombres","Gustavo A. Madero","10-14"
"31792","2029","Hombres","Gustavo A. Madero","10-14"
"31497","2030","Hombres","Gustavo A. Madero","10-14"
"13962","2015","Hombres","Iztacalco","10-14"
"13694","2016","Hombres","Iztacalco","10-14"
"13431","2017","Hombres","Iztacalco","10-14"
"13163","2018","Hombres","Iztacalco","10-14"
"12890","2019","Hombres","Iztacalco","10-14"
"12616","2020","Hombres","Iztacalco","10-14"
"12345","2021","Hombres","Iztacalco","10-14"
"12077","2022","Hombres","Iztacalco","10-14"
"11805","2023","Hombres","Iztacalco","10-14"
"11526","2024","Hombres","Iztacalco","10-14"
"11238","2025","Hombres","Iztacalco","10-14"
"10981","2026","Hombres","Iztacalco","10-14"
"10765","2027","Hombres","Iztacalco","10-14"
"10567","2028","Hombres","Iztacalco","10-14"
"10386","2029","Hombres","Iztacalco","10-14"
"10222","2030","Hombres","Iztacalco","10-14"
"75720","2015","Hombres","Iztapalapa","10-14"
"74206","2016","Hombres","Iztapalapa","10-14"
"72679","2017","Hombres","Iztapalapa","10-14"
"71106","2018","Hombres","Iztapalapa","10-14"
"69485","2019","Hombres","Iztapalapa","10-14"
"67845","2020","Hombres","Iztapalapa","10-14"
"66232","2021","Hombres","Iztapalapa","10-14"
"64638","2022","Hombres","Iztapalapa","10-14"
"63046","2023","Hombres","Iztapalapa","10-14"
"61447","2024","Hombres","Iztapalapa","10-14"
"59840","2025","Hombres","Iztapalapa","10-14"
"58447","2026","Hombres","Iztapalapa","10-14"
"57327","2027","Hombres","Iztapalapa","10-14"
"56374","2028","Hombres","Iztapalapa","10-14"
"55591","2029","Hombres","Iztapalapa","10-14"
"54994","2030","Hombres","Iztapalapa","10-14"
"9890","2015","Hombres","La Magdalena Contreras","10-14"
"9779","2016","Hombres","La Magdalena Contreras","10-14"
"9660","2017","Hombres","La Magdalena Contreras","10-14"
"9527","2018","Hombres","La Magdalena Contreras","10-14"
"9380","2019","Hombres","La Magdalena Contreras","10-14"
"9222","2020","Hombres","La Magdalena Contreras","10-14"
"9055","2021","Hombres","La Magdalena Contreras","10-14"
"8880","2022","Hombres","La Magdalena Contreras","10-14"
"8693","2023","Hombres","La Magdalena Contreras","10-14"
"8490","2024","Hombres","La Magdalena Contreras","10-14"
"8271","2025","Hombres","La Magdalena Contreras","10-14"
"8065","2026","Hombres","La Magdalena Contreras","10-14"
"7880","2027","Hombres","La Magdalena Contreras","10-14"
"7697","2028","Hombres","La Magdalena Contreras","10-14"
"7516","2029","Hombres","La Magdalena Contreras","10-14"
"7336","2030","Hombres","La Magdalena Contreras","10-14"
"6423","2015","Hombres","Milpa Alta","10-14"
"6409","2016","Hombres","Milpa Alta","10-14"
"6381","2017","Hombres","Milpa Alta","10-14"
"6337","2018","Hombres","Milpa Alta","10-14"
"6275","2019","Hombres","Milpa Alta","10-14"
"6198","2020","Hombres","Milpa Alta","10-14"
"6107","2021","Hombres","Milpa Alta","10-14"
"6002","2022","Hombres","Milpa Alta","10-14"
"5881","2023","Hombres","Milpa Alta","10-14"
"5741","2024","Hombres","Milpa Alta","10-14"
"5582","2025","Hombres","Milpa Alta","10-14"
"5423","2026","Hombres","Milpa Alta","10-14"
"5268","2027","Hombres","Milpa Alta","10-14"
"5106","2028","Hombres","Milpa Alta","10-14"
"4935","2029","Hombres","Milpa Alta","10-14"
"4753","2030","Hombres","Milpa Alta","10-14"
"27509","2015","Hombres","Álvaro Obregón","10-14"
"27059","2016","Hombres","Álvaro Obregón","10-14"
"26599","2017","Hombres","Álvaro Obregón","10-14"
"26115","2018","Hombres","Álvaro Obregón","10-14"
"25605","2019","Hombres","Álvaro Obregón","10-14"
"25079","2020","Hombres","Álvaro Obregón","10-14"
"24546","2021","Hombres","Álvaro Obregón","10-14"
"24008","2022","Hombres","Álvaro Obregón","10-14"
"23452","2023","Hombres","Álvaro Obregón","10-14"
"22874","2024","Hombres","Álvaro Obregón","10-14"
"22272","2025","Hombres","Álvaro Obregón","10-14"
"21724","2026","Hombres","Álvaro Obregón","10-14"
"21253","2027","Hombres","Álvaro Obregón","10-14"
"20812","2028","Hombres","Álvaro Obregón","10-14"
"20403","2029","Hombres","Álvaro Obregón","10-14"
"20023","2030","Hombres","Álvaro Obregón","10-14"
"15909","2015","Hombres","Tláhuac","10-14"
"15685","2016","Hombres","Tláhuac","10-14"
"15443","2017","Hombres","Tláhuac","10-14"
"15174","2018","Hombres","Tláhuac","10-14"
"14878","2019","Hombres","Tláhuac","10-14"
"14561","2020","Hombres","Tláhuac","10-14"
"14231","2021","Hombres","Tláhuac","10-14"
"13889","2022","Hombres","Tláhuac","10-14"
"13528","2023","Hombres","Tláhuac","10-14"
"13148","2024","Hombres","Tláhuac","10-14"
"12747","2025","Hombres","Tláhuac","10-14"
"12372","2026","Hombres","Tláhuac","10-14"
"12036","2027","Hombres","Tláhuac","10-14"
"11711","2028","Hombres","Tláhuac","10-14"
"11400","2029","Hombres","Tláhuac","10-14"
"11100","2030","Hombres","Tláhuac","10-14"
"25609","2015","Hombres","Tlalpan","10-14"
"25274","2016","Hombres","Tlalpan","10-14"
"24921","2017","Hombres","Tlalpan","10-14"
"24537","2018","Hombres","Tlalpan","10-14"
"24119","2019","Hombres","Tlalpan","10-14"
"23675","2020","Hombres","Tlalpan","10-14"
"23216","2021","Hombres","Tlalpan","10-14"
"22742","2022","Hombres","Tlalpan","10-14"
"22241","2023","Hombres","Tlalpan","10-14"
"21709","2024","Hombres","Tlalpan","10-14"
"21145","2025","Hombres","Tlalpan","10-14"
"20621","2026","Hombres","Tlalpan","10-14"
"20160","2027","Hombres","Tlalpan","10-14"
"19717","2028","Hombres","Tlalpan","10-14"
"19291","2029","Hombres","Tlalpan","10-14"
"18881","2030","Hombres","Tlalpan","10-14"
"17502","2015","Hombres","Xochimilco","10-14"
"17205","2016","Hombres","Xochimilco","10-14"
"16896","2017","Hombres","Xochimilco","10-14"
"16568","2018","Hombres","Xochimilco","10-14"
"16220","2019","Hombres","Xochimilco","10-14"
"15860","2020","Hombres","Xochimilco","10-14"
"15498","2021","Hombres","Xochimilco","10-14"
"15134","2022","Hombres","Xochimilco","10-14"
"14763","2023","Hombres","Xochimilco","10-14"
"14384","2024","Hombres","Xochimilco","10-14"
"13997","2025","Hombres","Xochimilco","10-14"
"13654","2026","Hombres","Xochimilco","10-14"
"13370","2027","Hombres","Xochimilco","10-14"
"13119","2028","Hombres","Xochimilco","10-14"
"12902","2029","Hombres","Xochimilco","10-14"
"12723","2030","Hombres","Xochimilco","10-14"
"9542","2015","Hombres","Benito Juárez","10-14"
"9396","2016","Hombres","Benito Juárez","10-14"
"9251","2017","Hombres","Benito Juárez","10-14"
"9100","2018","Hombres","Benito Juárez","10-14"
"8942","2019","Hombres","Benito Juárez","10-14"
"8779","2020","Hombres","Benito Juárez","10-14"
"8614","2021","Hombres","Benito Juárez","10-14"
"8446","2022","Hombres","Benito Juárez","10-14"
"8270","2023","Hombres","Benito Juárez","10-14"
"8084","2024","Hombres","Benito Juárez","10-14"
"7886","2025","Hombres","Benito Juárez","10-14"
"7703","2026","Hombres","Benito Juárez","10-14"
"7543","2027","Hombres","Benito Juárez","10-14"
"7388","2028","Hombres","Benito Juárez","10-14"
"7237","2029","Hombres","Benito Juárez","10-14"
"7088","2030","Hombres","Benito Juárez","10-14"
"16643","2015","Hombres","Cuauhtémoc","10-14"
"16269","2016","Hombres","Cuauhtémoc","10-14"
"15902","2017","Hombres","Cuauhtémoc","10-14"
"15534","2018","Hombres","Cuauhtémoc","10-14"
"15165","2019","Hombres","Cuauhtémoc","10-14"
"14798","2020","Hombres","Cuauhtémoc","10-14"
"14443","2021","Hombres","Cuauhtémoc","10-14"
"14098","2022","Hombres","Cuauhtémoc","10-14"
"13757","2023","Hombres","Cuauhtémoc","10-14"
"13418","2024","Hombres","Cuauhtémoc","10-14"
"13079","2025","Hombres","Cuauhtémoc","10-14"
"12788","2026","Hombres","Cuauhtémoc","10-14"
"12558","2027","Hombres","Cuauhtémoc","10-14"
"12363","2028","Hombres","Cuauhtémoc","10-14"
"12205","2029","Hombres","Cuauhtémoc","10-14"
"12086","2030","Hombres","Cuauhtémoc","10-14"
"10617","2015","Hombres","Miguel Hidalgo","10-14"
"10398","2016","Hombres","Miguel Hidalgo","10-14"
"10184","2017","Hombres","Miguel Hidalgo","10-14"
"9967","2018","Hombres","Miguel Hidalgo","10-14"
"9748","2019","Hombres","Miguel Hidalgo","10-14"
"9529","2020","Hombres","Miguel Hidalgo","10-14"
"9313","2021","Hombres","Miguel Hidalgo","10-14"
"9101","2022","Hombres","Miguel Hidalgo","10-14"
"8888","2023","Hombres","Miguel Hidalgo","10-14"
"8672","2024","Hombres","Miguel Hidalgo","10-14"
"8451","2025","Hombres","Miguel Hidalgo","10-14"
"8255","2026","Hombres","Miguel Hidalgo","10-14"
"8093","2027","Hombres","Miguel Hidalgo","10-14"
"7946","2028","Hombres","Miguel Hidalgo","10-14"
"7816","2029","Hombres","Miguel Hidalgo","10-14"
"7701","2030","Hombres","Miguel Hidalgo","10-14"
"15273","2015","Hombres","Venustiano Carranza","10-14"
"14896","2016","Hombres","Venustiano Carranza","10-14"
"14529","2017","Hombres","Venustiano Carranza","10-14"
"14164","2018","Hombres","Venustiano Carranza","10-14"
"13801","2019","Hombres","Venustiano Carranza","10-14"
"13445","2020","Hombres","Venustiano Carranza","10-14"
"13102","2021","Hombres","Venustiano Carranza","10-14"
"12772","2022","Hombres","Venustiano Carranza","10-14"
"12449","2023","Hombres","Venustiano Carranza","10-14"
"12132","2024","Hombres","Venustiano Carranza","10-14"
"11819","2025","Hombres","Venustiano Carranza","10-14"
"11553","2026","Hombres","Venustiano Carranza","10-14"
"11345","2027","Hombres","Venustiano Carranza","10-14"
"11173","2028","Hombres","Venustiano Carranza","10-14"
"11038","2029","Hombres","Venustiano Carranza","10-14"
"10942","2030","Hombres","Venustiano Carranza","10-14"
"14559","2015","Mujeres","Azcapotzalco","15-19"
"14179","2016","Mujeres","Azcapotzalco","15-19"
"13838","2017","Mujeres","Azcapotzalco","15-19"
"13525","2018","Mujeres","Azcapotzalco","15-19"
"13235","2019","Mujeres","Azcapotzalco","15-19"
"12957","2020","Mujeres","Azcapotzalco","15-19"
"12686","2021","Mujeres","Azcapotzalco","15-19"
"12423","2022","Mujeres","Azcapotzalco","15-19"
"12168","2023","Mujeres","Azcapotzalco","15-19"
"11916","2024","Mujeres","Azcapotzalco","15-19"
"11672","2025","Mujeres","Azcapotzalco","15-19"
"11439","2026","Mujeres","Azcapotzalco","15-19"
"11218","2027","Mujeres","Azcapotzalco","15-19"
"11007","2028","Mujeres","Azcapotzalco","15-19"
"10804","2029","Mujeres","Azcapotzalco","15-19"
"10606","2030","Mujeres","Azcapotzalco","15-19"
"22096","2015","Mujeres","Coyoacán","15-19"
"21473","2016","Mujeres","Coyoacán","15-19"
"20913","2017","Mujeres","Coyoacán","15-19"
"20400","2018","Mujeres","Coyoacán","15-19"
"19930","2019","Mujeres","Coyoacán","15-19"
"19490","2020","Mujeres","Coyoacán","15-19"
"19070","2021","Mujeres","Coyoacán","15-19"
"18676","2022","Mujeres","Coyoacán","15-19"
"18307","2023","Mujeres","Coyoacán","15-19"
"17961","2024","Mujeres","Coyoacán","15-19"
"17642","2025","Mujeres","Coyoacán","15-19"
"17362","2026","Mujeres","Coyoacán","15-19"
"17121","2027","Mujeres","Coyoacán","15-19"
"16916","2028","Mujeres","Coyoacán","15-19"
"16748","2029","Mujeres","Coyoacán","15-19"
"16614","2030","Mujeres","Coyoacán","15-19"
"8583","2015","Mujeres","Cuajimalpa de Morelos","15-19"
"8520","2016","Mujeres","Cuajimalpa de Morelos","15-19"
"8458","2017","Mujeres","Cuajimalpa de Morelos","15-19"
"8391","2018","Mujeres","Cuajimalpa de Morelos","15-19"
"8317","2019","Mujeres","Cuajimalpa de Morelos","15-19"
"8228","2020","Mujeres","Cuajimalpa de Morelos","15-19"
"8121","2021","Mujeres","Cuajimalpa de Morelos","15-19"
"7995","2022","Mujeres","Cuajimalpa de Morelos","15-19"
"7850","2023","Mujeres","Cuajimalpa de Morelos","15-19"
"7682","2024","Mujeres","Cuajimalpa de Morelos","15-19"
"7493","2025","Mujeres","Cuajimalpa de Morelos","15-19"
"7286","2026","Mujeres","Cuajimalpa de Morelos","15-19"
"7059","2027","Mujeres","Cuajimalpa de Morelos","15-19"
"6812","2028","Mujeres","Cuajimalpa de Morelos","15-19"
"6543","2029","Mujeres","Cuajimalpa de Morelos","15-19"
"6250","2030","Mujeres","Cuajimalpa de Morelos","15-19"
"44684","2015","Mujeres","Gustavo A. Madero","15-19"
"43705","2016","Mujeres","Gustavo A. Madero","15-19"
"42824","2017","Mujeres","Gustavo A. Madero","15-19"
"42009","2018","Mujeres","Gustavo A. Madero","15-19"
"41241","2019","Mujeres","Gustavo A. Madero","15-19"
"40493","2020","Mujeres","Gustavo A. Madero","15-19"
"39741","2021","Mujeres","Gustavo A. Madero","15-19"
"38991","2022","Mujeres","Gustavo A. Madero","15-19"
"38241","2023","Mujeres","Gustavo A. Madero","15-19"
"37476","2024","Mujeres","Gustavo A. Madero","15-19"
"36706","2025","Mujeres","Gustavo A. Madero","15-19"
"35948","2026","Mujeres","Gustavo A. Madero","15-19"
"35199","2027","Mujeres","Gustavo A. Madero","15-19"
"34453","2028","Mujeres","Gustavo A. Madero","15-19"
"33704","2029","Mujeres","Gustavo A. Madero","15-19"
"32943","2030","Mujeres","Gustavo A. Madero","15-19"
"14571","2015","Mujeres","Iztacalco","15-19"
"14296","2016","Mujeres","Iztacalco","15-19"
"14052","2017","Mujeres","Iztacalco","15-19"
"13828","2018","Mujeres","Iztacalco","15-19"
"13618","2019","Mujeres","Iztacalco","15-19"
"13410","2020","Mujeres","Iztacalco","15-19"
"13196","2021","Mujeres","Iztacalco","15-19"
"12977","2022","Mujeres","Iztacalco","15-19"
"12750","2023","Mujeres","Iztacalco","15-19"
"12510","2024","Mujeres","Iztacalco","15-19"
"12259","2025","Mujeres","Iztacalco","15-19"
"12002","2026","Mujeres","Iztacalco","15-19"
"11736","2027","Mujeres","Iztacalco","15-19"
"11458","2028","Mujeres","Iztacalco","15-19"
"11165","2029","Mujeres","Iztacalco","15-19"
"10854","2030","Mujeres","Iztacalco","15-19"
"75944","2015","Mujeres","Iztapalapa","15-19"
"74489","2016","Mujeres","Iztapalapa","15-19"
"73143","2017","Mujeres","Iztapalapa","15-19"
"71860","2018","Mujeres","Iztapalapa","15-19"
"70611","2019","Mujeres","Iztapalapa","15-19"
"69357","2020","Mujeres","Iztapalapa","15-19"
"68064","2021","Mujeres","Iztapalapa","15-19"
"66740","2022","Mujeres","Iztapalapa","15-19"
"65393","2023","Mujeres","Iztapalapa","15-19"
"64001","2024","Mujeres","Iztapalapa","15-19"
"62586","2025","Mujeres","Iztapalapa","15-19"
"61187","2026","Mujeres","Iztapalapa","15-19"
"59800","2027","Mujeres","Iztapalapa","15-19"
"58418","2028","Mujeres","Iztapalapa","15-19"
"57039","2029","Mujeres","Iztapalapa","15-19"
"55653","2030","Mujeres","Iztapalapa","15-19"
"9792","2015","Mujeres","La Magdalena Contreras","15-19"
"9634","2016","Mujeres","La Magdalena Contreras","15-19"
"9491","2017","Mujeres","La Magdalena Contreras","15-19"
"9355","2018","Mujeres","La Magdalena Contreras","15-19"
"9222","2019","Mujeres","La Magdalena Contreras","15-19"
"9088","2020","Mujeres","La Magdalena Contreras","15-19"
"8945","2021","Mujeres","La Magdalena Contreras","15-19"
"8797","2022","Mujeres","La Magdalena Contreras","15-19"
"8642","2023","Mujeres","La Magdalena Contreras","15-19"
"8477","2024","Mujeres","La Magdalena Contreras","15-19"
"8305","2025","Mujeres","La Magdalena Contreras","15-19"
"8129","2026","Mujeres","La Magdalena Contreras","15-19"
"7950","2027","Mujeres","La Magdalena Contreras","15-19"
"7765","2028","Mujeres","La Magdalena Contreras","15-19"
"7575","2029","Mujeres","La Magdalena Contreras","15-19"
"7376","2030","Mujeres","La Magdalena Contreras","15-19"
"6211","2015","Mujeres","Milpa Alta","15-19"
"6213","2016","Mujeres","Milpa Alta","15-19"
"6212","2017","Mujeres","Milpa Alta","15-19"
"6202","2018","Mujeres","Milpa Alta","15-19"
"6184","2019","Mujeres","Milpa Alta","15-19"
"6149","2020","Mujeres","Milpa Alta","15-19"
"6096","2021","Mujeres","Milpa Alta","15-19"
"6023","2022","Mujeres","Milpa Alta","15-19"
"5930","2023","Mujeres","Milpa Alta","15-19"
"5814","2024","Mujeres","Milpa Alta","15-19"
"5676","2025","Mujeres","Milpa Alta","15-19"
"5516","2026","Mujeres","Milpa Alta","15-19"
"5337","2027","Mujeres","Milpa Alta","15-19"
"5134","2028","Mujeres","Milpa Alta","15-19"
"4908","2029","Mujeres","Milpa Alta","15-19"
"4655","2030","Mujeres","Milpa Alta","15-19"
"29242","2015","Mujeres","Álvaro Obregón","15-19"
"28732","2016","Mujeres","Álvaro Obregón","15-19"
"28267","2017","Mujeres","Álvaro Obregón","15-19"
"27827","2018","Mujeres","Álvaro Obregón","15-19"
"27400","2019","Mujeres","Álvaro Obregón","15-19"
"26967","2020","Mujeres","Álvaro Obregón","15-19"
"26515","2021","Mujeres","Álvaro Obregón","15-19"
"26044","2022","Mujeres","Álvaro Obregón","15-19"
"25554","2023","Mujeres","Álvaro Obregón","15-19"
"25036","2024","Mujeres","Álvaro Obregón","15-19"
"24497","2025","Mujeres","Álvaro Obregón","15-19"
"23948","2026","Mujeres","Álvaro Obregón","15-19"
"23387","2027","Mujeres","Álvaro Obregón","15-19"
"22809","2028","Mujeres","Álvaro Obregón","15-19"
"22212","2029","Mujeres","Álvaro Obregón","15-19"
"21590","2030","Mujeres","Álvaro Obregón","15-19"
"16158","2015","Mujeres","Tláhuac","15-19"
"16013","2016","Mujeres","Tláhuac","15-19"
"15876","2017","Mujeres","Tláhuac","15-19"
"15733","2018","Mujeres","Tláhuac","15-19"
"15581","2019","Mujeres","Tláhuac","15-19"
"15406","2020","Mujeres","Tláhuac","15-19"
"15202","2021","Mujeres","Tláhuac","15-19"
"14969","2022","Mujeres","Tláhuac","15-19"
"14708","2023","Mujeres","Tláhuac","15-19"
"14412","2024","Mujeres","Tláhuac","15-19"
"14087","2025","Mujeres","Tláhuac","15-19"
"13737","2026","Mujeres","Tláhuac","15-19"
"13364","2027","Mujeres","Tláhuac","15-19"
"12963","2028","Mujeres","Tláhuac","15-19"
"12535","2029","Mujeres","Tláhuac","15-19"
"12074","2030","Mujeres","Tláhuac","15-19"
"26589","2015","Mujeres","Tlalpan","15-19"
"26201","2016","Mujeres","Tlalpan","15-19"
"25843","2017","Mujeres","Tlalpan","15-19"
"25497","2018","Mujeres","Tlalpan","15-19"
"25153","2019","Mujeres","Tlalpan","15-19"
"24794","2020","Mujeres","Tlalpan","15-19"
"24408","2021","Mujeres","Tlalpan","15-19"
"23997","2022","Mujeres","Tlalpan","15-19"
"23560","2023","Mujeres","Tlalpan","15-19"
"23090","2024","Mujeres","Tlalpan","15-19"
"22593","2025","Mujeres","Tlalpan","15-19"
"22080","2026","Mujeres","Tlalpan","15-19"
"21550","2027","Mujeres","Tlalpan","15-19"
"20999","2028","Mujeres","Tlalpan","15-19"
"20426","2029","Mujeres","Tlalpan","15-19"
"19825","2030","Mujeres","Tlalpan","15-19"
"17325","2015","Mujeres","Xochimilco","15-19"
"17035","2016","Mujeres","Xochimilco","15-19"
"16761","2017","Mujeres","Xochimilco","15-19"
"16492","2018","Mujeres","Xochimilco","15-19"
"16224","2019","Mujeres","Xochimilco","15-19"
"15946","2020","Mujeres","Xochimilco","15-19"
"15652","2021","Mujeres","Xochimilco","15-19"
"15344","2022","Mujeres","Xochimilco","15-19"
"15025","2023","Mujeres","Xochimilco","15-19"
"14689","2024","Mujeres","Xochimilco","15-19"
"14344","2025","Mujeres","Xochimilco","15-19"
"13996","2026","Mujeres","Xochimilco","15-19"
"13648","2027","Mujeres","Xochimilco","15-19"
"13297","2028","Mujeres","Xochimilco","15-19"
"12943","2029","Mujeres","Xochimilco","15-19"
"12586","2030","Mujeres","Xochimilco","15-19"
"10935","2015","Mujeres","Benito Juárez","15-19"
"10709","2016","Mujeres","Benito Juárez","15-19"
"10509","2017","Mujeres","Benito Juárez","15-19"
"10329","2018","Mujeres","Benito Juárez","15-19"
"10161","2019","Mujeres","Benito Juárez","15-19"
"10000","2020","Mujeres","Benito Juárez","15-19"
"9839","2021","Mujeres","Benito Juárez","15-19"
"9678","2022","Mujeres","Benito Juárez","15-19"
"9516","2023","Mujeres","Benito Juárez","15-19"
"9350","2024","Mujeres","Benito Juárez","15-19"
"9180","2025","Mujeres","Benito Juárez","15-19"
"9010","2026","Mujeres","Benito Juárez","15-19"
"8840","2027","Mujeres","Benito Juárez","15-19"
"8667","2028","Mujeres","Benito Juárez","15-19"
"8488","2029","Mujeres","Benito Juárez","15-19"
"8302","2030","Mujeres","Benito Juárez","15-19"
"17856","2015","Mujeres","Cuauhtémoc","15-19"
"17472","2016","Mujeres","Cuauhtémoc","15-19"
"17125","2017","Mujeres","Cuauhtémoc","15-19"
"16802","2018","Mujeres","Cuauhtémoc","15-19"
"16496","2019","Mujeres","Cuauhtémoc","15-19"
"16194","2020","Mujeres","Cuauhtémoc","15-19"
"15888","2021","Mujeres","Cuauhtémoc","15-19"
"15578","2022","Mujeres","Cuauhtémoc","15-19"
"15265","2023","Mujeres","Cuauhtémoc","15-19"
"14942","2024","Mujeres","Cuauhtémoc","15-19"
"14613","2025","Mujeres","Cuauhtémoc","15-19"
"14285","2026","Mujeres","Cuauhtémoc","15-19"
"13956","2027","Mujeres","Cuauhtémoc","15-19"
"13622","2028","Mujeres","Cuauhtémoc","15-19"
"13283","2029","Mujeres","Cuauhtémoc","15-19"
"12934","2030","Mujeres","Cuauhtémoc","15-19"
"12228","2015","Mujeres","Miguel Hidalgo","15-19"
"11927","2016","Mujeres","Miguel Hidalgo","15-19"
"11660","2017","Mujeres","Miguel Hidalgo","15-19"
"11416","2018","Mujeres","Miguel Hidalgo","15-19"
"11192","2019","Mujeres","Miguel Hidalgo","15-19"
"10979","2020","Mujeres","Miguel Hidalgo","15-19"
"10771","2021","Mujeres","Miguel Hidalgo","15-19"
"10569","2022","Mujeres","Miguel Hidalgo","15-19"
"10372","2023","Mujeres","Miguel Hidalgo","15-19"
"10177","2024","Mujeres","Miguel Hidalgo","15-19"
"9985","2025","Mujeres","Miguel Hidalgo","15-19"
"9803","2026","Mujeres","Miguel Hidalgo","15-19"
"9628","2027","Mujeres","Miguel Hidalgo","15-19"
"9458","2028","Mujeres","Miguel Hidalgo","15-19"
"9293","2029","Mujeres","Miguel Hidalgo","15-19"
"9129","2030","Mujeres","Miguel Hidalgo","15-19"
"15931","2015","Mujeres","Venustiano Carranza","15-19"
"15580","2016","Mujeres","Venustiano Carranza","15-19"
"15266","2017","Mujeres","Venustiano Carranza","15-19"
"14976","2018","Mujeres","Venustiano Carranza","15-19"
"14703","2019","Mujeres","Venustiano Carranza","15-19"
"14438","2020","Mujeres","Venustiano Carranza","15-19"
"14171","2021","Mujeres","Venustiano Carranza","15-19"
"13903","2022","Mujeres","Venustiano Carranza","15-19"
"13634","2023","Mujeres","Venustiano Carranza","15-19"
"13358","2024","Mujeres","Venustiano Carranza","15-19"
"13078","2025","Mujeres","Venustiano Carranza","15-19"
"12799","2026","Mujeres","Venustiano Carranza","15-19"
"12522","2027","Mujeres","Venustiano Carranza","15-19"
"12241","2028","Mujeres","Venustiano Carranza","15-19"
"11955","2029","Mujeres","Venustiano Carranza","15-19"
"11661","2030","Mujeres","Venustiano Carranza","15-19"
"15276","2015","Hombres","Azcapotzalco","15-19"
"14865","2016","Hombres","Azcapotzalco","15-19"
"14492","2017","Hombres","Azcapotzalco","15-19"
"14153","2018","Hombres","Azcapotzalco","15-19"
"13846","2019","Hombres","Azcapotzalco","15-19"
"13558","2020","Hombres","Azcapotzalco","15-19"
"13278","2021","Hombres","Azcapotzalco","15-19"
"13005","2022","Hombres","Azcapotzalco","15-19"
"12738","2023","Hombres","Azcapotzalco","15-19"
"12477","2024","Hombres","Azcapotzalco","15-19"
"12227","2025","Hombres","Azcapotzalco","15-19"
"11993","2026","Hombres","Azcapotzalco","15-19"
"11776","2027","Hombres","Azcapotzalco","15-19"
"11570","2028","Hombres","Azcapotzalco","15-19"
"11374","2029","Hombres","Azcapotzalco","15-19"
"11189","2030","Hombres","Azcapotzalco","15-19"
"22570","2015","Hombres","Coyoacán","15-19"
"21996","2016","Hombres","Coyoacán","15-19"
"21472","2017","Hombres","Coyoacán","15-19"
"20996","2018","Hombres","Coyoacán","15-19"
"20565","2019","Hombres","Coyoacán","15-19"
"20161","2020","Hombres","Coyoacán","15-19"
"19766","2021","Hombres","Coyoacán","15-19"
"19381","2022","Hombres","Coyoacán","15-19"
"19006","2023","Hombres","Coyoacán","15-19"
"18640","2024","Hombres","Coyoacán","15-19"
"18291","2025","Hombres","Coyoacán","15-19"
"17969","2026","Hombres","Coyoacán","15-19"
"17673","2027","Hombres","Coyoacán","15-19"
"17399","2028","Hombres","Coyoacán","15-19"
"17144","2029","Hombres","Coyoacán","15-19"
"16909","2030","Hombres","Coyoacán","15-19"
"8183","2015","Hombres","Cuajimalpa de Morelos","15-19"
"8146","2016","Hombres","Cuajimalpa de Morelos","15-19"
"8108","2017","Hombres","Cuajimalpa de Morelos","15-19"
"8069","2018","Hombres","Cuajimalpa de Morelos","15-19"
"8025","2019","Hombres","Cuajimalpa de Morelos","15-19"
"7970","2020","Hombres","Cuajimalpa de Morelos","15-19"
"7894","2021","Hombres","Cuajimalpa de Morelos","15-19"
"7798","2022","Hombres","Cuajimalpa de Morelos","15-19"
"7679","2023","Hombres","Cuajimalpa de Morelos","15-19"
"7536","2024","Hombres","Cuajimalpa de Morelos","15-19"
"7371","2025","Hombres","Cuajimalpa de Morelos","15-19"
"7186","2026","Hombres","Cuajimalpa de Morelos","15-19"
"6980","2027","Hombres","Cuajimalpa de Morelos","15-19"
"6749","2028","Hombres","Cuajimalpa de Morelos","15-19"
"6490","2029","Hombres","Cuajimalpa de Morelos","15-19"
"6203","2030","Hombres","Cuajimalpa de Morelos","15-19"
"46969","2015","Hombres","Gustavo A. Madero","15-19"
"45914","2016","Hombres","Gustavo A. Madero","15-19"
"44946","2017","Hombres","Gustavo A. Madero","15-19"
"44059","2018","Hombres","Gustavo A. Madero","15-19"
"43245","2019","Hombres","Gustavo A. Madero","15-19"
"42465","2020","Hombres","Gustavo A. Madero","15-19"
"41682","2021","Hombres","Gustavo A. Madero","15-19"
"40890","2022","Hombres","Gustavo A. Madero","15-19"
"40092","2023","Hombres","Gustavo A. Madero","15-19"
"39283","2024","Hombres","Gustavo A. Madero","15-19"
"38476","2025","Hombres","Gustavo A. Madero","15-19"
"37691","2026","Hombres","Gustavo A. Madero","15-19"
"36926","2027","Hombres","Gustavo A. Madero","15-19"
"36166","2028","Hombres","Gustavo A. Madero","15-19"
"35405","2029","Hombres","Gustavo A. Madero","15-19"
"34642","2030","Hombres","Gustavo A. Madero","15-19"
"15123","2015","Hombres","Iztacalco","15-19"
"14827","2016","Hombres","Iztacalco","15-19"
"14559","2017","Hombres","Iztacalco","15-19"
"14316","2018","Hombres","Iztacalco","15-19"
"14094","2019","Hombres","Iztacalco","15-19"
"13879","2020","Hombres","Iztacalco","15-19"
"13659","2021","Hombres","Iztacalco","15-19"
"13430","2022","Hombres","Iztacalco","15-19"
"13191","2023","Hombres","Iztacalco","15-19"
"12940","2024","Hombres","Iztacalco","15-19"
"12681","2025","Hombres","Iztacalco","15-19"
"12418","2026","Hombres","Iztacalco","15-19"
"12149","2027","Hombres","Iztacalco","15-19"
"11869","2028","Hombres","Iztacalco","15-19"
"11573","2029","Hombres","Iztacalco","15-19"
"11261","2030","Hombres","Iztacalco","15-19"
"79154","2015","Hombres","Iztapalapa","15-19"
"77488","2016","Hombres","Iztapalapa","15-19"
"75921","2017","Hombres","Iztapalapa","15-19"
"74453","2018","Hombres","Iztapalapa","15-19"
"73068","2019","Hombres","Iztapalapa","15-19"
"71718","2020","Hombres","Iztapalapa","15-19"
"70335","2021","Hombres","Iztapalapa","15-19"
"68922","2022","Hombres","Iztapalapa","15-19"
"67488","2023","Hombres","Iztapalapa","15-19"
"66031","2024","Hombres","Iztapalapa","15-19"
"64580","2025","Hombres","Iztapalapa","15-19"
"63173","2026","Hombres","Iztapalapa","15-19"
"61809","2027","Hombres","Iztapalapa","15-19"
"60475","2028","Hombres","Iztapalapa","15-19"
"59164","2029","Hombres","Iztapalapa","15-19"
"57880","2030","Hombres","Iztapalapa","15-19"
"10076","2015","Hombres","La Magdalena Contreras","15-19"
"9932","2016","Hombres","La Magdalena Contreras","15-19"
"9797","2017","Hombres","La Magdalena Contreras","15-19"
"9670","2018","Hombres","La Magdalena Contreras","15-19"
"9548","2019","Hombres","La Magdalena Contreras","15-19"
"9424","2020","Hombres","La Magdalena Contreras","15-19"
"9289","2021","Hombres","La Magdalena Contreras","15-19"
"9142","2022","Hombres","La Magdalena Contreras","15-19"
"8982","2023","Hombres","La Magdalena Contreras","15-19"
"8808","2024","Hombres","La Magdalena Contreras","15-19"
"8623","2025","Hombres","La Magdalena Contreras","15-19"
"8432","2026","Hombres","La Magdalena Contreras","15-19"
"8233","2027","Hombres","La Magdalena Contreras","15-19"
"8023","2028","Hombres","La Magdalena Contreras","15-19"
"7800","2029","Hombres","La Magdalena Contreras","15-19"
"7564","2030","Hombres","La Magdalena Contreras","15-19"
"6457","2015","Hombres","Milpa Alta","15-19"
"6449","2016","Hombres","Milpa Alta","15-19"
"6437","2017","Hombres","Milpa Alta","15-19"
"6419","2018","Hombres","Milpa Alta","15-19"
"6395","2019","Hombres","Milpa Alta","15-19"
"6359","2020","Hombres","Milpa Alta","15-19"
"6305","2021","Hombres","Milpa Alta","15-19"
"6230","2022","Hombres","Milpa Alta","15-19"
"6135","2023","Hombres","Milpa Alta","15-19"
"6018","2024","Hombres","Milpa Alta","15-19"
"5881","2025","Hombres","Milpa Alta","15-19"
"5726","2026","Hombres","Milpa Alta","15-19"
"5551","2027","Hombres","Milpa Alta","15-19"
"5355","2028","Hombres","Milpa Alta","15-19"
"5135","2029","Hombres","Milpa Alta","15-19"
"4890","2030","Hombres","Milpa Alta","15-19"
"29400","2015","Hombres","Álvaro Obregón","15-19"
"28897","2016","Hombres","Álvaro Obregón","15-19"
"28429","2017","Hombres","Álvaro Obregón","15-19"
"27991","2018","Hombres","Álvaro Obregón","15-19"
"27579","2019","Hombres","Álvaro Obregón","15-19"
"27167","2020","Hombres","Álvaro Obregón","15-19"
"26732","2021","Hombres","Álvaro Obregón","15-19"
"26270","2022","Hombres","Álvaro Obregón","15-19"
"25781","2023","Hombres","Álvaro Obregón","15-19"
"25262","2024","Hombres","Álvaro Obregón","15-19"
"24723","2025","Hombres","Álvaro Obregón","15-19"
"24173","2026","Hombres","Álvaro Obregón","15-19"
"23612","2027","Hombres","Álvaro Obregón","15-19"
"23030","2028","Hombres","Álvaro Obregón","15-19"
"22423","2029","Hombres","Álvaro Obregón","15-19"
"21788","2030","Hombres","Álvaro Obregón","15-19"
"16431","2015","Hombres","Tláhuac","15-19"
"16257","2016","Hombres","Tláhuac","15-19"
"16085","2017","Hombres","Tláhuac","15-19"
"15914","2018","Hombres","Tláhuac","15-19"
"15743","2019","Hombres","Tláhuac","15-19"
"15556","2020","Hombres","Tláhuac","15-19"
"15342","2021","Hombres","Tláhuac","15-19"
"15098","2022","Hombres","Tláhuac","15-19"
"14824","2023","Hombres","Tláhuac","15-19"
"14520","2024","Hombres","Tláhuac","15-19"
"14190","2025","Hombres","Tláhuac","15-19"
"13840","2026","Hombres","Tláhuac","15-19"
"13471","2027","Hombres","Tláhuac","15-19"
"13077","2028","Hombres","Tláhuac","15-19"
"12655","2029","Hombres","Tláhuac","15-19"
"12205","2030","Hombres","Tláhuac","15-19"
"27497","2015","Hombres","Tlalpan","15-19"
"27047","2016","Hombres","Tlalpan","15-19"
"26621","2017","Hombres","Tlalpan","15-19"
"26217","2018","Hombres","Tlalpan","15-19"
"25832","2019","Hombres","Tlalpan","15-19"
"25442","2020","Hombres","Tlalpan","15-19"
"25027","2021","Hombres","Tlalpan","15-19"
"24584","2022","Hombres","Tlalpan","15-19"
"24114","2023","Hombres","Tlalpan","15-19"
"23617","2024","Hombres","Tlalpan","15-19"
"23099","2025","Hombres","Tlalpan","15-19"
"22574","2026","Hombres","Tlalpan","15-19"
"22040","2027","Hombres","Tlalpan","15-19"
"21489","2028","Hombres","Tlalpan","15-19"
"20919","2029","Hombres","Tlalpan","15-19"
"20329","2030","Hombres","Tlalpan","15-19"
"18519","2015","Hombres","Xochimilco","15-19"
"18200","2016","Hombres","Xochimilco","15-19"
"17894","2017","Hombres","Xochimilco","15-19"
"17598","2018","Hombres","Xochimilco","15-19"
"17312","2019","Hombres","Xochimilco","15-19"
"17021","2020","Hombres","Xochimilco","15-19"
"16713","2021","Hombres","Xochimilco","15-19"
"16387","2022","Hombres","Xochimilco","15-19"
"16044","2023","Hombres","Xochimilco","15-19"
"15685","2024","Hombres","Xochimilco","15-19"
"15316","2025","Hombres","Xochimilco","15-19"
"14947","2026","Hombres","Xochimilco","15-19"
"14578","2027","Hombres","Xochimilco","15-19"
"14204","2028","Hombres","Xochimilco","15-19"
"13825","2029","Hombres","Xochimilco","15-19"
"13442","2030","Hombres","Xochimilco","15-19"
"11045","2015","Hombres","Benito Juárez","15-19"
"10874","2016","Hombres","Benito Juárez","15-19"
"10717","2017","Hombres","Benito Juárez","15-19"
"10572","2018","Hombres","Benito Juárez","15-19"
"10435","2019","Hombres","Benito Juárez","15-19"
"10297","2020","Hombres","Benito Juárez","15-19"
"10148","2021","Hombres","Benito Juárez","15-19"
"9985","2022","Hombres","Benito Juárez","15-19"
"9807","2023","Hombres","Benito Juárez","15-19"
"9612","2024","Hombres","Benito Juárez","15-19"
"9403","2025","Hombres","Benito Juárez","15-19"
"9182","2026","Hombres","Benito Juárez","15-19"
"8949","2027","Hombres","Benito Juárez","15-19"
"8697","2028","Hombres","Benito Juárez","15-19"
"8425","2029","Hombres","Benito Juárez","15-19"
"8131","2030","Hombres","Benito Juárez","15-19"
"18845","2015","Hombres","Cuauhtémoc","15-19"
"18429","2016","Hombres","Cuauhtémoc","15-19"
"18046","2017","Hombres","Cuauhtémoc","15-19"
"17691","2018","Hombres","Cuauhtémoc","15-19"
"17362","2019","Hombres","Cuauhtémoc","15-19"
"17042","2020","Hombres","Cuauhtémoc","15-19"
"16718","2021","Hombres","Cuauhtémoc","15-19"
"16386","2022","Hombres","Cuauhtémoc","15-19"
"16047","2023","Hombres","Cuauhtémoc","15-19"
"15700","2024","Hombres","Cuauhtémoc","15-19"
"15349","2025","Hombres","Cuauhtémoc","15-19"
"15002","2026","Hombres","Cuauhtémoc","15-19"
"14658","2027","Hombres","Cuauhtémoc","15-19"
"14310","2028","Hombres","Cuauhtémoc","15-19"
"13957","2029","Hombres","Cuauhtémoc","15-19"
"13598","2030","Hombres","Cuauhtémoc","15-19"
"11541","2015","Hombres","Miguel Hidalgo","15-19"
"11266","2016","Hombres","Miguel Hidalgo","15-19"
"11015","2017","Hombres","Miguel Hidalgo","15-19"
"10785","2018","Hombres","Miguel Hidalgo","15-19"
"10575","2019","Hombres","Miguel Hidalgo","15-19"
"10374","2020","Hombres","Miguel Hidalgo","15-19"
"10172","2021","Hombres","Miguel Hidalgo","15-19"
"9969","2022","Hombres","Miguel Hidalgo","15-19"
"9765","2023","Hombres","Miguel Hidalgo","15-19"
"9558","2024","Hombres","Miguel Hidalgo","15-19"
"9351","2025","Hombres","Miguel Hidalgo","15-19"
"9148","2026","Hombres","Miguel Hidalgo","15-19"
"8950","2027","Hombres","Miguel Hidalgo","15-19"
"8751","2028","Hombres","Miguel Hidalgo","15-19"
"8550","2029","Hombres","Miguel Hidalgo","15-19"
"8347","2030","Hombres","Miguel Hidalgo","15-19"
"16521","2015","Hombres","Venustiano Carranza","15-19"
"16115","2016","Hombres","Venustiano Carranza","15-19"
"15744","2017","Hombres","Venustiano Carranza","15-19"
"15403","2018","Hombres","Venustiano Carranza","15-19"
"15090","2019","Hombres","Venustiano Carranza","15-19"
"14791","2020","Hombres","Venustiano Carranza","15-19"
"14493","2021","Hombres","Venustiano Carranza","15-19"
"14193","2022","Hombres","Venustiano Carranza","15-19"
"13892","2023","Hombres","Venustiano Carranza","15-19"
"13589","2024","Hombres","Venustiano Carranza","15-19"
"13287","2025","Hombres","Venustiano Carranza","15-19"
"12993","2026","Hombres","Venustiano Carranza","15-19"
"12706","2027","Hombres","Venustiano Carranza","15-19"
"12420","2028","Hombres","Venustiano Carranza","15-19"
"12134","2029","Hombres","Venustiano Carranza","15-19"
"11847","2030","Hombres","Venustiano Carranza","15-19"
"16178","2015","Mujeres","Azcapotzalco","20-24"
"15803","2016","Mujeres","Azcapotzalco","20-24"
"15404","2017","Mujeres","Azcapotzalco","20-24"
"15010","2018","Mujeres","Azcapotzalco","20-24"
"14637","2019","Mujeres","Azcapotzalco","20-24"
"14300","2020","Mujeres","Azcapotzalco","20-24"
"14005","2021","Mujeres","Azcapotzalco","20-24"
"13748","2022","Mujeres","Azcapotzalco","20-24"
"13521","2023","Mujeres","Azcapotzalco","20-24"
"13322","2024","Mujeres","Azcapotzalco","20-24"
"13141","2025","Mujeres","Azcapotzalco","20-24"
"12971","2026","Mujeres","Azcapotzalco","20-24"
"12815","2027","Mujeres","Azcapotzalco","20-24"
"12671","2028","Mujeres","Azcapotzalco","20-24"
"12537","2029","Mujeres","Azcapotzalco","20-24"
"12414","2030","Mujeres","Azcapotzalco","20-24"
"25404","2015","Mujeres","Coyoacán","20-24"
"24747","2016","Mujeres","Coyoacán","20-24"
"24051","2017","Mujeres","Coyoacán","20-24"
"23360","2018","Mujeres","Coyoacán","20-24"
"22703","2019","Mujeres","Coyoacán","20-24"
"22106","2020","Mujeres","Coyoacán","20-24"
"21583","2021","Mujeres","Coyoacán","20-24"
"21126","2022","Mujeres","Coyoacán","20-24"
"20730","2023","Mujeres","Coyoacán","20-24"
"20389","2024","Mujeres","Coyoacán","20-24"
"20093","2025","Mujeres","Coyoacán","20-24"
"19836","2026","Mujeres","Coyoacán","20-24"
"19622","2027","Mujeres","Coyoacán","20-24"
"19454","2028","Mujeres","Coyoacán","20-24"
"19327","2029","Mujeres","Coyoacán","20-24"
"19248","2030","Mujeres","Coyoacán","20-24"
"9378","2015","Mujeres","Cuajimalpa de Morelos","20-24"
"9356","2016","Mujeres","Cuajimalpa de Morelos","20-24"
"9297","2017","Mujeres","Cuajimalpa de Morelos","20-24"
"9216","2018","Mujeres","Cuajimalpa de Morelos","20-24"
"9120","2019","Mujeres","Cuajimalpa de Morelos","20-24"
"9019","2020","Mujeres","Cuajimalpa de Morelos","20-24"
"8916","2021","Mujeres","Cuajimalpa de Morelos","20-24"
"8805","2022","Mujeres","Cuajimalpa de Morelos","20-24"
"8685","2023","Mujeres","Cuajimalpa de Morelos","20-24"
"8550","2024","Mujeres","Cuajimalpa de Morelos","20-24"
"8393","2025","Mujeres","Cuajimalpa de Morelos","20-24"
"8209","2026","Mujeres","Cuajimalpa de Morelos","20-24"
"7997","2027","Mujeres","Cuajimalpa de Morelos","20-24"
"7759","2028","Mujeres","Cuajimalpa de Morelos","20-24"
"7490","2029","Mujeres","Cuajimalpa de Morelos","20-24"
"7192","2030","Mujeres","Cuajimalpa de Morelos","20-24"
"47955","2015","Mujeres","Gustavo A. Madero","20-24"
"46984","2016","Mujeres","Gustavo A. Madero","20-24"
"45927","2017","Mujeres","Gustavo A. Madero","20-24"
"44866","2018","Mujeres","Gustavo A. Madero","20-24"
"43848","2019","Mujeres","Gustavo A. Madero","20-24"
"42920","2020","Mujeres","Gustavo A. Madero","20-24"
"42100","2021","Mujeres","Gustavo A. Madero","20-24"
"41375","2022","Mujeres","Gustavo A. Madero","20-24"
"40723","2023","Mujeres","Gustavo A. Madero","20-24"
"40131","2024","Mujeres","Gustavo A. Madero","20-24"
"39573","2025","Mujeres","Gustavo A. Madero","20-24"
"39029","2026","Mujeres","Gustavo A. Madero","20-24"
"38502","2027","Mujeres","Gustavo A. Madero","20-24"
"37994","2028","Mujeres","Gustavo A. Madero","20-24"
"37491","2029","Mujeres","Gustavo A. Madero","20-24"
"37000","2030","Mujeres","Gustavo A. Madero","20-24"
"15572","2015","Mujeres","Iztacalco","20-24"
"15270","2016","Mujeres","Iztacalco","20-24"
"14942","2017","Mujeres","Iztacalco","20-24"
"14616","2018","Mujeres","Iztacalco","20-24"
"14304","2019","Mujeres","Iztacalco","20-24"
"14023","2020","Mujeres","Iztacalco","20-24"
"13776","2021","Mujeres","Iztacalco","20-24"
"13559","2022","Mujeres","Iztacalco","20-24"
"13365","2023","Mujeres","Iztacalco","20-24"
"13188","2024","Mujeres","Iztacalco","20-24"
"13020","2025","Mujeres","Iztacalco","20-24"
"12851","2026","Mujeres","Iztacalco","20-24"
"12684","2027","Mujeres","Iztacalco","20-24"
"12517","2028","Mujeres","Iztacalco","20-24"
"12345","2029","Mujeres","Iztacalco","20-24"
"12170","2030","Mujeres","Iztacalco","20-24"
"80009","2015","Mujeres","Iztapalapa","20-24"
"78665","2016","Mujeres","Iztapalapa","20-24"
"77106","2017","Mujeres","Iztapalapa","20-24"
"75457","2018","Mujeres","Iztapalapa","20-24"
"73821","2019","Mujeres","Iztapalapa","20-24"
"72269","2020","Mujeres","Iztapalapa","20-24"
"70848","2021","Mujeres","Iztapalapa","20-24"
"69528","2022","Mujeres","Iztapalapa","20-24"
"68273","2023","Mujeres","Iztapalapa","20-24"
"67077","2024","Mujeres","Iztapalapa","20-24"
"65896","2025","Mujeres","Iztapalapa","20-24"
"64703","2026","Mujeres","Iztapalapa","20-24"
"63510","2027","Mujeres","Iztapalapa","20-24"
"62319","2028","Mujeres","Iztapalapa","20-24"
"61117","2029","Mujeres","Iztapalapa","20-24"
"59923","2030","Mujeres","Iztapalapa","20-24"
"10247","2015","Mujeres","La Magdalena Contreras","20-24"
"10076","2016","Mujeres","La Magdalena Contreras","20-24"
"9879","2017","Mujeres","La Magdalena Contreras","20-24"
"9674","2018","Mujeres","La Magdalena Contreras","20-24"
"9471","2019","Mujeres","La Magdalena Contreras","20-24"
"9281","2020","Mujeres","La Magdalena Contreras","20-24"
"9109","2021","Mujeres","La Magdalena Contreras","20-24"
"8952","2022","Mujeres","La Magdalena Contreras","20-24"
"8806","2023","Mujeres","La Magdalena Contreras","20-24"
"8668","2024","Mujeres","La Magdalena Contreras","20-24"
"8534","2025","Mujeres","La Magdalena Contreras","20-24"
"8399","2026","Mujeres","La Magdalena Contreras","20-24"
"8265","2027","Mujeres","La Magdalena Contreras","20-24"
"8132","2028","Mujeres","La Magdalena Contreras","20-24"
"7999","2029","Mujeres","La Magdalena Contreras","20-24"
"7867","2030","Mujeres","La Magdalena Contreras","20-24"
"6061","2015","Mujeres","Milpa Alta","20-24"
"6078","2016","Mujeres","Milpa Alta","20-24"
"6066","2017","Mujeres","Milpa Alta","20-24"
"6037","2018","Mujeres","Milpa Alta","20-24"
"5994","2019","Mujeres","Milpa Alta","20-24"
"5942","2020","Mujeres","Milpa Alta","20-24"
"5886","2021","Mujeres","Milpa Alta","20-24"
"5821","2022","Mujeres","Milpa Alta","20-24"
"5745","2023","Mujeres","Milpa Alta","20-24"
"5654","2024","Mujeres","Milpa Alta","20-24"
"5543","2025","Mujeres","Milpa Alta","20-24"
"5409","2026","Mujeres","Milpa Alta","20-24"
"5252","2027","Mujeres","Milpa Alta","20-24"
"5072","2028","Mujeres","Milpa Alta","20-24"
"4866","2029","Mujeres","Milpa Alta","20-24"
"4637","2030","Mujeres","Milpa Alta","20-24"
"31975","2015","Mujeres","Álvaro Obregón","20-24"
"31509","2016","Mujeres","Álvaro Obregón","20-24"
"30958","2017","Mujeres","Álvaro Obregón","20-24"
"30375","2018","Mujeres","Álvaro Obregón","20-24"
"29793","2019","Mujeres","Álvaro Obregón","20-24"
"29242","2020","Mujeres","Álvaro Obregón","20-24"
"28736","2021","Mujeres","Álvaro Obregón","20-24"
"28264","2022","Mujeres","Álvaro Obregón","20-24"
"27812","2023","Mujeres","Álvaro Obregón","20-24"
"27370","2024","Mujeres","Álvaro Obregón","20-24"
"26919","2025","Mujeres","Álvaro Obregón","20-24"
"26446","2026","Mujeres","Álvaro Obregón","20-24"
"25953","2027","Mujeres","Álvaro Obregón","20-24"
"25441","2028","Mujeres","Álvaro Obregón","20-24"
"24901","2029","Mujeres","Álvaro Obregón","20-24"
"24340","2030","Mujeres","Álvaro Obregón","20-24"
"16184","2015","Mujeres","Tláhuac","20-24"
"16047","2016","Mujeres","Tláhuac","20-24"
"15853","2017","Mujeres","Tláhuac","20-24"
"15626","2018","Mujeres","Tláhuac","20-24"
"15383","2019","Mujeres","Tláhuac","20-24"
"15143","2020","Mujeres","Tláhuac","20-24"
"14910","2021","Mujeres","Tláhuac","20-24"
"14682","2022","Mujeres","Tláhuac","20-24"
"14452","2023","Mujeres","Tláhuac","20-24"
"14214","2024","Mujeres","Tláhuac","20-24"
"13959","2025","Mujeres","Tláhuac","20-24"
"13680","2026","Mujeres","Tláhuac","20-24"
"13380","2027","Mujeres","Tláhuac","20-24"
"13059","2028","Mujeres","Tláhuac","20-24"
"12715","2029","Mujeres","Tláhuac","20-24"
"12349","2030","Mujeres","Tláhuac","20-24"
"28925","2015","Mujeres","Tlalpan","20-24"
"28592","2016","Mujeres","Tlalpan","20-24"
"28166","2017","Mujeres","Tlalpan","20-24"
"27695","2018","Mujeres","Tlalpan","20-24"
"27208","2019","Mujeres","Tlalpan","20-24"
"26735","2020","Mujeres","Tlalpan","20-24"
"26287","2021","Mujeres","Tlalpan","20-24"
"25855","2022","Mujeres","Tlalpan","20-24"
"25427","2023","Mujeres","Tlalpan","20-24"
"24993","2024","Mujeres","Tlalpan","20-24"
"24537","2025","Mujeres","Tlalpan","20-24"
"24047","2026","Mujeres","Tlalpan","20-24"
"23525","2027","Mujeres","Tlalpan","20-24"
"22973","2028","Mujeres","Tlalpan","20-24"
"22382","2029","Mujeres","Tlalpan","20-24"
"21762","2030","Mujeres","Tlalpan","20-24"
"18047","2015","Mujeres","Xochimilco","20-24"
"17816","2016","Mujeres","Xochimilco","20-24"
"17524","2017","Mujeres","Xochimilco","20-24"
"17201","2018","Mujeres","Xochimilco","20-24"
"16867","2019","Mujeres","Xochimilco","20-24"
"16542","2020","Mujeres","Xochimilco","20-24"
"16234","2021","Mujeres","Xochimilco","20-24"
"15936","2022","Mujeres","Xochimilco","20-24"
"15644","2023","Mujeres","Xochimilco","20-24"
"15351","2024","Mujeres","Xochimilco","20-24"
"15049","2025","Mujeres","Xochimilco","20-24"
"14731","2026","Mujeres","Xochimilco","20-24"
"14400","2027","Mujeres","Xochimilco","20-24"
"14057","2028","Mujeres","Xochimilco","20-24"
"13699","2029","Mujeres","Xochimilco","20-24"
"13332","2030","Mujeres","Xochimilco","20-24"
"14486","2015","Mujeres","Benito Juárez","20-24"
"14343","2016","Mujeres","Benito Juárez","20-24"
"14164","2017","Mujeres","Benito Juárez","20-24"
"13971","2018","Mujeres","Benito Juárez","20-24"
"13777","2019","Mujeres","Benito Juárez","20-24"
"13593","2020","Mujeres","Benito Juárez","20-24"
"13424","2021","Mujeres","Benito Juárez","20-24"
"13264","2022","Mujeres","Benito Juárez","20-24"
"13103","2023","Mujeres","Benito Juárez","20-24"
"12935","2024","Mujeres","Benito Juárez","20-24"
"12749","2025","Mujeres","Benito Juárez","20-24"
"12535","2026","Mujeres","Benito Juárez","20-24"
"12292","2027","Mujeres","Benito Juárez","20-24"
"12020","2028","Mujeres","Benito Juárez","20-24"
"11711","2029","Mujeres","Benito Juárez","20-24"
"11369","2030","Mujeres","Benito Juárez","20-24"
"21484","2015","Mujeres","Cuauhtémoc","20-24"
"21261","2016","Mujeres","Cuauhtémoc","20-24"
"20981","2017","Mujeres","Cuauhtémoc","20-24"
"20677","2018","Mujeres","Cuauhtémoc","20-24"
"20367","2019","Mujeres","Cuauhtémoc","20-24"
"20071","2020","Mujeres","Cuauhtémoc","20-24"
"19794","2021","Mujeres","Cuauhtémoc","20-24"
"19526","2022","Mujeres","Cuauhtémoc","20-24"
"19255","2023","Mujeres","Cuauhtémoc","20-24"
"18971","2024","Mujeres","Cuauhtémoc","20-24"
"18658","2025","Mujeres","Cuauhtémoc","20-24"
"18303","2026","Mujeres","Cuauhtémoc","20-24"
"17906","2027","Mujeres","Cuauhtémoc","20-24"
"17464","2028","Mujeres","Cuauhtémoc","20-24"
"16968","2029","Mujeres","Cuauhtémoc","20-24"
"16423","2030","Mujeres","Cuauhtémoc","20-24"
"14783","2015","Mujeres","Miguel Hidalgo","20-24"
"14529","2016","Mujeres","Miguel Hidalgo","20-24"
"14247","2017","Mujeres","Miguel Hidalgo","20-24"
"13961","2018","Mujeres","Miguel Hidalgo","20-24"
"13685","2019","Mujeres","Miguel Hidalgo","20-24"
"13432","2020","Mujeres","Miguel Hidalgo","20-24"
"13209","2021","Mujeres","Miguel Hidalgo","20-24"
"13006","2022","Mujeres","Miguel Hidalgo","20-24"
"12821","2023","Mujeres","Miguel Hidalgo","20-24"
"12645","2024","Mujeres","Miguel Hidalgo","20-24"
"12470","2025","Mujeres","Miguel Hidalgo","20-24"
"12289","2026","Mujeres","Miguel Hidalgo","20-24"
"12101","2027","Mujeres","Miguel Hidalgo","20-24"
"11906","2028","Mujeres","Miguel Hidalgo","20-24"
"11700","2029","Mujeres","Miguel Hidalgo","20-24"
"11484","2030","Mujeres","Miguel Hidalgo","20-24"
"17139","2015","Mujeres","Venustiano Carranza","20-24"
"16813","2016","Mujeres","Venustiano Carranza","20-24"
"16458","2017","Mujeres","Venustiano Carranza","20-24"
"16100","2018","Mujeres","Venustiano Carranza","20-24"
"15756","2019","Mujeres","Venustiano Carranza","20-24"
"15440","2020","Mujeres","Venustiano Carranza","20-24"
"15160","2021","Mujeres","Venustiano Carranza","20-24"
"14909","2022","Mujeres","Venustiano Carranza","20-24"
"14678","2023","Mujeres","Venustiano Carranza","20-24"
"14461","2024","Mujeres","Venustiano Carranza","20-24"
"14247","2025","Mujeres","Venustiano Carranza","20-24"
"14029","2026","Mujeres","Venustiano Carranza","20-24"
"13807","2027","Mujeres","Venustiano Carranza","20-24"
"13580","2028","Mujeres","Venustiano Carranza","20-24"
"13342","2029","Mujeres","Venustiano Carranza","20-24"
"13096","2030","Mujeres","Venustiano Carranza","20-24"
"16576","2015","Hombres","Azcapotzalco","20-24"
"16202","2016","Hombres","Azcapotzalco","20-24"
"15780","2017","Hombres","Azcapotzalco","20-24"
"15347","2018","Hombres","Azcapotzalco","20-24"
"14927","2019","Hombres","Azcapotzalco","20-24"
"14541","2020","Hombres","Azcapotzalco","20-24"
"14201","2021","Hombres","Azcapotzalco","20-24"
"13906","2022","Hombres","Azcapotzalco","20-24"
"13653","2023","Hombres","Azcapotzalco","20-24"
"13440","2024","Hombres","Azcapotzalco","20-24"
"13256","2025","Hombres","Azcapotzalco","20-24"
"13090","2026","Hombres","Azcapotzalco","20-24"
"12940","2027","Hombres","Azcapotzalco","20-24"
"12808","2028","Hombres","Azcapotzalco","20-24"
"12694","2029","Hombres","Azcapotzalco","20-24"
"12603","2030","Hombres","Azcapotzalco","20-24"
"25762","2015","Hombres","Coyoacán","20-24"
"25257","2016","Hombres","Coyoacán","20-24"
"24663","2017","Hombres","Coyoacán","20-24"
"24039","2018","Hombres","Coyoacán","20-24"
"23421","2019","Hombres","Coyoacán","20-24"
"22844","2020","Hombres","Coyoacán","20-24"
"22329","2021","Hombres","Coyoacán","20-24"
"21875","2022","Hombres","Coyoacán","20-24"
"21478","2023","Hombres","Coyoacán","20-24"
"21137","2024","Hombres","Coyoacán","20-24"
"20834","2025","Hombres","Coyoacán","20-24"
"20553","2026","Hombres","Coyoacán","20-24"
"20294","2027","Hombres","Coyoacán","20-24"
"20059","2028","Hombres","Coyoacán","20-24"
"19848","2029","Hombres","Coyoacán","20-24"
"19672","2030","Hombres","Coyoacán","20-24"
"8411","2015","Hombres","Cuajimalpa de Morelos","20-24"
"8432","2016","Hombres","Cuajimalpa de Morelos","20-24"
"8408","2017","Hombres","Cuajimalpa de Morelos","20-24"
"8354","2018","Hombres","Cuajimalpa de Morelos","20-24"
"8281","2019","Hombres","Cuajimalpa de Morelos","20-24"
"8200","2020","Hombres","Cuajimalpa de Morelos","20-24"
"8118","2021","Hombres","Cuajimalpa de Morelos","20-24"
"8032","2022","Hombres","Cuajimalpa de Morelos","20-24"
"7940","2023","Hombres","Cuajimalpa de Morelos","20-24"
"7839","2024","Hombres","Cuajimalpa de Morelos","20-24"
"7722","2025","Hombres","Cuajimalpa de Morelos","20-24"
"7580","2026","Hombres","Cuajimalpa de Morelos","20-24"
"7411","2027","Hombres","Cuajimalpa de Morelos","20-24"
"7213","2028","Hombres","Cuajimalpa de Morelos","20-24"
"6985","2029","Hombres","Cuajimalpa de Morelos","20-24"
"6730","2030","Hombres","Cuajimalpa de Morelos","20-24"
"51069","2015","Hombres","Gustavo A. Madero","20-24"
"50226","2016","Hombres","Gustavo A. Madero","20-24"
"49204","2017","Hombres","Gustavo A. Madero","20-24"
"48113","2018","Hombres","Gustavo A. Madero","20-24"
"47022","2019","Hombres","Gustavo A. Madero","20-24"
"45998","2020","Hombres","Gustavo A. Madero","20-24"
"45081","2021","Hombres","Gustavo A. Madero","20-24"
"44263","2022","Hombres","Gustavo A. Madero","20-24"
"43535","2023","Hombres","Gustavo A. Madero","20-24"
"42890","2024","Hombres","Gustavo A. Madero","20-24"
"42289","2025","Hombres","Gustavo A. Madero","20-24"
"41695","2026","Hombres","Gustavo A. Madero","20-24"
"41102","2027","Hombres","Gustavo A. Madero","20-24"
"40511","2028","Hombres","Gustavo A. Madero","20-24"
"39921","2029","Hombres","Gustavo A. Madero","20-24"
"39347","2030","Hombres","Gustavo A. Madero","20-24"
"16111","2015","Hombres","Iztacalco","20-24"
"15853","2016","Hombres","Iztacalco","20-24"
"15542","2017","Hombres","Iztacalco","20-24"
"15212","2018","Hombres","Iztacalco","20-24"
"14885","2019","Hombres","Iztacalco","20-24"
"14580","2020","Hombres","Iztacalco","20-24"
"14308","2021","Hombres","Iztacalco","20-24"
"14069","2022","Hombres","Iztacalco","20-24"
"13856","2023","Hombres","Iztacalco","20-24"
"13668","2024","Hombres","Iztacalco","20-24"
"13491","2025","Hombres","Iztacalco","20-24"
"13313","2026","Hombres","Iztacalco","20-24"
"13131","2027","Hombres","Iztacalco","20-24"
"12944","2028","Hombres","Iztacalco","20-24"
"12752","2029","Hombres","Iztacalco","20-24"
"12557","2030","Hombres","Iztacalco","20-24"
"83442","2015","Hombres","Iztapalapa","20-24"
"82193","2016","Hombres","Iztapalapa","20-24"
"80587","2017","Hombres","Iztapalapa","20-24"
"78810","2018","Hombres","Iztapalapa","20-24"
"76984","2019","Hombres","Iztapalapa","20-24"
"75217","2020","Hombres","Iztapalapa","20-24"
"73589","2021","Hombres","Iztapalapa","20-24"
"72091","2022","Hombres","Iztapalapa","20-24"
"70713","2023","Hombres","Iztapalapa","20-24"
"69442","2024","Hombres","Iztapalapa","20-24"
"68231","2025","Hombres","Iztapalapa","20-24"
"67018","2026","Hombres","Iztapalapa","20-24"
"65799","2027","Hombres","Iztapalapa","20-24"
"64584","2028","Hombres","Iztapalapa","20-24"
"63378","2029","Hombres","Iztapalapa","20-24"
"62210","2030","Hombres","Iztapalapa","20-24"
"10314","2015","Hombres","La Magdalena Contreras","20-24"
"10197","2016","Hombres","La Magdalena Contreras","20-24"
"10034","2017","Hombres","La Magdalena Contreras","20-24"
"9849","2018","Hombres","La Magdalena Contreras","20-24"
"9656","2019","Hombres","La Magdalena Contreras","20-24"
"9468","2020","Hombres","La Magdalena Contreras","20-24"
"9295","2021","Hombres","La Magdalena Contreras","20-24"
"9134","2022","Hombres","La Magdalena Contreras","20-24"
"8985","2023","Hombres","La Magdalena Contreras","20-24"
"8846","2024","Hombres","La Magdalena Contreras","20-24"
"8709","2025","Hombres","La Magdalena Contreras","20-24"
"8566","2026","Hombres","La Magdalena Contreras","20-24"
"8417","2027","Hombres","La Magdalena Contreras","20-24"
"8261","2028","Hombres","La Magdalena Contreras","20-24"
"8100","2029","Hombres","La Magdalena Contreras","20-24"
"7935","2030","Hombres","La Magdalena Contreras","20-24"
"6175","2015","Hombres","Milpa Alta","20-24"
"6200","2016","Hombres","Milpa Alta","20-24"
"6186","2017","Hombres","Milpa Alta","20-24"
"6148","2018","Hombres","Milpa Alta","20-24"
"6092","2019","Hombres","Milpa Alta","20-24"
"6028","2020","Hombres","Milpa Alta","20-24"
"5958","2021","Hombres","Milpa Alta","20-24"
"5884","2022","Hombres","Milpa Alta","20-24"
"5802","2023","Hombres","Milpa Alta","20-24"
"5712","2024","Hombres","Milpa Alta","20-24"
"5607","2025","Hombres","Milpa Alta","20-24"
"5481","2026","Hombres","Milpa Alta","20-24"
"5333","2027","Hombres","Milpa Alta","20-24"
"5163","2028","Hombres","Milpa Alta","20-24"
"4968","2029","Hombres","Milpa Alta","20-24"
"4752","2030","Hombres","Milpa Alta","20-24"
"31734","2015","Hombres","Álvaro Obregón","20-24"
"31391","2016","Hombres","Álvaro Obregón","20-24"
"30912","2017","Hombres","Álvaro Obregón","20-24"
"30365","2018","Hombres","Álvaro Obregón","20-24"
"29793","2019","Hombres","Álvaro Obregón","20-24"
"29236","2020","Hombres","Álvaro Obregón","20-24"
"28721","2021","Hombres","Álvaro Obregón","20-24"
"28244","2022","Hombres","Álvaro Obregón","20-24"
"27797","2023","Hombres","Álvaro Obregón","20-24"
"27375","2024","Hombres","Álvaro Obregón","20-24"
"26955","2025","Hombres","Álvaro Obregón","20-24"
"26509","2026","Hombres","Álvaro Obregón","20-24"
"26035","2027","Hombres","Álvaro Obregón","20-24"
"25533","2028","Hombres","Álvaro Obregón","20-24"
"25000","2029","Hombres","Álvaro Obregón","20-24"
"24446","2030","Hombres","Álvaro Obregón","20-24"
"16334","2015","Hombres","Tláhuac","20-24"
"16251","2016","Hombres","Tláhuac","20-24"
"16082","2017","Hombres","Tláhuac","20-24"
"15864","2018","Hombres","Tláhuac","20-24"
"15619","2019","Hombres","Tláhuac","20-24"
"15369","2020","Hombres","Tláhuac","20-24"
"15128","2021","Hombres","Tláhuac","20-24"
"14894","2022","Hombres","Tláhuac","20-24"
"14665","2023","Hombres","Tláhuac","20-24"
"14439","2024","Hombres","Tláhuac","20-24"
"14201","2025","Hombres","Tláhuac","20-24"
"13940","2026","Hombres","Tláhuac","20-24"
"13654","2027","Hombres","Tláhuac","20-24"
"13343","2028","Hombres","Tláhuac","20-24"
"13006","2029","Hombres","Tláhuac","20-24"
"12649","2030","Hombres","Tláhuac","20-24"
"29328","2015","Hombres","Tlalpan","20-24"
"29035","2016","Hombres","Tlalpan","20-24"
"28602","2017","Hombres","Tlalpan","20-24"
"28094","2018","Hombres","Tlalpan","20-24"
"27550","2019","Hombres","Tlalpan","20-24"
"27011","2020","Hombres","Tlalpan","20-24"
"26500","2021","Hombres","Tlalpan","20-24"
"26015","2022","Hombres","Tlalpan","20-24"
"25551","2023","Hombres","Tlalpan","20-24"
"25103","2024","Hombres","Tlalpan","20-24"
"24649","2025","Hombres","Tlalpan","20-24"
"24167","2026","Hombres","Tlalpan","20-24"
"23653","2027","Hombres","Tlalpan","20-24"
"23110","2028","Hombres","Tlalpan","20-24"
"22537","2029","Hombres","Tlalpan","20-24"
"21943","2030","Hombres","Tlalpan","20-24"
"19552","2015","Hombres","Xochimilco","20-24"
"19356","2016","Hombres","Xochimilco","20-24"
"19063","2017","Hombres","Xochimilco","20-24"
"18714","2018","Hombres","Xochimilco","20-24"
"18336","2019","Hombres","Xochimilco","20-24"
"17958","2020","Hombres","Xochimilco","20-24"
"17596","2021","Hombres","Xochimilco","20-24"
"17248","2022","Hombres","Xochimilco","20-24"
"16910","2023","Hombres","Xochimilco","20-24"
"16581","2024","Hombres","Xochimilco","20-24"
"16246","2025","Hombres","Xochimilco","20-24"
"15892","2026","Hombres","Xochimilco","20-24"
"15515","2027","Hombres","Xochimilco","20-24"
"15119","2028","Hombres","Xochimilco","20-24"
"14703","2029","Hombres","Xochimilco","20-24"
"14274","2030","Hombres","Xochimilco","20-24"
"14075","2015","Hombres","Benito Juárez","20-24"
"14047","2016","Hombres","Benito Juárez","20-24"
"13953","2017","Hombres","Benito Juárez","20-24"
"13820","2018","Hombres","Benito Juárez","20-24"
"13663","2019","Hombres","Benito Juárez","20-24"
"13499","2020","Hombres","Benito Juárez","20-24"
"13339","2021","Hombres","Benito Juárez","20-24"
"13177","2022","Hombres","Benito Juárez","20-24"
"13009","2023","Hombres","Benito Juárez","20-24"
"12829","2024","Hombres","Benito Juárez","20-24"
"12623","2025","Hombres","Benito Juárez","20-24"
"12377","2026","Hombres","Benito Juárez","20-24"
"12085","2027","Hombres","Benito Juárez","20-24"
"11746","2028","Hombres","Benito Juárez","20-24"
"11354","2029","Hombres","Benito Juárez","20-24"
"10913","2030","Hombres","Benito Juárez","20-24"
"22322","2015","Hombres","Cuauhtémoc","20-24"
"22140","2016","Hombres","Cuauhtémoc","20-24"
"21864","2017","Hombres","Cuauhtémoc","20-24"
"21538","2018","Hombres","Cuauhtémoc","20-24"
"21190","2019","Hombres","Cuauhtémoc","20-24"
"20847","2020","Hombres","Cuauhtémoc","20-24"
"20526","2021","Hombres","Cuauhtémoc","20-24"
"20222","2022","Hombres","Cuauhtémoc","20-24"
"19927","2023","Hombres","Cuauhtémoc","20-24"
"19636","2024","Hombres","Cuauhtémoc","20-24"
"19328","2025","Hombres","Cuauhtémoc","20-24"
"18983","2026","Hombres","Cuauhtémoc","20-24"
"18596","2027","Hombres","Cuauhtémoc","20-24"
"18165","2028","Hombres","Cuauhtémoc","20-24"
"17685","2029","Hombres","Cuauhtémoc","20-24"
"17161","2030","Hombres","Cuauhtémoc","20-24"
"13446","2015","Hombres","Miguel Hidalgo","20-24"
"13265","2016","Hombres","Miguel Hidalgo","20-24"
"13033","2017","Hombres","Miguel Hidalgo","20-24"
"12780","2018","Hombres","Miguel Hidalgo","20-24"
"12522","2019","Hombres","Miguel Hidalgo","20-24"
"12276","2020","Hombres","Miguel Hidalgo","20-24"
"12051","2021","Hombres","Miguel Hidalgo","20-24"
"11845","2022","Hombres","Miguel Hidalgo","20-24"
"11653","2023","Hombres","Miguel Hidalgo","20-24"
"11474","2024","Hombres","Miguel Hidalgo","20-24"
"11295","2025","Hombres","Miguel Hidalgo","20-24"
"11104","2026","Hombres","Miguel Hidalgo","20-24"
"10901","2027","Hombres","Miguel Hidalgo","20-24"
"10682","2028","Hombres","Miguel Hidalgo","20-24"
"10448","2029","Hombres","Miguel Hidalgo","20-24"
"10201","2030","Hombres","Miguel Hidalgo","20-24"
"17545","2015","Hombres","Venustiano Carranza","20-24"
"17221","2016","Hombres","Venustiano Carranza","20-24"
"16839","2017","Hombres","Venustiano Carranza","20-24"
"16437","2018","Hombres","Venustiano Carranza","20-24"
"16039","2019","Hombres","Venustiano Carranza","20-24"
"15665","2020","Hombres","Venustiano Carranza","20-24"
"15330","2021","Hombres","Venustiano Carranza","20-24"
"15029","2022","Hombres","Venustiano Carranza","20-24"
"14760","2023","Hombres","Venustiano Carranza","20-24"
"14519","2024","Hombres","Venustiano Carranza","20-24"
"14292","2025","Hombres","Venustiano Carranza","20-24"
"14067","2026","Hombres","Venustiano Carranza","20-24"
"13841","2027","Hombres","Venustiano Carranza","20-24"
"13613","2028","Hombres","Venustiano Carranza","20-24"
"13383","2029","Hombres","Venustiano Carranza","20-24"
"13155","2030","Hombres","Venustiano Carranza","20-24"
"16970","2015","Mujeres","Azcapotzalco","25-29"
"16711","2016","Mujeres","Azcapotzalco","25-29"
"16436","2017","Mujeres","Azcapotzalco","25-29"
"16156","2018","Mujeres","Azcapotzalco","25-29"
"15873","2019","Mujeres","Azcapotzalco","25-29"
"15584","2020","Mujeres","Azcapotzalco","25-29"
"15283","2021","Mujeres","Azcapotzalco","25-29"
"14978","2022","Mujeres","Azcapotzalco","25-29"
"14683","2023","Mujeres","Azcapotzalco","25-29"
"14417","2024","Mujeres","Azcapotzalco","25-29"
"14195","2025","Mujeres","Azcapotzalco","25-29"
"14025","2026","Mujeres","Azcapotzalco","25-29"
"13902","2027","Mujeres","Azcapotzalco","25-29"
"13822","2028","Mujeres","Azcapotzalco","25-29"
"13781","2029","Mujeres","Azcapotzalco","25-29"
"13772","2030","Mujeres","Azcapotzalco","25-29"
"26499","2015","Mujeres","Coyoacán","25-29"
"26118","2016","Mujeres","Coyoacán","25-29"
"25697","2017","Mujeres","Coyoacán","25-29"
"25254","2018","Mujeres","Coyoacán","25-29"
"24794","2019","Mujeres","Coyoacán","25-29"
"24310","2020","Mujeres","Coyoacán","25-29"
"23797","2021","Mujeres","Coyoacán","25-29"
"23264","2022","Mujeres","Coyoacán","25-29"
"22739","2023","Mujeres","Coyoacán","25-29"
"22248","2024","Mujeres","Coyoacán","25-29"
"21817","2025","Mujeres","Coyoacán","25-29"
"21459","2026","Mujeres","Coyoacán","25-29"
"21166","2027","Mujeres","Coyoacán","25-29"
"20933","2028","Mujeres","Coyoacán","25-29"
"20754","2029","Mujeres","Coyoacán","25-29"
"20618","2030","Mujeres","Coyoacán","25-29"
"9079","2015","Mujeres","Cuajimalpa de Morelos","25-29"
"9116","2016","Mujeres","Cuajimalpa de Morelos","25-29"
"9125","2017","Mujeres","Cuajimalpa de Morelos","25-29"
"9112","2018","Mujeres","Cuajimalpa de Morelos","25-29"
"9074","2019","Mujeres","Cuajimalpa de Morelos","25-29"
"9010","2020","Mujeres","Cuajimalpa de Morelos","25-29"
"8912","2021","Mujeres","Cuajimalpa de Morelos","25-29"
"8784","2022","Mujeres","Cuajimalpa de Morelos","25-29"
"8633","2023","Mujeres","Cuajimalpa de Morelos","25-29"
"8470","2024","Mujeres","Cuajimalpa de Morelos","25-29"
"8300","2025","Mujeres","Cuajimalpa de Morelos","25-29"
"8129","2026","Mujeres","Cuajimalpa de Morelos","25-29"
"7953","2027","Mujeres","Cuajimalpa de Morelos","25-29"
"7766","2028","Mujeres","Cuajimalpa de Morelos","25-29"
"7566","2029","Mujeres","Cuajimalpa de Morelos","25-29"
"7348","2030","Mujeres","Cuajimalpa de Morelos","25-29"
"48696","2015","Mujeres","Gustavo A. Madero","25-29"
"48043","2016","Mujeres","Gustavo A. Madero","25-29"
"47334","2017","Mujeres","Gustavo A. Madero","25-29"
"46598","2018","Mujeres","Gustavo A. Madero","25-29"
"45842","2019","Mujeres","Gustavo A. Madero","25-29"
"45058","2020","Mujeres","Gustavo A. Madero","25-29"
"44227","2021","Mujeres","Gustavo A. Madero","25-29"
"43369","2022","Mujeres","Gustavo A. Madero","25-29"
"42532","2023","Mujeres","Gustavo A. Madero","25-29"
"41763","2024","Mujeres","Gustavo A. Madero","25-29"
"41109","2025","Mujeres","Gustavo A. Madero","25-29"
"40592","2026","Mujeres","Gustavo A. Madero","25-29"
"40200","2027","Mujeres","Gustavo A. Madero","25-29"
"39918","2028","Mujeres","Gustavo A. Madero","25-29"
"39737","2029","Mujeres","Gustavo A. Madero","25-29"
"39633","2030","Mujeres","Gustavo A. Madero","25-29"
"16005","2015","Mujeres","Iztacalco","25-29"
"15789","2016","Mujeres","Iztacalco","25-29"
"15557","2017","Mujeres","Iztacalco","25-29"
"15320","2018","Mujeres","Iztacalco","25-29"
"15079","2019","Mujeres","Iztacalco","25-29"
"14830","2020","Mujeres","Iztacalco","25-29"
"14567","2021","Mujeres","Iztacalco","25-29"
"14295","2022","Mujeres","Iztacalco","25-29"
"14031","2023","Mujeres","Iztacalco","25-29"
"13789","2024","Mujeres","Iztacalco","25-29"
"13584","2025","Mujeres","Iztacalco","25-29"
"13423","2026","Mujeres","Iztacalco","25-29"
"13301","2027","Mujeres","Iztacalco","25-29"
"13213","2028","Mujeres","Iztacalco","25-29"
"13156","2029","Mujeres","Iztacalco","25-29"
"13121","2030","Mujeres","Iztacalco","25-29"
"80179","2015","Mujeres","Iztapalapa","25-29"
"79497","2016","Mujeres","Iztapalapa","25-29"
"78643","2017","Mujeres","Iztapalapa","25-29"
"77661","2018","Mujeres","Iztapalapa","25-29"
"76565","2019","Mujeres","Iztapalapa","25-29"
"75340","2020","Mujeres","Iztapalapa","25-29"
"73951","2021","Mujeres","Iztapalapa","25-29"
"72432","2022","Mujeres","Iztapalapa","25-29"
"70871","2023","Mujeres","Iztapalapa","25-29"
"69344","2024","Mujeres","Iztapalapa","25-29"
"67928","2025","Mujeres","Iztapalapa","25-29"
"66661","2026","Mujeres","Iztapalapa","25-29"
"65523","2027","Mujeres","Iztapalapa","25-29"
"64489","2028","Mujeres","Iztapalapa","25-29"
"63542","2029","Mujeres","Iztapalapa","25-29"
"62644","2030","Mujeres","Iztapalapa","25-29"
"10338","2015","Mujeres","La Magdalena Contreras","25-29"
"10259","2016","Mujeres","La Magdalena Contreras","25-29"
"10159","2017","Mujeres","La Magdalena Contreras","25-29"
"10043","2018","Mujeres","La Magdalena Contreras","25-29"
"9913","2019","Mujeres","La Magdalena Contreras","25-29"
"9765","2020","Mujeres","La Magdalena Contreras","25-29"
"9597","2021","Mujeres","La Magdalena Contreras","25-29"
"9411","2022","Mujeres","La Magdalena Contreras","25-29"
"9219","2023","Mujeres","La Magdalena Contreras","25-29"
"9030","2024","Mujeres","La Magdalena Contreras","25-29"
"8855","2025","Mujeres","La Magdalena Contreras","25-29"
"8697","2026","Mujeres","La Magdalena Contreras","25-29"
"8555","2027","Mujeres","La Magdalena Contreras","25-29"
"8425","2028","Mujeres","La Magdalena Contreras","25-29"
"8304","2029","Mujeres","La Magdalena Contreras","25-29"
"8188","2030","Mujeres","La Magdalena Contreras","25-29"
"5755","2015","Mujeres","Milpa Alta","25-29"
"5802","2016","Mujeres","Milpa Alta","25-29"
"5828","2017","Mujeres","Milpa Alta","25-29"
"5836","2018","Mujeres","Milpa Alta","25-29"
"5826","2019","Mujeres","Milpa Alta","25-29"
"5794","2020","Mujeres","Milpa Alta","25-29"
"5737","2021","Mujeres","Milpa Alta","25-29"
"5658","2022","Mujeres","Milpa Alta","25-29"
"5559","2023","Mujeres","Milpa Alta","25-29"
"5447","2024","Mujeres","Milpa Alta","25-29"
"5327","2025","Mujeres","Milpa Alta","25-29"
"5201","2026","Mujeres","Milpa Alta","25-29"
"5066","2027","Mujeres","Milpa Alta","25-29"
"4920","2028","Mujeres","Milpa Alta","25-29"
"4759","2029","Mujeres","Milpa Alta","25-29"
"4582","2030","Mujeres","Milpa Alta","25-29"
"32490","2015","Mujeres","Álvaro Obregón","25-29"
"32312","2016","Mujeres","Álvaro Obregón","25-29"
"32064","2017","Mujeres","Álvaro Obregón","25-29"
"31765","2018","Mujeres","Álvaro Obregón","25-29"
"31416","2019","Mujeres","Álvaro Obregón","25-29"
"31006","2020","Mujeres","Álvaro Obregón","25-29"
"30521","2021","Mujeres","Álvaro Obregón","25-29"
"29972","2022","Mujeres","Álvaro Obregón","25-29"
"29390","2023","Mujeres","Álvaro Obregón","25-29"
"28805","2024","Mujeres","Álvaro Obregón","25-29"
"28248","2025","Mujeres","Álvaro Obregón","25-29"
"27733","2026","Mujeres","Álvaro Obregón","25-29"
"27248","2027","Mujeres","Álvaro Obregón","25-29"
"26781","2028","Mujeres","Álvaro Obregón","25-29"
"26322","2029","Mujeres","Álvaro Obregón","25-29"
"25856","2030","Mujeres","Álvaro Obregón","25-29"
"15840","2015","Mujeres","Tláhuac","25-29"
"15777","2016","Mujeres","Tláhuac","25-29"
"15668","2017","Mujeres","Tláhuac","25-29"
"15525","2018","Mujeres","Tláhuac","25-29"
"15350","2019","Mujeres","Tláhuac","25-29"
"15138","2020","Mujeres","Tláhuac","25-29"
"14884","2021","Mujeres","Tláhuac","25-29"
"14593","2022","Mujeres","Tláhuac","25-29"
"14283","2023","Mujeres","Tláhuac","25-29"
"13971","2024","Mujeres","Tláhuac","25-29"
"13669","2025","Mujeres","Tláhuac","25-29"
"13389","2026","Mujeres","Tláhuac","25-29"
"13126","2027","Mujeres","Tláhuac","25-29"
"12872","2028","Mujeres","Tláhuac","25-29"
"12627","2029","Mujeres","Tláhuac","25-29"
"12383","2030","Mujeres","Tláhuac","25-29"
"29276","2015","Mujeres","Tlalpan","25-29"
"29235","2016","Mujeres","Tlalpan","25-29"
"29116","2017","Mujeres","Tlalpan","25-29"
"28935","2018","Mujeres","Tlalpan","25-29"
"28690","2019","Mujeres","Tlalpan","25-29"
"28372","2020","Mujeres","Tlalpan","25-29"
"27966","2021","Mujeres","Tlalpan","25-29"
"27481","2022","Mujeres","Tlalpan","25-29"
"26944","2023","Mujeres","Tlalpan","25-29"
"26383","2024","Mujeres","Tlalpan","25-29"
"25826","2025","Mujeres","Tlalpan","25-29"
"25283","2026","Mujeres","Tlalpan","25-29"
"24744","2027","Mujeres","Tlalpan","25-29"
"24197","2028","Mujeres","Tlalpan","25-29"
"23631","2029","Mujeres","Tlalpan","25-29"
"23032","2030","Mujeres","Tlalpan","25-29"
"17919","2015","Mujeres","Xochimilco","25-29"
"17855","2016","Mujeres","Xochimilco","25-29"
"17742","2017","Mujeres","Xochimilco","25-29"
"17592","2018","Mujeres","Xochimilco","25-29"
"17406","2019","Mujeres","Xochimilco","25-29"
"17178","2020","Mujeres","Xochimilco","25-29"
"16901","2021","Mujeres","Xochimilco","25-29"
"16581","2022","Mujeres","Xochimilco","25-29"
"16237","2023","Mujeres","Xochimilco","25-29"
"15887","2024","Mujeres","Xochimilco","25-29"
"15548","2025","Mujeres","Xochimilco","25-29"
"15229","2026","Mujeres","Xochimilco","25-29"
"14923","2027","Mujeres","Xochimilco","25-29"
"14624","2028","Mujeres","Xochimilco","25-29"
"14328","2029","Mujeres","Xochimilco","25-29"
"14027","2030","Mujeres","Xochimilco","25-29"
"18160","2015","Mujeres","Benito Juárez","25-29"
"18299","2016","Mujeres","Benito Juárez","25-29"
"18397","2017","Mujeres","Benito Juárez","25-29"
"18456","2018","Mujeres","Benito Juárez","25-29"
"18472","2019","Mujeres","Benito Juárez","25-29"
"18433","2020","Mujeres","Benito Juárez","25-29"
"18325","2021","Mujeres","Benito Juárez","25-29"
"18148","2022","Mujeres","Benito Juárez","25-29"
"17915","2023","Mujeres","Benito Juárez","25-29"
"17641","2024","Mujeres","Benito Juárez","25-29"
"17340","2025","Mujeres","Benito Juárez","25-29"
"17016","2026","Mujeres","Benito Juárez","25-29"
"16656","2027","Mujeres","Benito Juárez","25-29"
"16249","2028","Mujeres","Benito Juárez","25-29"
"15785","2029","Mujeres","Benito Juárez","25-29"
"15247","2030","Mujeres","Benito Juárez","25-29"
"24285","2015","Mujeres","Cuauhtémoc","25-29"
"24411","2016","Mujeres","Cuauhtémoc","25-29"
"24484","2017","Mujeres","Cuauhtémoc","25-29"
"24511","2018","Mujeres","Cuauhtémoc","25-29"
"24488","2019","Mujeres","Cuauhtémoc","25-29"
"24399","2020","Mujeres","Cuauhtémoc","25-29"
"24226","2021","Mujeres","Cuauhtémoc","25-29"
"23972","2022","Mujeres","Cuauhtémoc","25-29"
"23654","2023","Mujeres","Cuauhtémoc","25-29"
"23294","2024","Mujeres","Cuauhtémoc","25-29"
"22909","2025","Mujeres","Cuauhtémoc","25-29"
"22506","2026","Mujeres","Cuauhtémoc","25-29"
"22072","2027","Mujeres","Cuauhtémoc","25-29"
"21589","2028","Mujeres","Cuauhtémoc","25-29"
"21046","2029","Mujeres","Cuauhtémoc","25-29"
"20424","2030","Mujeres","Cuauhtémoc","25-29"
"16872","2015","Mujeres","Miguel Hidalgo","25-29"
"16870","2016","Mujeres","Miguel Hidalgo","25-29"
"16835","2017","Mujeres","Miguel Hidalgo","25-29"
"16775","2018","Mujeres","Miguel Hidalgo","25-29"
"16687","2019","Mujeres","Miguel Hidalgo","25-29"
"16564","2020","Mujeres","Miguel Hidalgo","25-29"
"16395","2021","Mujeres","Miguel Hidalgo","25-29"
"16183","2022","Mujeres","Miguel Hidalgo","25-29"
"15941","2023","Mujeres","Miguel Hidalgo","25-29"
"15685","2024","Mujeres","Miguel Hidalgo","25-29"
"15429","2025","Mujeres","Miguel Hidalgo","25-29"
"15177","2026","Mujeres","Miguel Hidalgo","25-29"
"14923","2027","Mujeres","Miguel Hidalgo","25-29"
"14656","2028","Mujeres","Miguel Hidalgo","25-29"
"14369","2029","Mujeres","Miguel Hidalgo","25-29"
"14052","2030","Mujeres","Miguel Hidalgo","25-29"
"17455","2015","Mujeres","Venustiano Carranza","25-29"
"17239","2016","Mujeres","Venustiano Carranza","25-29"
"17007","2017","Mujeres","Venustiano Carranza","25-29"
"16767","2018","Mujeres","Venustiano Carranza","25-29"
"16521","2019","Mujeres","Venustiano Carranza","25-29"
"16264","2020","Mujeres","Venustiano Carranza","25-29"
"15988","2021","Mujeres","Venustiano Carranza","25-29"
"15698","2022","Mujeres","Venustiano Carranza","25-29"
"15411","2023","Mujeres","Venustiano Carranza","25-29"
"15142","2024","Mujeres","Venustiano Carranza","25-29"
"14907","2025","Mujeres","Venustiano Carranza","25-29"
"14713","2026","Mujeres","Venustiano Carranza","25-29"
"14554","2027","Mujeres","Venustiano Carranza","25-29"
"14422","2028","Mujeres","Venustiano Carranza","25-29"
"14315","2029","Mujeres","Venustiano Carranza","25-29"
"14221","2030","Mujeres","Venustiano Carranza","25-29"
"16470","2015","Hombres","Azcapotzalco","25-29"
"16341","2016","Hombres","Azcapotzalco","25-29"
"16183","2017","Hombres","Azcapotzalco","25-29"
"15997","2018","Hombres","Azcapotzalco","25-29"
"15783","2019","Hombres","Azcapotzalco","25-29"
"15537","2020","Hombres","Azcapotzalco","25-29"
"15257","2021","Hombres","Azcapotzalco","25-29"
"14956","2022","Hombres","Azcapotzalco","25-29"
"14656","2023","Hombres","Azcapotzalco","25-29"
"14379","2024","Hombres","Azcapotzalco","25-29"
"14145","2025","Hombres","Azcapotzalco","25-29"
"13968","2026","Hombres","Azcapotzalco","25-29"
"13849","2027","Hombres","Azcapotzalco","25-29"
"13786","2028","Hombres","Azcapotzalco","25-29"
"13779","2029","Hombres","Azcapotzalco","25-29"
"13818","2030","Hombres","Azcapotzalco","25-29"
"25716","2015","Hombres","Coyoacán","25-29"
"25622","2016","Hombres","Coyoacán","25-29"
"25461","2017","Hombres","Coyoacán","25-29"
"25238","2018","Hombres","Coyoacán","25-29"
"24947","2019","Hombres","Coyoacán","25-29"
"24583","2020","Hombres","Coyoacán","25-29"
"24143","2021","Hombres","Coyoacán","25-29"
"23645","2022","Hombres","Coyoacán","25-29"
"23126","2023","Hombres","Coyoacán","25-29"
"22619","2024","Hombres","Coyoacán","25-29"
"22158","2025","Hombres","Coyoacán","25-29"
"21763","2026","Hombres","Coyoacán","25-29"
"21435","2027","Hombres","Coyoacán","25-29"
"21170","2028","Hombres","Coyoacán","25-29"
"20968","2029","Hombres","Coyoacán","25-29"
"20812","2030","Hombres","Coyoacán","25-29"
"8006","2015","Hombres","Cuajimalpa de Morelos","25-29"
"8120","2016","Hombres","Cuajimalpa de Morelos","25-29"
"8205","2017","Hombres","Cuajimalpa de Morelos","25-29"
"8261","2018","Hombres","Cuajimalpa de Morelos","25-29"
"8283","2019","Hombres","Cuajimalpa de Morelos","25-29"
"8268","2020","Hombres","Cuajimalpa de Morelos","25-29"
"8210","2021","Hombres","Cuajimalpa de Morelos","25-29"
"8114","2022","Hombres","Cuajimalpa de Morelos","25-29"
"7992","2023","Hombres","Cuajimalpa de Morelos","25-29"
"7853","2024","Hombres","Cuajimalpa de Morelos","25-29"
"7707","2025","Hombres","Cuajimalpa de Morelos","25-29"
"7562","2026","Hombres","Cuajimalpa de Morelos","25-29"
"7415","2027","Hombres","Cuajimalpa de Morelos","25-29"
"7264","2028","Hombres","Cuajimalpa de Morelos","25-29"
"7107","2029","Hombres","Cuajimalpa de Morelos","25-29"
"6937","2030","Hombres","Cuajimalpa de Morelos","25-29"
"49563","2015","Hombres","Gustavo A. Madero","25-29"
"49406","2016","Hombres","Gustavo A. Madero","25-29"
"49139","2017","Hombres","Gustavo A. Madero","25-29"
"48767","2018","Hombres","Gustavo A. Madero","25-29"
"48278","2019","Hombres","Gustavo A. Madero","25-29"
"47662","2020","Hombres","Gustavo A. Madero","25-29"
"46906","2021","Hombres","Gustavo A. Madero","25-29"
"46047","2022","Hombres","Gustavo A. Madero","25-29"
"45152","2023","Hombres","Gustavo A. Madero","25-29"
"44286","2024","Hombres","Gustavo A. Madero","25-29"
"43509","2025","Hombres","Gustavo A. Madero","25-29"
"42865","2026","Hombres","Gustavo A. Madero","25-29"
"42350","2027","Hombres","Gustavo A. Madero","25-29"
"41958","2028","Hombres","Gustavo A. Madero","25-29"
"41686","2029","Hombres","Gustavo A. Madero","25-29"
"41500","2030","Hombres","Gustavo A. Madero","25-29"
"15658","2015","Hombres","Iztacalco","25-29"
"15601","2016","Hombres","Iztacalco","25-29"
"15514","2017","Hombres","Iztacalco","25-29"
"15398","2018","Hombres","Iztacalco","25-29"
"15250","2019","Hombres","Iztacalco","25-29"
"15065","2020","Hombres","Iztacalco","25-29"
"14839","2021","Hombres","Iztacalco","25-29"
"14584","2022","Hombres","Iztacalco","25-29"
"14319","2023","Hombres","Iztacalco","25-29"
"14064","2024","Hombres","Iztacalco","25-29"
"13840","2025","Hombres","Iztacalco","25-29"
"13657","2026","Hombres","Iztacalco","25-29"
"13517","2027","Hombres","Iztacalco","25-29"
"13416","2028","Hombres","Iztacalco","25-29"
"13352","2029","Hombres","Iztacalco","25-29"
"13315","2030","Hombres","Iztacalco","25-29"
"80278","2015","Hombres","Iztapalapa","25-29"
"80344","2016","Hombres","Iztapalapa","25-29"
"80165","2017","Hombres","Iztapalapa","25-29"
"79742","2018","Hombres","Iztapalapa","25-29"
"79061","2019","Hombres","Iztapalapa","25-29"
"78097","2020","Hombres","Iztapalapa","25-29"
"76837","2021","Hombres","Iztapalapa","25-29"
"75335","2022","Hombres","Iztapalapa","25-29"
"73710","2023","Hombres","Iztapalapa","25-29"
"72066","2024","Hombres","Iztapalapa","25-29"
"70511","2025","Hombres","Iztapalapa","25-29"
"69109","2026","Hombres","Iztapalapa","25-29"
"67850","2027","Hombres","Iztapalapa","25-29"
"66734","2028","Hombres","Iztapalapa","25-29"
"65751","2029","Hombres","Iztapalapa","25-29"
"64846","2030","Hombres","Iztapalapa","25-29"
"9945","2015","Hombres","La Magdalena Contreras","25-29"
"9971","2016","Hombres","La Magdalena Contreras","25-29"
"9967","2017","Hombres","La Magdalena Contreras","25-29"
"9933","2018","Hombres","La Magdalena Contreras","25-29"
"9867","2019","Hombres","La Magdalena Contreras","25-29"
"9765","2020","Hombres","La Magdalena Contreras","25-29"
"9625","2021","Hombres","La Magdalena Contreras","25-29"
"9454","2022","Hombres","La Magdalena Contreras","25-29"
"9266","2023","Hombres","La Magdalena Contreras","25-29"
"9073","2024","Hombres","La Magdalena Contreras","25-29"
"8889","2025","Hombres","La Magdalena Contreras","25-29"
"8722","2026","Hombres","La Magdalena Contreras","25-29"
"8571","2027","Hombres","La Magdalena Contreras","25-29"
"8436","2028","Hombres","La Magdalena Contreras","25-29"
"8313","2029","Hombres","La Magdalena Contreras","25-29"
"8197","2030","Hombres","La Magdalena Contreras","25-29"
"5550","2015","Hombres","Milpa Alta","25-29"
"5642","2016","Hombres","Milpa Alta","25-29"
"5710","2017","Hombres","Milpa Alta","25-29"
"5754","2018","Hombres","Milpa Alta","25-29"
"5771","2019","Hombres","Milpa Alta","25-29"
"5758","2020","Hombres","Milpa Alta","25-29"
"5711","2021","Hombres","Milpa Alta","25-29"
"5635","2022","Hombres","Milpa Alta","25-29"
"5535","2023","Hombres","Milpa Alta","25-29"
"5420","2024","Hombres","Milpa Alta","25-29"
"5297","2025","Hombres","Milpa Alta","25-29"
"5169","2026","Hombres","Milpa Alta","25-29"
"5037","2027","Hombres","Milpa Alta","25-29"
"4898","2028","Hombres","Milpa Alta","25-29"
"4750","2029","Hombres","Milpa Alta","25-29"
"4588","2030","Hombres","Milpa Alta","25-29"
"31284","2015","Hombres","Álvaro Obregón","25-29"
"31438","2016","Hombres","Álvaro Obregón","25-29"
"31499","2017","Hombres","Álvaro Obregón","25-29"
"31467","2018","Hombres","Álvaro Obregón","25-29"
"31329","2019","Hombres","Álvaro Obregón","25-29"
"31075","2020","Hombres","Álvaro Obregón","25-29"
"30695","2021","Hombres","Álvaro Obregón","25-29"
"30207","2022","Hombres","Álvaro Obregón","25-29"
"29654","2023","Hombres","Álvaro Obregón","25-29"
"29078","2024","Hombres","Álvaro Obregón","25-29"
"28516","2025","Hombres","Álvaro Obregón","25-29"
"27996","2026","Hombres","Álvaro Obregón","25-29"
"27513","2027","Hombres","Álvaro Obregón","25-29"
"27062","2028","Hombres","Álvaro Obregón","25-29"
"26635","2029","Hombres","Álvaro Obregón","25-29"
"26210","2030","Hombres","Álvaro Obregón","25-29"
"14953","2015","Hombres","Tláhuac","25-29"
"15029","2016","Hombres","Tláhuac","25-29"
"15052","2017","Hombres","Tláhuac","25-29"
"15023","2018","Hombres","Tláhuac","25-29"
"14938","2019","Hombres","Tláhuac","25-29"
"14792","2020","Hombres","Tláhuac","25-29"
"14582","2021","Hombres","Tláhuac","25-29"
"14320","2022","Hombres","Tláhuac","25-29"
"14025","2023","Hombres","Tláhuac","25-29"
"13720","2024","Hombres","Tláhuac","25-29"
"13424","2025","Hombres","Tláhuac","25-29"
"13150","2026","Hombres","Tláhuac","25-29"
"12898","2027","Hombres","Tláhuac","25-29"
"12665","2028","Hombres","Tláhuac","25-29"
"12450","2029","Hombres","Tláhuac","25-29"
"12242","2030","Hombres","Tláhuac","25-29"
"28218","2015","Hombres","Tlalpan","25-29"
"28442","2016","Hombres","Tlalpan","25-29"
"28567","2017","Hombres","Tlalpan","25-29"
"28591","2018","Hombres","Tlalpan","25-29"
"28502","2019","Hombres","Tlalpan","25-29"
"28288","2020","Hombres","Tlalpan","25-29"
"27939","2021","Hombres","Tlalpan","25-29"
"27474","2022","Hombres","Tlalpan","25-29"
"26929","2023","Hombres","Tlalpan","25-29"
"26343","2024","Hombres","Tlalpan","25-29"
"25750","2025","Hombres","Tlalpan","25-29"
"25174","2026","Hombres","Tlalpan","25-29"
"24610","2027","Hombres","Tlalpan","25-29"
"24052","2028","Hombres","Tlalpan","25-29"
"23492","2029","Hombres","Tlalpan","25-29"
"22908","2030","Hombres","Tlalpan","25-29"
"18625","2015","Hombres","Xochimilco","25-29"
"18729","2016","Hombres","Xochimilco","25-29"
"18765","2017","Hombres","Xochimilco","25-29"
"18731","2018","Hombres","Xochimilco","25-29"
"18623","2019","Hombres","Xochimilco","25-29"
"18432","2020","Hombres","Xochimilco","25-29"
"18155","2021","Hombres","Xochimilco","25-29"
"17804","2022","Hombres","Xochimilco","25-29"
"17404","2023","Hombres","Xochimilco","25-29"
"16982","2024","Hombres","Xochimilco","25-29"
"16561","2025","Hombres","Xochimilco","25-29"
"16155","2026","Hombres","Xochimilco","25-29"
"15764","2027","Hombres","Xochimilco","25-29"
"15383","2028","Hombres","Xochimilco","25-29"
"15009","2029","Hombres","Xochimilco","25-29"
"14628","2030","Hombres","Xochimilco","25-29"
"16892","2015","Hombres","Benito Juárez","25-29"
"17237","2016","Hombres","Benito Juárez","25-29"
"17525","2017","Hombres","Benito Juárez","25-29"
"17750","2018","Hombres","Benito Juárez","25-29"
"17898","2019","Hombres","Benito Juárez","25-29"
"17955","2020","Hombres","Benito Juárez","25-29"
"17909","2021","Hombres","Benito Juárez","25-29"
"17764","2022","Hombres","Benito Juárez","25-29"
"17540","2023","Hombres","Benito Juárez","25-29"
"17256","2024","Hombres","Benito Juárez","25-29"
"16931","2025","Hombres","Benito Juárez","25-29"
"16578","2026","Hombres","Benito Juárez","25-29"
"16189","2027","Hombres","Benito Juárez","25-29"
"15755","2028","Hombres","Benito Juárez","25-29"
"15268","2029","Hombres","Benito Juárez","25-29"
"14706","2030","Hombres","Benito Juárez","25-29"
"24164","2015","Hombres","Cuauhtémoc","25-29"
"24537","2016","Hombres","Cuauhtémoc","25-29"
"24838","2017","Hombres","Cuauhtémoc","25-29"
"25060","2018","Hombres","Cuauhtémoc","25-29"
"25187","2019","Hombres","Cuauhtémoc","25-29"
"25201","2020","Hombres","Cuauhtémoc","25-29"
"25088","2021","Hombres","Cuauhtémoc","25-29"
"24855","2022","Hombres","Cuauhtémoc","25-29"
"24533","2023","Hombres","Cuauhtémoc","25-29"
"24148","2024","Hombres","Cuauhtémoc","25-29"
"23730","2025","Hombres","Cuauhtémoc","25-29"
"23296","2026","Hombres","Cuauhtémoc","25-29"
"22838","2027","Hombres","Cuauhtémoc","25-29"
"22346","2028","Hombres","Cuauhtémoc","25-29"
"21809","2029","Hombres","Cuauhtémoc","25-29"
"21200","2030","Hombres","Cuauhtémoc","25-29"
"14958","2015","Hombres","Miguel Hidalgo","25-29"
"15093","2016","Hombres","Miguel Hidalgo","25-29"
"15188","2017","Hombres","Miguel Hidalgo","25-29"
"15238","2018","Hombres","Miguel Hidalgo","25-29"
"15237","2019","Hombres","Miguel Hidalgo","25-29"
"15176","2020","Hombres","Miguel Hidalgo","25-29"
"15048","2021","Hombres","Miguel Hidalgo","25-29"
"14859","2022","Hombres","Miguel Hidalgo","25-29"
"14628","2023","Hombres","Miguel Hidalgo","25-29"
"14374","2024","Hombres","Miguel Hidalgo","25-29"
"14113","2025","Hombres","Miguel Hidalgo","25-29"
"13858","2026","Hombres","Miguel Hidalgo","25-29"
"13605","2027","Hombres","Miguel Hidalgo","25-29"
"13348","2028","Hombres","Miguel Hidalgo","25-29"
"13082","2029","Hombres","Miguel Hidalgo","25-29"
"12793","2030","Hombres","Miguel Hidalgo","25-29"
"17160","2015","Hombres","Venustiano Carranza","25-29"
"17113","2016","Hombres","Venustiano Carranza","25-29"
"17032","2017","Hombres","Venustiano Carranza","25-29"
"16919","2018","Hombres","Venustiano Carranza","25-29"
"16768","2019","Hombres","Venustiano Carranza","25-29"
"16574","2020","Hombres","Venustiano Carranza","25-29"
"16333","2021","Hombres","Venustiano Carranza","25-29"
"16054","2022","Hombres","Venustiano Carranza","25-29"
"15761","2023","Hombres","Venustiano Carranza","25-29"
"15475","2024","Hombres","Venustiano Carranza","25-29"
"15216","2025","Hombres","Venustiano Carranza","25-29"
"14998","2026","Hombres","Venustiano Carranza","25-29"
"14819","2027","Hombres","Venustiano Carranza","25-29"
"14676","2028","Hombres","Venustiano Carranza","25-29"
"14567","2029","Hombres","Venustiano Carranza","25-29"
"14479","2030","Hombres","Venustiano Carranza","25-29"
"16997","2015","Mujeres","Azcapotzalco","30-34"
"16779","2016","Mujeres","Azcapotzalco","30-34"
"16568","2017","Mujeres","Azcapotzalco","30-34"
"16363","2018","Mujeres","Azcapotzalco","30-34"
"16161","2019","Mujeres","Azcapotzalco","30-34"
"15963","2020","Mujeres","Azcapotzalco","30-34"
"15773","2021","Mujeres","Azcapotzalco","30-34"
"15589","2022","Mujeres","Azcapotzalco","30-34"
"15408","2023","Mujeres","Azcapotzalco","30-34"
"15233","2024","Mujeres","Azcapotzalco","30-34"
"15060","2025","Mujeres","Azcapotzalco","30-34"
"14884","2026","Mujeres","Azcapotzalco","30-34"
"14710","2027","Mujeres","Azcapotzalco","30-34"
"14556","2028","Mujeres","Azcapotzalco","30-34"
"14439","2029","Mujeres","Azcapotzalco","30-34"
"14374","2030","Mujeres","Azcapotzalco","30-34"
"25911","2015","Mujeres","Coyoacán","30-34"
"25699","2016","Mujeres","Coyoacán","30-34"
"25486","2017","Mujeres","Coyoacán","30-34"
"25269","2018","Mujeres","Coyoacán","30-34"
"25041","2019","Mujeres","Coyoacán","30-34"
"24800","2020","Mujeres","Coyoacán","30-34"
"24553","2021","Mujeres","Coyoacán","30-34"
"24293","2022","Mujeres","Coyoacán","30-34"
"24014","2023","Mujeres","Coyoacán","30-34"
"23718","2024","Mujeres","Coyoacán","30-34"
"23396","2025","Mujeres","Coyoacán","30-34"
"23039","2026","Mujeres","Coyoacán","30-34"
"22656","2027","Mujeres","Coyoacán","30-34"
"22271","2028","Mujeres","Coyoacán","30-34"
"21907","2029","Mujeres","Coyoacán","30-34"
"21589","2030","Mujeres","Coyoacán","30-34"
"8689","2015","Mujeres","Cuajimalpa de Morelos","30-34"
"8732","2016","Mujeres","Cuajimalpa de Morelos","30-34"
"8763","2017","Mujeres","Cuajimalpa de Morelos","30-34"
"8781","2018","Mujeres","Cuajimalpa de Morelos","30-34"
"8781","2019","Mujeres","Cuajimalpa de Morelos","30-34"
"8764","2020","Mujeres","Cuajimalpa de Morelos","30-34"
"8730","2021","Mujeres","Cuajimalpa de Morelos","30-34"
"8676","2022","Mujeres","Cuajimalpa de Morelos","30-34"
"8600","2023","Mujeres","Cuajimalpa de Morelos","30-34"
"8499","2024","Mujeres","Cuajimalpa de Morelos","30-34"
"8373","2025","Mujeres","Cuajimalpa de Morelos","30-34"
"8216","2026","Mujeres","Cuajimalpa de Morelos","30-34"
"8032","2027","Mujeres","Cuajimalpa de Morelos","30-34"
"7828","2028","Mujeres","Cuajimalpa de Morelos","30-34"
"7613","2029","Mujeres","Cuajimalpa de Morelos","30-34"
"7393","2030","Mujeres","Cuajimalpa de Morelos","30-34"
"47703","2015","Mujeres","Gustavo A. Madero","30-34"
"47183","2016","Mujeres","Gustavo A. Madero","30-34"
"46672","2017","Mujeres","Gustavo A. Madero","30-34"
"46170","2018","Mujeres","Gustavo A. Madero","30-34"
"45663","2019","Mujeres","Gustavo A. Madero","30-34"
"45156","2020","Mujeres","Gustavo A. Madero","30-34"
"44657","2021","Mujeres","Gustavo A. Madero","30-34"
"44164","2022","Mujeres","Gustavo A. Madero","30-34"
"43665","2023","Mujeres","Gustavo A. Madero","30-34"
"43167","2024","Mujeres","Gustavo A. Madero","30-34"
"42659","2025","Mujeres","Gustavo A. Madero","30-34"
"42124","2026","Mujeres","Gustavo A. Madero","30-34"
"41582","2027","Mujeres","Gustavo A. Madero","30-34"
"41077","2028","Mujeres","Gustavo A. Madero","30-34"
"40657","2029","Mujeres","Gustavo A. Madero","30-34"
"40368","2030","Mujeres","Gustavo A. Madero","30-34"
"16068","2015","Mujeres","Iztacalco","30-34"
"15908","2016","Mujeres","Iztacalco","30-34"
"15752","2017","Mujeres","Iztacalco","30-34"
"15600","2018","Mujeres","Iztacalco","30-34"
"15447","2019","Mujeres","Iztacalco","30-34"
"15293","2020","Mujeres","Iztacalco","30-34"
"15142","2021","Mujeres","Iztacalco","30-34"
"14991","2022","Mujeres","Iztacalco","30-34"
"14837","2023","Mujeres","Iztacalco","30-34"
"14679","2024","Mujeres","Iztacalco","30-34"
"14516","2025","Mujeres","Iztacalco","30-34"
"14339","2026","Mujeres","Iztacalco","30-34"
"14155","2027","Mujeres","Iztacalco","30-34"
"13980","2028","Mujeres","Iztacalco","30-34"
"13828","2029","Mujeres","Iztacalco","30-34"
"13714","2030","Mujeres","Iztacalco","30-34"
"77416","2015","Mujeres","Iztapalapa","30-34"
"77022","2016","Mujeres","Iztapalapa","30-34"
"76582","2017","Mujeres","Iztapalapa","30-34"
"76088","2018","Mujeres","Iztapalapa","30-34"
"75522","2019","Mujeres","Iztapalapa","30-34"
"74881","2020","Mujeres","Iztapalapa","30-34"
"74187","2021","Mujeres","Iztapalapa","30-34"
"73421","2022","Mujeres","Iztapalapa","30-34"
"72569","2023","Mujeres","Iztapalapa","30-34"
"71634","2024","Mujeres","Iztapalapa","30-34"
"70595","2025","Mujeres","Iztapalapa","30-34"
"69430","2026","Mujeres","Iztapalapa","30-34"
"68162","2027","Mujeres","Iztapalapa","30-34"
"66872","2028","Mujeres","Iztapalapa","30-34"
"65631","2029","Mujeres","Iztapalapa","30-34"
"64515","2030","Mujeres","Iztapalapa","30-34"
"10324","2015","Mujeres","La Magdalena Contreras","30-34"
"10308","2016","Mujeres","La Magdalena Contreras","30-34"
"10283","2017","Mujeres","La Magdalena Contreras","30-34"
"10250","2018","Mujeres","La Magdalena Contreras","30-34"
"10203","2019","Mujeres","La Magdalena Contreras","30-34"
"10142","2020","Mujeres","La Magdalena Contreras","30-34"
"10069","2021","Mujeres","La Magdalena Contreras","30-34"
"9981","2022","Mujeres","La Magdalena Contreras","30-34"
"9876","2023","Mujeres","La Magdalena Contreras","30-34"
"9753","2024","Mujeres","La Magdalena Contreras","30-34"
"9610","2025","Mujeres","La Magdalena Contreras","30-34"
"9440","2026","Mujeres","La Magdalena Contreras","30-34"
"9250","2027","Mujeres","La Magdalena Contreras","30-34"
"9046","2028","Mujeres","La Magdalena Contreras","30-34"
"8841","2029","Mujeres","La Magdalena Contreras","30-34"
"8642","2030","Mujeres","La Magdalena Contreras","30-34"
"5616","2015","Mujeres","Milpa Alta","30-34"
"5672","2016","Mujeres","Milpa Alta","30-34"
"5717","2017","Mujeres","Milpa Alta","30-34"
"5752","2018","Mujeres","Milpa Alta","30-34"
"5773","2019","Mujeres","Milpa Alta","30-34"
"5779","2020","Mujeres","Milpa Alta","30-34"
"5770","2021","Mujeres","Milpa Alta","30-34"
"5745","2022","Mujeres","Milpa Alta","30-34"
"5700","2023","Mujeres","Milpa Alta","30-34"
"5636","2024","Mujeres","Milpa Alta","30-34"
"5550","2025","Mujeres","Milpa Alta","30-34"
"5439","2026","Mujeres","Milpa Alta","30-34"
"5305","2027","Mujeres","Milpa Alta","30-34"
"5152","2028","Mujeres","Milpa Alta","30-34"
"4986","2029","Mujeres","Milpa Alta","30-34"
"4811","2030","Mujeres","Milpa Alta","30-34"
"31933","2015","Mujeres","Álvaro Obregón","30-34"
"31890","2016","Mujeres","Álvaro Obregón","30-34"
"31824","2017","Mujeres","Álvaro Obregón","30-34"
"31733","2018","Mujeres","Álvaro Obregón","30-34"
"31603","2019","Mujeres","Álvaro Obregón","30-34"
"31433","2020","Mujeres","Álvaro Obregón","30-34"
"31228","2021","Mujeres","Álvaro Obregón","30-34"
"30978","2022","Mujeres","Álvaro Obregón","30-34"
"30674","2023","Mujeres","Álvaro Obregón","30-34"
"30316","2024","Mujeres","Álvaro Obregón","30-34"
"29892","2025","Mujeres","Álvaro Obregón","30-34"
"29388","2026","Mujeres","Álvaro Obregón","30-34"
"28815","2027","Mujeres","Álvaro Obregón","30-34"
"28202","2028","Mujeres","Álvaro Obregón","30-34"
"27579","2029","Mujeres","Álvaro Obregón","30-34"
"26974","2030","Mujeres","Álvaro Obregón","30-34"
"15762","2015","Mujeres","Tláhuac","30-34"
"15743","2016","Mujeres","Tláhuac","30-34"
"15705","2017","Mujeres","Tláhuac","30-34"
"15646","2018","Mujeres","Tláhuac","30-34"
"15563","2019","Mujeres","Tláhuac","30-34"
"15453","2020","Mujeres","Tláhuac","30-34"
"15321","2021","Mujeres","Tláhuac","30-34"
"15164","2022","Mujeres","Tláhuac","30-34"
"14977","2023","Mujeres","Tláhuac","30-34"
"14764","2024","Mujeres","Tláhuac","30-34"
"14519","2025","Mujeres","Tláhuac","30-34"
"14236","2026","Mujeres","Tláhuac","30-34"
"13923","2027","Mujeres","Tláhuac","30-34"
"13594","2028","Mujeres","Tláhuac","30-34"
"13266","2029","Mujeres","Tláhuac","30-34"
"12951","2030","Mujeres","Tláhuac","30-34"
"28319","2015","Mujeres","Tlalpan","30-34"
"28374","2016","Mujeres","Tlalpan","30-34"
"28402","2017","Mujeres","Tlalpan","30-34"
"28399","2018","Mujeres","Tlalpan","30-34"
"28352","2019","Mujeres","Tlalpan","30-34"
"28260","2020","Mujeres","Tlalpan","30-34"
"28124","2021","Mujeres","Tlalpan","30-34"
"27936","2022","Mujeres","Tlalpan","30-34"
"27686","2023","Mujeres","Tlalpan","30-34"
"27373","2024","Mujeres","Tlalpan","30-34"
"26986","2025","Mujeres","Tlalpan","30-34"
"26512","2026","Mujeres","Tlalpan","30-34"
"25959","2027","Mujeres","Tlalpan","30-34"
"25353","2028","Mujeres","Tlalpan","30-34"
"24721","2029","Mujeres","Tlalpan","30-34"
"24085","2030","Mujeres","Tlalpan","30-34"
"17499","2015","Mujeres","Xochimilco","30-34"
"17494","2016","Mujeres","Xochimilco","30-34"
"17472","2017","Mujeres","Xochimilco","30-34"
"17431","2018","Mujeres","Xochimilco","30-34"
"17366","2019","Mujeres","Xochimilco","30-34"
"17276","2020","Mujeres","Xochimilco","30-34"
"17163","2021","Mujeres","Xochimilco","30-34"
"17025","2022","Mujeres","Xochimilco","30-34"
"16857","2023","Mujeres","Xochimilco","30-34"
"16659","2024","Mujeres","Xochimilco","30-34"
"16426","2025","Mujeres","Xochimilco","30-34"
"16151","2026","Mujeres","Xochimilco","30-34"
"15841","2027","Mujeres","Xochimilco","30-34"
"15512","2028","Mujeres","Xochimilco","30-34"
"15182","2029","Mujeres","Xochimilco","30-34"
"14866","2030","Mujeres","Xochimilco","30-34"
"19704","2015","Mujeres","Benito Juárez","30-34"
"19955","2016","Mujeres","Benito Juárez","30-34"
"20192","2017","Mujeres","Benito Juárez","30-34"
"20409","2018","Mujeres","Benito Juárez","30-34"
"20591","2019","Mujeres","Benito Juárez","30-34"
"20732","2020","Mujeres","Benito Juárez","30-34"
"20830","2021","Mujeres","Benito Juárez","30-34"
"20873","2022","Mujeres","Benito Juárez","30-34"
"20850","2023","Mujeres","Benito Juárez","30-34"
"20755","2024","Mujeres","Benito Juárez","30-34"
"20575","2025","Mujeres","Benito Juárez","30-34"
"20293","2026","Mujeres","Benito Juárez","30-34"
"19913","2027","Mujeres","Benito Juárez","30-34"
"19451","2028","Mujeres","Benito Juárez","30-34"
"18922","2029","Mujeres","Benito Juárez","30-34"
"18341","2030","Mujeres","Benito Juárez","30-34"
"24174","2015","Mujeres","Cuauhtémoc","30-34"
"24325","2016","Mujeres","Cuauhtémoc","30-34"
"24468","2017","Mujeres","Cuauhtémoc","30-34"
"24596","2018","Mujeres","Cuauhtémoc","30-34"
"24696","2019","Mujeres","Cuauhtémoc","30-34"
"24763","2020","Mujeres","Cuauhtémoc","30-34"
"24796","2021","Mujeres","Cuauhtémoc","30-34"
"24785","2022","Mujeres","Cuauhtémoc","30-34"
"24716","2023","Mujeres","Cuauhtémoc","30-34"
"24587","2024","Mujeres","Cuauhtémoc","30-34"
"24383","2025","Mujeres","Cuauhtémoc","30-34"
"24089","2026","Mujeres","Cuauhtémoc","30-34"
"23709","2027","Mujeres","Cuauhtémoc","30-34"
"23264","2028","Mujeres","Cuauhtémoc","30-34"
"22774","2029","Mujeres","Cuauhtémoc","30-34"
"22259","2030","Mujeres","Cuauhtémoc","30-34"
"17505","2015","Mujeres","Miguel Hidalgo","30-34"
"17610","2016","Mujeres","Miguel Hidalgo","30-34"
"17705","2017","Mujeres","Miguel Hidalgo","30-34"
"17785","2018","Mujeres","Miguel Hidalgo","30-34"
"17842","2019","Mujeres","Miguel Hidalgo","30-34"
"17872","2020","Mujeres","Miguel Hidalgo","30-34"
"17875","2021","Mujeres","Miguel Hidalgo","30-34"
"17842","2022","Mujeres","Miguel Hidalgo","30-34"
"17766","2023","Mujeres","Miguel Hidalgo","30-34"
"17644","2024","Mujeres","Miguel Hidalgo","30-34"
"17466","2025","Mujeres","Miguel Hidalgo","30-34"
"17222","2026","Mujeres","Miguel Hidalgo","30-34"
"16915","2027","Mujeres","Miguel Hidalgo","30-34"
"16560","2028","Mujeres","Miguel Hidalgo","30-34"
"16172","2029","Mujeres","Miguel Hidalgo","30-34"
"15766","2030","Mujeres","Miguel Hidalgo","30-34"
"17390","2015","Mujeres","Venustiano Carranza","30-34"
"17196","2016","Mujeres","Venustiano Carranza","30-34"
"17013","2017","Mujeres","Venustiano Carranza","30-34"
"16839","2018","Mujeres","Venustiano Carranza","30-34"
"16669","2019","Mujeres","Venustiano Carranza","30-34"
"16504","2020","Mujeres","Venustiano Carranza","30-34"
"16348","2021","Mujeres","Venustiano Carranza","30-34"
"16197","2022","Mujeres","Venustiano Carranza","30-34"
"16048","2023","Mujeres","Venustiano Carranza","30-34"
"15901","2024","Mujeres","Venustiano Carranza","30-34"
"15753","2025","Mujeres","Venustiano Carranza","30-34"
"15596","2026","Mujeres","Venustiano Carranza","30-34"
"15436","2027","Mujeres","Venustiano Carranza","30-34"
"15289","2028","Mujeres","Venustiano Carranza","30-34"
"15173","2029","Mujeres","Venustiano Carranza","30-34"
"15103","2030","Mujeres","Venustiano Carranza","30-34"
"15433","2015","Hombres","Azcapotzalco","30-34"
"15376","2016","Hombres","Azcapotzalco","30-34"
"15341","2017","Hombres","Azcapotzalco","30-34"
"15310","2018","Hombres","Azcapotzalco","30-34"
"15277","2019","Hombres","Azcapotzalco","30-34"
"15242","2020","Hombres","Azcapotzalco","30-34"
"15209","2021","Hombres","Azcapotzalco","30-34"
"15170","2022","Hombres","Azcapotzalco","30-34"
"15114","2023","Hombres","Azcapotzalco","30-34"
"15039","2024","Hombres","Azcapotzalco","30-34"
"14939","2025","Hombres","Azcapotzalco","30-34"
"14813","2026","Hombres","Azcapotzalco","30-34"
"14671","2027","Hombres","Azcapotzalco","30-34"
"14533","2028","Hombres","Azcapotzalco","30-34"
"14419","2029","Hombres","Azcapotzalco","30-34"
"14349","2030","Hombres","Azcapotzalco","30-34"
"23369","2015","Hombres","Coyoacán","30-34"
"23399","2016","Hombres","Coyoacán","30-34"
"23448","2017","Hombres","Coyoacán","30-34"
"23488","2018","Hombres","Coyoacán","30-34"
"23508","2019","Hombres","Coyoacán","30-34"
"23505","2020","Hombres","Coyoacán","30-34"
"23482","2021","Hombres","Coyoacán","30-34"
"23427","2022","Hombres","Coyoacán","30-34"
"23320","2023","Hombres","Coyoacán","30-34"
"23154","2024","Hombres","Coyoacán","30-34"
"22923","2025","Hombres","Coyoacán","30-34"
"22621","2026","Hombres","Coyoacán","30-34"
"22265","2027","Hombres","Coyoacán","30-34"
"21886","2028","Hombres","Coyoacán","30-34"
"21515","2029","Hombres","Coyoacán","30-34"
"21180","2030","Hombres","Coyoacán","30-34"
"7432","2015","Hombres","Cuajimalpa de Morelos","30-34"
"7525","2016","Hombres","Cuajimalpa de Morelos","30-34"
"7619","2017","Hombres","Cuajimalpa de Morelos","30-34"
"7702","2018","Hombres","Cuajimalpa de Morelos","30-34"
"7772","2019","Hombres","Cuajimalpa de Morelos","30-34"
"7826","2020","Hombres","Cuajimalpa de Morelos","30-34"
"7864","2021","Hombres","Cuajimalpa de Morelos","30-34"
"7882","2022","Hombres","Cuajimalpa de Morelos","30-34"
"7872","2023","Hombres","Cuajimalpa de Morelos","30-34"
"7831","2024","Hombres","Cuajimalpa de Morelos","30-34"
"7756","2025","Hombres","Cuajimalpa de Morelos","30-34"
"7644","2026","Hombres","Cuajimalpa de Morelos","30-34"
"7502","2027","Hombres","Cuajimalpa de Morelos","30-34"
"7341","2028","Hombres","Cuajimalpa de Morelos","30-34"
"7169","2029","Hombres","Cuajimalpa de Morelos","30-34"
"6997","2030","Hombres","Cuajimalpa de Morelos","30-34"
"44808","2015","Hombres","Gustavo A. Madero","30-34"
"44743","2016","Hombres","Gustavo A. Madero","30-34"
"44727","2017","Hombres","Gustavo A. Madero","30-34"
"44709","2018","Hombres","Gustavo A. Madero","30-34"
"44668","2019","Hombres","Gustavo A. Madero","30-34"
"44604","2020","Hombres","Gustavo A. Madero","30-34"
"44525","2021","Hombres","Gustavo A. Madero","30-34"
"44409","2022","Hombres","Gustavo A. Madero","30-34"
"44220","2023","Hombres","Gustavo A. Madero","30-34"
"43949","2024","Hombres","Gustavo A. Madero","30-34"
"43584","2025","Hombres","Gustavo A. Madero","30-34"
"43114","2026","Hombres","Gustavo A. Madero","30-34"
"42574","2027","Hombres","Gustavo A. Madero","30-34"
"42022","2028","Hombres","Gustavo A. Madero","30-34"
"41516","2029","Hombres","Gustavo A. Madero","30-34"
"41112","2030","Hombres","Gustavo A. Madero","30-34"
"14666","2015","Hombres","Iztacalco","30-34"
"14662","2016","Hombres","Iztacalco","30-34"
"14678","2017","Hombres","Iztacalco","30-34"
"14695","2018","Hombres","Iztacalco","30-34"
"14708","2019","Hombres","Iztacalco","30-34"
"14715","2020","Hombres","Iztacalco","30-34"
"14718","2021","Hombres","Iztacalco","30-34"
"14710","2022","Hombres","Iztacalco","30-34"
"14678","2023","Hombres","Iztacalco","30-34"
"14619","2024","Hombres","Iztacalco","30-34"
"14527","2025","Hombres","Iztacalco","30-34"
"14398","2026","Hombres","Iztacalco","30-34"
"14243","2027","Hombres","Iztacalco","30-34"
"14081","2028","Hombres","Iztacalco","30-34"
"13930","2029","Hombres","Iztacalco","30-34"
"13810","2030","Hombres","Iztacalco","30-34"
"72300","2015","Hombres","Iztapalapa","30-34"
"72611","2016","Hombres","Iztapalapa","30-34"
"72952","2017","Hombres","Iztapalapa","30-34"
"73238","2018","Hombres","Iztapalapa","30-34"
"73431","2019","Hombres","Iztapalapa","30-34"
"73525","2020","Hombres","Iztapalapa","30-34"
"73536","2021","Hombres","Iztapalapa","30-34"
"73414","2022","Hombres","Iztapalapa","30-34"
"73104","2023","Hombres","Iztapalapa","30-34"
"72583","2024","Hombres","Iztapalapa","30-34"
"71834","2025","Hombres","Iztapalapa","30-34"
"70839","2026","Hombres","Iztapalapa","30-34"
"69648","2027","Hombres","Iztapalapa","30-34"
"68373","2028","Hombres","Iztapalapa","30-34"
"67101","2029","Hombres","Iztapalapa","30-34"
"65926","2030","Hombres","Iztapalapa","30-34"
"9293","2015","Hombres","La Magdalena Contreras","30-34"
"9362","2016","Hombres","La Magdalena Contreras","30-34"
"9435","2017","Hombres","La Magdalena Contreras","30-34"
"9498","2018","Hombres","La Magdalena Contreras","30-34"
"9547","2019","Hombres","La Magdalena Contreras","30-34"
"9581","2020","Hombres","La Magdalena Contreras","30-34"
"9600","2021","Hombres","La Magdalena Contreras","30-34"
"9599","2022","Hombres","La Magdalena Contreras","30-34"
"9568","2023","Hombres","La Magdalena Contreras","30-34"
"9505","2024","Hombres","La Magdalena Contreras","30-34"
"9406","2025","Hombres","La Magdalena Contreras","30-34"
"9268","2026","Hombres","La Magdalena Contreras","30-34"
"9100","2027","Hombres","La Magdalena Contreras","30-34"
"8913","2028","Hombres","La Magdalena Contreras","30-34"
"8720","2029","Hombres","La Magdalena Contreras","30-34"
"8533","2030","Hombres","La Magdalena Contreras","30-34"
"5014","2015","Hombres","Milpa Alta","30-34"
"5103","2016","Hombres","Milpa Alta","30-34"
"5190","2017","Hombres","Milpa Alta","30-34"
"5267","2018","Hombres","Milpa Alta","30-34"
"5333","2019","Hombres","Milpa Alta","30-34"
"5384","2020","Hombres","Milpa Alta","30-34"
"5421","2021","Hombres","Milpa Alta","30-34"
"5440","2022","Hombres","Milpa Alta","30-34"
"5436","2023","Hombres","Milpa Alta","30-34"
"5406","2024","Hombres","Milpa Alta","30-34"
"5348","2025","Hombres","Milpa Alta","30-34"
"5260","2026","Hombres","Milpa Alta","30-34"
"5146","2027","Hombres","Milpa Alta","30-34"
"5013","2028","Hombres","Milpa Alta","30-34"
"4868","2029","Hombres","Milpa Alta","30-34"
"4718","2030","Hombres","Milpa Alta","30-34"
"29189","2015","Hombres","Álvaro Obregón","30-34"
"29466","2016","Hombres","Álvaro Obregón","30-34"
"29754","2017","Hombres","Álvaro Obregón","30-34"
"30016","2018","Hombres","Álvaro Obregón","30-34"
"30235","2019","Hombres","Álvaro Obregón","30-34"
"30405","2020","Hombres","Álvaro Obregón","30-34"
"30526","2021","Hombres","Álvaro Obregón","30-34"
"30578","2022","Hombres","Álvaro Obregón","30-34"
"30534","2023","Hombres","Álvaro Obregón","30-34"
"30381","2024","Hombres","Álvaro Obregón","30-34"
"30107","2025","Hombres","Álvaro Obregón","30-34"
"29704","2026","Hombres","Álvaro Obregón","30-34"
"29191","2027","Hombres","Álvaro Obregón","30-34"
"28610","2028","Hombres","Álvaro Obregón","30-34"
"27998","2029","Hombres","Álvaro Obregón","30-34"
"27394","2030","Hombres","Álvaro Obregón","30-34"
"13782","2015","Hombres","Tláhuac","30-34"
"13864","2016","Hombres","Tláhuac","30-34"
"13945","2017","Hombres","Tláhuac","30-34"
"14010","2018","Hombres","Tláhuac","30-34"
"14052","2019","Hombres","Tláhuac","30-34"
"14070","2020","Hombres","Tláhuac","30-34"
"14067","2021","Hombres","Tláhuac","30-34"
"14034","2022","Hombres","Tláhuac","30-34"
"13961","2023","Hombres","Tláhuac","30-34"
"13844","2024","Hombres","Tláhuac","30-34"
"13680","2025","Hombres","Tláhuac","30-34"
"13468","2026","Hombres","Tláhuac","30-34"
"13217","2027","Hombres","Tláhuac","30-34"
"12948","2028","Hombres","Tláhuac","30-34"
"12679","2029","Hombres","Tláhuac","30-34"
"12428","2030","Hombres","Tláhuac","30-34"
"25756","2015","Hombres","Tlalpan","30-34"
"26090","2016","Hombres","Tlalpan","30-34"
"26427","2017","Hombres","Tlalpan","30-34"
"26732","2018","Hombres","Tlalpan","30-34"
"26987","2019","Hombres","Tlalpan","30-34"
"27188","2020","Hombres","Tlalpan","30-34"
"27332","2021","Hombres","Tlalpan","30-34"
"27402","2022","Hombres","Tlalpan","30-34"
"27369","2023","Hombres","Tlalpan","30-34"
"27223","2024","Hombres","Tlalpan","30-34"
"26952","2025","Hombres","Tlalpan","30-34"
"26547","2026","Hombres","Tlalpan","30-34"
"26027","2027","Hombres","Tlalpan","30-34"
"25427","2028","Hombres","Tlalpan","30-34"
"24783","2029","Hombres","Tlalpan","30-34"
"24126","2030","Hombres","Tlalpan","30-34"
"16779","2015","Hombres","Xochimilco","30-34"
"16917","2016","Hombres","Xochimilco","30-34"
"17055","2017","Hombres","Xochimilco","30-34"
"17170","2018","Hombres","Xochimilco","30-34"
"17254","2019","Hombres","Xochimilco","30-34"
"17304","2020","Hombres","Xochimilco","30-34"
"17321","2021","Hombres","Xochimilco","30-34"
"17294","2022","Hombres","Xochimilco","30-34"
"17210","2023","Hombres","Xochimilco","30-34"
"17062","2024","Hombres","Xochimilco","30-34"
"16845","2025","Hombres","Xochimilco","30-34"
"16555","2026","Hombres","Xochimilco","30-34"
"16206","2027","Hombres","Xochimilco","30-34"
"15822","2028","Hombres","Xochimilco","30-34"
"15424","2029","Hombres","Xochimilco","30-34"
"15034","2030","Hombres","Xochimilco","30-34"
"17499","2015","Hombres","Benito Juárez","30-34"
"17933","2016","Hombres","Benito Juárez","30-34"
"18372","2017","Hombres","Benito Juárez","30-34"
"18789","2018","Hombres","Benito Juárez","30-34"
"19167","2019","Hombres","Benito Juárez","30-34"
"19497","2020","Hombres","Benito Juárez","30-34"
"19774","2021","Hombres","Benito Juárez","30-34"
"19980","2022","Hombres","Benito Juárez","30-34"
"20090","2023","Hombres","Benito Juárez","30-34"
"20089","2024","Hombres","Benito Juárez","30-34"
"19965","2025","Hombres","Benito Juárez","30-34"
"19707","2026","Hombres","Benito Juárez","30-34"
"19325","2027","Hombres","Benito Juárez","30-34"
"18842","2028","Hombres","Benito Juárez","30-34"
"18282","2029","Hombres","Benito Juárez","30-34"
"17666","2030","Hombres","Benito Juárez","30-34"
"22816","2015","Hombres","Cuauhtémoc","30-34"
"23239","2016","Hombres","Cuauhtémoc","30-34"
"23678","2017","Hombres","Cuauhtémoc","30-34"
"24099","2018","Hombres","Cuauhtémoc","30-34"
"24483","2019","Hombres","Cuauhtémoc","30-34"
"24821","2020","Hombres","Cuauhtémoc","30-34"
"25110","2021","Hombres","Cuauhtémoc","30-34"
"25327","2022","Hombres","Cuauhtémoc","30-34"
"25444","2023","Hombres","Cuauhtémoc","30-34"
"25445","2024","Hombres","Cuauhtémoc","30-34"
"25316","2025","Hombres","Cuauhtémoc","30-34"
"25044","2026","Hombres","Cuauhtémoc","30-34"
"24642","2027","Hombres","Cuauhtémoc","30-34"
"24141","2028","Hombres","Cuauhtémoc","30-34"
"23572","2029","Hombres","Cuauhtémoc","30-34"
"22962","2030","Hombres","Cuauhtémoc","30-34"
"15184","2015","Hombres","Miguel Hidalgo","30-34"
"15421","2016","Hombres","Miguel Hidalgo","30-34"
"15667","2017","Hombres","Miguel Hidalgo","30-34"
"15900","2018","Hombres","Miguel Hidalgo","30-34"
"16108","2019","Hombres","Miguel Hidalgo","30-34"
"16287","2020","Hombres","Miguel Hidalgo","30-34"
"16434","2021","Hombres","Miguel Hidalgo","30-34"
"16537","2022","Hombres","Miguel Hidalgo","30-34"
"16577","2023","Hombres","Miguel Hidalgo","30-34"
"16546","2024","Hombres","Miguel Hidalgo","30-34"
"16435","2025","Hombres","Miguel Hidalgo","30-34"
"16237","2026","Hombres","Miguel Hidalgo","30-34"
"15961","2027","Hombres","Miguel Hidalgo","30-34"
"15628","2028","Hombres","Miguel Hidalgo","30-34"
"15259","2029","Hombres","Miguel Hidalgo","30-34"
"14871","2030","Hombres","Miguel Hidalgo","30-34"
"16117","2015","Hombres","Venustiano Carranza","30-34"
"16137","2016","Hombres","Venustiano Carranza","30-34"
"16180","2017","Hombres","Venustiano Carranza","30-34"
"16229","2018","Hombres","Venustiano Carranza","30-34"
"16275","2019","Hombres","Venustiano Carranza","30-34"
"16316","2020","Hombres","Venustiano Carranza","30-34"
"16353","2021","Hombres","Venustiano Carranza","30-34"
"16378","2022","Hombres","Venustiano Carranza","30-34"
"16377","2023","Hombres","Venustiano Carranza","30-34"
"16343","2024","Hombres","Venustiano Carranza","30-34"
"16271","2025","Hombres","Venustiano Carranza","30-34"
"16155","2026","Hombres","Venustiano Carranza","30-34"
"16007","2027","Hombres","Venustiano Carranza","30-34"
"15846","2028","Hombres","Venustiano Carranza","30-34"
"15694","2029","Hombres","Venustiano Carranza","30-34"
"15570","2030","Hombres","Venustiano Carranza","30-34"
"17141","2015","Mujeres","Azcapotzalco","35-39"
"16893","2016","Mujeres","Azcapotzalco","35-39"
"16691","2017","Mujeres","Azcapotzalco","35-39"
"16516","2018","Mujeres","Azcapotzalco","35-39"
"16363","2019","Mujeres","Azcapotzalco","35-39"
"16227","2020","Mujeres","Azcapotzalco","35-39"
"16103","2021","Mujeres","Azcapotzalco","35-39"
"15991","2022","Mujeres","Azcapotzalco","35-39"
"15889","2023","Mujeres","Azcapotzalco","35-39"
"15791","2024","Mujeres","Azcapotzalco","35-39"
"15700","2025","Mujeres","Azcapotzalco","35-39"
"15617","2026","Mujeres","Azcapotzalco","35-39"
"15541","2027","Mujeres","Azcapotzalco","35-39"
"15468","2028","Mujeres","Azcapotzalco","35-39"
"15399","2029","Mujeres","Azcapotzalco","35-39"
"15332","2030","Mujeres","Azcapotzalco","35-39"
"25553","2015","Mujeres","Coyoacán","35-39"
"25270","2016","Mujeres","Coyoacán","35-39"
"25056","2017","Mujeres","Coyoacán","35-39"
"24881","2018","Mujeres","Coyoacán","35-39"
"24738","2019","Mujeres","Coyoacán","35-39"
"24616","2020","Mujeres","Coyoacán","35-39"
"24509","2021","Mujeres","Coyoacán","35-39"
"24414","2022","Mujeres","Coyoacán","35-39"
"24326","2023","Mujeres","Coyoacán","35-39"
"24236","2024","Mujeres","Coyoacán","35-39"
"24144","2025","Mujeres","Coyoacán","35-39"
"24054","2026","Mujeres","Coyoacán","35-39"
"23961","2027","Mujeres","Coyoacán","35-39"
"23857","2028","Mujeres","Coyoacán","35-39"
"23743","2029","Mujeres","Coyoacán","35-39"
"23612","2030","Mujeres","Coyoacán","35-39"
"8586","2015","Mujeres","Cuajimalpa de Morelos","35-39"
"8623","2016","Mujeres","Cuajimalpa de Morelos","35-39"
"8668","2017","Mujeres","Cuajimalpa de Morelos","35-39"
"8710","2018","Mujeres","Cuajimalpa de Morelos","35-39"
"8746","2019","Mujeres","Cuajimalpa de Morelos","35-39"
"8771","2020","Mujeres","Cuajimalpa de Morelos","35-39"
"8783","2021","Mujeres","Cuajimalpa de Morelos","35-39"
"8780","2022","Mujeres","Cuajimalpa de Morelos","35-39"
"8758","2023","Mujeres","Cuajimalpa de Morelos","35-39"
"8713","2024","Mujeres","Cuajimalpa de Morelos","35-39"
"8645","2025","Mujeres","Cuajimalpa de Morelos","35-39"
"8553","2026","Mujeres","Cuajimalpa de Morelos","35-39"
"8435","2027","Mujeres","Cuajimalpa de Morelos","35-39"
"8286","2028","Mujeres","Cuajimalpa de Morelos","35-39"
"8107","2029","Mujeres","Cuajimalpa de Morelos","35-39"
"7893","2030","Mujeres","Cuajimalpa de Morelos","35-39"
"47234","2015","Mujeres","Gustavo A. Madero","35-39"
"46638","2016","Mujeres","Gustavo A. Madero","35-39"
"46157","2017","Mujeres","Gustavo A. Madero","35-39"
"45738","2018","Mujeres","Gustavo A. Madero","35-39"
"45368","2019","Mujeres","Gustavo A. Madero","35-39"
"45033","2020","Mujeres","Gustavo A. Madero","35-39"
"44719","2021","Mujeres","Gustavo A. Madero","35-39"
"44422","2022","Mujeres","Gustavo A. Madero","35-39"
"44136","2023","Mujeres","Gustavo A. Madero","35-39"
"43847","2024","Mujeres","Gustavo A. Madero","35-39"
"43556","2025","Mujeres","Gustavo A. Madero","35-39"
"43270","2026","Mujeres","Gustavo A. Madero","35-39"
"42982","2027","Mujeres","Gustavo A. Madero","35-39"
"42682","2028","Mujeres","Gustavo A. Madero","35-39"
"42373","2029","Mujeres","Gustavo A. Madero","35-39"
"42043","2030","Mujeres","Gustavo A. Madero","35-39"
"16232","2015","Mujeres","Iztacalco","35-39"
"16058","2016","Mujeres","Iztacalco","35-39"
"15925","2017","Mujeres","Iztacalco","35-39"
"15813","2018","Mujeres","Iztacalco","35-39"
"15718","2019","Mujeres","Iztacalco","35-39"
"15633","2020","Mujeres","Iztacalco","35-39"
"15555","2021","Mujeres","Iztacalco","35-39"
"15480","2022","Mujeres","Iztacalco","35-39"
"15407","2023","Mujeres","Iztacalco","35-39"
"15330","2024","Mujeres","Iztacalco","35-39"
"15249","2025","Mujeres","Iztacalco","35-39"
"15166","2026","Mujeres","Iztacalco","35-39"
"15077","2027","Mujeres","Iztacalco","35-39"
"14979","2028","Mujeres","Iztacalco","35-39"
"14873","2029","Mujeres","Iztacalco","35-39"
"14753","2030","Mujeres","Iztacalco","35-39"
"74602","2015","Mujeres","Iztapalapa","35-39"
"74058","2016","Mujeres","Iztapalapa","35-39"
"73651","2017","Mujeres","Iztapalapa","35-39"
"73296","2018","Mujeres","Iztapalapa","35-39"
"72977","2019","Mujeres","Iztapalapa","35-39"
"72671","2020","Mujeres","Iztapalapa","35-39"
"72353","2021","Mujeres","Iztapalapa","35-39"
"72012","2022","Mujeres","Iztapalapa","35-39"
"71647","2023","Mujeres","Iztapalapa","35-39"
"71222","2024","Mujeres","Iztapalapa","35-39"
"70737","2025","Mujeres","Iztapalapa","35-39"
"70210","2026","Mujeres","Iztapalapa","35-39"
"69618","2027","Mujeres","Iztapalapa","35-39"
"68949","2028","Mujeres","Iztapalapa","35-39"
"68206","2029","Mujeres","Iztapalapa","35-39"
"67367","2030","Mujeres","Iztapalapa","35-39"
"10238","2015","Mujeres","La Magdalena Contreras","35-39"
"10213","2016","Mujeres","La Magdalena Contreras","35-39"
"10204","2017","Mujeres","La Magdalena Contreras","35-39"
"10199","2018","Mujeres","La Magdalena Contreras","35-39"
"10194","2019","Mujeres","La Magdalena Contreras","35-39"
"10185","2020","Mujeres","La Magdalena Contreras","35-39"
"10167","2021","Mujeres","La Magdalena Contreras","35-39"
"10141","2022","Mujeres","La Magdalena Contreras","35-39"
"10102","2023","Mujeres","La Magdalena Contreras","35-39"
"10047","2024","Mujeres","La Magdalena Contreras","35-39"
"9974","2025","Mujeres","La Magdalena Contreras","35-39"
"9884","2026","Mujeres","La Magdalena Contreras","35-39"
"9775","2027","Mujeres","La Magdalena Contreras","35-39"
"9642","2028","Mujeres","La Magdalena Contreras","35-39"
"9486","2029","Mujeres","La Magdalena Contreras","35-39"
"9303","2030","Mujeres","La Magdalena Contreras","35-39"
"5513","2015","Mujeres","Milpa Alta","35-39"
"5558","2016","Mujeres","Milpa Alta","35-39"
"5607","2017","Mujeres","Milpa Alta","35-39"
"5652","2018","Mujeres","Milpa Alta","35-39"
"5691","2019","Mujeres","Milpa Alta","35-39"
"5722","2020","Mujeres","Milpa Alta","35-39"
"5742","2021","Mujeres","Milpa Alta","35-39"
"5751","2022","Mujeres","Milpa Alta","35-39"
"5744","2023","Mujeres","Milpa Alta","35-39"
"5721","2024","Mujeres","Milpa Alta","35-39"
"5680","2025","Mujeres","Milpa Alta","35-39"
"5620","2026","Mujeres","Milpa Alta","35-39"
"5540","2027","Mujeres","Milpa Alta","35-39"
"5438","2028","Mujeres","Milpa Alta","35-39"
"5310","2029","Mujeres","Milpa Alta","35-39"
"5158","2030","Mujeres","Milpa Alta","35-39"
"31659","2015","Mujeres","Álvaro Obregón","35-39"
"31574","2016","Mujeres","Álvaro Obregón","35-39"
"31542","2017","Mujeres","Álvaro Obregón","35-39"
"31526","2018","Mujeres","Álvaro Obregón","35-39"
"31516","2019","Mujeres","Álvaro Obregón","35-39"
"31498","2020","Mujeres","Álvaro Obregón","35-39"
"31460","2021","Mujeres","Álvaro Obregón","35-39"
"31398","2022","Mujeres","Álvaro Obregón","35-39"
"31303","2023","Mujeres","Álvaro Obregón","35-39"
"31162","2024","Mujeres","Álvaro Obregón","35-39"
"30971","2025","Mujeres","Álvaro Obregón","35-39"
"30733","2026","Mujeres","Álvaro Obregón","35-39"
"30439","2027","Mujeres","Álvaro Obregón","35-39"
"30078","2028","Mujeres","Álvaro Obregón","35-39"
"29649","2029","Mujeres","Álvaro Obregón","35-39"
"29140","2030","Mujeres","Álvaro Obregón","35-39"
"15710","2015","Mujeres","Tláhuac","35-39"
"15697","2016","Mujeres","Tláhuac","35-39"
"15700","2017","Mujeres","Tláhuac","35-39"
"15702","2018","Mujeres","Tláhuac","35-39"
"15696","2019","Mujeres","Tláhuac","35-39"
"15677","2020","Mujeres","Tláhuac","35-39"
"15640","2021","Mujeres","Tláhuac","35-39"
"15582","2022","Mujeres","Tláhuac","35-39"
"15500","2023","Mujeres","Tláhuac","35-39"
"15387","2024","Mujeres","Tláhuac","35-39"
"15243","2025","Mujeres","Tláhuac","35-39"
"15068","2026","Mujeres","Tláhuac","35-39"
"14859","2027","Mujeres","Tláhuac","35-39"
"14611","2028","Mujeres","Tláhuac","35-39"
"14324","2029","Mujeres","Tláhuac","35-39"
"13992","2030","Mujeres","Tláhuac","35-39"
"27549","2015","Mujeres","Tlalpan","35-39"
"27495","2016","Mujeres","Tlalpan","35-39"
"27486","2017","Mujeres","Tlalpan","35-39"
"27490","2018","Mujeres","Tlalpan","35-39"
"27499","2019","Mujeres","Tlalpan","35-39"
"27501","2020","Mujeres","Tlalpan","35-39"
"27485","2021","Mujeres","Tlalpan","35-39"
"27449","2022","Mujeres","Tlalpan","35-39"
"27384","2023","Mujeres","Tlalpan","35-39"
"27280","2024","Mujeres","Tlalpan","35-39"
"27133","2025","Mujeres","Tlalpan","35-39"
"26946","2026","Mujeres","Tlalpan","35-39"
"26711","2027","Mujeres","Tlalpan","35-39"
"26419","2028","Mujeres","Tlalpan","35-39"
"26069","2029","Mujeres","Tlalpan","35-39"
"25650","2030","Mujeres","Tlalpan","35-39"
"17104","2015","Mujeres","Xochimilco","35-39"
"17047","2016","Mujeres","Xochimilco","35-39"
"17016","2017","Mujeres","Xochimilco","35-39"
"16992","2018","Mujeres","Xochimilco","35-39"
"16971","2019","Mujeres","Xochimilco","35-39"
"16945","2020","Mujeres","Xochimilco","35-39"
"16909","2021","Mujeres","Xochimilco","35-39"
"16862","2022","Mujeres","Xochimilco","35-39"
"16800","2023","Mujeres","Xochimilco","35-39"
"16717","2024","Mujeres","Xochimilco","35-39"
"16612","2025","Mujeres","Xochimilco","35-39"
"16487","2026","Mujeres","Xochimilco","35-39"
"16339","2027","Mujeres","Xochimilco","35-39"
"16162","2028","Mujeres","Xochimilco","35-39"
"15957","2029","Mujeres","Xochimilco","35-39"
"15719","2030","Mujeres","Xochimilco","35-39"
"18897","2015","Mujeres","Benito Juárez","35-39"
"18959","2016","Mujeres","Benito Juárez","35-39"
"19061","2017","Mujeres","Benito Juárez","35-39"
"19179","2018","Mujeres","Benito Juárez","35-39"
"19305","2019","Mujeres","Benito Juárez","35-39"
"19429","2020","Mujeres","Benito Juárez","35-39"
"19542","2021","Mujeres","Benito Juárez","35-39"
"19639","2022","Mujeres","Benito Juárez","35-39"
"19713","2023","Mujeres","Benito Juárez","35-39"
"19753","2024","Mujeres","Benito Juárez","35-39"
"19757","2025","Mujeres","Benito Juárez","35-39"
"19722","2026","Mujeres","Benito Juárez","35-39"
"19640","2027","Mujeres","Benito Juárez","35-39"
"19504","2028","Mujeres","Benito Juárez","35-39"
"19309","2029","Mujeres","Benito Juárez","35-39"
"19045","2030","Mujeres","Benito Juárez","35-39"
"22545","2015","Mujeres","Cuauhtémoc","35-39"
"22422","2016","Mujeres","Cuauhtémoc","35-39"
"22356","2017","Mujeres","Cuauhtémoc","35-39"
"22321","2018","Mujeres","Cuauhtémoc","35-39"
"22308","2019","Mujeres","Cuauhtémoc","35-39"
"22308","2020","Mujeres","Cuauhtémoc","35-39"
"22313","2021","Mujeres","Cuauhtémoc","35-39"
"22320","2022","Mujeres","Cuauhtémoc","35-39"
"22322","2023","Mujeres","Cuauhtémoc","35-39"
"22311","2024","Mujeres","Cuauhtémoc","35-39"
"22284","2025","Mujeres","Cuauhtémoc","35-39"
"22243","2026","Mujeres","Cuauhtémoc","35-39"
"22182","2027","Mujeres","Cuauhtémoc","35-39"
"22093","2028","Mujeres","Cuauhtémoc","35-39"
"21975","2029","Mujeres","Cuauhtémoc","35-39"
"21819","2030","Mujeres","Cuauhtémoc","35-39"
"16864","2015","Mujeres","Miguel Hidalgo","35-39"
"16864","2016","Mujeres","Miguel Hidalgo","35-39"
"16898","2017","Mujeres","Miguel Hidalgo","35-39"
"16945","2018","Mujeres","Miguel Hidalgo","35-39"
"16998","2019","Mujeres","Miguel Hidalgo","35-39"
"17051","2020","Mujeres","Miguel Hidalgo","35-39"
"17095","2021","Mujeres","Miguel Hidalgo","35-39"
"17126","2022","Mujeres","Miguel Hidalgo","35-39"
"17139","2023","Mujeres","Miguel Hidalgo","35-39"
"17126","2024","Mujeres","Miguel Hidalgo","35-39"
"17084","2025","Mujeres","Miguel Hidalgo","35-39"
"17013","2026","Mujeres","Miguel Hidalgo","35-39"
"16907","2027","Mujeres","Miguel Hidalgo","35-39"
"16758","2028","Mujeres","Miguel Hidalgo","35-39"
"16565","2029","Mujeres","Miguel Hidalgo","35-39"
"16320","2030","Mujeres","Miguel Hidalgo","35-39"
"17662","2015","Mujeres","Venustiano Carranza","35-39"
"17420","2016","Mujeres","Venustiano Carranza","35-39"
"17229","2017","Mujeres","Venustiano Carranza","35-39"
"17070","2018","Mujeres","Venustiano Carranza","35-39"
"16938","2019","Mujeres","Venustiano Carranza","35-39"
"16827","2020","Mujeres","Venustiano Carranza","35-39"
"16732","2021","Mujeres","Venustiano Carranza","35-39"
"16652","2022","Mujeres","Venustiano Carranza","35-39"
"16586","2023","Mujeres","Venustiano Carranza","35-39"
"16528","2024","Mujeres","Venustiano Carranza","35-39"
"16478","2025","Mujeres","Venustiano Carranza","35-39"
"16441","2026","Mujeres","Venustiano Carranza","35-39"
"16412","2027","Mujeres","Venustiano Carranza","35-39"
"16388","2028","Mujeres","Venustiano Carranza","35-39"
"16371","2029","Mujeres","Venustiano Carranza","35-39"
"16355","2030","Mujeres","Venustiano Carranza","35-39"
"14679","2015","Hombres","Azcapotzalco","35-39"
"14455","2016","Hombres","Azcapotzalco","35-39"
"14331","2017","Hombres","Azcapotzalco","35-39"
"14265","2018","Hombres","Azcapotzalco","35-39"
"14249","2019","Hombres","Azcapotzalco","35-39"
"14267","2020","Hombres","Azcapotzalco","35-39"
"14308","2021","Hombres","Azcapotzalco","35-39"
"14363","2022","Hombres","Azcapotzalco","35-39"
"14427","2023","Hombres","Azcapotzalco","35-39"
"14493","2024","Hombres","Azcapotzalco","35-39"
"14561","2025","Hombres","Azcapotzalco","35-39"
"14631","2026","Hombres","Azcapotzalco","35-39"
"14698","2027","Hombres","Azcapotzalco","35-39"
"14749","2028","Hombres","Azcapotzalco","35-39"
"14777","2029","Hombres","Azcapotzalco","35-39"
"14777","2030","Hombres","Azcapotzalco","35-39"
"21719","2015","Hombres","Coyoacán","35-39"
"21492","2016","Hombres","Coyoacán","35-39"
"21410","2017","Hombres","Coyoacán","35-39"
"21409","2018","Hombres","Coyoacán","35-39"
"21474","2019","Hombres","Coyoacán","35-39"
"21585","2020","Hombres","Coyoacán","35-39"
"21720","2021","Hombres","Coyoacán","35-39"
"21866","2022","Hombres","Coyoacán","35-39"
"22011","2023","Hombres","Coyoacán","35-39"
"22144","2024","Hombres","Coyoacán","35-39"
"22261","2025","Hombres","Coyoacán","35-39"
"22365","2026","Hombres","Coyoacán","35-39"
"22441","2027","Hombres","Coyoacán","35-39"
"22470","2028","Hombres","Coyoacán","35-39"
"22442","2029","Hombres","Coyoacán","35-39"
"22348","2030","Hombres","Coyoacán","35-39"
"7241","2015","Hombres","Cuajimalpa de Morelos","35-39"
"7249","2016","Hombres","Cuajimalpa de Morelos","35-39"
"7295","2017","Hombres","Cuajimalpa de Morelos","35-39"
"7358","2018","Hombres","Cuajimalpa de Morelos","35-39"
"7434","2019","Hombres","Cuajimalpa de Morelos","35-39"
"7515","2020","Hombres","Cuajimalpa de Morelos","35-39"
"7593","2021","Hombres","Cuajimalpa de Morelos","35-39"
"7663","2022","Hombres","Cuajimalpa de Morelos","35-39"
"7720","2023","Hombres","Cuajimalpa de Morelos","35-39"
"7759","2024","Hombres","Cuajimalpa de Morelos","35-39"
"7780","2025","Hombres","Cuajimalpa de Morelos","35-39"
"7781","2026","Hombres","Cuajimalpa de Morelos","35-39"
"7758","2027","Hombres","Cuajimalpa de Morelos","35-39"
"7704","2028","Hombres","Cuajimalpa de Morelos","35-39"
"7616","2029","Hombres","Cuajimalpa de Morelos","35-39"
"7491","2030","Hombres","Cuajimalpa de Morelos","35-39"
"41757","2015","Hombres","Gustavo A. Madero","35-39"
"41200","2016","Hombres","Gustavo A. Madero","35-39"
"40915","2017","Hombres","Gustavo A. Madero","35-39"
"40784","2018","Hombres","Gustavo A. Madero","35-39"
"40779","2019","Hombres","Gustavo A. Madero","35-39"
"40861","2020","Hombres","Gustavo A. Madero","35-39"
"40991","2021","Hombres","Gustavo A. Madero","35-39"
"41146","2022","Hombres","Gustavo A. Madero","35-39"
"41307","2023","Hombres","Gustavo A. Madero","35-39"
"41456","2024","Hombres","Gustavo A. Madero","35-39"
"41588","2025","Hombres","Gustavo A. Madero","35-39"
"41710","2026","Hombres","Gustavo A. Madero","35-39"
"41800","2027","Hombres","Gustavo A. Madero","35-39"
"41821","2028","Hombres","Gustavo A. Madero","35-39"
"41758","2029","Hombres","Gustavo A. Madero","35-39"
"41596","2030","Hombres","Gustavo A. Madero","35-39"
"14128","2015","Hombres","Iztacalco","35-39"
"13976","2016","Hombres","Iztacalco","35-39"
"13917","2017","Hombres","Iztacalco","35-39"
"13912","2018","Hombres","Iztacalco","35-39"
"13950","2019","Hombres","Iztacalco","35-39"
"14019","2020","Hombres","Iztacalco","35-39"
"14104","2021","Hombres","Iztacalco","35-39"
"14197","2022","Hombres","Iztacalco","35-39"
"14291","2023","Hombres","Iztacalco","35-39"
"14380","2024","Hombres","Iztacalco","35-39"
"14460","2025","Hombres","Iztacalco","35-39"
"14535","2026","Hombres","Iztacalco","35-39"
"14594","2027","Hombres","Iztacalco","35-39"
"14625","2028","Hombres","Iztacalco","35-39"
"14622","2029","Hombres","Iztacalco","35-39"
"14579","2030","Hombres","Iztacalco","35-39"
"66086","2015","Hombres","Iztapalapa","35-39"
"65511","2016","Hombres","Iztapalapa","35-39"
"65338","2017","Hombres","Iztapalapa","35-39"
"65381","2018","Hombres","Iztapalapa","35-39"
"65593","2019","Hombres","Iztapalapa","35-39"
"65919","2020","Hombres","Iztapalapa","35-39"
"66286","2021","Hombres","Iztapalapa","35-39"
"66660","2022","Hombres","Iztapalapa","35-39"
"67013","2023","Hombres","Iztapalapa","35-39"
"67301","2024","Hombres","Iztapalapa","35-39"
"67525","2025","Hombres","Iztapalapa","35-39"
"67692","2026","Hombres","Iztapalapa","35-39"
"67762","2027","Hombres","Iztapalapa","35-39"
"67676","2028","Hombres","Iztapalapa","35-39"
"67414","2029","Hombres","Iztapalapa","35-39"
"66945","2030","Hombres","Iztapalapa","35-39"
"8824","2015","Hombres","La Magdalena Contreras","35-39"
"8796","2016","Hombres","La Magdalena Contreras","35-39"
"8818","2017","Hombres","La Magdalena Contreras","35-39"
"8865","2018","Hombres","La Magdalena Contreras","35-39"
"8931","2019","Hombres","La Magdalena Contreras","35-39"
"9008","2020","Hombres","La Magdalena Contreras","35-39"
"9085","2021","Hombres","La Magdalena Contreras","35-39"
"9156","2022","Hombres","La Magdalena Contreras","35-39"
"9217","2023","Hombres","La Magdalena Contreras","35-39"
"9261","2024","Hombres","La Magdalena Contreras","35-39"
"9288","2025","Hombres","La Magdalena Contreras","35-39"
"9296","2026","Hombres","La Magdalena Contreras","35-39"
"9281","2027","Hombres","La Magdalena Contreras","35-39"
"9234","2028","Hombres","La Magdalena Contreras","35-39"
"9151","2029","Hombres","La Magdalena Contreras","35-39"
"9029","2030","Hombres","La Magdalena Contreras","35-39"
"4742","2015","Hombres","Milpa Alta","35-39"
"4766","2016","Hombres","Milpa Alta","35-39"
"4815","2017","Hombres","Milpa Alta","35-39"
"4873","2018","Hombres","Milpa Alta","35-39"
"4938","2019","Hombres","Milpa Alta","35-39"
"5005","2020","Hombres","Milpa Alta","35-39"
"5069","2021","Hombres","Milpa Alta","35-39"
"5126","2022","Hombres","Milpa Alta","35-39"
"5172","2023","Hombres","Milpa Alta","35-39"
"5204","2024","Hombres","Milpa Alta","35-39"
"5221","2025","Hombres","Milpa Alta","35-39"
"5223","2026","Hombres","Milpa Alta","35-39"
"5206","2027","Hombres","Milpa Alta","35-39"
"5165","2028","Hombres","Milpa Alta","35-39"
"5099","2029","Hombres","Milpa Alta","35-39"
"5005","2030","Hombres","Milpa Alta","35-39"
"27659","2015","Hombres","Álvaro Obregón","35-39"
"27606","2016","Hombres","Álvaro Obregón","35-39"
"27714","2017","Hombres","Álvaro Obregón","35-39"
"27903","2018","Hombres","Álvaro Obregón","35-39"
"28153","2019","Hombres","Álvaro Obregón","35-39"
"28437","2020","Hombres","Álvaro Obregón","35-39"
"28724","2021","Hombres","Álvaro Obregón","35-39"
"28994","2022","Hombres","Álvaro Obregón","35-39"
"29231","2023","Hombres","Álvaro Obregón","35-39"
"29415","2024","Hombres","Álvaro Obregón","35-39"
"29541","2025","Hombres","Álvaro Obregón","35-39"
"29610","2026","Hombres","Álvaro Obregón","35-39"
"29601","2027","Hombres","Álvaro Obregón","35-39"
"29486","2028","Hombres","Álvaro Obregón","35-39"
"29254","2029","Hombres","Álvaro Obregón","35-39"
"28894","2030","Hombres","Álvaro Obregón","35-39"
"13417","2015","Hombres","Tláhuac","35-39"
"13366","2016","Hombres","Tláhuac","35-39"
"13388","2017","Hombres","Tláhuac","35-39"
"13444","2018","Hombres","Tláhuac","35-39"
"13526","2019","Hombres","Tláhuac","35-39"
"13620","2020","Hombres","Tláhuac","35-39"
"13715","2021","Hombres","Tláhuac","35-39"
"13800","2022","Hombres","Tláhuac","35-39"
"13868","2023","Hombres","Tláhuac","35-39"
"13914","2024","Hombres","Tláhuac","35-39"
"13933","2025","Hombres","Tláhuac","35-39"
"13929","2026","Hombres","Tláhuac","35-39"
"13892","2027","Hombres","Tláhuac","35-39"
"13811","2028","Hombres","Tláhuac","35-39"
"13682","2029","Hombres","Tláhuac","35-39"
"13500","2030","Hombres","Tláhuac","35-39"
"23964","2015","Hombres","Tlalpan","35-39"
"23949","2016","Hombres","Tlalpan","35-39"
"24072","2017","Hombres","Tlalpan","35-39"
"24265","2018","Hombres","Tlalpan","35-39"
"24513","2019","Hombres","Tlalpan","35-39"
"24789","2020","Hombres","Tlalpan","35-39"
"25069","2021","Hombres","Tlalpan","35-39"
"25334","2022","Hombres","Tlalpan","35-39"
"25571","2023","Hombres","Tlalpan","35-39"
"25763","2024","Hombres","Tlalpan","35-39"
"25904","2025","Hombres","Tlalpan","35-39"
"25994","2026","Hombres","Tlalpan","35-39"
"26016","2027","Hombres","Tlalpan","35-39"
"25946","2028","Hombres","Tlalpan","35-39"
"25773","2029","Hombres","Tlalpan","35-39"
"25486","2030","Hombres","Tlalpan","35-39"
"15457","2015","Hombres","Xochimilco","35-39"
"15373","2016","Hombres","Xochimilco","35-39"
"15375","2017","Hombres","Xochimilco","35-39"
"15421","2018","Hombres","Xochimilco","35-39"
"15501","2019","Hombres","Xochimilco","35-39"
"15598","2020","Hombres","Xochimilco","35-39"
"15699","2021","Hombres","Xochimilco","35-39"
"15793","2022","Hombres","Xochimilco","35-39"
"15872","2023","Hombres","Xochimilco","35-39"
"15928","2024","Hombres","Xochimilco","35-39"
"15959","2025","Hombres","Xochimilco","35-39"
"15965","2026","Hombres","Xochimilco","35-39"
"15939","2027","Hombres","Xochimilco","35-39"
"15867","2028","Hombres","Xochimilco","35-39"
"15742","2029","Hombres","Xochimilco","35-39"
"15560","2030","Hombres","Xochimilco","35-39"
"16299","2015","Hombres","Benito Juárez","35-39"
"16412","2016","Hombres","Benito Juárez","35-39"
"16621","2017","Hombres","Benito Juárez","35-39"
"16878","2018","Hombres","Benito Juárez","35-39"
"17171","2019","Hombres","Benito Juárez","35-39"
"17480","2020","Hombres","Benito Juárez","35-39"
"17786","2021","Hombres","Benito Juárez","35-39"
"18074","2022","Hombres","Benito Juárez","35-39"
"18331","2023","Hombres","Benito Juárez","35-39"
"18542","2024","Hombres","Benito Juárez","35-39"
"18701","2025","Hombres","Benito Juárez","35-39"
"18806","2026","Hombres","Benito Juárez","35-39"
"18840","2027","Hombres","Benito Juárez","35-39"
"18785","2028","Hombres","Benito Juárez","35-39"
"18629","2029","Hombres","Benito Juárez","35-39"
"18366","2030","Hombres","Benito Juárez","35-39"
"20187","2015","Hombres","Cuauhtémoc","35-39"
"20145","2016","Hombres","Cuauhtémoc","35-39"
"20232","2017","Hombres","Cuauhtémoc","35-39"
"20390","2018","Hombres","Cuauhtémoc","35-39"
"20605","2019","Hombres","Cuauhtémoc","35-39"
"20855","2020","Hombres","Cuauhtémoc","35-39"
"21118","2021","Hombres","Cuauhtémoc","35-39"
"21379","2022","Hombres","Cuauhtémoc","35-39"
"21626","2023","Hombres","Cuauhtémoc","35-39"
"21844","2024","Hombres","Cuauhtémoc","35-39"
"22028","2025","Hombres","Cuauhtémoc","35-39"
"22177","2026","Hombres","Cuauhtémoc","35-39"
"22275","2027","Hombres","Cuauhtémoc","35-39"
"22301","2028","Hombres","Cuauhtémoc","35-39"
"22243","2029","Hombres","Cuauhtémoc","35-39"
"22091","2030","Hombres","Cuauhtémoc","35-39"
"14421","2015","Hombres","Miguel Hidalgo","35-39"
"14438","2016","Hombres","Miguel Hidalgo","35-39"
"14541","2017","Hombres","Miguel Hidalgo","35-39"
"14688","2018","Hombres","Miguel Hidalgo","35-39"
"14869","2019","Hombres","Miguel Hidalgo","35-39"
"15068","2020","Hombres","Miguel Hidalgo","35-39"
"15268","2021","Hombres","Miguel Hidalgo","35-39"
"15458","2022","Hombres","Miguel Hidalgo","35-39"
"15627","2023","Hombres","Miguel Hidalgo","35-39"
"15766","2024","Hombres","Miguel Hidalgo","35-39"
"15869","2025","Hombres","Miguel Hidalgo","35-39"
"15935","2026","Hombres","Miguel Hidalgo","35-39"
"15954","2027","Hombres","Miguel Hidalgo","35-39"
"15908","2028","Hombres","Miguel Hidalgo","35-39"
"15790","2029","Hombres","Miguel Hidalgo","35-39"
"15594","2030","Hombres","Miguel Hidalgo","35-39"
"15362","2015","Hombres","Venustiano Carranza","35-39"
"15167","2016","Hombres","Venustiano Carranza","35-39"
"15079","2017","Hombres","Venustiano Carranza","35-39"
"15056","2018","Hombres","Venustiano Carranza","35-39"
"15087","2019","Hombres","Venustiano Carranza","35-39"
"15157","2020","Hombres","Venustiano Carranza","35-39"
"15252","2021","Hombres","Venustiano Carranza","35-39"
"15364","2022","Hombres","Venustiano Carranza","35-39"
"15486","2023","Hombres","Venustiano Carranza","35-39"
"15611","2024","Hombres","Venustiano Carranza","35-39"
"15735","2025","Hombres","Venustiano Carranza","35-39"
"15862","2026","Hombres","Venustiano Carranza","35-39"
"15983","2027","Hombres","Venustiano Carranza","35-39"
"16082","2028","Hombres","Venustiano Carranza","35-39"
"16153","2029","Hombres","Venustiano Carranza","35-39"
"16189","2030","Hombres","Venustiano Carranza","35-39"
"17357","2015","Mujeres","Azcapotzalco","40-44"
"17287","2016","Mujeres","Azcapotzalco","40-44"
"17200","2017","Mujeres","Azcapotzalco","40-44"
"17074","2018","Mujeres","Azcapotzalco","40-44"
"16927","2019","Mujeres","Azcapotzalco","40-44"
"16776","2020","Mujeres","Azcapotzalco","40-44"
"16641","2021","Mujeres","Azcapotzalco","40-44"
"16533","2022","Mujeres","Azcapotzalco","40-44"
"16450","2023","Mujeres","Azcapotzalco","40-44"
"16388","2024","Mujeres","Azcapotzalco","40-44"
"16341","2025","Mujeres","Azcapotzalco","40-44"
"16304","2026","Mujeres","Azcapotzalco","40-44"
"16275","2027","Mujeres","Azcapotzalco","40-44"
"16253","2028","Mujeres","Azcapotzalco","40-44"
"16231","2029","Mujeres","Azcapotzalco","40-44"
"16210","2030","Mujeres","Azcapotzalco","40-44"
"25680","2015","Mujeres","Coyoacán","40-44"
"25520","2016","Mujeres","Coyoacán","40-44"
"25348","2017","Mujeres","Coyoacán","40-44"
"25134","2018","Mujeres","Coyoacán","40-44"
"24904","2019","Mujeres","Coyoacán","40-44"
"24682","2020","Mujeres","Coyoacán","40-44"
"24500","2021","Mujeres","Coyoacán","40-44"
"24375","2022","Mujeres","Coyoacán","40-44"
"24307","2023","Mujeres","Coyoacán","40-44"
"24290","2024","Mujeres","Coyoacán","40-44"
"24316","2025","Mujeres","Coyoacán","40-44"
"24381","2026","Mujeres","Coyoacán","40-44"
"24484","2027","Mujeres","Coyoacán","40-44"
"24624","2028","Mujeres","Coyoacán","40-44"
"24795","2029","Mujeres","Coyoacán","40-44"
"25001","2030","Mujeres","Coyoacán","40-44"
"8134","2015","Mujeres","Cuajimalpa de Morelos","40-44"
"8263","2016","Mujeres","Cuajimalpa de Morelos","40-44"
"8370","2017","Mujeres","Cuajimalpa de Morelos","40-44"
"8443","2018","Mujeres","Cuajimalpa de Morelos","40-44"
"8489","2019","Mujeres","Cuajimalpa de Morelos","40-44"
"8513","2020","Mujeres","Cuajimalpa de Morelos","40-44"
"8526","2021","Mujeres","Cuajimalpa de Morelos","40-44"
"8532","2022","Mujeres","Cuajimalpa de Morelos","40-44"
"8531","2023","Mujeres","Cuajimalpa de Morelos","40-44"
"8516","2024","Mujeres","Cuajimalpa de Morelos","40-44"
"8486","2025","Mujeres","Cuajimalpa de Morelos","40-44"
"8433","2026","Mujeres","Cuajimalpa de Morelos","40-44"
"8357","2027","Mujeres","Cuajimalpa de Morelos","40-44"
"8253","2028","Mujeres","Cuajimalpa de Morelos","40-44"
"8115","2029","Mujeres","Cuajimalpa de Morelos","40-44"
"7942","2030","Mujeres","Cuajimalpa de Morelos","40-44"
"47308","2015","Mujeres","Gustavo A. Madero","40-44"
"47220","2016","Mujeres","Gustavo A. Madero","40-44"
"47077","2017","Mujeres","Gustavo A. Madero","40-44"
"46818","2018","Mujeres","Gustavo A. Madero","40-44"
"46490","2019","Mujeres","Gustavo A. Madero","40-44"
"46135","2020","Mujeres","Gustavo A. Madero","40-44"
"45808","2021","Mujeres","Gustavo A. Madero","40-44"
"45543","2022","Mujeres","Gustavo A. Madero","40-44"
"45332","2023","Mujeres","Gustavo A. Madero","40-44"
"45161","2024","Mujeres","Gustavo A. Madero","40-44"
"45012","2025","Mujeres","Gustavo A. Madero","40-44"
"44870","2026","Mujeres","Gustavo A. Madero","40-44"
"44730","2027","Mujeres","Gustavo A. Madero","40-44"
"44582","2028","Mujeres","Gustavo A. Madero","40-44"
"44411","2029","Mujeres","Gustavo A. Madero","40-44"
"44216","2030","Mujeres","Gustavo A. Madero","40-44"
"16338","2015","Mujeres","Iztacalco","40-44"
"16338","2016","Mujeres","Iztacalco","40-44"
"16318","2017","Mujeres","Iztacalco","40-44"
"16259","2018","Mujeres","Iztacalco","40-44"
"16174","2019","Mujeres","Iztacalco","40-44"
"16078","2020","Mujeres","Iztacalco","40-44"
"15991","2021","Mujeres","Iztacalco","40-44"
"15924","2022","Mujeres","Iztacalco","40-44"
"15874","2023","Mujeres","Iztacalco","40-44"
"15837","2024","Mujeres","Iztacalco","40-44"
"15805","2025","Mujeres","Iztacalco","40-44"
"15772","2026","Mujeres","Iztacalco","40-44"
"15738","2027","Mujeres","Iztacalco","40-44"
"15698","2028","Mujeres","Iztacalco","40-44"
"15646","2029","Mujeres","Iztacalco","40-44"
"15581","2030","Mujeres","Iztacalco","40-44"
"71680","2015","Mujeres","Iztapalapa","40-44"
"71792","2016","Mujeres","Iztapalapa","40-44"
"71793","2017","Mujeres","Iztapalapa","40-44"
"71588","2018","Mujeres","Iztapalapa","40-44"
"71247","2019","Mujeres","Iztapalapa","40-44"
"70843","2020","Mujeres","Iztapalapa","40-44"
"70446","2021","Mujeres","Iztapalapa","40-44"
"70122","2022","Mujeres","Iztapalapa","40-44"
"69853","2023","Mujeres","Iztapalapa","40-44"
"69621","2024","Mujeres","Iztapalapa","40-44"
"69395","2025","Mujeres","Iztapalapa","40-44"
"69158","2026","Mujeres","Iztapalapa","40-44"
"68897","2027","Mujeres","Iztapalapa","40-44"
"68598","2028","Mujeres","Iztapalapa","40-44"
"68236","2029","Mujeres","Iztapalapa","40-44"
"67805","2030","Mujeres","Iztapalapa","40-44"
"9897","2015","Mujeres","La Magdalena Contreras","40-44"
"9964","2016","Mujeres","La Magdalena Contreras","40-44"
"10012","2017","Mujeres","La Magdalena Contreras","40-44"
"10028","2018","Mujeres","La Magdalena Contreras","40-44"
"10021","2019","Mujeres","La Magdalena Contreras","40-44"
"10000","2020","Mujeres","La Magdalena Contreras","40-44"
"9976","2021","Mujeres","La Magdalena Contreras","40-44"
"9956","2022","Mujeres","La Magdalena Contreras","40-44"
"9938","2023","Mujeres","La Magdalena Contreras","40-44"
"9919","2024","Mujeres","La Magdalena Contreras","40-44"
"9893","2025","Mujeres","La Magdalena Contreras","40-44"
"9857","2026","Mujeres","La Magdalena Contreras","40-44"
"9808","2027","Mujeres","La Magdalena Contreras","40-44"
"9744","2028","Mujeres","La Magdalena Contreras","40-44"
"9660","2029","Mujeres","La Magdalena Contreras","40-44"
"9555","2030","Mujeres","La Magdalena Contreras","40-44"
"5093","2015","Mujeres","Milpa Alta","40-44"
"5181","2016","Mujeres","Milpa Alta","40-44"
"5253","2017","Mujeres","Milpa Alta","40-44"
"5303","2018","Mujeres","Milpa Alta","40-44"
"5337","2019","Mujeres","Milpa Alta","40-44"
"5356","2020","Mujeres","Milpa Alta","40-44"
"5367","2021","Mujeres","Milpa Alta","40-44"
"5373","2022","Mujeres","Milpa Alta","40-44"
"5373","2023","Mujeres","Milpa Alta","40-44"
"5366","2024","Mujeres","Milpa Alta","40-44"
"5348","2025","Mujeres","Milpa Alta","40-44"
"5315","2026","Mujeres","Milpa Alta","40-44"
"5266","2027","Mujeres","Milpa Alta","40-44"
"5200","2028","Mujeres","Milpa Alta","40-44"
"5112","2029","Mujeres","Milpa Alta","40-44"
"5001","2030","Mujeres","Milpa Alta","40-44"
"30503","2015","Mujeres","Álvaro Obregón","40-44"
"30649","2016","Mujeres","Álvaro Obregón","40-44"
"30744","2017","Mujeres","Álvaro Obregón","40-44"
"30747","2018","Mujeres","Álvaro Obregón","40-44"
"30686","2019","Mujeres","Álvaro Obregón","40-44"
"30587","2020","Mujeres","Álvaro Obregón","40-44"
"30485","2021","Mujeres","Álvaro Obregón","40-44"
"30403","2022","Mujeres","Álvaro Obregón","40-44"
"30334","2023","Mujeres","Álvaro Obregón","40-44"
"30268","2024","Mujeres","Álvaro Obregón","40-44"
"30192","2025","Mujeres","Álvaro Obregón","40-44"
"30092","2026","Mujeres","Álvaro Obregón","40-44"
"29965","2027","Mujeres","Álvaro Obregón","40-44"
"29800","2028","Mujeres","Álvaro Obregón","40-44"
"29585","2029","Mujeres","Álvaro Obregón","40-44"
"29317","2030","Mujeres","Álvaro Obregón","40-44"
"15003","2015","Mujeres","Tláhuac","40-44"
"15167","2016","Mujeres","Tláhuac","40-44"
"15293","2017","Mujeres","Tláhuac","40-44"
"15360","2018","Mujeres","Tláhuac","40-44"
"15381","2019","Mujeres","Tláhuac","40-44"
"15369","2020","Mujeres","Tláhuac","40-44"
"15344","2021","Mujeres","Tláhuac","40-44"
"15312","2022","Mujeres","Tláhuac","40-44"
"15274","2023","Mujeres","Tláhuac","40-44"
"15220","2024","Mujeres","Tláhuac","40-44"
"15146","2025","Mujeres","Tláhuac","40-44"
"15043","2026","Mujeres","Tláhuac","40-44"
"14908","2027","Mujeres","Tláhuac","40-44"
"14735","2028","Mujeres","Tláhuac","40-44"
"14517","2029","Mujeres","Tláhuac","40-44"
"14249","2030","Mujeres","Tláhuac","40-44"
"26942","2015","Mujeres","Tlalpan","40-44"
"27080","2016","Mujeres","Tlalpan","40-44"
"27172","2017","Mujeres","Tlalpan","40-44"
"27184","2018","Mujeres","Tlalpan","40-44"
"27139","2019","Mujeres","Tlalpan","40-44"
"27063","2020","Mujeres","Tlalpan","40-44"
"26988","2021","Mujeres","Tlalpan","40-44"
"26931","2022","Mujeres","Tlalpan","40-44"
"26890","2023","Mujeres","Tlalpan","40-44"
"26855","2024","Mujeres","Tlalpan","40-44"
"26815","2025","Mujeres","Tlalpan","40-44"
"26760","2026","Mujeres","Tlalpan","40-44"
"26685","2027","Mujeres","Tlalpan","40-44"
"26585","2028","Mujeres","Tlalpan","40-44"
"26447","2029","Mujeres","Tlalpan","40-44"
"26269","2030","Mujeres","Tlalpan","40-44"
"16278","2015","Mujeres","Xochimilco","40-44"
"16341","2016","Mujeres","Xochimilco","40-44"
"16373","2017","Mujeres","Xochimilco","40-44"
"16355","2018","Mujeres","Xochimilco","40-44"
"16301","2019","Mujeres","Xochimilco","40-44"
"16226","2020","Mujeres","Xochimilco","40-44"
"16150","2021","Mujeres","Xochimilco","40-44"
"16086","2022","Mujeres","Xochimilco","40-44"
"16029","2023","Mujeres","Xochimilco","40-44"
"15976","2024","Mujeres","Xochimilco","40-44"
"15920","2025","Mujeres","Xochimilco","40-44"
"15854","2026","Mujeres","Xochimilco","40-44"
"15777","2027","Mujeres","Xochimilco","40-44"
"15686","2028","Mujeres","Xochimilco","40-44"
"15573","2029","Mujeres","Xochimilco","40-44"
"15438","2030","Mujeres","Xochimilco","40-44"
"17983","2015","Mujeres","Benito Juárez","40-44"
"18023","2016","Mujeres","Benito Juárez","40-44"
"18046","2017","Mujeres","Benito Juárez","40-44"
"18028","2018","Mujeres","Benito Juárez","40-44"
"17984","2019","Mujeres","Benito Juárez","40-44"
"17932","2020","Mujeres","Benito Juárez","40-44"
"17891","2021","Mujeres","Benito Juárez","40-44"
"17875","2022","Mujeres","Benito Juárez","40-44"
"17880","2023","Mujeres","Benito Juárez","40-44"
"17901","2024","Mujeres","Benito Juárez","40-44"
"17930","2025","Mujeres","Benito Juárez","40-44"
"17960","2026","Mujeres","Benito Juárez","40-44"
"17990","2027","Mujeres","Benito Juárez","40-44"
"18015","2028","Mujeres","Benito Juárez","40-44"
"18028","2029","Mujeres","Benito Juárez","40-44"
"18029","2030","Mujeres","Benito Juárez","40-44"
"21611","2015","Mujeres","Cuauhtémoc","40-44"
"21517","2016","Mujeres","Cuauhtémoc","40-44"
"21406","2017","Mujeres","Cuauhtémoc","40-44"
"21254","2018","Mujeres","Cuauhtémoc","40-44"
"21081","2019","Mujeres","Cuauhtémoc","40-44"
"20907","2020","Mujeres","Cuauhtémoc","40-44"
"20758","2021","Mujeres","Cuauhtémoc","40-44"
"20648","2022","Mujeres","Cuauhtémoc","40-44"
"20575","2023","Mujeres","Cuauhtémoc","40-44"
"20534","2024","Mujeres","Cuauhtémoc","40-44"
"20518","2025","Mujeres","Cuauhtémoc","40-44"
"20520","2026","Mujeres","Cuauhtémoc","40-44"
"20540","2027","Mujeres","Cuauhtémoc","40-44"
"20574","2028","Mujeres","Cuauhtémoc","40-44"
"20617","2029","Mujeres","Cuauhtémoc","40-44"
"20669","2030","Mujeres","Cuauhtémoc","40-44"
"15942","2015","Mujeres","Miguel Hidalgo","40-44"
"15987","2016","Mujeres","Miguel Hidalgo","40-44"
"16014","2017","Mujeres","Miguel Hidalgo","40-44"
"16001","2018","Mujeres","Miguel Hidalgo","40-44"
"15965","2019","Mujeres","Miguel Hidalgo","40-44"
"15916","2020","Mujeres","Miguel Hidalgo","40-44"
"15876","2021","Mujeres","Miguel Hidalgo","40-44"
"15853","2022","Mujeres","Miguel Hidalgo","40-44"
"15847","2023","Mujeres","Miguel Hidalgo","40-44"
"15850","2024","Mujeres","Miguel Hidalgo","40-44"
"15856","2025","Mujeres","Miguel Hidalgo","40-44"
"15860","2026","Mujeres","Miguel Hidalgo","40-44"
"15858","2027","Mujeres","Miguel Hidalgo","40-44"
"15846","2028","Mujeres","Miguel Hidalgo","40-44"
"15818","2029","Mujeres","Miguel Hidalgo","40-44"
"15772","2030","Mujeres","Miguel Hidalgo","40-44"
"17782","2015","Mujeres","Venustiano Carranza","40-44"
"17693","2016","Mujeres","Venustiano Carranza","40-44"
"17589","2017","Mujeres","Venustiano Carranza","40-44"
"17451","2018","Mujeres","Venustiano Carranza","40-44"
"17293","2019","Mujeres","Venustiano Carranza","40-44"
"17134","2020","Mujeres","Venustiano Carranza","40-44"
"16996","2021","Mujeres","Venustiano Carranza","40-44"
"16889","2022","Mujeres","Venustiano Carranza","40-44"
"16813","2023","Mujeres","Venustiano Carranza","40-44"
"16762","2024","Mujeres","Venustiano Carranza","40-44"
"16731","2025","Mujeres","Venustiano Carranza","40-44"
"16715","2026","Mujeres","Venustiano Carranza","40-44"
"16713","2027","Mujeres","Venustiano Carranza","40-44"
"16723","2028","Mujeres","Venustiano Carranza","40-44"
"16740","2029","Mujeres","Venustiano Carranza","40-44"
"16765","2030","Mujeres","Venustiano Carranza","40-44"
"14626","2015","Hombres","Azcapotzalco","40-44"
"14449","2016","Hombres","Azcapotzalco","40-44"
"14281","2017","Hombres","Azcapotzalco","40-44"
"14096","2018","Hombres","Azcapotzalco","40-44"
"13917","2019","Hombres","Azcapotzalco","40-44"
"13764","2020","Hombres","Azcapotzalco","40-44"
"13659","2021","Hombres","Azcapotzalco","40-44"
"13614","2022","Hombres","Azcapotzalco","40-44"
"13626","2023","Hombres","Azcapotzalco","40-44"
"13685","2024","Hombres","Azcapotzalco","40-44"
"13778","2025","Hombres","Azcapotzalco","40-44"
"13894","2026","Hombres","Azcapotzalco","40-44"
"14023","2027","Hombres","Azcapotzalco","40-44"
"14160","2028","Hombres","Azcapotzalco","40-44"
"14298","2029","Hombres","Azcapotzalco","40-44"
"14435","2030","Hombres","Azcapotzalco","40-44"
"21562","2015","Hombres","Coyoacán","40-44"
"21324","2016","Hombres","Coyoacán","40-44"
"21106","2017","Hombres","Coyoacán","40-44"
"20870","2018","Hombres","Coyoacán","40-44"
"20650","2019","Hombres","Coyoacán","40-44"
"20475","2020","Hombres","Coyoacán","40-44"
"20376","2021","Hombres","Coyoacán","40-44"
"20373","2022","Hombres","Coyoacán","40-44"
"20462","2023","Hombres","Coyoacán","40-44"
"20629","2024","Hombres","Coyoacán","40-44"
"20855","2025","Hombres","Coyoacán","40-44"
"21121","2026","Hombres","Coyoacán","40-44"
"21417","2027","Hombres","Coyoacán","40-44"
"21732","2028","Hombres","Coyoacán","40-44"
"22055","2029","Hombres","Coyoacán","40-44"
"22384","2030","Hombres","Coyoacán","40-44"
"7142","2015","Hombres","Cuajimalpa de Morelos","40-44"
"7193","2016","Hombres","Cuajimalpa de Morelos","40-44"
"7236","2017","Hombres","Cuajimalpa de Morelos","40-44"
"7257","2018","Hombres","Cuajimalpa de Morelos","40-44"
"7266","2019","Hombres","Cuajimalpa de Morelos","40-44"
"7273","2020","Hombres","Cuajimalpa de Morelos","40-44"
"7289","2021","Hombres","Cuajimalpa de Morelos","40-44"
"7321","2022","Hombres","Cuajimalpa de Morelos","40-44"
"7366","2023","Hombres","Cuajimalpa de Morelos","40-44"
"7419","2024","Hombres","Cuajimalpa de Morelos","40-44"
"7471","2025","Hombres","Cuajimalpa de Morelos","40-44"
"7513","2026","Hombres","Cuajimalpa de Morelos","40-44"
"7539","2027","Hombres","Cuajimalpa de Morelos","40-44"
"7544","2028","Hombres","Cuajimalpa de Morelos","40-44"
"7522","2029","Hombres","Cuajimalpa de Morelos","40-44"
"7471","2030","Hombres","Cuajimalpa de Morelos","40-44"
"41334","2015","Hombres","Gustavo A. Madero","40-44"
"40952","2016","Hombres","Gustavo A. Madero","40-44"
"40580","2017","Hombres","Gustavo A. Madero","40-44"
"40148","2018","Hombres","Gustavo A. Madero","40-44"
"39717","2019","Hombres","Gustavo A. Madero","40-44"
"39344","2020","Hombres","Gustavo A. Madero","40-44"
"39089","2021","Hombres","Gustavo A. Madero","40-44"
"38988","2022","Hombres","Gustavo A. Madero","40-44"
"39030","2023","Hombres","Gustavo A. Madero","40-44"
"39188","2024","Hombres","Gustavo A. Madero","40-44"
"39423","2025","Hombres","Gustavo A. Madero","40-44"
"39697","2026","Hombres","Gustavo A. Madero","40-44"
"39983","2027","Hombres","Gustavo A. Madero","40-44"
"40264","2028","Hombres","Gustavo A. Madero","40-44"
"40517","2029","Hombres","Gustavo A. Madero","40-44"
"40736","2030","Hombres","Gustavo A. Madero","40-44"
"14145","2015","Hombres","Iztacalco","40-44"
"14048","2016","Hombres","Iztacalco","40-44"
"13956","2017","Hombres","Iztacalco","40-44"
"13841","2018","Hombres","Iztacalco","40-44"
"13727","2019","Hombres","Iztacalco","40-44"
"13631","2020","Hombres","Iztacalco","40-44"
"13575","2021","Hombres","Iztacalco","40-44"
"13571","2022","Hombres","Iztacalco","40-44"
"13615","2023","Hombres","Iztacalco","40-44"
"13698","2024","Hombres","Iztacalco","40-44"
"13806","2025","Hombres","Iztacalco","40-44"
"13924","2026","Hombres","Iztacalco","40-44"
"14045","2027","Hombres","Iztacalco","40-44"
"14160","2028","Hombres","Iztacalco","40-44"
"14262","2029","Hombres","Iztacalco","40-44"
"14347","2030","Hombres","Iztacalco","40-44"
"63153","2015","Hombres","Iztapalapa","40-44"
"62694","2016","Hombres","Iztapalapa","40-44"
"62235","2017","Hombres","Iztapalapa","40-44"
"61672","2018","Hombres","Iztapalapa","40-44"
"61095","2019","Hombres","Iztapalapa","40-44"
"60598","2020","Hombres","Iztapalapa","40-44"
"60274","2021","Hombres","Iztapalapa","40-44"
"60175","2022","Hombres","Iztapalapa","40-44"
"60292","2023","Hombres","Iztapalapa","40-44"
"60579","2024","Hombres","Iztapalapa","40-44"
"60981","2025","Hombres","Iztapalapa","40-44"
"61435","2026","Hombres","Iztapalapa","40-44"
"61905","2027","Hombres","Iztapalapa","40-44"
"62366","2028","Hombres","Iztapalapa","40-44"
"62778","2029","Hombres","Iztapalapa","40-44"
"63136","2030","Hombres","Iztapalapa","40-44"
"8577","2015","Hombres","La Magdalena Contreras","40-44"
"8569","2016","Hombres","La Magdalena Contreras","40-44"
"8558","2017","Hombres","La Magdalena Contreras","40-44"
"8528","2018","Hombres","La Magdalena Contreras","40-44"
"8492","2019","Hombres","La Magdalena Contreras","40-44"
"8461","2020","Hombres","La Magdalena Contreras","40-44"
"8449","2021","Hombres","La Magdalena Contreras","40-44"
"8462","2022","Hombres","La Magdalena Contreras","40-44"
"8499","2023","Hombres","La Magdalena Contreras","40-44"
"8553","2024","Hombres","La Magdalena Contreras","40-44"
"8616","2025","Hombres","La Magdalena Contreras","40-44"
"8676","2026","Hombres","La Magdalena Contreras","40-44"
"8730","2027","Hombres","La Magdalena Contreras","40-44"
"8771","2028","Hombres","La Magdalena Contreras","40-44"
"8793","2029","Hombres","La Magdalena Contreras","40-44"
"8795","2030","Hombres","La Magdalena Contreras","40-44"
"4582","2015","Hombres","Milpa Alta","40-44"
"4619","2016","Hombres","Milpa Alta","40-44"
"4650","2017","Hombres","Milpa Alta","40-44"
"4666","2018","Hombres","Milpa Alta","40-44"
"4673","2019","Hombres","Milpa Alta","40-44"
"4679","2020","Hombres","Milpa Alta","40-44"
"4690","2021","Hombres","Milpa Alta","40-44"
"4710","2022","Hombres","Milpa Alta","40-44"
"4738","2023","Hombres","Milpa Alta","40-44"
"4770","2024","Hombres","Milpa Alta","40-44"
"4801","2025","Hombres","Milpa Alta","40-44"
"4824","2026","Hombres","Milpa Alta","40-44"
"4837","2027","Hombres","Milpa Alta","40-44"
"4835","2028","Hombres","Milpa Alta","40-44"
"4816","2029","Hombres","Milpa Alta","40-44"
"4776","2030","Hombres","Milpa Alta","40-44"
"26770","2015","Hombres","Álvaro Obregón","40-44"
"26749","2016","Hombres","Álvaro Obregón","40-44"
"26720","2017","Hombres","Álvaro Obregón","40-44"
"26633","2018","Hombres","Álvaro Obregón","40-44"
"26529","2019","Hombres","Álvaro Obregón","40-44"
"26443","2020","Hombres","Álvaro Obregón","40-44"
"26416","2021","Hombres","Álvaro Obregón","40-44"
"26473","2022","Hombres","Álvaro Obregón","40-44"
"26604","2023","Hombres","Álvaro Obregón","40-44"
"26791","2024","Hombres","Álvaro Obregón","40-44"
"27005","2025","Hombres","Álvaro Obregón","40-44"
"27218","2026","Hombres","Álvaro Obregón","40-44"
"27409","2027","Hombres","Álvaro Obregón","40-44"
"27562","2028","Hombres","Álvaro Obregón","40-44"
"27660","2029","Hombres","Álvaro Obregón","40-44"
"27695","2030","Hombres","Álvaro Obregón","40-44"
"13146","2015","Hombres","Tláhuac","40-44"
"13164","2016","Hombres","Tláhuac","40-44"
"13169","2017","Hombres","Tláhuac","40-44"
"13137","2018","Hombres","Tláhuac","40-44"
"13089","2019","Hombres","Tláhuac","40-44"
"13043","2020","Hombres","Tláhuac","40-44"
"13019","2021","Hombres","Tláhuac","40-44"
"13029","2022","Hombres","Tláhuac","40-44"
"13068","2023","Hombres","Tláhuac","40-44"
"13128","2024","Hombres","Tláhuac","40-44"
"13194","2025","Hombres","Tláhuac","40-44"
"13252","2026","Hombres","Tláhuac","40-44"
"13292","2027","Hombres","Tláhuac","40-44"
"13305","2028","Hombres","Tláhuac","40-44"
"13284","2029","Hombres","Tláhuac","40-44"
"13225","2030","Hombres","Tláhuac","40-44"
"23205","2015","Hombres","Tlalpan","40-44"
"23166","2016","Hombres","Tlalpan","40-44"
"23122","2017","Hombres","Tlalpan","40-44"
"23033","2018","Hombres","Tlalpan","40-44"
"22933","2019","Hombres","Tlalpan","40-44"
"22855","2020","Hombres","Tlalpan","40-44"
"22833","2021","Hombres","Tlalpan","40-44"
"22889","2022","Hombres","Tlalpan","40-44"
"23018","2023","Hombres","Tlalpan","40-44"
"23202","2024","Hombres","Tlalpan","40-44"
"23419","2025","Hombres","Tlalpan","40-44"
"23644","2026","Hombres","Tlalpan","40-44"
"23861","2027","Hombres","Tlalpan","40-44"
"24058","2028","Hombres","Tlalpan","40-44"
"24219","2029","Hombres","Tlalpan","40-44"
"24339","2030","Hombres","Tlalpan","40-44"
"14677","2015","Hombres","Xochimilco","40-44"
"14598","2016","Hombres","Xochimilco","40-44"
"14513","2017","Hombres","Xochimilco","40-44"
"14398","2018","Hombres","Xochimilco","40-44"
"14276","2019","Hombres","Xochimilco","40-44"
"14166","2020","Hombres","Xochimilco","40-44"
"14091","2021","Hombres","Xochimilco","40-44"
"14065","2022","Hombres","Xochimilco","40-44"
"14083","2023","Hombres","Xochimilco","40-44"
"14136","2024","Hombres","Xochimilco","40-44"
"14209","2025","Hombres","Xochimilco","40-44"
"14289","2026","Hombres","Xochimilco","40-44"
"14366","2027","Hombres","Xochimilco","40-44"
"14434","2028","Hombres","Xochimilco","40-44"
"14483","2029","Hombres","Xochimilco","40-44"
"14513","2030","Hombres","Xochimilco","40-44"
"15427","2015","Hombres","Benito Juárez","40-44"
"15438","2016","Hombres","Benito Juárez","40-44"
"15450","2017","Hombres","Benito Juárez","40-44"
"15432","2018","Hombres","Benito Juárez","40-44"
"15409","2019","Hombres","Benito Juárez","40-44"
"15400","2020","Hombres","Benito Juárez","40-44"
"15428","2021","Hombres","Benito Juárez","40-44"
"15508","2022","Hombres","Benito Juárez","40-44"
"15634","2023","Hombres","Benito Juárez","40-44"
"15796","2024","Hombres","Benito Juárez","40-44"
"15977","2025","Hombres","Benito Juárez","40-44"
"16160","2026","Hombres","Benito Juárez","40-44"
"16331","2027","Hombres","Benito Juárez","40-44"
"16483","2028","Hombres","Benito Juárez","40-44"
"16602","2029","Hombres","Benito Juárez","40-44"
"16685","2030","Hombres","Benito Juárez","40-44"
"19081","2015","Hombres","Cuauhtémoc","40-44"
"18948","2016","Hombres","Cuauhtémoc","40-44"
"18825","2017","Hombres","Cuauhtémoc","40-44"
"18678","2018","Hombres","Cuauhtémoc","40-44"
"18536","2019","Hombres","Cuauhtémoc","40-44"
"18424","2020","Hombres","Cuauhtémoc","40-44"
"18372","2021","Hombres","Cuauhtémoc","40-44"
"18396","2022","Hombres","Cuauhtémoc","40-44"
"18492","2023","Hombres","Cuauhtémoc","40-44"
"18648","2024","Hombres","Cuauhtémoc","40-44"
"18845","2025","Hombres","Cuauhtémoc","40-44"
"19065","2026","Hombres","Cuauhtémoc","40-44"
"19297","2027","Hombres","Cuauhtémoc","40-44"
"19531","2028","Hombres","Cuauhtémoc","40-44"
"19755","2029","Hombres","Cuauhtémoc","40-44"
"19967","2030","Hombres","Cuauhtémoc","40-44"
"13759","2015","Hombres","Miguel Hidalgo","40-44"
"13750","2016","Hombres","Miguel Hidalgo","40-44"
"13740","2017","Hombres","Miguel Hidalgo","40-44"
"13705","2018","Hombres","Miguel Hidalgo","40-44"
"13663","2019","Hombres","Miguel Hidalgo","40-44"
"13635","2020","Hombres","Miguel Hidalgo","40-44"
"13639","2021","Hombres","Miguel Hidalgo","40-44"
"13688","2022","Hombres","Miguel Hidalgo","40-44"
"13779","2023","Hombres","Miguel Hidalgo","40-44"
"13900","2024","Hombres","Miguel Hidalgo","40-44"
"14037","2025","Hombres","Miguel Hidalgo","40-44"
"14176","2026","Hombres","Miguel Hidalgo","40-44"
"14305","2027","Hombres","Miguel Hidalgo","40-44"
"14416","2028","Hombres","Miguel Hidalgo","40-44"
"14499","2029","Hombres","Miguel Hidalgo","40-44"
"14550","2030","Hombres","Miguel Hidalgo","40-44"
"15303","2015","Hombres","Venustiano Carranza","40-44"
"15124","2016","Hombres","Venustiano Carranza","40-44"
"14955","2017","Hombres","Venustiano Carranza","40-44"
"14771","2018","Hombres","Venustiano Carranza","40-44"
"14594","2019","Hombres","Venustiano Carranza","40-44"
"14447","2020","Hombres","Venustiano Carranza","40-44"
"14351","2021","Hombres","Venustiano Carranza","40-44"
"14320","2022","Hombres","Venustiano Carranza","40-44"
"14351","2023","Hombres","Venustiano Carranza","40-44"
"14435","2024","Hombres","Venustiano Carranza","40-44"
"14557","2025","Hombres","Venustiano Carranza","40-44"
"14706","2026","Hombres","Venustiano Carranza","40-44"
"14872","2027","Hombres","Venustiano Carranza","40-44"
"15050","2028","Hombres","Venustiano Carranza","40-44"
"15232","2029","Hombres","Venustiano Carranza","40-44"
"15416","2030","Hombres","Venustiano Carranza","40-44"
"16365","2015","Mujeres","Azcapotzalco","45-49"
"16487","2016","Mujeres","Azcapotzalco","45-49"
"16636","2017","Mujeres","Azcapotzalco","45-49"
"16773","2018","Mujeres","Azcapotzalco","45-49"
"16884","2019","Mujeres","Azcapotzalco","45-49"
"16961","2020","Mujeres","Azcapotzalco","45-49"
"16994","2021","Mujeres","Azcapotzalco","45-49"
"16978","2022","Mujeres","Azcapotzalco","45-49"
"16924","2023","Mujeres","Azcapotzalco","45-49"
"16851","2024","Mujeres","Azcapotzalco","45-49"
"16771","2025","Mujeres","Azcapotzalco","45-49"
"16706","2026","Mujeres","Azcapotzalco","45-49"
"16667","2027","Mujeres","Azcapotzalco","45-49"
"16654","2028","Mujeres","Azcapotzalco","45-49"
"16661","2029","Mujeres","Azcapotzalco","45-49"
"16683","2030","Mujeres","Azcapotzalco","45-49"
"24815","2015","Mujeres","Coyoacán","45-49"
"24844","2016","Mujeres","Coyoacán","45-49"
"24924","2017","Mujeres","Coyoacán","45-49"
"24995","2018","Mujeres","Coyoacán","45-49"
"25043","2019","Mujeres","Coyoacán","45-49"
"25057","2020","Mujeres","Coyoacán","45-49"
"25024","2021","Mujeres","Coyoacán","45-49"
"24942","2022","Mujeres","Coyoacán","45-49"
"24831","2023","Mujeres","Coyoacán","45-49"
"24716","2024","Mujeres","Coyoacán","45-49"
"24624","2025","Mujeres","Coyoacán","45-49"
"24585","2026","Mujeres","Coyoacán","45-49"
"24622","2027","Mujeres","Coyoacán","45-49"
"24735","2028","Mujeres","Coyoacán","45-49"
"24924","2029","Mujeres","Coyoacán","45-49"
"25185","2030","Mujeres","Coyoacán","45-49"
"6939","2015","Mujeres","Cuajimalpa de Morelos","45-49"
"7132","2016","Mujeres","Cuajimalpa de Morelos","45-49"
"7326","2017","Mujeres","Cuajimalpa de Morelos","45-49"
"7504","2018","Mujeres","Cuajimalpa de Morelos","45-49"
"7659","2019","Mujeres","Cuajimalpa de Morelos","45-49"
"7785","2020","Mujeres","Cuajimalpa de Morelos","45-49"
"7875","2021","Mujeres","Cuajimalpa de Morelos","45-49"
"7927","2022","Mujeres","Cuajimalpa de Morelos","45-49"
"7944","2023","Mujeres","Cuajimalpa de Morelos","45-49"
"7932","2024","Mujeres","Cuajimalpa de Morelos","45-49"
"7897","2025","Mujeres","Cuajimalpa de Morelos","45-49"
"7849","2026","Mujeres","Cuajimalpa de Morelos","45-49"
"7790","2027","Mujeres","Cuajimalpa de Morelos","45-49"
"7719","2028","Mujeres","Cuajimalpa de Morelos","45-49"
"7630","2029","Mujeres","Cuajimalpa de Morelos","45-49"
"7518","2030","Mujeres","Cuajimalpa de Morelos","45-49"
"44261","2015","Mujeres","Gustavo A. Madero","45-49"
"44697","2016","Mujeres","Gustavo A. Madero","45-49"
"45202","2017","Mujeres","Gustavo A. Madero","45-49"
"45664","2018","Mujeres","Gustavo A. Madero","45-49"
"46051","2019","Mujeres","Gustavo A. Madero","45-49"
"46337","2020","Mujeres","Gustavo A. Madero","45-49"
"46490","2021","Mujeres","Gustavo A. Madero","45-49"
"46499","2022","Mujeres","Gustavo A. Madero","45-49"
"46396","2023","Mujeres","Gustavo A. Madero","45-49"
"46222","2024","Mujeres","Gustavo A. Madero","45-49"
"46020","2025","Mujeres","Gustavo A. Madero","45-49"
"45841","2026","Mujeres","Gustavo A. Madero","45-49"
"45722","2027","Mujeres","Gustavo A. Madero","45-49"
"45654","2028","Mujeres","Gustavo A. Madero","45-49"
"45624","2029","Mujeres","Gustavo A. Madero","45-49"
"45614","2030","Mujeres","Gustavo A. Madero","45-49"
"15373","2015","Mujeres","Iztacalco","45-49"
"15560","2016","Mujeres","Iztacalco","45-49"
"15771","2017","Mujeres","Iztacalco","45-49"
"15965","2018","Mujeres","Iztacalco","45-49"
"16131","2019","Mujeres","Iztacalco","45-49"
"16259","2020","Mujeres","Iztacalco","45-49"
"16338","2021","Mujeres","Iztacalco","45-49"
"16363","2022","Mujeres","Iztacalco","45-49"
"16345","2023","Mujeres","Iztacalco","45-49"
"16298","2024","Mujeres","Iztacalco","45-49"
"16237","2025","Mujeres","Iztacalco","45-49"
"16180","2026","Mujeres","Iztacalco","45-49"
"16138","2027","Mujeres","Iztacalco","45-49"
"16109","2028","Mujeres","Iztacalco","45-49"
"16087","2029","Mujeres","Iztacalco","45-49"
"16065","2030","Mujeres","Iztacalco","45-49"
"64396","2015","Mujeres","Iztapalapa","45-49"
"65180","2016","Mujeres","Iztapalapa","45-49"
"66039","2017","Mujeres","Iztapalapa","45-49"
"66803","2018","Mujeres","Iztapalapa","45-49"
"67431","2019","Mujeres","Iztapalapa","45-49"
"67879","2020","Mujeres","Iztapalapa","45-49"
"68106","2021","Mujeres","Iztapalapa","45-49"
"68091","2022","Mujeres","Iztapalapa","45-49"
"67885","2023","Mujeres","Iztapalapa","45-49"
"67548","2024","Mujeres","Iztapalapa","45-49"
"67145","2025","Mujeres","Iztapalapa","45-49"
"66754","2026","Mujeres","Iztapalapa","45-49"
"66415","2027","Mujeres","Iztapalapa","45-49"
"66121","2028","Mujeres","Iztapalapa","45-49"
"65860","2029","Mujeres","Iztapalapa","45-49"
"65588","2030","Mujeres","Iztapalapa","45-49"
"8840","2015","Mujeres","La Magdalena Contreras","45-49"
"8980","2016","Mujeres","La Magdalena Contreras","45-49"
"9130","2017","Mujeres","La Magdalena Contreras","45-49"
"9267","2018","Mujeres","La Magdalena Contreras","45-49"
"9383","2019","Mujeres","La Magdalena Contreras","45-49"
"9473","2020","Mujeres","La Magdalena Contreras","45-49"
"9531","2021","Mujeres","La Magdalena Contreras","45-49"
"9553","2022","Mujeres","La Magdalena Contreras","45-49"
"9546","2023","Mujeres","La Magdalena Contreras","45-49"
"9518","2024","Mujeres","La Magdalena Contreras","45-49"
"9477","2025","Mujeres","La Magdalena Contreras","45-49"
"9434","2026","Mujeres","La Magdalena Contreras","45-49"
"9396","2027","Mujeres","La Magdalena Contreras","45-49"
"9360","2028","Mujeres","La Magdalena Contreras","45-49"
"9323","2029","Mujeres","La Magdalena Contreras","45-49"
"9281","2030","Mujeres","La Magdalena Contreras","45-49"
"4250","2015","Mujeres","Milpa Alta","45-49"
"4362","2016","Mujeres","Milpa Alta","45-49"
"4475","2017","Mujeres","Milpa Alta","45-49"
"4577","2018","Mujeres","Milpa Alta","45-49"
"4666","2019","Mujeres","Milpa Alta","45-49"
"4739","2020","Mujeres","Milpa Alta","45-49"
"4789","2021","Mujeres","Milpa Alta","45-49"
"4816","2022","Mujeres","Milpa Alta","45-49"
"4823","2023","Mujeres","Milpa Alta","45-49"
"4814","2024","Mujeres","Milpa Alta","45-49"
"4790","2025","Mujeres","Milpa Alta","45-49"
"4759","2026","Mujeres","Milpa Alta","45-49"
"4723","2027","Mujeres","Milpa Alta","45-49"
"4680","2028","Mujeres","Milpa Alta","45-49"
"4627","2029","Mujeres","Milpa Alta","45-49"
"4562","2030","Mujeres","Milpa Alta","45-49"
"27346","2015","Mujeres","Álvaro Obregón","45-49"
"27720","2016","Mujeres","Álvaro Obregón","45-49"
"28126","2017","Mujeres","Álvaro Obregón","45-49"
"28494","2018","Mujeres","Álvaro Obregón","45-49"
"28803","2019","Mujeres","Álvaro Obregón","45-49"
"29037","2020","Mujeres","Álvaro Obregón","45-49"
"29174","2021","Mujeres","Álvaro Obregón","45-49"
"29207","2022","Mujeres","Álvaro Obregón","45-49"
"29155","2023","Mujeres","Álvaro Obregón","45-49"
"29044","2024","Mujeres","Álvaro Obregón","45-49"
"28899","2025","Mujeres","Álvaro Obregón","45-49"
"28753","2026","Mujeres","Álvaro Obregón","45-49"
"28627","2027","Mujeres","Álvaro Obregón","45-49"
"28514","2028","Mujeres","Álvaro Obregón","45-49"
"28404","2029","Mujeres","Álvaro Obregón","45-49"
"28284","2030","Mujeres","Álvaro Obregón","45-49"
"12897","2015","Mujeres","Tláhuac","45-49"
"13192","2016","Mujeres","Tláhuac","45-49"
"13492","2017","Mujeres","Tláhuac","45-49"
"13765","2018","Mujeres","Tláhuac","45-49"
"13996","2019","Mujeres","Tláhuac","45-49"
"14179","2020","Mujeres","Tláhuac","45-49"
"14301","2021","Mujeres","Tláhuac","45-49"
"14357","2022","Mujeres","Tláhuac","45-49"
"14356","2023","Mujeres","Tláhuac","45-49"
"14310","2024","Mujeres","Tláhuac","45-49"
"14230","2025","Mujeres","Tláhuac","45-49"
"14131","2026","Mujeres","Tláhuac","45-49"
"14024","2027","Mujeres","Tláhuac","45-49"
"13901","2028","Mujeres","Tláhuac","45-49"
"13757","2029","Mujeres","Tláhuac","45-49"
"13583","2030","Mujeres","Tláhuac","45-49"
"24789","2015","Mujeres","Tlalpan","45-49"
"25151","2016","Mujeres","Tlalpan","45-49"
"25538","2017","Mujeres","Tlalpan","45-49"
"25889","2018","Mujeres","Tlalpan","45-49"
"26183","2019","Mujeres","Tlalpan","45-49"
"26406","2020","Mujeres","Tlalpan","45-49"
"26538","2021","Mujeres","Tlalpan","45-49"
"26574","2022","Mujeres","Tlalpan","45-49"
"26530","2023","Mujeres","Tlalpan","45-49"
"26431","2024","Mujeres","Tlalpan","45-49"
"26300","2025","Mujeres","Tlalpan","45-49"
"26167","2026","Mujeres","Tlalpan","45-49"
"26051","2027","Mujeres","Tlalpan","45-49"
"25947","2028","Mujeres","Tlalpan","45-49"
"25845","2029","Mujeres","Tlalpan","45-49"
"25735","2030","Mujeres","Tlalpan","45-49"
"14400","2015","Mujeres","Xochimilco","45-49"
"14591","2016","Mujeres","Xochimilco","45-49"
"14795","2017","Mujeres","Xochimilco","45-49"
"14977","2018","Mujeres","Xochimilco","45-49"
"15125","2019","Mujeres","Xochimilco","45-49"
"15231","2020","Mujeres","Xochimilco","45-49"
"15286","2021","Mujeres","Xochimilco","45-49"
"15285","2022","Mujeres","Xochimilco","45-49"
"15239","2023","Mujeres","Xochimilco","45-49"
"15162","2024","Mujeres","Xochimilco","45-49"
"15069","2025","Mujeres","Xochimilco","45-49"
"14975","2026","Mujeres","Xochimilco","45-49"
"14893","2027","Mujeres","Xochimilco","45-49"
"14819","2028","Mujeres","Xochimilco","45-49"
"14748","2029","Mujeres","Xochimilco","45-49"
"14675","2030","Mujeres","Xochimilco","45-49"
"17217","2015","Mujeres","Benito Juárez","45-49"
"17368","2016","Mujeres","Benito Juárez","45-49"
"17546","2017","Mujeres","Benito Juárez","45-49"
"17709","2018","Mujeres","Benito Juárez","45-49"
"17843","2019","Mujeres","Benito Juárez","45-49"
"17940","2020","Mujeres","Benito Juárez","45-49"
"17987","2021","Mujeres","Benito Juárez","45-49"
"17981","2022","Mujeres","Benito Juárez","45-49"
"17932","2023","Mujeres","Benito Juárez","45-49"
"17858","2024","Mujeres","Benito Juárez","45-49"
"17776","2025","Mujeres","Benito Juárez","45-49"
"17705","2026","Mujeres","Benito Juárez","45-49"
"17659","2027","Mujeres","Benito Juárez","45-49"
"17636","2028","Mujeres","Benito Juárez","45-49"
"17630","2029","Mujeres","Benito Juárez","45-49"
"17634","2030","Mujeres","Benito Juárez","45-49"
"20575","2015","Mujeres","Cuauhtémoc","45-49"
"20681","2016","Mujeres","Cuauhtémoc","45-49"
"20825","2017","Mujeres","Cuauhtémoc","45-49"
"20953","2018","Mujeres","Cuauhtémoc","45-49"
"21054","2019","Mujeres","Cuauhtémoc","45-49"
"21115","2020","Mujeres","Cuauhtémoc","45-49"
"21124","2021","Mujeres","Cuauhtémoc","45-49"
"21076","2022","Mujeres","Cuauhtémoc","45-49"
"20986","2023","Mujeres","Cuauhtémoc","45-49"
"20875","2024","Mujeres","Cuauhtémoc","45-49"
"20763","2025","Mujeres","Cuauhtémoc","45-49"
"20673","2026","Mujeres","Cuauhtémoc","45-49"
"20622","2027","Mujeres","Cuauhtémoc","45-49"
"20608","2028","Mujeres","Cuauhtémoc","45-49"
"20625","2029","Mujeres","Cuauhtémoc","45-49"
"20669","2030","Mujeres","Cuauhtémoc","45-49"
"14539","2015","Mujeres","Miguel Hidalgo","45-49"
"14663","2016","Mujeres","Miguel Hidalgo","45-49"
"14814","2017","Mujeres","Miguel Hidalgo","45-49"
"14954","2018","Mujeres","Miguel Hidalgo","45-49"
"15073","2019","Mujeres","Miguel Hidalgo","45-49"
"15164","2020","Mujeres","Miguel Hidalgo","45-49"
"15215","2021","Mujeres","Miguel Hidalgo","45-49"
"15223","2022","Mujeres","Miguel Hidalgo","45-49"
"15198","2023","Mujeres","Miguel Hidalgo","45-49"
"15156","2024","Mujeres","Miguel Hidalgo","45-49"
"15108","2025","Mujeres","Miguel Hidalgo","45-49"
"15073","2026","Mujeres","Miguel Hidalgo","45-49"
"15063","2027","Mujeres","Miguel Hidalgo","45-49"
"15075","2028","Mujeres","Miguel Hidalgo","45-49"
"15105","2029","Mujeres","Miguel Hidalgo","45-49"
"15150","2030","Mujeres","Miguel Hidalgo","45-49"
"16759","2015","Mujeres","Venustiano Carranza","45-49"
"16865","2016","Mujeres","Venustiano Carranza","45-49"
"17000","2017","Mujeres","Venustiano Carranza","45-49"
"17122","2018","Mujeres","Venustiano Carranza","45-49"
"17219","2019","Mujeres","Venustiano Carranza","45-49"
"17282","2020","Mujeres","Venustiano Carranza","45-49"
"17299","2021","Mujeres","Venustiano Carranza","45-49"
"17268","2022","Mujeres","Venustiano Carranza","45-49"
"17201","2023","Mujeres","Venustiano Carranza","45-49"
"17113","2024","Mujeres","Venustiano Carranza","45-49"
"17020","2025","Mujeres","Venustiano Carranza","45-49"
"16942","2026","Mujeres","Venustiano Carranza","45-49"
"16893","2027","Mujeres","Venustiano Carranza","45-49"
"16870","2028","Mujeres","Venustiano Carranza","45-49"
"16868","2029","Mujeres","Venustiano Carranza","45-49"
"16882","2030","Mujeres","Venustiano Carranza","45-49"
"13720","2015","Hombres","Azcapotzalco","45-49"
"13756","2016","Hombres","Azcapotzalco","45-49"
"13814","2017","Hombres","Azcapotzalco","45-49"
"13853","2018","Hombres","Azcapotzalco","45-49"
"13864","2019","Hombres","Azcapotzalco","45-49"
"13840","2020","Hombres","Azcapotzalco","45-49"
"13776","2021","Hombres","Azcapotzalco","45-49"
"13677","2022","Hombres","Azcapotzalco","45-49"
"13562","2023","Hombres","Azcapotzalco","45-49"
"13452","2024","Hombres","Azcapotzalco","45-49"
"13367","2025","Hombres","Azcapotzalco","45-49"
"13326","2026","Hombres","Azcapotzalco","45-49"
"13342","2027","Hombres","Azcapotzalco","45-49"
"13414","2028","Hombres","Azcapotzalco","45-49"
"13532","2029","Hombres","Azcapotzalco","45-49"
"13684","2030","Hombres","Azcapotzalco","45-49"
"20664","2015","Hombres","Coyoacán","45-49"
"20632","2016","Hombres","Coyoacán","45-49"
"20642","2017","Hombres","Coyoacán","45-49"
"20635","2018","Hombres","Coyoacán","45-49"
"20600","2019","Hombres","Coyoacán","45-49"
"20528","2020","Hombres","Coyoacán","45-49"
"20413","2021","Hombres","Coyoacán","45-49"
"20264","2022","Hombres","Coyoacán","45-49"
"20112","2023","Hombres","Coyoacán","45-49"
"19989","2024","Hombres","Coyoacán","45-49"
"19924","2025","Hombres","Coyoacán","45-49"
"19950","2026","Hombres","Coyoacán","45-49"
"20091","2027","Hombres","Coyoacán","45-49"
"20345","2028","Hombres","Coyoacán","45-49"
"20707","2029","Hombres","Coyoacán","45-49"
"21164","2030","Hombres","Coyoacán","45-49"
"6283","2015","Hombres","Cuajimalpa de Morelos","45-49"
"6423","2016","Hombres","Cuajimalpa de Morelos","45-49"
"6565","2017","Hombres","Cuajimalpa de Morelos","45-49"
"6689","2018","Hombres","Cuajimalpa de Morelos","45-49"
"6790","2019","Hombres","Cuajimalpa de Morelos","45-49"
"6861","2020","Hombres","Cuajimalpa de Morelos","45-49"
"6900","2021","Hombres","Cuajimalpa de Morelos","45-49"
"6908","2022","Hombres","Cuajimalpa de Morelos","45-49"
"6893","2023","Hombres","Cuajimalpa de Morelos","45-49"
"6865","2024","Hombres","Cuajimalpa de Morelos","45-49"
"6833","2025","Hombres","Cuajimalpa de Morelos","45-49"
"6807","2026","Hombres","Cuajimalpa de Morelos","45-49"
"6792","2027","Hombres","Cuajimalpa de Morelos","45-49"
"6784","2028","Hombres","Cuajimalpa de Morelos","45-49"
"6777","2029","Hombres","Cuajimalpa de Morelos","45-49"
"6761","2030","Hombres","Cuajimalpa de Morelos","45-49"
"38540","2015","Hombres","Gustavo A. Madero","45-49"
"38778","2016","Hombres","Gustavo A. Madero","45-49"
"39067","2017","Hombres","Gustavo A. Madero","45-49"
"39293","2018","Hombres","Gustavo A. Madero","45-49"
"39427","2019","Hombres","Gustavo A. Madero","45-49"
"39448","2020","Hombres","Gustavo A. Madero","45-49"
"39341","2021","Hombres","Gustavo A. Madero","45-49"
"39116","2022","Hombres","Gustavo A. Madero","45-49"
"38829","2023","Hombres","Gustavo A. Madero","45-49"
"38537","2024","Hombres","Gustavo A. Madero","45-49"
"38294","2025","Hombres","Gustavo A. Madero","45-49"
"38158","2026","Hombres","Gustavo A. Madero","45-49"
"38164","2027","Hombres","Gustavo A. Madero","45-49"
"38300","2028","Hombres","Gustavo A. Madero","45-49"
"38540","2029","Hombres","Gustavo A. Madero","45-49"
"38844","2030","Hombres","Gustavo A. Madero","45-49"
"13285","2015","Hombres","Iztacalco","45-49"
"13401","2016","Hombres","Iztacalco","45-49"
"13533","2017","Hombres","Iztacalco","45-49"
"13643","2018","Hombres","Iztacalco","45-49"
"13719","2019","Hombres","Iztacalco","45-49"
"13754","2020","Hombres","Iztacalco","45-49"
"13741","2021","Hombres","Iztacalco","45-49"
"13684","2022","Hombres","Iztacalco","45-49"
"13602","2023","Hombres","Iztacalco","45-49"
"13515","2024","Hombres","Iztacalco","45-49"
"13442","2025","Hombres","Iztacalco","45-49"
"13402","2026","Hombres","Iztacalco","45-49"
"13407","2027","Hombres","Iztacalco","45-49"
"13454","2028","Hombres","Iztacalco","45-49"
"13532","2029","Hombres","Iztacalco","45-49"
"13626","2030","Hombres","Iztacalco","45-49"
"56960","2015","Hombres","Iztapalapa","45-49"
"57336","2016","Hombres","Iztapalapa","45-49"
"57770","2017","Hombres","Iztapalapa","45-49"
"58099","2018","Hombres","Iztapalapa","45-49"
"58281","2019","Hombres","Iztapalapa","45-49"
"58293","2020","Hombres","Iztapalapa","45-49"
"58108","2021","Hombres","Iztapalapa","45-49"
"57747","2022","Hombres","Iztapalapa","45-49"
"57292","2023","Hombres","Iztapalapa","45-49"
"56831","2024","Hombres","Iztapalapa","45-49"
"56444","2025","Hombres","Iztapalapa","45-49"
"56218","2026","Hombres","Iztapalapa","45-49"
"56202","2027","Hombres","Iztapalapa","45-49"
"56390","2028","Hombres","Iztapalapa","45-49"
"56737","2029","Hombres","Iztapalapa","45-49"
"57191","2030","Hombres","Iztapalapa","45-49"
"7709","2015","Hombres","La Magdalena Contreras","45-49"
"7797","2016","Hombres","La Magdalena Contreras","45-49"
"7893","2017","Hombres","La Magdalena Contreras","45-49"
"7973","2018","Hombres","La Magdalena Contreras","45-49"
"8032","2019","Hombres","La Magdalena Contreras","45-49"
"8065","2020","Hombres","La Magdalena Contreras","45-49"
"8068","2021","Hombres","La Magdalena Contreras","45-49"
"8043","2022","Hombres","La Magdalena Contreras","45-49"
"8002","2023","Hombres","La Magdalena Contreras","45-49"
"7956","2024","Hombres","La Magdalena Contreras","45-49"
"7917","2025","Hombres","La Magdalena Contreras","45-49"
"7896","2026","Hombres","La Magdalena Contreras","45-49"
"7901","2027","Hombres","La Magdalena Contreras","45-49"
"7928","2028","Hombres","La Magdalena Contreras","45-49"
"7973","2029","Hombres","La Magdalena Contreras","45-49"
"8026","2030","Hombres","La Magdalena Contreras","45-49"
"3973","2015","Hombres","Milpa Alta","45-49"
"4057","2016","Hombres","Milpa Alta","45-49"
"4142","2017","Hombres","Milpa Alta","45-49"
"4214","2018","Hombres","Milpa Alta","45-49"
"4271","2019","Hombres","Milpa Alta","45-49"
"4309","2020","Hombres","Milpa Alta","45-49"
"4327","2021","Hombres","Milpa Alta","45-49"
"4324","2022","Hombres","Milpa Alta","45-49"
"4307","2023","Hombres","Milpa Alta","45-49"
"4281","2024","Hombres","Milpa Alta","45-49"
"4252","2025","Hombres","Milpa Alta","45-49"
"4227","2026","Hombres","Milpa Alta","45-49"
"4208","2027","Hombres","Milpa Alta","45-49"
"4192","2028","Hombres","Milpa Alta","45-49"
"4177","2029","Hombres","Milpa Alta","45-49"
"4154","2030","Hombres","Milpa Alta","45-49"
"23993","2015","Hombres","Álvaro Obregón","45-49"
"24243","2016","Hombres","Álvaro Obregón","45-49"
"24517","2017","Hombres","Álvaro Obregón","45-49"
"24745","2018","Hombres","Álvaro Obregón","45-49"
"24905","2019","Hombres","Álvaro Obregón","45-49"
"24987","2020","Hombres","Álvaro Obregón","45-49"
"24977","2021","Hombres","Álvaro Obregón","45-49"
"24883","2022","Hombres","Álvaro Obregón","45-49"
"24740","2023","Hombres","Álvaro Obregón","45-49"
"24583","2024","Hombres","Álvaro Obregón","45-49"
"24447","2025","Hombres","Álvaro Obregón","45-49"
"24368","2026","Hombres","Álvaro Obregón","45-49"
"24368","2027","Hombres","Álvaro Obregón","45-49"
"24441","2028","Hombres","Álvaro Obregón","45-49"
"24565","2029","Hombres","Álvaro Obregón","45-49"
"24717","2030","Hombres","Álvaro Obregón","45-49"
"11499","2015","Hombres","Tláhuac","45-49"
"11685","2016","Hombres","Tláhuac","45-49"
"11876","2017","Hombres","Tláhuac","45-49"
"12035","2018","Hombres","Tláhuac","45-49"
"12153","2019","Hombres","Tláhuac","45-49"
"12223","2020","Hombres","Tláhuac","45-49"
"12238","2021","Hombres","Tláhuac","45-49"
"12202","2022","Hombres","Tláhuac","45-49"
"12132","2023","Hombres","Tláhuac","45-49"
"12044","2024","Hombres","Tláhuac","45-49"
"11955","2025","Hombres","Tláhuac","45-49"
"11883","2026","Hombres","Tláhuac","45-49"
"11837","2027","Hombres","Tláhuac","45-49"
"11811","2028","Hombres","Tláhuac","45-49"
"11794","2029","Hombres","Tláhuac","45-49"
"11772","2030","Hombres","Tláhuac","45-49"
"21369","2015","Hombres","Tlalpan","45-49"
"21569","2016","Hombres","Tlalpan","45-49"
"21790","2017","Hombres","Tlalpan","45-49"
"21971","2018","Hombres","Tlalpan","45-49"
"22094","2019","Hombres","Tlalpan","45-49"
"22149","2020","Hombres","Tlalpan","45-49"
"22125","2021","Hombres","Tlalpan","45-49"
"22031","2022","Hombres","Tlalpan","45-49"
"21896","2023","Hombres","Tlalpan","45-49"
"21754","2024","Hombres","Tlalpan","45-49"
"21634","2025","Hombres","Tlalpan","45-49"
"21572","2026","Hombres","Tlalpan","45-49"
"21585","2027","Hombres","Tlalpan","45-49"
"21669","2028","Hombres","Tlalpan","45-49"
"21807","2029","Hombres","Tlalpan","45-49"
"21979","2030","Hombres","Tlalpan","45-49"
"13099","2015","Hombres","Xochimilco","45-49"
"13193","2016","Hombres","Xochimilco","45-49"
"13297","2017","Hombres","Xochimilco","45-49"
"13375","2018","Hombres","Xochimilco","45-49"
"13417","2019","Hombres","Xochimilco","45-49"
"13415","2020","Hombres","Xochimilco","45-49"
"13366","2021","Hombres","Xochimilco","45-49"
"13274","2022","Hombres","Xochimilco","45-49"
"13157","2023","Hombres","Xochimilco","45-49"
"13037","2024","Hombres","Xochimilco","45-49"
"12931","2025","Hombres","Xochimilco","45-49"
"12859","2026","Hombres","Xochimilco","45-49"
"12833","2027","Hombres","Xochimilco","45-49"
"12849","2028","Hombres","Xochimilco","45-49"
"12899","2029","Hombres","Xochimilco","45-49"
"12968","2030","Hombres","Xochimilco","45-49"
"14489","2015","Hombres","Benito Juárez","45-49"
"14629","2016","Hombres","Benito Juárez","45-49"
"14786","2017","Hombres","Benito Juárez","45-49"
"14918","2018","Hombres","Benito Juárez","45-49"
"15013","2019","Hombres","Benito Juárez","45-49"
"15064","2020","Hombres","Benito Juárez","45-49"
"15062","2021","Hombres","Benito Juárez","45-49"
"15012","2022","Hombres","Benito Juárez","45-49"
"14935","2023","Hombres","Benito Juárez","45-49"
"14853","2024","Hombres","Benito Juárez","45-49"
"14786","2025","Hombres","Benito Juárez","45-49"
"14757","2026","Hombres","Benito Juárez","45-49"
"14779","2027","Hombres","Benito Juárez","45-49"
"14848","2028","Hombres","Benito Juárez","45-49"
"14953","2029","Hombres","Benito Juárez","45-49"
"15078","2030","Hombres","Benito Juárez","45-49"
"17963","2015","Hombres","Cuauhtémoc","45-49"
"18056","2016","Hombres","Cuauhtémoc","45-49"
"18176","2017","Hombres","Cuauhtémoc","45-49"
"18270","2018","Hombres","Cuauhtémoc","45-49"
"18324","2019","Hombres","Cuauhtémoc","45-49"
"18331","2020","Hombres","Cuauhtémoc","45-49"
"18282","2021","Hombres","Cuauhtémoc","45-49"
"18184","2022","Hombres","Cuauhtémoc","45-49"
"18061","2023","Hombres","Cuauhtémoc","45-49"
"17942","2024","Hombres","Cuauhtémoc","45-49"
"17852","2025","Hombres","Cuauhtémoc","45-49"
"17818","2026","Hombres","Cuauhtémoc","45-49"
"17858","2027","Hombres","Cuauhtémoc","45-49"
"17967","2028","Hombres","Cuauhtémoc","45-49"
"18135","2029","Hombres","Cuauhtémoc","45-49"
"18345","2030","Hombres","Cuauhtémoc","45-49"
"12523","2015","Hombres","Miguel Hidalgo","45-49"
"12639","2016","Hombres","Miguel Hidalgo","45-49"
"12772","2017","Hombres","Miguel Hidalgo","45-49"
"12885","2018","Hombres","Miguel Hidalgo","45-49"
"12967","2019","Hombres","Miguel Hidalgo","45-49"
"13013","2020","Hombres","Miguel Hidalgo","45-49"
"13015","2021","Hombres","Miguel Hidalgo","45-49"
"12978","2022","Hombres","Miguel Hidalgo","45-49"
"12918","2023","Hombres","Miguel Hidalgo","45-49"
"12856","2024","Hombres","Miguel Hidalgo","45-49"
"12808","2025","Hombres","Miguel Hidalgo","45-49"
"12794","2026","Hombres","Miguel Hidalgo","45-49"
"12827","2027","Hombres","Miguel Hidalgo","45-49"
"12902","2028","Hombres","Miguel Hidalgo","45-49"
"13010","2029","Hombres","Miguel Hidalgo","45-49"
"13139","2030","Hombres","Miguel Hidalgo","45-49"
"14379","2015","Hombres","Venustiano Carranza","45-49"
"14429","2016","Hombres","Venustiano Carranza","45-49"
"14499","2017","Hombres","Venustiano Carranza","45-49"
"14549","2018","Hombres","Venustiano Carranza","45-49"
"14566","2019","Hombres","Venustiano Carranza","45-49"
"14544","2020","Hombres","Venustiano Carranza","45-49"
"14479","2021","Hombres","Venustiano Carranza","45-49"
"14374","2022","Hombres","Venustiano Carranza","45-49"
"14250","2023","Hombres","Venustiano Carranza","45-49"
"14128","2024","Hombres","Venustiano Carranza","45-49"
"14030","2025","Hombres","Venustiano Carranza","45-49"
"13975","2026","Hombres","Venustiano Carranza","45-49"
"13977","2027","Hombres","Venustiano Carranza","45-49"
"14034","2028","Hombres","Venustiano Carranza","45-49"
"14134","2029","Hombres","Venustiano Carranza","45-49"
"14266","2030","Hombres","Venustiano Carranza","45-49"
"14973","2015","Mujeres","Azcapotzalco","50-54"
"15099","2016","Mujeres","Azcapotzalco","50-54"
"15233","2017","Mujeres","Azcapotzalco","50-54"
"15378","2018","Mujeres","Azcapotzalco","50-54"
"15538","2019","Mujeres","Azcapotzalco","50-54"
"15712","2020","Mujeres","Azcapotzalco","50-54"
"15898","2021","Mujeres","Azcapotzalco","50-54"
"16085","2022","Mujeres","Azcapotzalco","50-54"
"16264","2023","Mujeres","Azcapotzalco","50-54"
"16423","2024","Mujeres","Azcapotzalco","50-54"
"16551","2025","Mujeres","Azcapotzalco","50-54"
"16639","2026","Mujeres","Azcapotzalco","50-54"
"16683","2027","Mujeres","Azcapotzalco","50-54"
"16696","2028","Mujeres","Azcapotzalco","50-54"
"16691","2029","Mujeres","Azcapotzalco","50-54"
"16686","2030","Mujeres","Azcapotzalco","50-54"
"23892","2015","Mujeres","Coyoacán","50-54"
"23983","2016","Mujeres","Coyoacán","50-54"
"24084","2017","Mujeres","Coyoacán","50-54"
"24201","2018","Mujeres","Coyoacán","50-54"
"24341","2019","Mujeres","Coyoacán","50-54"
"24506","2020","Mujeres","Coyoacán","50-54"
"24690","2021","Mujeres","Coyoacán","50-54"
"24882","2022","Mujeres","Coyoacán","50-54"
"25065","2023","Mujeres","Coyoacán","50-54"
"25224","2024","Mujeres","Coyoacán","50-54"
"25346","2025","Mujeres","Coyoacán","50-54"
"25416","2026","Mujeres","Coyoacán","50-54"
"25431","2027","Mujeres","Coyoacán","50-54"
"25410","2028","Mujeres","Coyoacán","50-54"
"25380","2029","Mujeres","Coyoacán","50-54"
"25366","2030","Mujeres","Coyoacán","50-54"
"5671","2015","Mujeres","Cuajimalpa de Morelos","50-54"
"5827","2016","Mujeres","Cuajimalpa de Morelos","50-54"
"5978","2017","Mujeres","Cuajimalpa de Morelos","50-54"
"6125","2018","Mujeres","Cuajimalpa de Morelos","50-54"
"6269","2019","Mujeres","Cuajimalpa de Morelos","50-54"
"6409","2020","Mujeres","Cuajimalpa de Morelos","50-54"
"6546","2021","Mujeres","Cuajimalpa de Morelos","50-54"
"6671","2022","Mujeres","Cuajimalpa de Morelos","50-54"
"6782","2023","Mujeres","Cuajimalpa de Morelos","50-54"
"6871","2024","Mujeres","Cuajimalpa de Morelos","50-54"
"6935","2025","Mujeres","Cuajimalpa de Morelos","50-54"
"6966","2026","Mujeres","Cuajimalpa de Morelos","50-54"
"6964","2027","Mujeres","Cuajimalpa de Morelos","50-54"
"6932","2028","Mujeres","Cuajimalpa de Morelos","50-54"
"6875","2029","Mujeres","Cuajimalpa de Morelos","50-54"
"6798","2030","Mujeres","Cuajimalpa de Morelos","50-54"
"39800","2015","Mujeres","Gustavo A. Madero","50-54"
"40180","2016","Mujeres","Gustavo A. Madero","50-54"
"40581","2017","Mujeres","Gustavo A. Madero","50-54"
"41005","2018","Mujeres","Gustavo A. Madero","50-54"
"41465","2019","Mujeres","Gustavo A. Madero","50-54"
"41961","2020","Mujeres","Gustavo A. Madero","50-54"
"42483","2021","Mujeres","Gustavo A. Madero","50-54"
"43007","2022","Mujeres","Gustavo A. Madero","50-54"
"43503","2023","Mujeres","Gustavo A. Madero","50-54"
"43939","2024","Mujeres","Gustavo A. Madero","50-54"
"44292","2025","Mujeres","Gustavo A. Madero","50-54"
"44531","2026","Mujeres","Gustavo A. Madero","50-54"
"44647","2027","Mujeres","Gustavo A. Madero","50-54"
"44672","2028","Mujeres","Gustavo A. Madero","50-54"
"44645","2029","Mujeres","Gustavo A. Madero","50-54"
"44610","2030","Mujeres","Gustavo A. Madero","50-54"
"13954","2015","Mujeres","Iztacalco","50-54"
"14135","2016","Mujeres","Iztacalco","50-54"
"14322","2017","Mujeres","Iztacalco","50-54"
"14515","2018","Mujeres","Iztacalco","50-54"
"14717","2019","Mujeres","Iztacalco","50-54"
"14930","2020","Mujeres","Iztacalco","50-54"
"15148","2021","Mujeres","Iztacalco","50-54"
"15362","2022","Mujeres","Iztacalco","50-54"
"15562","2023","Mujeres","Iztacalco","50-54"
"15736","2024","Mujeres","Iztacalco","50-54"
"15873","2025","Mujeres","Iztacalco","50-54"
"15963","2026","Mujeres","Iztacalco","50-54"
"16002","2027","Mujeres","Iztacalco","50-54"
"16000","2028","Mujeres","Iztacalco","50-54"
"15972","2029","Mujeres","Iztacalco","50-54"
"15931","2030","Mujeres","Iztacalco","50-54"
"56433","2015","Mujeres","Iztapalapa","50-54"
"57220","2016","Mujeres","Iztapalapa","50-54"
"57995","2017","Mujeres","Iztapalapa","50-54"
"58763","2018","Mujeres","Iztapalapa","50-54"
"59543","2019","Mujeres","Iztapalapa","50-54"
"60335","2020","Mujeres","Iztapalapa","50-54"
"61114","2021","Mujeres","Iztapalapa","50-54"
"61857","2022","Mujeres","Iztapalapa","50-54"
"62515","2023","Mujeres","Iztapalapa","50-54"
"63037","2024","Mujeres","Iztapalapa","50-54"
"63394","2025","Mujeres","Iztapalapa","50-54"
"63537","2026","Mujeres","Iztapalapa","50-54"
"63446","2027","Mujeres","Iztapalapa","50-54"
"63169","2028","Mujeres","Iztapalapa","50-54"
"62765","2029","Mujeres","Iztapalapa","50-54"
"62284","2030","Mujeres","Iztapalapa","50-54"
"7673","2015","Mujeres","La Magdalena Contreras","50-54"
"7784","2016","Mujeres","La Magdalena Contreras","50-54"
"7895","2017","Mujeres","La Magdalena Contreras","50-54"
"8006","2018","Mujeres","La Magdalena Contreras","50-54"
"8119","2019","Mujeres","La Magdalena Contreras","50-54"
"8234","2020","Mujeres","La Magdalena Contreras","50-54"
"8350","2021","Mujeres","La Magdalena Contreras","50-54"
"8460","2022","Mujeres","La Magdalena Contreras","50-54"
"8560","2023","Mujeres","La Magdalena Contreras","50-54"
"8643","2024","Mujeres","La Magdalena Contreras","50-54"
"8703","2025","Mujeres","La Magdalena Contreras","50-54"
"8734","2026","Mujeres","La Magdalena Contreras","50-54"
"8735","2027","Mujeres","La Magdalena Contreras","50-54"
"8711","2028","Mujeres","La Magdalena Contreras","50-54"
"8669","2029","Mujeres","La Magdalena Contreras","50-54"
"8619","2030","Mujeres","La Magdalena Contreras","50-54"
"3509","2015","Mujeres","Milpa Alta","50-54"
"3601","2016","Mujeres","Milpa Alta","50-54"
"3690","2017","Mujeres","Milpa Alta","50-54"
"3777","2018","Mujeres","Milpa Alta","50-54"
"3861","2019","Mujeres","Milpa Alta","50-54"
"3945","2020","Mujeres","Milpa Alta","50-54"
"4026","2021","Mujeres","Milpa Alta","50-54"
"4101","2022","Mujeres","Milpa Alta","50-54"
"4167","2023","Mujeres","Milpa Alta","50-54"
"4221","2024","Mujeres","Milpa Alta","50-54"
"4259","2025","Mujeres","Milpa Alta","50-54"
"4279","2026","Mujeres","Milpa Alta","50-54"
"4279","2027","Mujeres","Milpa Alta","50-54"
"4261","2028","Mujeres","Milpa Alta","50-54"
"4229","2029","Mujeres","Milpa Alta","50-54"
"4186","2030","Mujeres","Milpa Alta","50-54"
"24641","2015","Mujeres","Álvaro Obregón","50-54"
"25030","2016","Mujeres","Álvaro Obregón","50-54"
"25417","2017","Mujeres","Álvaro Obregón","50-54"
"25806","2018","Mujeres","Álvaro Obregón","50-54"
"26204","2019","Mujeres","Álvaro Obregón","50-54"
"26609","2020","Mujeres","Álvaro Obregón","50-54"
"27015","2021","Mujeres","Álvaro Obregón","50-54"
"27405","2022","Mujeres","Álvaro Obregón","50-54"
"27759","2023","Mujeres","Álvaro Obregón","50-54"
"28057","2024","Mujeres","Álvaro Obregón","50-54"
"28280","2025","Mujeres","Álvaro Obregón","50-54"
"28409","2026","Mujeres","Álvaro Obregón","50-54"
"28436","2027","Mujeres","Álvaro Obregón","50-54"
"28380","2028","Mujeres","Álvaro Obregón","50-54"
"28264","2029","Mujeres","Álvaro Obregón","50-54"
"28116","2030","Mujeres","Álvaro Obregón","50-54"
"10632","2015","Mujeres","Tláhuac","50-54"
"10882","2016","Mujeres","Tláhuac","50-54"
"11125","2017","Mujeres","Tláhuac","50-54"
"11361","2018","Mujeres","Tláhuac","50-54"
"11592","2019","Mujeres","Tláhuac","50-54"
"11819","2020","Mujeres","Tláhuac","50-54"
"12037","2021","Mujeres","Tláhuac","50-54"
"12240","2022","Mujeres","Tláhuac","50-54"
"12417","2023","Mujeres","Tláhuac","50-54"
"12560","2024","Mujeres","Tláhuac","50-54"
"12657","2025","Mujeres","Tláhuac","50-54"
"12701","2026","Mujeres","Tláhuac","50-54"
"12687","2027","Mujeres","Tláhuac","50-54"
"12623","2028","Mujeres","Tláhuac","50-54"
"12519","2029","Mujeres","Tláhuac","50-54"
"12385","2030","Mujeres","Tláhuac","50-54"
"22383","2015","Mujeres","Tlalpan","50-54"
"22754","2016","Mujeres","Tlalpan","50-54"
"23117","2017","Mujeres","Tlalpan","50-54"
"23473","2018","Mujeres","Tlalpan","50-54"
"23829","2019","Mujeres","Tlalpan","50-54"
"24185","2020","Mujeres","Tlalpan","50-54"
"24534","2021","Mujeres","Tlalpan","50-54"
"24862","2022","Mujeres","Tlalpan","50-54"
"25150","2023","Mujeres","Tlalpan","50-54"
"25379","2024","Mujeres","Tlalpan","50-54"
"25533","2025","Mujeres","Tlalpan","50-54"
"25594","2026","Mujeres","Tlalpan","50-54"
"25555","2027","Mujeres","Tlalpan","50-54"
"25433","2028","Mujeres","Tlalpan","50-54"
"25251","2029","Mujeres","Tlalpan","50-54"
"25030","2030","Mujeres","Tlalpan","50-54"
"12620","2015","Mujeres","Xochimilco","50-54"
"12808","2016","Mujeres","Xochimilco","50-54"
"12993","2017","Mujeres","Xochimilco","50-54"
"13175","2018","Mujeres","Xochimilco","50-54"
"13360","2019","Mujeres","Xochimilco","50-54"
"13546","2020","Mujeres","Xochimilco","50-54"
"13730","2021","Mujeres","Xochimilco","50-54"
"13905","2022","Mujeres","Xochimilco","50-54"
"14061","2023","Mujeres","Xochimilco","50-54"
"14186","2024","Mujeres","Xochimilco","50-54"
"14274","2025","Mujeres","Xochimilco","50-54"
"14314","2026","Mujeres","Xochimilco","50-54"
"14303","2027","Mujeres","Xochimilco","50-54"
"14250","2028","Mujeres","Xochimilco","50-54"
"14169","2029","Mujeres","Xochimilco","50-54"
"14072","2030","Mujeres","Xochimilco","50-54"
"16488","2015","Mujeres","Benito Juárez","50-54"
"16664","2016","Mujeres","Benito Juárez","50-54"
"16843","2017","Mujeres","Benito Juárez","50-54"
"17027","2018","Mujeres","Benito Juárez","50-54"
"17221","2019","Mujeres","Benito Juárez","50-54"
"17423","2020","Mujeres","Benito Juárez","50-54"
"17629","2021","Mujeres","Benito Juárez","50-54"
"17828","2022","Mujeres","Benito Juárez","50-54"
"18008","2023","Mujeres","Benito Juárez","50-54"
"18153","2024","Mujeres","Benito Juárez","50-54"
"18254","2025","Mujeres","Benito Juárez","50-54"
"18297","2026","Mujeres","Benito Juárez","50-54"
"18279","2027","Mujeres","Benito Juárez","50-54"
"18211","2028","Mujeres","Benito Juárez","50-54"
"18109","2029","Mujeres","Benito Juárez","50-54"
"17990","2030","Mujeres","Benito Juárez","50-54"
"19555","2015","Mujeres","Cuauhtémoc","50-54"
"19738","2016","Mujeres","Cuauhtémoc","50-54"
"19931","2017","Mujeres","Cuauhtémoc","50-54"
"20136","2018","Mujeres","Cuauhtémoc","50-54"
"20358","2019","Mujeres","Cuauhtémoc","50-54"
"20597","2020","Mujeres","Cuauhtémoc","50-54"
"20848","2021","Mujeres","Cuauhtémoc","50-54"
"21098","2022","Mujeres","Cuauhtémoc","50-54"
"21332","2023","Mujeres","Cuauhtémoc","50-54"
"21535","2024","Mujeres","Cuauhtémoc","50-54"
"21694","2025","Mujeres","Cuauhtémoc","50-54"
"21794","2026","Mujeres","Cuauhtémoc","50-54"
"21829","2027","Mujeres","Cuauhtémoc","50-54"
"21815","2028","Mujeres","Cuauhtémoc","50-54"
"21772","2029","Mujeres","Cuauhtémoc","50-54"
"21720","2030","Mujeres","Cuauhtémoc","50-54"
"13291","2015","Mujeres","Miguel Hidalgo","50-54"
"13392","2016","Mujeres","Miguel Hidalgo","50-54"
"13502","2017","Mujeres","Miguel Hidalgo","50-54"
"13623","2018","Mujeres","Miguel Hidalgo","50-54"
"13760","2019","Mujeres","Miguel Hidalgo","50-54"
"13911","2020","Mujeres","Miguel Hidalgo","50-54"
"14074","2021","Mujeres","Miguel Hidalgo","50-54"
"14241","2022","Mujeres","Miguel Hidalgo","50-54"
"14402","2023","Mujeres","Miguel Hidalgo","50-54"
"14546","2024","Mujeres","Miguel Hidalgo","50-54"
"14666","2025","Mujeres","Miguel Hidalgo","50-54"
"14752","2026","Mujeres","Miguel Hidalgo","50-54"
"14801","2027","Mujeres","Miguel Hidalgo","50-54"
"14824","2028","Mujeres","Miguel Hidalgo","50-54"
"14834","2029","Mujeres","Miguel Hidalgo","50-54"
"14845","2030","Mujeres","Miguel Hidalgo","50-54"
"15647","2015","Mujeres","Venustiano Carranza","50-54"
"15797","2016","Mujeres","Venustiano Carranza","50-54"
"15957","2017","Mujeres","Venustiano Carranza","50-54"
"16126","2018","Mujeres","Venustiano Carranza","50-54"
"16310","2019","Mujeres","Venustiano Carranza","50-54"
"16508","2020","Mujeres","Venustiano Carranza","50-54"
"16716","2021","Mujeres","Venustiano Carranza","50-54"
"16924","2022","Mujeres","Venustiano Carranza","50-54"
"17119","2023","Mujeres","Venustiano Carranza","50-54"
"17290","2024","Mujeres","Venustiano Carranza","50-54"
"17426","2025","Mujeres","Venustiano Carranza","50-54"
"17515","2026","Mujeres","Venustiano Carranza","50-54"
"17553","2027","Mujeres","Venustiano Carranza","50-54"
"17552","2028","Mujeres","Venustiano Carranza","50-54"
"17529","2029","Mujeres","Venustiano Carranza","50-54"
"17498","2030","Mujeres","Venustiano Carranza","50-54"
"12599","2015","Hombres","Azcapotzalco","50-54"
"12699","2016","Hombres","Azcapotzalco","50-54"
"12795","2017","Hombres","Azcapotzalco","50-54"
"12894","2018","Hombres","Azcapotzalco","50-54"
"12998","2019","Hombres","Azcapotzalco","50-54"
"13108","2020","Hombres","Azcapotzalco","50-54"
"13222","2021","Hombres","Azcapotzalco","50-54"
"13332","2022","Hombres","Azcapotzalco","50-54"
"13426","2023","Hombres","Azcapotzalco","50-54"
"13494","2024","Hombres","Azcapotzalco","50-54"
"13530","2025","Hombres","Azcapotzalco","50-54"
"13528","2026","Hombres","Azcapotzalco","50-54"
"13492","2027","Hombres","Azcapotzalco","50-54"
"13441","2028","Hombres","Azcapotzalco","50-54"
"13395","2029","Hombres","Azcapotzalco","50-54"
"13376","2030","Hombres","Azcapotzalco","50-54"
"19607","2015","Hombres","Coyoacán","50-54"
"19636","2016","Hombres","Coyoacán","50-54"
"19663","2017","Hombres","Coyoacán","50-54"
"19697","2018","Hombres","Coyoacán","50-54"
"19746","2019","Hombres","Coyoacán","50-54"
"19812","2020","Hombres","Coyoacán","50-54"
"19894","2021","Hombres","Coyoacán","50-54"
"19980","2022","Hombres","Coyoacán","50-54"
"20056","2023","Hombres","Coyoacán","50-54"
"20108","2024","Hombres","Coyoacán","50-54"
"20129","2025","Hombres","Coyoacán","50-54"
"20112","2026","Hombres","Coyoacán","50-54"
"20067","2027","Hombres","Coyoacán","50-54"
"20023","2028","Hombres","Coyoacán","50-54"
"20013","2029","Hombres","Coyoacán","50-54"
"20071","2030","Hombres","Coyoacán","50-54"
"5197","2015","Hombres","Cuajimalpa de Morelos","50-54"
"5328","2016","Hombres","Cuajimalpa de Morelos","50-54"
"5451","2017","Hombres","Cuajimalpa de Morelos","50-54"
"5567","2018","Hombres","Cuajimalpa de Morelos","50-54"
"5679","2019","Hombres","Cuajimalpa de Morelos","50-54"
"5786","2020","Hombres","Cuajimalpa de Morelos","50-54"
"5886","2021","Hombres","Cuajimalpa de Morelos","50-54"
"5975","2022","Hombres","Cuajimalpa de Morelos","50-54"
"6048","2023","Hombres","Cuajimalpa de Morelos","50-54"
"6098","2024","Hombres","Cuajimalpa de Morelos","50-54"
"6123","2025","Hombres","Cuajimalpa de Morelos","50-54"
"6118","2026","Hombres","Cuajimalpa de Morelos","50-54"
"6085","2027","Hombres","Cuajimalpa de Morelos","50-54"
"6031","2028","Hombres","Cuajimalpa de Morelos","50-54"
"5966","2029","Hombres","Cuajimalpa de Morelos","50-54"
"5895","2030","Hombres","Cuajimalpa de Morelos","50-54"
"34537","2015","Hombres","Gustavo A. Madero","50-54"
"34885","2016","Hombres","Gustavo A. Madero","50-54"
"35218","2017","Hombres","Gustavo A. Madero","50-54"
"35550","2018","Hombres","Gustavo A. Madero","50-54"
"35893","2019","Hombres","Gustavo A. Madero","50-54"
"36246","2020","Hombres","Gustavo A. Madero","50-54"
"36603","2021","Hombres","Gustavo A. Madero","50-54"
"36941","2022","Hombres","Gustavo A. Madero","50-54"
"37227","2023","Hombres","Gustavo A. Madero","50-54"
"37433","2024","Hombres","Gustavo A. Madero","50-54"
"37539","2025","Hombres","Gustavo A. Madero","50-54"
"37529","2026","Hombres","Gustavo A. Madero","50-54"
"37415","2027","Hombres","Gustavo A. Madero","50-54"
"37247","2028","Hombres","Gustavo A. Madero","50-54"
"37083","2029","Hombres","Gustavo A. Madero","50-54"
"36977","2030","Hombres","Gustavo A. Madero","50-54"
"12066","2015","Hombres","Iztacalco","50-54"
"12235","2016","Hombres","Iztacalco","50-54"
"12396","2017","Hombres","Iztacalco","50-54"
"12554","2018","Hombres","Iztacalco","50-54"
"12714","2019","Hombres","Iztacalco","50-54"
"12873","2020","Hombres","Iztacalco","50-54"
"13031","2021","Hombres","Iztacalco","50-54"
"13178","2022","Hombres","Iztacalco","50-54"
"13302","2023","Hombres","Iztacalco","50-54"
"13392","2024","Hombres","Iztacalco","50-54"
"13441","2025","Hombres","Iztacalco","50-54"
"13442","2026","Hombres","Iztacalco","50-54"
"13400","2027","Hombres","Iztacalco","50-54"
"13331","2028","Hombres","Iztacalco","50-54"
"13255","2029","Hombres","Iztacalco","50-54"
"13192","2030","Hombres","Iztacalco","50-54"
"50012","2015","Hombres","Iztapalapa","50-54"
"50582","2016","Hombres","Iztapalapa","50-54"
"51105","2017","Hombres","Iztapalapa","50-54"
"51606","2018","Hombres","Iztapalapa","50-54"
"52100","2019","Hombres","Iztapalapa","50-54"
"52594","2020","Hombres","Iztapalapa","50-54"
"53066","2021","Hombres","Iztapalapa","50-54"
"53496","2022","Hombres","Iztapalapa","50-54"
"53830","2023","Hombres","Iztapalapa","50-54"
"54032","2024","Hombres","Iztapalapa","50-54"
"54074","2025","Hombres","Iztapalapa","50-54"
"53930","2026","Hombres","Iztapalapa","50-54"
"53619","2027","Hombres","Iztapalapa","50-54"
"53216","2028","Hombres","Iztapalapa","50-54"
"52804","2029","Hombres","Iztapalapa","50-54"
"52457","2030","Hombres","Iztapalapa","50-54"
"6755","2015","Hombres","La Magdalena Contreras","50-54"
"6851","2016","Hombres","La Magdalena Contreras","50-54"
"6942","2017","Hombres","La Magdalena Contreras","50-54"
"7029","2018","Hombres","La Magdalena Contreras","50-54"
"7115","2019","Hombres","La Magdalena Contreras","50-54"
"7200","2020","Hombres","La Magdalena Contreras","50-54"
"7283","2021","Hombres","La Magdalena Contreras","50-54"
"7359","2022","Hombres","La Magdalena Contreras","50-54"
"7421","2023","Hombres","La Magdalena Contreras","50-54"
"7463","2024","Hombres","La Magdalena Contreras","50-54"
"7482","2025","Hombres","La Magdalena Contreras","50-54"
"7475","2026","Hombres","La Magdalena Contreras","50-54"
"7442","2027","Hombres","La Magdalena Contreras","50-54"
"7395","2028","Hombres","La Magdalena Contreras","50-54"
"7345","2029","Hombres","La Magdalena Contreras","50-54"
"7301","2030","Hombres","La Magdalena Contreras","50-54"
"3314","2015","Hombres","Milpa Alta","50-54"
"3394","2016","Hombres","Milpa Alta","50-54"
"3469","2017","Hombres","Milpa Alta","50-54"
"3540","2018","Hombres","Milpa Alta","50-54"
"3608","2019","Hombres","Milpa Alta","50-54"
"3671","2020","Hombres","Milpa Alta","50-54"
"3731","2021","Hombres","Milpa Alta","50-54"
"3783","2022","Hombres","Milpa Alta","50-54"
"3825","2023","Hombres","Milpa Alta","50-54"
"3853","2024","Hombres","Milpa Alta","50-54"
"3864","2025","Hombres","Milpa Alta","50-54"
"3856","2026","Hombres","Milpa Alta","50-54"
"3831","2027","Hombres","Milpa Alta","50-54"
"3792","2028","Hombres","Milpa Alta","50-54"
"3746","2029","Hombres","Milpa Alta","50-54"
"3697","2030","Hombres","Milpa Alta","50-54"
"21102","2015","Hombres","Álvaro Obregón","50-54"
"21385","2016","Hombres","Álvaro Obregón","50-54"
"21649","2017","Hombres","Álvaro Obregón","50-54"
"21904","2018","Hombres","Álvaro Obregón","50-54"
"22156","2019","Hombres","Álvaro Obregón","50-54"
"22404","2020","Hombres","Álvaro Obregón","50-54"
"22645","2021","Hombres","Álvaro Obregón","50-54"
"22864","2022","Hombres","Álvaro Obregón","50-54"
"23041","2023","Hombres","Álvaro Obregón","50-54"
"23157","2024","Hombres","Álvaro Obregón","50-54"
"23200","2025","Hombres","Álvaro Obregón","50-54"
"23159","2026","Hombres","Álvaro Obregón","50-54"
"23041","2027","Hombres","Álvaro Obregón","50-54"
"22878","2028","Hombres","Álvaro Obregón","50-54"
"22703","2029","Hombres","Álvaro Obregón","50-54"
"22549","2030","Hombres","Álvaro Obregón","50-54"
"9523","2015","Hombres","Tláhuac","50-54"
"9718","2016","Hombres","Tláhuac","50-54"
"9898","2017","Hombres","Tláhuac","50-54"
"10067","2018","Hombres","Tláhuac","50-54"
"10228","2019","Hombres","Tláhuac","50-54"
"10380","2020","Hombres","Tláhuac","50-54"
"10521","2021","Hombres","Tláhuac","50-54"
"10645","2022","Hombres","Tláhuac","50-54"
"10741","2023","Hombres","Tláhuac","50-54"
"10800","2024","Hombres","Tláhuac","50-54"
"10815","2025","Hombres","Tláhuac","50-54"
"10782","2026","Hombres","Tláhuac","50-54"
"10702","2027","Hombres","Tláhuac","50-54"
"10591","2028","Hombres","Tláhuac","50-54"
"10462","2029","Hombres","Tláhuac","50-54"
"10330","2030","Hombres","Tláhuac","50-54"
"19270","2015","Hombres","Tlalpan","50-54"
"19522","2016","Hombres","Tlalpan","50-54"
"19753","2017","Hombres","Tlalpan","50-54"
"19974","2018","Hombres","Tlalpan","50-54"
"20190","2019","Hombres","Tlalpan","50-54"
"20401","2020","Hombres","Tlalpan","50-54"
"20603","2021","Hombres","Tlalpan","50-54"
"20785","2022","Hombres","Tlalpan","50-54"
"20928","2023","Hombres","Tlalpan","50-54"
"21014","2024","Hombres","Tlalpan","50-54"
"21034","2025","Hombres","Tlalpan","50-54"
"20979","2026","Hombres","Tlalpan","50-54"
"20854","2027","Hombres","Tlalpan","50-54"
"20688","2028","Hombres","Tlalpan","50-54"
"20513","2029","Hombres","Tlalpan","50-54"
"20357","2030","Hombres","Tlalpan","50-54"
"11524","2015","Hombres","Xochimilco","50-54"
"11666","2016","Hombres","Xochimilco","50-54"
"11796","2017","Hombres","Xochimilco","50-54"
"11919","2018","Hombres","Xochimilco","50-54"
"12039","2019","Hombres","Xochimilco","50-54"
"12156","2020","Hombres","Xochimilco","50-54"
"12269","2021","Hombres","Xochimilco","50-54"
"12369","2022","Hombres","Xochimilco","50-54"
"12446","2023","Hombres","Xochimilco","50-54"
"12492","2024","Hombres","Xochimilco","50-54"
"12498","2025","Hombres","Xochimilco","50-54"
"12461","2026","Hombres","Xochimilco","50-54"
"12384","2027","Hombres","Xochimilco","50-54"
"12284","2028","Hombres","Xochimilco","50-54"
"12181","2029","Hombres","Xochimilco","50-54"
"12091","2030","Hombres","Xochimilco","50-54"
"13682","2015","Hombres","Benito Juárez","50-54"
"13882","2016","Hombres","Benito Juárez","50-54"
"14069","2017","Hombres","Benito Juárez","50-54"
"14250","2018","Hombres","Benito Juárez","50-54"
"14427","2019","Hombres","Benito Juárez","50-54"
"14602","2020","Hombres","Benito Juárez","50-54"
"14769","2021","Hombres","Benito Juárez","50-54"
"14921","2022","Hombres","Benito Juárez","50-54"
"15043","2023","Hombres","Benito Juárez","50-54"
"15122","2024","Hombres","Benito Juárez","50-54"
"15150","2025","Hombres","Benito Juárez","50-54"
"15120","2026","Hombres","Benito Juárez","50-54"
"15036","2027","Hombres","Benito Juárez","50-54"
"14918","2028","Hombres","Benito Juárez","50-54"
"14787","2029","Hombres","Benito Juárez","50-54"
"14664","2030","Hombres","Benito Juárez","50-54"
"16566","2015","Hombres","Cuauhtémoc","50-54"
"16738","2016","Hombres","Cuauhtémoc","50-54"
"16901","2017","Hombres","Cuauhtémoc","50-54"
"17062","2018","Hombres","Cuauhtémoc","50-54"
"17225","2019","Hombres","Cuauhtémoc","50-54"
"17391","2020","Hombres","Cuauhtémoc","50-54"
"17556","2021","Hombres","Cuauhtémoc","50-54"
"17709","2022","Hombres","Cuauhtémoc","50-54"
"17834","2023","Hombres","Cuauhtémoc","50-54"
"17917","2024","Hombres","Cuauhtémoc","50-54"
"17950","2025","Hombres","Cuauhtémoc","50-54"
"17922","2026","Hombres","Cuauhtémoc","50-54"
"17841","2027","Hombres","Cuauhtémoc","50-54"
"17731","2028","Hombres","Cuauhtémoc","50-54"
"17618","2029","Hombres","Cuauhtémoc","50-54"
"17527","2030","Hombres","Cuauhtémoc","50-54"
"11108","2015","Hombres","Miguel Hidalgo","50-54"
"11214","2016","Hombres","Miguel Hidalgo","50-54"
"11317","2017","Hombres","Miguel Hidalgo","50-54"
"11419","2018","Hombres","Miguel Hidalgo","50-54"
"11526","2019","Hombres","Miguel Hidalgo","50-54"
"11636","2020","Hombres","Miguel Hidalgo","50-54"
"11749","2021","Hombres","Miguel Hidalgo","50-54"
"11855","2022","Hombres","Miguel Hidalgo","50-54"
"11947","2023","Hombres","Miguel Hidalgo","50-54"
"12012","2024","Hombres","Miguel Hidalgo","50-54"
"12047","2025","Hombres","Miguel Hidalgo","50-54"
"12046","2026","Hombres","Miguel Hidalgo","50-54"
"12012","2027","Hombres","Miguel Hidalgo","50-54"
"11962","2028","Hombres","Miguel Hidalgo","50-54"
"11914","2029","Hombres","Miguel Hidalgo","50-54"
"11886","2030","Hombres","Miguel Hidalgo","50-54"
"13175","2015","Hombres","Venustiano Carranza","50-54"
"13313","2016","Hombres","Venustiano Carranza","50-54"
"13444","2017","Hombres","Venustiano Carranza","50-54"
"13574","2018","Hombres","Venustiano Carranza","50-54"
"13706","2019","Hombres","Venustiano Carranza","50-54"
"13839","2020","Hombres","Venustiano Carranza","50-54"
"13972","2021","Hombres","Venustiano Carranza","50-54"
"14095","2022","Hombres","Venustiano Carranza","50-54"
"14195","2023","Hombres","Venustiano Carranza","50-54"
"14261","2024","Hombres","Venustiano Carranza","50-54"
"14285","2025","Hombres","Venustiano Carranza","50-54"
"14261","2026","Hombres","Venustiano Carranza","50-54"
"14193","2027","Hombres","Venustiano Carranza","50-54"
"14100","2028","Hombres","Venustiano Carranza","50-54"
"14003","2029","Hombres","Venustiano Carranza","50-54"
"13921","2030","Hombres","Venustiano Carranza","50-54"
"13247","2015","Mujeres","Azcapotzalco","55-59"
"13499","2016","Mujeres","Azcapotzalco","55-59"
"13708","2017","Mujeres","Azcapotzalco","55-59"
"13896","2018","Mujeres","Azcapotzalco","55-59"
"14065","2019","Mujeres","Azcapotzalco","55-59"
"14223","2020","Mujeres","Azcapotzalco","55-59"
"14378","2021","Mujeres","Azcapotzalco","55-59"
"14537","2022","Mujeres","Azcapotzalco","55-59"
"14711","2023","Mujeres","Azcapotzalco","55-59"
"14902","2024","Mujeres","Azcapotzalco","55-59"
"15112","2025","Mujeres","Azcapotzalco","55-59"
"15337","2026","Mujeres","Azcapotzalco","55-59"
"15569","2027","Mujeres","Azcapotzalco","55-59"
"15798","2028","Mujeres","Azcapotzalco","55-59"
"16013","2029","Mujeres","Azcapotzalco","55-59"
"16207","2030","Mujeres","Azcapotzalco","55-59"
"21950","2015","Mujeres","Coyoacán","55-59"
"22399","2016","Mujeres","Coyoacán","55-59"
"22762","2017","Mujeres","Coyoacán","55-59"
"23077","2018","Mujeres","Coyoacán","55-59"
"23350","2019","Mujeres","Coyoacán","55-59"
"23589","2020","Mujeres","Coyoacán","55-59"
"23809","2021","Mujeres","Coyoacán","55-59"
"24025","2022","Mujeres","Coyoacán","55-59"
"24248","2023","Mujeres","Coyoacán","55-59"
"24487","2024","Mujeres","Coyoacán","55-59"
"24740","2025","Mujeres","Coyoacán","55-59"
"25002","2026","Mujeres","Coyoacán","55-59"
"25258","2027","Mujeres","Coyoacán","55-59"
"25491","2028","Mujeres","Coyoacán","55-59"
"25682","2029","Mujeres","Coyoacán","55-59"
"25816","2030","Mujeres","Coyoacán","55-59"
"4354","2015","Mujeres","Cuajimalpa de Morelos","55-59"
"4508","2016","Mujeres","Cuajimalpa de Morelos","55-59"
"4642","2017","Mujeres","Cuajimalpa de Morelos","55-59"
"4763","2018","Mujeres","Cuajimalpa de Morelos","55-59"
"4873","2019","Mujeres","Cuajimalpa de Morelos","55-59"
"4973","2020","Mujeres","Cuajimalpa de Morelos","55-59"
"5065","2021","Mujeres","Cuajimalpa de Morelos","55-59"
"5152","2022","Mujeres","Cuajimalpa de Morelos","55-59"
"5237","2023","Mujeres","Cuajimalpa de Morelos","55-59"
"5320","2024","Mujeres","Cuajimalpa de Morelos","55-59"
"5404","2025","Mujeres","Cuajimalpa de Morelos","55-59"
"5483","2026","Mujeres","Cuajimalpa de Morelos","55-59"
"5555","2027","Mujeres","Cuajimalpa de Morelos","55-59"
"5617","2028","Mujeres","Cuajimalpa de Morelos","55-59"
"5663","2029","Mujeres","Cuajimalpa de Morelos","55-59"
"5689","2030","Mujeres","Cuajimalpa de Morelos","55-59"
"34661","2015","Mujeres","Gustavo A. Madero","55-59"
"35332","2016","Mujeres","Gustavo A. Madero","55-59"
"35888","2017","Mujeres","Gustavo A. Madero","55-59"
"36386","2018","Mujeres","Gustavo A. Madero","55-59"
"36836","2019","Mujeres","Gustavo A. Madero","55-59"
"37255","2020","Mujeres","Gustavo A. Madero","55-59"
"37661","2021","Mujeres","Gustavo A. Madero","55-59"
"38080","2022","Mujeres","Gustavo A. Madero","55-59"
"38532","2023","Mujeres","Gustavo A. Madero","55-59"
"39029","2024","Mujeres","Gustavo A. Madero","55-59"
"39573","2025","Mujeres","Gustavo A. Madero","55-59"
"40153","2026","Mujeres","Gustavo A. Madero","55-59"
"40749","2027","Mujeres","Gustavo A. Madero","55-59"
"41336","2028","Mujeres","Gustavo A. Madero","55-59"
"41884","2029","Mujeres","Gustavo A. Madero","55-59"
"42369","2030","Mujeres","Gustavo A. Madero","55-59"
"12095","2015","Mujeres","Iztacalco","55-59"
"12364","2016","Mujeres","Iztacalco","55-59"
"12592","2017","Mujeres","Iztacalco","55-59"
"12800","2018","Mujeres","Iztacalco","55-59"
"12990","2019","Mujeres","Iztacalco","55-59"
"13168","2020","Mujeres","Iztacalco","55-59"
"13339","2021","Mujeres","Iztacalco","55-59"
"13514","2022","Mujeres","Iztacalco","55-59"
"13698","2023","Mujeres","Iztacalco","55-59"
"13895","2024","Mujeres","Iztacalco","55-59"
"14106","2025","Mujeres","Iztacalco","55-59"
"14327","2026","Mujeres","Iztacalco","55-59"
"14551","2027","Mujeres","Iztacalco","55-59"
"14767","2028","Mujeres","Iztacalco","55-59"
"14964","2029","Mujeres","Iztacalco","55-59"
"15135","2030","Mujeres","Iztacalco","55-59"
"47880","2015","Mujeres","Iztapalapa","55-59"
"49222","2016","Mujeres","Iztapalapa","55-59"
"50365","2017","Mujeres","Iztapalapa","55-59"
"51383","2018","Mujeres","Iztapalapa","55-59"
"52284","2019","Mujeres","Iztapalapa","55-59"
"53089","2020","Mujeres","Iztapalapa","55-59"
"53829","2021","Mujeres","Iztapalapa","55-59"
"54528","2022","Mujeres","Iztapalapa","55-59"
"55218","2023","Mujeres","Iztapalapa","55-59"
"55914","2024","Mujeres","Iztapalapa","55-59"
"56613","2025","Mujeres","Iztapalapa","55-59"
"57297","2026","Mujeres","Iztapalapa","55-59"
"57930","2027","Mujeres","Iztapalapa","55-59"
"58470","2028","Mujeres","Iztapalapa","55-59"
"58877","2029","Mujeres","Iztapalapa","55-59"
"59107","2030","Mujeres","Iztapalapa","55-59"
"6476","2015","Mujeres","La Magdalena Contreras","55-59"
"6644","2016","Mujeres","La Magdalena Contreras","55-59"
"6787","2017","Mujeres","La Magdalena Contreras","55-59"
"6914","2018","Mujeres","La Magdalena Contreras","55-59"
"7028","2019","Mujeres","La Magdalena Contreras","55-59"
"7130","2020","Mujeres","La Magdalena Contreras","55-59"
"7224","2021","Mujeres","La Magdalena Contreras","55-59"
"7315","2022","Mujeres","La Magdalena Contreras","55-59"
"7407","2023","Mujeres","La Magdalena Contreras","55-59"
"7501","2024","Mujeres","La Magdalena Contreras","55-59"
"7598","2025","Mujeres","La Magdalena Contreras","55-59"
"7694","2026","Mujeres","La Magdalena Contreras","55-59"
"7787","2027","Mujeres","La Magdalena Contreras","55-59"
"7870","2028","Mujeres","La Magdalena Contreras","55-59"
"7936","2029","Mujeres","La Magdalena Contreras","55-59"
"7982","2030","Mujeres","La Magdalena Contreras","55-59"
"2766","2015","Mujeres","Milpa Alta","55-59"
"2862","2016","Mujeres","Milpa Alta","55-59"
"2946","2017","Mujeres","Milpa Alta","55-59"
"3024","2018","Mujeres","Milpa Alta","55-59"
"3094","2019","Mujeres","Milpa Alta","55-59"
"3158","2020","Mujeres","Milpa Alta","55-59"
"3217","2021","Mujeres","Milpa Alta","55-59"
"3273","2022","Mujeres","Milpa Alta","55-59"
"3329","2023","Mujeres","Milpa Alta","55-59"
"3384","2024","Mujeres","Milpa Alta","55-59"
"3439","2025","Mujeres","Milpa Alta","55-59"
"3492","2026","Mujeres","Milpa Alta","55-59"
"3541","2027","Mujeres","Milpa Alta","55-59"
"3585","2028","Mujeres","Milpa Alta","55-59"
"3619","2029","Mujeres","Milpa Alta","55-59"
"3641","2030","Mujeres","Milpa Alta","55-59"
"21316","2015","Mujeres","Álvaro Obregón","55-59"
"21922","2016","Mujeres","Álvaro Obregón","55-59"
"22445","2017","Mujeres","Álvaro Obregón","55-59"
"22918","2018","Mujeres","Álvaro Obregón","55-59"
"23347","2019","Mujeres","Álvaro Obregón","55-59"
"23739","2020","Mujeres","Álvaro Obregón","55-59"
"24105","2021","Mujeres","Álvaro Obregón","55-59"
"24461","2022","Mujeres","Álvaro Obregón","55-59"
"24819","2023","Mujeres","Álvaro Obregón","55-59"
"25185","2024","Mujeres","Álvaro Obregón","55-59"
"25559","2025","Mujeres","Álvaro Obregón","55-59"
"25934","2026","Mujeres","Álvaro Obregón","55-59"
"26293","2027","Mujeres","Álvaro Obregón","55-59"
"26618","2028","Mujeres","Álvaro Obregón","55-59"
"26888","2029","Mujeres","Álvaro Obregón","55-59"
"27087","2030","Mujeres","Álvaro Obregón","55-59"
"8418","2015","Mujeres","Tláhuac","55-59"
"8707","2016","Mujeres","Tláhuac","55-59"
"8960","2017","Mujeres","Tláhuac","55-59"
"9188","2018","Mujeres","Tláhuac","55-59"
"9395","2019","Mujeres","Tláhuac","55-59"
"9581","2020","Mujeres","Tláhuac","55-59"
"9753","2021","Mujeres","Tláhuac","55-59"
"9914","2022","Mujeres","Tláhuac","55-59"
"10073","2023","Mujeres","Tláhuac","55-59"
"10228","2024","Mujeres","Tláhuac","55-59"
"10383","2025","Mujeres","Tláhuac","55-59"
"10531","2026","Mujeres","Tláhuac","55-59"
"10668","2027","Mujeres","Tláhuac","55-59"
"10784","2028","Mujeres","Tláhuac","55-59"
"10872","2029","Mujeres","Tláhuac","55-59"
"10923","2030","Mujeres","Tláhuac","55-59"
"19418","2015","Mujeres","Tlalpan","55-59"
"20032","2016","Mujeres","Tlalpan","55-59"
"20560","2017","Mujeres","Tlalpan","55-59"
"21032","2018","Mujeres","Tlalpan","55-59"
"21451","2019","Mujeres","Tlalpan","55-59"
"21824","2020","Mujeres","Tlalpan","55-59"
"22162","2021","Mujeres","Tlalpan","55-59"
"22478","2022","Mujeres","Tlalpan","55-59"
"22783","2023","Mujeres","Tlalpan","55-59"
"23083","2024","Mujeres","Tlalpan","55-59"
"23375","2025","Mujeres","Tlalpan","55-59"
"23653","2026","Mujeres","Tlalpan","55-59"
"23901","2027","Mujeres","Tlalpan","55-59"
"24100","2028","Mujeres","Tlalpan","55-59"
"24232","2029","Mujeres","Tlalpan","55-59"
"24279","2030","Mujeres","Tlalpan","55-59"
"10572","2015","Mujeres","Xochimilco","55-59"
"10871","2016","Mujeres","Xochimilco","55-59"
"11125","2017","Mujeres","Xochimilco","55-59"
"11352","2018","Mujeres","Xochimilco","55-59"
"11552","2019","Mujeres","Xochimilco","55-59"
"11731","2020","Mujeres","Xochimilco","55-59"
"11895","2021","Mujeres","Xochimilco","55-59"
"12051","2022","Mujeres","Xochimilco","55-59"
"12206","2023","Mujeres","Xochimilco","55-59"
"12362","2024","Mujeres","Xochimilco","55-59"
"12519","2025","Mujeres","Xochimilco","55-59"
"12675","2026","Mujeres","Xochimilco","55-59"
"12820","2027","Mujeres","Xochimilco","55-59"
"12947","2028","Mujeres","Xochimilco","55-59"
"13044","2029","Mujeres","Xochimilco","55-59"
"13105","2030","Mujeres","Xochimilco","55-59"
"15182","2015","Mujeres","Benito Juárez","55-59"
"15555","2016","Mujeres","Benito Juárez","55-59"
"15872","2017","Mujeres","Benito Juárez","55-59"
"16158","2018","Mujeres","Benito Juárez","55-59"
"16416","2019","Mujeres","Benito Juárez","55-59"
"16649","2020","Mujeres","Benito Juárez","55-59"
"16867","2021","Mujeres","Benito Juárez","55-59"
"17080","2022","Mujeres","Benito Juárez","55-59"
"17295","2023","Mujeres","Benito Juárez","55-59"
"17517","2024","Mujeres","Benito Juárez","55-59"
"17745","2025","Mujeres","Benito Juárez","55-59"
"17973","2026","Mujeres","Benito Juárez","55-59"
"18190","2027","Mujeres","Benito Juárez","55-59"
"18384","2028","Mujeres","Benito Juárez","55-59"
"18538","2029","Mujeres","Benito Juárez","55-59"
"18641","2030","Mujeres","Benito Juárez","55-59"
"17543","2015","Mujeres","Cuauhtémoc","55-59"
"17935","2016","Mujeres","Cuauhtémoc","55-59"
"18271","2017","Mujeres","Cuauhtémoc","55-59"
"18578","2018","Mujeres","Cuauhtémoc","55-59"
"18859","2019","Mujeres","Cuauhtémoc","55-59"
"19123","2020","Mujeres","Cuauhtémoc","55-59"
"19377","2021","Mujeres","Cuauhtémoc","55-59"
"19635","2022","Mujeres","Cuauhtémoc","55-59"
"19905","2023","Mujeres","Cuauhtémoc","55-59"
"20194","2024","Mujeres","Cuauhtémoc","55-59"
"20501","2025","Mujeres","Cuauhtémoc","55-59"
"20820","2026","Mujeres","Cuauhtémoc","55-59"
"21140","2027","Mujeres","Cuauhtémoc","55-59"
"21445","2028","Mujeres","Cuauhtémoc","55-59"
"21720","2029","Mujeres","Cuauhtémoc","55-59"
"21953","2030","Mujeres","Cuauhtémoc","55-59"
"11836","2015","Mujeres","Miguel Hidalgo","55-59"
"12055","2016","Mujeres","Miguel Hidalgo","55-59"
"12236","2017","Mujeres","Miguel Hidalgo","55-59"
"12401","2018","Mujeres","Miguel Hidalgo","55-59"
"12552","2019","Mujeres","Miguel Hidalgo","55-59"
"12693","2020","Mujeres","Miguel Hidalgo","55-59"
"12832","2021","Mujeres","Miguel Hidalgo","55-59"
"12978","2022","Mujeres","Miguel Hidalgo","55-59"
"13135","2023","Mujeres","Miguel Hidalgo","55-59"
"13310","2024","Mujeres","Miguel Hidalgo","55-59"
"13501","2025","Mujeres","Miguel Hidalgo","55-59"
"13706","2026","Mujeres","Miguel Hidalgo","55-59"
"13917","2027","Mujeres","Miguel Hidalgo","55-59"
"14126","2028","Mujeres","Miguel Hidalgo","55-59"
"14322","2029","Mujeres","Miguel Hidalgo","55-59"
"14497","2030","Mujeres","Miguel Hidalgo","55-59"
"13810","2015","Mujeres","Venustiano Carranza","55-59"
"14091","2016","Mujeres","Venustiano Carranza","55-59"
"14328","2017","Mujeres","Venustiano Carranza","55-59"
"14544","2018","Mujeres","Venustiano Carranza","55-59"
"14742","2019","Mujeres","Venustiano Carranza","55-59"
"14929","2020","Mujeres","Venustiano Carranza","55-59"
"15111","2021","Mujeres","Venustiano Carranza","55-59"
"15299","2022","Mujeres","Venustiano Carranza","55-59"
"15500","2023","Mujeres","Venustiano Carranza","55-59"
"15719","2024","Mujeres","Venustiano Carranza","55-59"
"15956","2025","Mujeres","Venustiano Carranza","55-59"
"16206","2026","Mujeres","Venustiano Carranza","55-59"
"16462","2027","Mujeres","Venustiano Carranza","55-59"
"16712","2028","Mujeres","Venustiano Carranza","55-59"
"16945","2029","Mujeres","Venustiano Carranza","55-59"
"17150","2030","Mujeres","Venustiano Carranza","55-59"
"11045","2015","Hombres","Azcapotzalco","55-59"
"11280","2016","Hombres","Azcapotzalco","55-59"
"11469","2017","Hombres","Azcapotzalco","55-59"
"11638","2018","Hombres","Azcapotzalco","55-59"
"11790","2019","Hombres","Azcapotzalco","55-59"
"11928","2020","Hombres","Azcapotzalco","55-59"
"12059","2021","Hombres","Azcapotzalco","55-59"
"12189","2022","Hombres","Azcapotzalco","55-59"
"12324","2023","Hombres","Azcapotzalco","55-59"
"12466","2024","Hombres","Azcapotzalco","55-59"
"12618","2025","Hombres","Azcapotzalco","55-59"
"12775","2026","Hombres","Azcapotzalco","55-59"
"12932","2027","Hombres","Azcapotzalco","55-59"
"13077","2028","Hombres","Azcapotzalco","55-59"
"13200","2029","Hombres","Azcapotzalco","55-59"
"13295","2030","Hombres","Azcapotzalco","55-59"
"17751","2015","Hombres","Coyoacán","55-59"
"18068","2016","Hombres","Coyoacán","55-59"
"18305","2017","Hombres","Coyoacán","55-59"
"18503","2018","Hombres","Coyoacán","55-59"
"18666","2019","Hombres","Coyoacán","55-59"
"18805","2020","Hombres","Coyoacán","55-59"
"18929","2021","Hombres","Coyoacán","55-59"
"19046","2022","Hombres","Coyoacán","55-59"
"19168","2023","Hombres","Coyoacán","55-59"
"19299","2024","Hombres","Coyoacán","55-59"
"19441","2025","Hombres","Coyoacán","55-59"
"19589","2026","Hombres","Coyoacán","55-59"
"19735","2027","Hombres","Coyoacán","55-59"
"19859","2028","Hombres","Coyoacán","55-59"
"19949","2029","Hombres","Coyoacán","55-59"
"19997","2030","Hombres","Coyoacán","55-59"
"4017","2015","Hombres","Cuajimalpa de Morelos","55-59"
"4162","2016","Hombres","Cuajimalpa de Morelos","55-59"
"4287","2017","Hombres","Cuajimalpa de Morelos","55-59"
"4399","2018","Hombres","Cuajimalpa de Morelos","55-59"
"4499","2019","Hombres","Cuajimalpa de Morelos","55-59"
"4589","2020","Hombres","Cuajimalpa de Morelos","55-59"
"4670","2021","Hombres","Cuajimalpa de Morelos","55-59"
"4745","2022","Hombres","Cuajimalpa de Morelos","55-59"
"4815","2023","Hombres","Cuajimalpa de Morelos","55-59"
"4881","2024","Hombres","Cuajimalpa de Morelos","55-59"
"4943","2025","Hombres","Cuajimalpa de Morelos","55-59"
"5000","2026","Hombres","Cuajimalpa de Morelos","55-59"
"5048","2027","Hombres","Cuajimalpa de Morelos","55-59"
"5083","2028","Hombres","Cuajimalpa de Morelos","55-59"
"5099","2029","Hombres","Cuajimalpa de Morelos","55-59"
"5094","2030","Hombres","Cuajimalpa de Morelos","55-59"
"29539","2015","Hombres","Gustavo A. Madero","55-59"
"30173","2016","Hombres","Gustavo A. Madero","55-59"
"30687","2017","Hombres","Gustavo A. Madero","55-59"
"31144","2018","Hombres","Gustavo A. Madero","55-59"
"31553","2019","Hombres","Gustavo A. Madero","55-59"
"31927","2020","Hombres","Gustavo A. Madero","55-59"
"32282","2021","Hombres","Gustavo A. Madero","55-59"
"32632","2022","Hombres","Gustavo A. Madero","55-59"
"32994","2023","Hombres","Gustavo A. Madero","55-59"
"33378","2024","Hombres","Gustavo A. Madero","55-59"
"33784","2025","Hombres","Gustavo A. Madero","55-59"
"34207","2026","Hombres","Gustavo A. Madero","55-59"
"34628","2027","Hombres","Gustavo A. Madero","55-59"
"35016","2028","Hombres","Gustavo A. Madero","55-59"
"35347","2029","Hombres","Gustavo A. Madero","55-59"
"35604","2030","Hombres","Gustavo A. Madero","55-59"
"10197","2015","Hombres","Iztacalco","55-59"
"10453","2016","Hombres","Iztacalco","55-59"
"10667","2017","Hombres","Iztacalco","55-59"
"10860","2018","Hombres","Iztacalco","55-59"
"11034","2019","Hombres","Iztacalco","55-59"
"11194","2020","Hombres","Iztacalco","55-59"
"11344","2021","Hombres","Iztacalco","55-59"
"11490","2022","Hombres","Iztacalco","55-59"
"11637","2023","Hombres","Iztacalco","55-59"
"11787","2024","Hombres","Iztacalco","55-59"
"11942","2025","Hombres","Iztacalco","55-59"
"12098","2026","Hombres","Iztacalco","55-59"
"12248","2027","Hombres","Iztacalco","55-59"
"12381","2028","Hombres","Iztacalco","55-59"
"12488","2029","Hombres","Iztacalco","55-59"
"12562","2030","Hombres","Iztacalco","55-59"
"41753","2015","Hombres","Iztapalapa","55-59"
"42844","2016","Hombres","Iztapalapa","55-59"
"43736","2017","Hombres","Iztapalapa","55-59"
"44510","2018","Hombres","Iztapalapa","55-59"
"45184","2019","Hombres","Iztapalapa","55-59"
"45775","2020","Hombres","Iztapalapa","55-59"
"46302","2021","Hombres","Iztapalapa","55-59"
"46784","2022","Hombres","Iztapalapa","55-59"
"47244","2023","Hombres","Iztapalapa","55-59"
"47702","2024","Hombres","Iztapalapa","55-59"
"48148","2025","Hombres","Iztapalapa","55-59"
"48573","2026","Hombres","Iztapalapa","55-59"
"48947","2027","Hombres","Iztapalapa","55-59"
"49232","2028","Hombres","Iztapalapa","55-59"
"49381","2029","Hombres","Iztapalapa","55-59"
"49370","2030","Hombres","Iztapalapa","55-59"
"5693","2015","Hombres","La Magdalena Contreras","55-59"
"5849","2016","Hombres","La Magdalena Contreras","55-59"
"5978","2017","Hombres","La Magdalena Contreras","55-59"
"6093","2018","Hombres","La Magdalena Contreras","55-59"
"6193","2019","Hombres","La Magdalena Contreras","55-59"
"6282","2020","Hombres","La Magdalena Contreras","55-59"
"6363","2021","Hombres","La Magdalena Contreras","55-59"
"6438","2022","Hombres","La Magdalena Contreras","55-59"
"6510","2023","Hombres","La Magdalena Contreras","55-59"
"6581","2024","Hombres","La Magdalena Contreras","55-59"
"6650","2025","Hombres","La Magdalena Contreras","55-59"
"6717","2026","Hombres","La Magdalena Contreras","55-59"
"6777","2027","Hombres","La Magdalena Contreras","55-59"
"6823","2028","Hombres","La Magdalena Contreras","55-59"
"6851","2029","Hombres","La Magdalena Contreras","55-59"
"6857","2030","Hombres","La Magdalena Contreras","55-59"
"2621","2015","Hombres","Milpa Alta","55-59"
"2714","2016","Hombres","Milpa Alta","55-59"
"2793","2017","Hombres","Milpa Alta","55-59"
"2865","2018","Hombres","Milpa Alta","55-59"
"2929","2019","Hombres","Milpa Alta","55-59"
"2986","2020","Hombres","Milpa Alta","55-59"
"3038","2021","Hombres","Milpa Alta","55-59"
"3087","2022","Hombres","Milpa Alta","55-59"
"3132","2023","Hombres","Milpa Alta","55-59"
"3176","2024","Hombres","Milpa Alta","55-59"
"3217","2025","Hombres","Milpa Alta","55-59"
"3256","2026","Hombres","Milpa Alta","55-59"
"3289","2027","Hombres","Milpa Alta","55-59"
"3314","2028","Hombres","Milpa Alta","55-59"
"3328","2029","Hombres","Milpa Alta","55-59"
"3330","2030","Hombres","Milpa Alta","55-59"
"17955","2015","Hombres","Álvaro Obregón","55-59"
"18451","2016","Hombres","Álvaro Obregón","55-59"
"18863","2017","Hombres","Álvaro Obregón","55-59"
"19229","2018","Hombres","Álvaro Obregón","55-59"
"19552","2019","Hombres","Álvaro Obregón","55-59"
"19841","2020","Hombres","Álvaro Obregón","55-59"
"20104","2021","Hombres","Álvaro Obregón","55-59"
"20348","2022","Hombres","Álvaro Obregón","55-59"
"20586","2023","Hombres","Álvaro Obregón","55-59"
"20820","2024","Hombres","Álvaro Obregón","55-59"
"21051","2025","Hombres","Álvaro Obregón","55-59"
"21274","2026","Hombres","Álvaro Obregón","55-59"
"21475","2027","Hombres","Álvaro Obregón","55-59"
"21635","2028","Hombres","Álvaro Obregón","55-59"
"21736","2029","Hombres","Álvaro Obregón","55-59"
"21767","2030","Hombres","Álvaro Obregón","55-59"
"7508","2015","Hombres","Tláhuac","55-59"
"7767","2016","Hombres","Tláhuac","55-59"
"7986","2017","Hombres","Tláhuac","55-59"
"8182","2018","Hombres","Tláhuac","55-59"
"8356","2019","Hombres","Tláhuac","55-59"
"8509","2020","Hombres","Tláhuac","55-59"
"8647","2021","Hombres","Tláhuac","55-59"
"8771","2022","Hombres","Tláhuac","55-59"
"8887","2023","Hombres","Tláhuac","55-59"
"8996","2024","Hombres","Tláhuac","55-59"
"9098","2025","Hombres","Tláhuac","55-59"
"9190","2026","Hombres","Tláhuac","55-59"
"9267","2027","Hombres","Tláhuac","55-59"
"9318","2028","Hombres","Tláhuac","55-59"
"9336","2029","Hombres","Tláhuac","55-59"
"9316","2030","Hombres","Tláhuac","55-59"
"16450","2015","Hombres","Tlalpan","55-59"
"16910","2016","Hombres","Tlalpan","55-59"
"17288","2017","Hombres","Tlalpan","55-59"
"17618","2018","Hombres","Tlalpan","55-59"
"17904","2019","Hombres","Tlalpan","55-59"
"18154","2020","Hombres","Tlalpan","55-59"
"18375","2021","Hombres","Tlalpan","55-59"
"18575","2022","Hombres","Tlalpan","55-59"
"18763","2023","Hombres","Tlalpan","55-59"
"18945","2024","Hombres","Tlalpan","55-59"
"19118","2025","Hombres","Tlalpan","55-59"
"19280","2026","Hombres","Tlalpan","55-59"
"19417","2027","Hombres","Tlalpan","55-59"
"19511","2028","Hombres","Tlalpan","55-59"
"19547","2029","Hombres","Tlalpan","55-59"
"19515","2030","Hombres","Tlalpan","55-59"
"9579","2015","Hombres","Xochimilco","55-59"
"9843","2016","Hombres","Xochimilco","55-59"
"10059","2017","Hombres","Xochimilco","55-59"
"10248","2018","Hombres","Xochimilco","55-59"
"10412","2019","Hombres","Xochimilco","55-59"
"10555","2020","Hombres","Xochimilco","55-59"
"10683","2021","Hombres","Xochimilco","55-59"
"10800","2022","Hombres","Xochimilco","55-59"
"10912","2023","Hombres","Xochimilco","55-59"
"11020","2024","Hombres","Xochimilco","55-59"
"11126","2025","Hombres","Xochimilco","55-59"
"11227","2026","Hombres","Xochimilco","55-59"
"11316","2027","Hombres","Xochimilco","55-59"
"11382","2028","Hombres","Xochimilco","55-59"
"11416","2029","Hombres","Xochimilco","55-59"
"11413","2030","Hombres","Xochimilco","55-59"
"12180","2015","Hombres","Benito Juárez","55-59"
"12546","2016","Hombres","Benito Juárez","55-59"
"12853","2017","Hombres","Benito Juárez","55-59"
"13128","2018","Hombres","Benito Juárez","55-59"
"13371","2019","Hombres","Benito Juárez","55-59"
"13587","2020","Hombres","Benito Juárez","55-59"
"13782","2021","Hombres","Benito Juárez","55-59"
"13961","2022","Hombres","Benito Juárez","55-59"
"14130","2023","Hombres","Benito Juárez","55-59"
"14292","2024","Hombres","Benito Juárez","55-59"
"14445","2025","Hombres","Benito Juárez","55-59"
"14586","2026","Hombres","Benito Juárez","55-59"
"14705","2027","Hombres","Benito Juárez","55-59"
"14787","2028","Hombres","Benito Juárez","55-59"
"14820","2029","Hombres","Benito Juárez","55-59"
"14795","2030","Hombres","Benito Juárez","55-59"
"14436","2015","Hombres","Cuauhtémoc","55-59"
"14802","2016","Hombres","Cuauhtémoc","55-59"
"15106","2017","Hombres","Cuauhtémoc","55-59"
"15378","2018","Hombres","Cuauhtémoc","55-59"
"15621","2019","Hombres","Cuauhtémoc","55-59"
"15841","2020","Hombres","Cuauhtémoc","55-59"
"16044","2021","Hombres","Cuauhtémoc","55-59"
"16237","2022","Hombres","Cuauhtémoc","55-59"
"16429","2023","Hombres","Cuauhtémoc","55-59"
"16622","2024","Hombres","Cuauhtémoc","55-59"
"16817","2025","Hombres","Cuauhtémoc","55-59"
"17009","2026","Hombres","Cuauhtémoc","55-59"
"17188","2027","Hombres","Cuauhtémoc","55-59"
"17337","2028","Hombres","Cuauhtémoc","55-59"
"17444","2029","Hombres","Cuauhtémoc","55-59"
"17499","2030","Hombres","Cuauhtémoc","55-59"
"9505","2015","Hombres","Miguel Hidalgo","55-59"
"9705","2016","Hombres","Miguel Hidalgo","55-59"
"9865","2017","Hombres","Miguel Hidalgo","55-59"
"10007","2018","Hombres","Miguel Hidalgo","55-59"
"10133","2019","Hombres","Miguel Hidalgo","55-59"
"10247","2020","Hombres","Miguel Hidalgo","55-59"
"10354","2021","Hombres","Miguel Hidalgo","55-59"
"10458","2022","Hombres","Miguel Hidalgo","55-59"
"10566","2023","Hombres","Miguel Hidalgo","55-59"
"10679","2024","Hombres","Miguel Hidalgo","55-59"
"10797","2025","Hombres","Miguel Hidalgo","55-59"
"10919","2026","Hombres","Miguel Hidalgo","55-59"
"11039","2027","Hombres","Miguel Hidalgo","55-59"
"11146","2028","Hombres","Miguel Hidalgo","55-59"
"11232","2029","Hombres","Miguel Hidalgo","55-59"
"11292","2030","Hombres","Miguel Hidalgo","55-59"
"11412","2015","Hombres","Venustiano Carranza","55-59"
"11694","2016","Hombres","Venustiano Carranza","55-59"
"11928","2017","Hombres","Venustiano Carranza","55-59"
"12139","2018","Hombres","Venustiano Carranza","55-59"
"12329","2019","Hombres","Venustiano Carranza","55-59"
"12503","2020","Hombres","Venustiano Carranza","55-59"
"12667","2021","Hombres","Venustiano Carranza","55-59"
"12826","2022","Hombres","Venustiano Carranza","55-59"
"12985","2023","Hombres","Venustiano Carranza","55-59"
"13149","2024","Hombres","Venustiano Carranza","55-59"
"13316","2025","Hombres","Venustiano Carranza","55-59"
"13485","2026","Hombres","Venustiano Carranza","55-59"
"13647","2027","Hombres","Venustiano Carranza","55-59"
"13789","2028","Hombres","Venustiano Carranza","55-59"
"13900","2029","Hombres","Venustiano Carranza","55-59"
"13975","2030","Hombres","Venustiano Carranza","55-59"
"11203","2015","Mujeres","Azcapotzalco","60-64"
"11553","2016","Mujeres","Azcapotzalco","60-64"
"11854","2017","Mujeres","Azcapotzalco","60-64"
"12149","2018","Mujeres","Azcapotzalco","60-64"
"12435","2019","Mujeres","Azcapotzalco","60-64"
"12710","2020","Mujeres","Azcapotzalco","60-64"
"12969","2021","Mujeres","Azcapotzalco","60-64"
"13210","2022","Mujeres","Azcapotzalco","60-64"
"13432","2023","Mujeres","Azcapotzalco","60-64"
"13638","2024","Mujeres","Azcapotzalco","60-64"
"13833","2025","Mujeres","Azcapotzalco","60-64"
"14025","2026","Mujeres","Azcapotzalco","60-64"
"14222","2027","Mujeres","Azcapotzalco","60-64"
"14433","2028","Mujeres","Azcapotzalco","60-64"
"14662","2029","Mujeres","Azcapotzalco","60-64"
"14909","2030","Mujeres","Azcapotzalco","60-64"
"18323","2015","Mujeres","Coyoacán","60-64"
"19009","2016","Mujeres","Coyoacán","60-64"
"19604","2017","Mujeres","Coyoacán","60-64"
"20176","2018","Mujeres","Coyoacán","60-64"
"20722","2019","Mujeres","Coyoacán","60-64"
"21235","2020","Mujeres","Coyoacán","60-64"
"21707","2021","Mujeres","Coyoacán","60-64"
"22131","2022","Mujeres","Coyoacán","60-64"
"22505","2023","Mujeres","Coyoacán","60-64"
"22834","2024","Mujeres","Coyoacán","60-64"
"23125","2025","Mujeres","Coyoacán","60-64"
"23390","2026","Mujeres","Coyoacán","60-64"
"23642","2027","Mujeres","Coyoacán","60-64"
"23894","2028","Mujeres","Coyoacán","60-64"
"24150","2029","Mujeres","Coyoacán","60-64"
"24409","2030","Mujeres","Coyoacán","60-64"
"3226","2015","Mujeres","Cuajimalpa de Morelos","60-64"
"3368","2016","Mujeres","Cuajimalpa de Morelos","60-64"
"3493","2017","Mujeres","Cuajimalpa de Morelos","60-64"
"3614","2018","Mujeres","Cuajimalpa de Morelos","60-64"
"3729","2019","Mujeres","Cuajimalpa de Morelos","60-64"
"3837","2020","Mujeres","Cuajimalpa de Morelos","60-64"
"3937","2021","Mujeres","Cuajimalpa de Morelos","60-64"
"4028","2022","Mujeres","Cuajimalpa de Morelos","60-64"
"4108","2023","Mujeres","Cuajimalpa de Morelos","60-64"
"4179","2024","Mujeres","Cuajimalpa de Morelos","60-64"
"4241","2025","Mujeres","Cuajimalpa de Morelos","60-64"
"4298","2026","Mujeres","Cuajimalpa de Morelos","60-64"
"4353","2027","Mujeres","Cuajimalpa de Morelos","60-64"
"4405","2028","Mujeres","Cuajimalpa de Morelos","60-64"
"4457","2029","Mujeres","Cuajimalpa de Morelos","60-64"
"4508","2030","Mujeres","Cuajimalpa de Morelos","60-64"
"29020","2015","Mujeres","Gustavo A. Madero","60-64"
"29924","2016","Mujeres","Gustavo A. Madero","60-64"
"30701","2017","Mujeres","Gustavo A. Madero","60-64"
"31463","2018","Mujeres","Gustavo A. Madero","60-64"
"32204","2019","Mujeres","Gustavo A. Madero","60-64"
"32919","2020","Mujeres","Gustavo A. Madero","60-64"
"33594","2021","Mujeres","Gustavo A. Madero","60-64"
"34223","2022","Mujeres","Gustavo A. Madero","60-64"
"34804","2023","Mujeres","Gustavo A. Madero","60-64"
"35345","2024","Mujeres","Gustavo A. Madero","60-64"
"35860","2025","Mujeres","Gustavo A. Madero","60-64"
"36368","2026","Mujeres","Gustavo A. Madero","60-64"
"36892","2027","Mujeres","Gustavo A. Madero","60-64"
"37454","2028","Mujeres","Gustavo A. Madero","60-64"
"38064","2029","Mujeres","Gustavo A. Madero","60-64"
"38724","2030","Mujeres","Gustavo A. Madero","60-64"
"9828","2015","Mujeres","Iztacalco","60-64"
"10122","2016","Mujeres","Iztacalco","60-64"
"10375","2017","Mujeres","Iztacalco","60-64"
"10624","2018","Mujeres","Iztacalco","60-64"
"10869","2019","Mujeres","Iztacalco","60-64"
"11108","2020","Mujeres","Iztacalco","60-64"
"11335","2021","Mujeres","Iztacalco","60-64"
"11548","2022","Mujeres","Iztacalco","60-64"
"11748","2023","Mujeres","Iztacalco","60-64"
"11937","2024","Mujeres","Iztacalco","60-64"
"12119","2025","Mujeres","Iztacalco","60-64"
"12302","2026","Mujeres","Iztacalco","60-64"
"12494","2027","Mujeres","Iztacalco","60-64"
"12700","2028","Mujeres","Iztacalco","60-64"
"12927","2029","Mujeres","Iztacalco","60-64"
"13174","2030","Mujeres","Iztacalco","60-64"
"37780","2015","Mujeres","Iztapalapa","60-64"
"39398","2016","Mujeres","Iztapalapa","60-64"
"40828","2017","Mujeres","Iztapalapa","60-64"
"42201","2018","Mujeres","Iztapalapa","60-64"
"43512","2019","Mujeres","Iztapalapa","60-64"
"44741","2020","Mujeres","Iztapalapa","60-64"
"45880","2021","Mujeres","Iztapalapa","60-64"
"46901","2022","Mujeres","Iztapalapa","60-64"
"47808","2023","Mujeres","Iztapalapa","60-64"
"48603","2024","Mujeres","Iztapalapa","60-64"
"49305","2025","Mujeres","Iztapalapa","60-64"
"49932","2026","Mujeres","Iztapalapa","60-64"
"50519","2027","Mujeres","Iztapalapa","60-64"
"51087","2028","Mujeres","Iztapalapa","60-64"
"51647","2029","Mujeres","Iztapalapa","60-64"
"52200","2030","Mujeres","Iztapalapa","60-64"
"5127","2015","Mujeres","La Magdalena Contreras","60-64"
"5325","2016","Mujeres","La Magdalena Contreras","60-64"
"5498","2017","Mujeres","La Magdalena Contreras","60-64"
"5665","2018","Mujeres","La Magdalena Contreras","60-64"
"5824","2019","Mujeres","La Magdalena Contreras","60-64"
"5975","2020","Mujeres","La Magdalena Contreras","60-64"
"6115","2021","Mujeres","La Magdalena Contreras","60-64"
"6242","2022","Mujeres","La Magdalena Contreras","60-64"
"6355","2023","Mujeres","La Magdalena Contreras","60-64"
"6456","2024","Mujeres","La Magdalena Contreras","60-64"
"6547","2025","Mujeres","La Magdalena Contreras","60-64"
"6631","2026","Mujeres","La Magdalena Contreras","60-64"
"6712","2027","Mujeres","La Magdalena Contreras","60-64"
"6794","2028","Mujeres","La Magdalena Contreras","60-64"
"6878","2029","Mujeres","La Magdalena Contreras","60-64"
"6964","2030","Mujeres","La Magdalena Contreras","60-64"
"2030","2015","Mujeres","Milpa Alta","60-64"
"2116","2016","Mujeres","Milpa Alta","60-64"
"2191","2017","Mujeres","Milpa Alta","60-64"
"2264","2018","Mujeres","Milpa Alta","60-64"
"2334","2019","Mujeres","Milpa Alta","60-64"
"2401","2020","Mujeres","Milpa Alta","60-64"
"2463","2021","Mujeres","Milpa Alta","60-64"
"2521","2022","Mujeres","Milpa Alta","60-64"
"2573","2023","Mujeres","Milpa Alta","60-64"
"2620","2024","Mujeres","Milpa Alta","60-64"
"2664","2025","Mujeres","Milpa Alta","60-64"
"2705","2026","Mujeres","Milpa Alta","60-64"
"2745","2027","Mujeres","Milpa Alta","60-64"
"2786","2028","Mujeres","Milpa Alta","60-64"
"2828","2029","Mujeres","Milpa Alta","60-64"
"2873","2030","Mujeres","Milpa Alta","60-64"
"16822","2015","Mujeres","Álvaro Obregón","60-64"
"17479","2016","Mujeres","Álvaro Obregón","60-64"
"18055","2017","Mujeres","Álvaro Obregón","60-64"
"18614","2018","Mujeres","Álvaro Obregón","60-64"
"19153","2019","Mujeres","Álvaro Obregón","60-64"
"19664","2020","Mujeres","Álvaro Obregón","60-64"
"20141","2021","Mujeres","Álvaro Obregón","60-64"
"20576","2022","Mujeres","Álvaro Obregón","60-64"
"20969","2023","Mujeres","Álvaro Obregón","60-64"
"21323","2024","Mujeres","Álvaro Obregón","60-64"
"21644","2025","Mujeres","Álvaro Obregón","60-64"
"21945","2026","Mujeres","Álvaro Obregón","60-64"
"22237","2027","Mujeres","Álvaro Obregón","60-64"
"22533","2028","Mujeres","Álvaro Obregón","60-64"
"22838","2029","Mujeres","Álvaro Obregón","60-64"
"23151","2030","Mujeres","Álvaro Obregón","60-64"
"6219","2015","Mujeres","Tláhuac","60-64"
"6498","2016","Mujeres","Tláhuac","60-64"
"6743","2017","Mujeres","Tláhuac","60-64"
"6980","2018","Mujeres","Tláhuac","60-64"
"7207","2019","Mujeres","Tláhuac","60-64"
"7421","2020","Mujeres","Tláhuac","60-64"
"7618","2021","Mujeres","Tláhuac","60-64"
"7798","2022","Mujeres","Tláhuac","60-64"
"7959","2023","Mujeres","Tláhuac","60-64"
"8102","2024","Mujeres","Tláhuac","60-64"
"8229","2025","Mujeres","Tláhuac","60-64"
"8345","2026","Mujeres","Tláhuac","60-64"
"8457","2027","Mujeres","Tláhuac","60-64"
"8565","2028","Mujeres","Tláhuac","60-64"
"8674","2029","Mujeres","Tláhuac","60-64"
"8783","2030","Mujeres","Tláhuac","60-64"
"15382","2015","Mujeres","Tlalpan","60-64"
"16111","2016","Mujeres","Tlalpan","60-64"
"16757","2017","Mujeres","Tlalpan","60-64"
"17377","2018","Mujeres","Tlalpan","60-64"
"17964","2019","Mujeres","Tlalpan","60-64"
"18514","2020","Mujeres","Tlalpan","60-64"
"19016","2021","Mujeres","Tlalpan","60-64"
"19464","2022","Mujeres","Tlalpan","60-64"
"19854","2023","Mujeres","Tlalpan","60-64"
"20190","2024","Mujeres","Tlalpan","60-64"
"20476","2025","Mujeres","Tlalpan","60-64"
"20723","2026","Mujeres","Tlalpan","60-64"
"20942","2027","Mujeres","Tlalpan","60-64"
"21142","2028","Mujeres","Tlalpan","60-64"
"21327","2029","Mujeres","Tlalpan","60-64"
"21493","2030","Mujeres","Tlalpan","60-64"
"8149","2015","Mujeres","Xochimilco","60-64"
"8490","2016","Mujeres","Xochimilco","60-64"
"8789","2017","Mujeres","Xochimilco","60-64"
"9076","2018","Mujeres","Xochimilco","60-64"
"9350","2019","Mujeres","Xochimilco","60-64"
"9606","2020","Mujeres","Xochimilco","60-64"
"9843","2021","Mujeres","Xochimilco","60-64"
"10056","2022","Mujeres","Xochimilco","60-64"
"10245","2023","Mujeres","Xochimilco","60-64"
"10411","2024","Mujeres","Xochimilco","60-64"
"10558","2025","Mujeres","Xochimilco","60-64"
"10691","2026","Mujeres","Xochimilco","60-64"
"10817","2027","Mujeres","Xochimilco","60-64"
"10940","2028","Mujeres","Xochimilco","60-64"
"11065","2029","Mujeres","Xochimilco","60-64"
"11189","2030","Mujeres","Xochimilco","60-64"
"12975","2015","Mujeres","Benito Juárez","60-64"
"13455","2016","Mujeres","Benito Juárez","60-64"
"13878","2017","Mujeres","Benito Juárez","60-64"
"14294","2018","Mujeres","Benito Juárez","60-64"
"14697","2019","Mujeres","Benito Juárez","60-64"
"15083","2020","Mujeres","Benito Juárez","60-64"
"15447","2021","Mujeres","Benito Juárez","60-64"
"15783","2022","Mujeres","Benito Juárez","60-64"
"16089","2023","Mujeres","Benito Juárez","60-64"
"16367","2024","Mujeres","Benito Juárez","60-64"
"16623","2025","Mujeres","Benito Juárez","60-64"
"16865","2026","Mujeres","Benito Juárez","60-64"
"17102","2027","Mujeres","Benito Juárez","60-64"
"17342","2028","Mujeres","Benito Juárez","60-64"
"17590","2029","Mujeres","Benito Juárez","60-64"
"17845","2030","Mujeres","Benito Juárez","60-64"
"14467","2015","Mujeres","Cuauhtémoc","60-64"
"14934","2016","Mujeres","Cuauhtémoc","60-64"
"15344","2017","Mujeres","Cuauhtémoc","60-64"
"15751","2018","Mujeres","Cuauhtémoc","60-64"
"16153","2019","Mujeres","Cuauhtémoc","60-64"
"16544","2020","Mujeres","Cuauhtémoc","60-64"
"16920","2021","Mujeres","Cuauhtémoc","60-64"
"17275","2022","Mujeres","Cuauhtémoc","60-64"
"17607","2023","Mujeres","Cuauhtémoc","60-64"
"17920","2024","Mujeres","Cuauhtémoc","60-64"
"18221","2025","Mujeres","Cuauhtémoc","60-64"
"18517","2026","Mujeres","Cuauhtémoc","60-64"
"18820","2027","Mujeres","Cuauhtémoc","60-64"
"19142","2028","Mujeres","Cuauhtémoc","60-64"
"19486","2029","Mujeres","Cuauhtémoc","60-64"
"19855","2030","Mujeres","Cuauhtémoc","60-64"
"10105","2015","Mujeres","Miguel Hidalgo","60-64"
"10412","2016","Mujeres","Miguel Hidalgo","60-64"
"10677","2017","Mujeres","Miguel Hidalgo","60-64"
"10941","2018","Mujeres","Miguel Hidalgo","60-64"
"11201","2019","Mujeres","Miguel Hidalgo","60-64"
"11454","2020","Mujeres","Miguel Hidalgo","60-64"
"11696","2021","Mujeres","Miguel Hidalgo","60-64"
"11924","2022","Mujeres","Miguel Hidalgo","60-64"
"12137","2023","Mujeres","Miguel Hidalgo","60-64"
"12339","2024","Mujeres","Miguel Hidalgo","60-64"
"12533","2025","Mujeres","Miguel Hidalgo","60-64"
"12726","2026","Mujeres","Miguel Hidalgo","60-64"
"12927","2027","Mujeres","Miguel Hidalgo","60-64"
"13141","2028","Mujeres","Miguel Hidalgo","60-64"
"13374","2029","Mujeres","Miguel Hidalgo","60-64"
"13626","2030","Mujeres","Miguel Hidalgo","60-64"
"11412","2015","Mujeres","Venustiano Carranza","60-64"
"11747","2016","Mujeres","Venustiano Carranza","60-64"
"12037","2017","Mujeres","Venustiano Carranza","60-64"
"12324","2018","Mujeres","Venustiano Carranza","60-64"
"12607","2019","Mujeres","Venustiano Carranza","60-64"
"12884","2020","Mujeres","Venustiano Carranza","60-64"
"13150","2021","Mujeres","Venustiano Carranza","60-64"
"13401","2022","Mujeres","Venustiano Carranza","60-64"
"13638","2023","Mujeres","Venustiano Carranza","60-64"
"13863","2024","Mujeres","Venustiano Carranza","60-64"
"14081","2025","Mujeres","Venustiano Carranza","60-64"
"14301","2026","Mujeres","Venustiano Carranza","60-64"
"14531","2027","Mujeres","Venustiano Carranza","60-64"
"14779","2028","Mujeres","Venustiano Carranza","60-64"
"15050","2029","Mujeres","Venustiano Carranza","60-64"
"15345","2030","Mujeres","Venustiano Carranza","60-64"
"8776","2015","Hombres","Azcapotzalco","60-64"
"9049","2016","Hombres","Azcapotzalco","60-64"
"9282","2017","Hombres","Azcapotzalco","60-64"
"9512","2018","Hombres","Azcapotzalco","60-64"
"9736","2019","Hombres","Azcapotzalco","60-64"
"9950","2020","Hombres","Azcapotzalco","60-64"
"10151","2021","Hombres","Azcapotzalco","60-64"
"10337","2022","Hombres","Azcapotzalco","60-64"
"10507","2023","Hombres","Azcapotzalco","60-64"
"10663","2024","Hombres","Azcapotzalco","60-64"
"10811","2025","Hombres","Azcapotzalco","60-64"
"10955","2026","Hombres","Azcapotzalco","60-64"
"11100","2027","Hombres","Azcapotzalco","60-64"
"11253","2028","Hombres","Azcapotzalco","60-64"
"11417","2029","Hombres","Azcapotzalco","60-64"
"11593","2030","Hombres","Azcapotzalco","60-64"
"14661","2015","Hombres","Coyoacán","60-64"
"15187","2016","Hombres","Coyoacán","60-64"
"15637","2017","Hombres","Coyoacán","60-64"
"16072","2018","Hombres","Coyoacán","60-64"
"16485","2019","Hombres","Coyoacán","60-64"
"16869","2020","Hombres","Coyoacán","60-64"
"17217","2021","Hombres","Coyoacán","60-64"
"17524","2022","Hombres","Coyoacán","60-64"
"17790","2023","Hombres","Coyoacán","60-64"
"18017","2024","Hombres","Coyoacán","60-64"
"18213","2025","Hombres","Coyoacán","60-64"
"18385","2026","Hombres","Coyoacán","60-64"
"18543","2027","Hombres","Coyoacán","60-64"
"18693","2028","Hombres","Coyoacán","60-64"
"18843","2029","Hombres","Coyoacán","60-64"
"18990","2030","Hombres","Coyoacán","60-64"
"2910","2015","Hombres","Cuajimalpa de Morelos","60-64"
"3043","2016","Hombres","Cuajimalpa de Morelos","60-64"
"3160","2017","Hombres","Cuajimalpa de Morelos","60-64"
"3274","2018","Hombres","Cuajimalpa de Morelos","60-64"
"3384","2019","Hombres","Cuajimalpa de Morelos","60-64"
"3486","2020","Hombres","Cuajimalpa de Morelos","60-64"
"3581","2021","Hombres","Cuajimalpa de Morelos","60-64"
"3666","2022","Hombres","Cuajimalpa de Morelos","60-64"
"3742","2023","Hombres","Cuajimalpa de Morelos","60-64"
"3808","2024","Hombres","Cuajimalpa de Morelos","60-64"
"3866","2025","Hombres","Cuajimalpa de Morelos","60-64"
"3918","2026","Hombres","Cuajimalpa de Morelos","60-64"
"3966","2027","Hombres","Cuajimalpa de Morelos","60-64"
"4010","2028","Hombres","Cuajimalpa de Morelos","60-64"
"4053","2029","Hombres","Cuajimalpa de Morelos","60-64"
"4093","2030","Hombres","Cuajimalpa de Morelos","60-64"
"23723","2015","Hombres","Gustavo A. Madero","60-64"
"24484","2016","Hombres","Gustavo A. Madero","60-64"
"25139","2017","Hombres","Gustavo A. Madero","60-64"
"25786","2018","Hombres","Gustavo A. Madero","60-64"
"26419","2019","Hombres","Gustavo A. Madero","60-64"
"27023","2020","Hombres","Gustavo A. Madero","60-64"
"27594","2021","Hombres","Gustavo A. Madero","60-64"
"28122","2022","Hombres","Gustavo A. Madero","60-64"
"28608","2023","Hombres","Gustavo A. Madero","60-64"
"29057","2024","Hombres","Gustavo A. Madero","60-64"
"29482","2025","Hombres","Gustavo A. Madero","60-64"
"29896","2026","Hombres","Gustavo A. Madero","60-64"
"30316","2027","Hombres","Gustavo A. Madero","60-64"
"30755","2028","Hombres","Gustavo A. Madero","60-64"
"31225","2029","Hombres","Gustavo A. Madero","60-64"
"31727","2030","Hombres","Gustavo A. Madero","60-64"
"7726","2015","Hombres","Iztacalco","60-64"
"7964","2016","Hombres","Iztacalco","60-64"
"8168","2017","Hombres","Iztacalco","60-64"
"8371","2018","Hombres","Iztacalco","60-64"
"8571","2019","Hombres","Iztacalco","60-64"
"8763","2020","Hombres","Iztacalco","60-64"
"8946","2021","Hombres","Iztacalco","60-64"
"9116","2022","Hombres","Iztacalco","60-64"
"9274","2023","Hombres","Iztacalco","60-64"
"9421","2024","Hombres","Iztacalco","60-64"
"9561","2025","Hombres","Iztacalco","60-64"
"9700","2026","Hombres","Iztacalco","60-64"
"9842","2027","Hombres","Iztacalco","60-64"
"9991","2028","Hombres","Iztacalco","60-64"
"10151","2029","Hombres","Iztacalco","60-64"
"10324","2030","Hombres","Iztacalco","60-64"
"32013","2015","Hombres","Iztapalapa","60-64"
"33343","2016","Hombres","Iztapalapa","60-64"
"34501","2017","Hombres","Iztapalapa","60-64"
"35623","2018","Hombres","Iztapalapa","60-64"
"36689","2019","Hombres","Iztapalapa","60-64"
"37684","2020","Hombres","Iztapalapa","60-64"
"38587","2021","Hombres","Iztapalapa","60-64"
"39395","2022","Hombres","Iztapalapa","60-64"
"40094","2023","Hombres","Iztapalapa","60-64"
"40698","2024","Hombres","Iztapalapa","60-64"
"41223","2025","Hombres","Iztapalapa","60-64"
"41681","2026","Hombres","Iztapalapa","60-64"
"42088","2027","Hombres","Iztapalapa","60-64"
"42470","2028","Hombres","Iztapalapa","60-64"
"42833","2029","Hombres","Iztapalapa","60-64"
"43177","2030","Hombres","Iztapalapa","60-64"
"4382","2015","Hombres","La Magdalena Contreras","60-64"
"4560","2016","Hombres","La Magdalena Contreras","60-64"
"4715","2017","Hombres","La Magdalena Contreras","60-64"
"4866","2018","Hombres","La Magdalena Contreras","60-64"
"5011","2019","Hombres","La Magdalena Contreras","60-64"
"5146","2020","Hombres","La Magdalena Contreras","60-64"
"5271","2021","Hombres","La Magdalena Contreras","60-64"
"5383","2022","Hombres","La Magdalena Contreras","60-64"
"5483","2023","Hombres","La Magdalena Contreras","60-64"
"5569","2024","Hombres","La Magdalena Contreras","60-64"
"5646","2025","Hombres","La Magdalena Contreras","60-64"
"5715","2026","Hombres","La Magdalena Contreras","60-64"
"5779","2027","Hombres","La Magdalena Contreras","60-64"
"5841","2028","Hombres","La Magdalena Contreras","60-64"
"5901","2029","Hombres","La Magdalena Contreras","60-64"
"5960","2030","Hombres","La Magdalena Contreras","60-64"
"1866","2015","Hombres","Milpa Alta","60-64"
"1945","2016","Hombres","Milpa Alta","60-64"
"2015","2017","Hombres","Milpa Alta","60-64"
"2083","2018","Hombres","Milpa Alta","60-64"
"2148","2019","Hombres","Milpa Alta","60-64"
"2210","2020","Hombres","Milpa Alta","60-64"
"2267","2021","Hombres","Milpa Alta","60-64"
"2319","2022","Hombres","Milpa Alta","60-64"
"2366","2023","Hombres","Milpa Alta","60-64"
"2408","2024","Hombres","Milpa Alta","60-64"
"2445","2025","Hombres","Milpa Alta","60-64"
"2479","2026","Hombres","Milpa Alta","60-64"
"2512","2027","Hombres","Milpa Alta","60-64"
"2543","2028","Hombres","Milpa Alta","60-64"
"2575","2029","Hombres","Milpa Alta","60-64"
"2607","2030","Hombres","Milpa Alta","60-64"
"14119","2015","Hombres","Álvaro Obregón","60-64"
"14707","2016","Hombres","Álvaro Obregón","60-64"
"15224","2017","Hombres","Álvaro Obregón","60-64"
"15729","2018","Hombres","Álvaro Obregón","60-64"
"16215","2019","Hombres","Álvaro Obregón","60-64"
"16672","2020","Hombres","Álvaro Obregón","60-64"
"17096","2021","Hombres","Álvaro Obregón","60-64"
"17481","2022","Hombres","Álvaro Obregón","60-64"
"17824","2023","Hombres","Álvaro Obregón","60-64"
"18128","2024","Hombres","Álvaro Obregón","60-64"
"18400","2025","Hombres","Álvaro Obregón","60-64"
"18648","2026","Hombres","Álvaro Obregón","60-64"
"18879","2027","Hombres","Álvaro Obregón","60-64"
"19103","2028","Hombres","Álvaro Obregón","60-64"
"19324","2029","Hombres","Álvaro Obregón","60-64"
"19542","2030","Hombres","Álvaro Obregón","60-64"
"5443","2015","Hombres","Tláhuac","60-64"
"5701","2016","Hombres","Tláhuac","60-64"
"5929","2017","Hombres","Tláhuac","60-64"
"6151","2018","Hombres","Tláhuac","60-64"
"6362","2019","Hombres","Tláhuac","60-64"
"6559","2020","Hombres","Tláhuac","60-64"
"6741","2021","Hombres","Tláhuac","60-64"
"6903","2022","Hombres","Tláhuac","60-64"
"7046","2023","Hombres","Tláhuac","60-64"
"7170","2024","Hombres","Tláhuac","60-64"
"7278","2025","Hombres","Tláhuac","60-64"
"7373","2026","Hombres","Tláhuac","60-64"
"7458","2027","Hombres","Tláhuac","60-64"
"7535","2028","Hombres","Tláhuac","60-64"
"7607","2029","Hombres","Tláhuac","60-64"
"7673","2030","Hombres","Tláhuac","60-64"
"12777","2015","Hombres","Tlalpan","60-64"
"13340","2016","Hombres","Tlalpan","60-64"
"13832","2017","Hombres","Tlalpan","60-64"
"14306","2018","Hombres","Tlalpan","60-64"
"14754","2019","Hombres","Tlalpan","60-64"
"15169","2020","Hombres","Tlalpan","60-64"
"15546","2021","Hombres","Tlalpan","60-64"
"15878","2022","Hombres","Tlalpan","60-64"
"16163","2023","Hombres","Tlalpan","60-64"
"16405","2024","Hombres","Tlalpan","60-64"
"16608","2025","Hombres","Tlalpan","60-64"
"16780","2026","Hombres","Tlalpan","60-64"
"16927","2027","Hombres","Tlalpan","60-64"
"17057","2028","Hombres","Tlalpan","60-64"
"17174","2029","Hombres","Tlalpan","60-64"
"17277","2030","Hombres","Tlalpan","60-64"
"7239","2015","Hombres","Xochimilco","60-64"
"7547","2016","Hombres","Xochimilco","60-64"
"7816","2017","Hombres","Xochimilco","60-64"
"8075","2018","Hombres","Xochimilco","60-64"
"8321","2019","Hombres","Xochimilco","60-64"
"8549","2020","Hombres","Xochimilco","60-64"
"8758","2021","Hombres","Xochimilco","60-64"
"8943","2022","Hombres","Xochimilco","60-64"
"9103","2023","Hombres","Xochimilco","60-64"
"9241","2024","Hombres","Xochimilco","60-64"
"9359","2025","Hombres","Xochimilco","60-64"
"9462","2026","Hombres","Xochimilco","60-64"
"9554","2027","Hombres","Xochimilco","60-64"
"9638","2028","Hombres","Xochimilco","60-64"
"9719","2029","Hombres","Xochimilco","60-64"
"9793","2030","Hombres","Xochimilco","60-64"
"9770","2015","Hombres","Benito Juárez","60-64"
"10192","2016","Hombres","Benito Juárez","60-64"
"10566","2017","Hombres","Benito Juárez","60-64"
"10931","2018","Hombres","Benito Juárez","60-64"
"11282","2019","Hombres","Benito Juárez","60-64"
"11613","2020","Hombres","Benito Juárez","60-64"
"11919","2021","Hombres","Benito Juárez","60-64"
"12195","2022","Hombres","Benito Juárez","60-64"
"12439","2023","Hombres","Benito Juárez","60-64"
"12653","2024","Hombres","Benito Juárez","60-64"
"12840","2025","Hombres","Benito Juárez","60-64"
"13007","2026","Hombres","Benito Juárez","60-64"
"13157","2027","Hombres","Benito Juárez","60-64"
"13297","2028","Hombres","Benito Juárez","60-64"
"13429","2029","Hombres","Benito Juárez","60-64"
"13552","2030","Hombres","Benito Juárez","60-64"
"11384","2015","Hombres","Cuauhtémoc","60-64"
"11814","2016","Hombres","Cuauhtémoc","60-64"
"12193","2017","Hombres","Cuauhtémoc","60-64"
"12568","2018","Hombres","Cuauhtémoc","60-64"
"12934","2019","Hombres","Cuauhtémoc","60-64"
"13284","2020","Hombres","Cuauhtémoc","60-64"
"13613","2021","Hombres","Cuauhtémoc","60-64"
"13917","2022","Hombres","Cuauhtémoc","60-64"
"14194","2023","Hombres","Cuauhtémoc","60-64"
"14447","2024","Hombres","Cuauhtémoc","60-64"
"14680","2025","Hombres","Cuauhtémoc","60-64"
"14900","2026","Hombres","Cuauhtémoc","60-64"
"15113","2027","Hombres","Cuauhtémoc","60-64"
"15326","2028","Hombres","Cuauhtémoc","60-64"
"15544","2029","Hombres","Cuauhtémoc","60-64"
"15766","2030","Hombres","Cuauhtémoc","60-64"
"7751","2015","Hombres","Miguel Hidalgo","60-64"
"8015","2016","Hombres","Miguel Hidalgo","60-64"
"8244","2017","Hombres","Miguel Hidalgo","60-64"
"8472","2018","Hombres","Miguel Hidalgo","60-64"
"8695","2019","Hombres","Miguel Hidalgo","60-64"
"8908","2020","Hombres","Miguel Hidalgo","60-64"
"9110","2021","Hombres","Miguel Hidalgo","60-64"
"9296","2022","Hombres","Miguel Hidalgo","60-64"
"9467","2023","Hombres","Miguel Hidalgo","60-64"
"9624","2024","Hombres","Miguel Hidalgo","60-64"
"9771","2025","Hombres","Miguel Hidalgo","60-64"
"9912","2026","Hombres","Miguel Hidalgo","60-64"
"10052","2027","Hombres","Miguel Hidalgo","60-64"
"10195","2028","Hombres","Miguel Hidalgo","60-64"
"10346","2029","Hombres","Miguel Hidalgo","60-64"
"10503","2030","Hombres","Miguel Hidalgo","60-64"
"8941","2015","Hombres","Venustiano Carranza","60-64"
"9246","2016","Hombres","Venustiano Carranza","60-64"
"9512","2017","Hombres","Venustiano Carranza","60-64"
"9777","2018","Hombres","Venustiano Carranza","60-64"
"10039","2019","Hombres","Venustiano Carranza","60-64"
"10291","2020","Hombres","Venustiano Carranza","60-64"
"10531","2021","Hombres","Venustiano Carranza","60-64"
"10756","2022","Hombres","Venustiano Carranza","60-64"
"10964","2023","Hombres","Venustiano Carranza","60-64"
"11159","2024","Hombres","Venustiano Carranza","60-64"
"11343","2025","Hombres","Venustiano Carranza","60-64"
"11524","2026","Hombres","Venustiano Carranza","60-64"
"11705","2027","Hombres","Venustiano Carranza","60-64"
"11893","2028","Hombres","Venustiano Carranza","60-64"
"12092","2029","Hombres","Venustiano Carranza","60-64"
"12301","2030","Hombres","Venustiano Carranza","60-64"
"28253","2015","Mujeres","Azcapotzalco","65+"
"29114","2016","Mujeres","Azcapotzalco","65+"
"29987","2017","Mujeres","Azcapotzalco","65+"
"30906","2018","Mujeres","Azcapotzalco","65+"
"31868","2019","Mujeres","Azcapotzalco","65+"
"32871","2020","Mujeres","Azcapotzalco","65+"
"33915","2021","Mujeres","Azcapotzalco","65+"
"34996","2022","Mujeres","Azcapotzalco","65+"
"36113","2023","Mujeres","Azcapotzalco","65+"
"37258","2024","Mujeres","Azcapotzalco","65+"
"38428","2025","Mujeres","Azcapotzalco","65+"
"39615","2026","Mujeres","Azcapotzalco","65+"
"40812","2027","Mujeres","Azcapotzalco","65+"
"42014","2028","Mujeres","Azcapotzalco","65+"
"43219","2029","Mujeres","Azcapotzalco","65+"
"44427","2030","Mujeres","Azcapotzalco","65+"
"42599","2015","Mujeres","Coyoacán","65+"
"44062","2016","Mujeres","Coyoacán","65+"
"45532","2017","Mujeres","Coyoacán","65+"
"47058","2018","Mujeres","Coyoacán","65+"
"48638","2019","Mujeres","Coyoacán","65+"
"50266","2020","Mujeres","Coyoacán","65+"
"51941","2021","Mujeres","Coyoacán","65+"
"53658","2022","Mujeres","Coyoacán","65+"
"55411","2023","Mujeres","Coyoacán","65+"
"57192","2024","Mujeres","Coyoacán","65+"
"58990","2025","Mujeres","Coyoacán","65+"
"60795","2026","Mujeres","Coyoacán","65+"
"62595","2027","Mujeres","Coyoacán","65+"
"64379","2028","Mujeres","Coyoacán","65+"
"66145","2029","Mujeres","Coyoacán","65+"
"67891","2030","Mujeres","Coyoacán","65+"
"6480","2015","Mujeres","Cuajimalpa de Morelos","65+"
"6741","2016","Mujeres","Cuajimalpa de Morelos","65+"
"7001","2017","Mujeres","Cuajimalpa de Morelos","65+"
"7264","2018","Mujeres","Cuajimalpa de Morelos","65+"
"7532","2019","Mujeres","Cuajimalpa de Morelos","65+"
"7804","2020","Mujeres","Cuajimalpa de Morelos","65+"
"8077","2021","Mujeres","Cuajimalpa de Morelos","65+"
"8352","2022","Mujeres","Cuajimalpa de Morelos","65+"
"8628","2023","Mujeres","Cuajimalpa de Morelos","65+"
"8901","2024","Mujeres","Cuajimalpa de Morelos","65+"
"9172","2025","Mujeres","Cuajimalpa de Morelos","65+"
"9436","2026","Mujeres","Cuajimalpa de Morelos","65+"
"9693","2027","Mujeres","Cuajimalpa de Morelos","65+"
"9941","2028","Mujeres","Cuajimalpa de Morelos","65+"
"10177","2029","Mujeres","Cuajimalpa de Morelos","65+"
"10403","2030","Mujeres","Cuajimalpa de Morelos","65+"
"73021","2015","Mujeres","Gustavo A. Madero","65+"
"75257","2016","Mujeres","Gustavo A. Madero","65+"
"77518","2017","Mujeres","Gustavo A. Madero","65+"
"79883","2018","Mujeres","Gustavo A. Madero","65+"
"82354","2019","Mujeres","Gustavo A. Madero","65+"
"84921","2020","Mujeres","Gustavo A. Madero","65+"
"87585","2021","Mujeres","Gustavo A. Madero","65+"
"90337","2022","Mujeres","Gustavo A. Madero","65+"
"93171","2023","Mujeres","Gustavo A. Madero","65+"
"96073","2024","Mujeres","Gustavo A. Madero","65+"
"99029","2025","Mujeres","Gustavo A. Madero","65+"
"102022","2026","Mujeres","Gustavo A. Madero","65+"
"105033","2027","Mujeres","Gustavo A. Madero","65+"
"108050","2028","Mujeres","Gustavo A. Madero","65+"
"111068","2029","Mujeres","Gustavo A. Madero","65+"
"114085","2030","Mujeres","Gustavo A. Madero","65+"
"25054","2015","Mujeres","Iztacalco","65+"
"25779","2016","Mujeres","Iztacalco","65+"
"26510","2017","Mujeres","Iztacalco","65+"
"27276","2018","Mujeres","Iztacalco","65+"
"28076","2019","Mujeres","Iztacalco","65+"
"28909","2020","Mujeres","Iztacalco","65+"
"29773","2021","Mujeres","Iztacalco","65+"
"30666","2022","Mujeres","Iztacalco","65+"
"31587","2023","Mujeres","Iztacalco","65+"
"32530","2024","Mujeres","Iztacalco","65+"
"33492","2025","Mujeres","Iztacalco","65+"
"34466","2026","Mujeres","Iztacalco","65+"
"35448","2027","Mujeres","Iztacalco","65+"
"36431","2028","Mujeres","Iztacalco","65+"
"37417","2029","Mujeres","Iztacalco","65+"
"38403","2030","Mujeres","Iztacalco","65+"
"75715","2015","Mujeres","Iztapalapa","65+"
"78551","2016","Mujeres","Iztapalapa","65+"
"81376","2017","Mujeres","Iztapalapa","65+"
"84280","2018","Mujeres","Iztapalapa","65+"
"87254","2019","Mujeres","Iztapalapa","65+"
"90290","2020","Mujeres","Iztapalapa","65+"
"93382","2021","Mujeres","Iztapalapa","65+"
"96518","2022","Mujeres","Iztapalapa","65+"
"99689","2023","Mujeres","Iztapalapa","65+"
"102877","2024","Mujeres","Iztapalapa","65+"
"106056","2025","Mujeres","Iztapalapa","65+"
"109213","2026","Mujeres","Iztapalapa","65+"
"112319","2027","Mujeres","Iztapalapa","65+"
"115354","2028","Mujeres","Iztapalapa","65+"
"118316","2029","Mujeres","Iztapalapa","65+"
"121188","2030","Mujeres","Iztapalapa","65+"
"11563","2015","Mujeres","La Magdalena Contreras","65+"
"11975","2016","Mujeres","La Magdalena Contreras","65+"
"12386","2017","Mujeres","La Magdalena Contreras","65+"
"12810","2018","Mujeres","La Magdalena Contreras","65+"
"13246","2019","Mujeres","La Magdalena Contreras","65+"
"13692","2020","Mujeres","La Magdalena Contreras","65+"
"14149","2021","Mujeres","La Magdalena Contreras","65+"
"14613","2022","Mujeres","La Magdalena Contreras","65+"
"15085","2023","Mujeres","La Magdalena Contreras","65+"
"15561","2024","Mujeres","La Magdalena Contreras","65+"
"16039","2025","Mujeres","La Magdalena Contreras","65+"
"16516","2026","Mujeres","La Magdalena Contreras","65+"
"16988","2027","Mujeres","La Magdalena Contreras","65+"
"17453","2028","Mujeres","La Magdalena Contreras","65+"
"17909","2029","Mujeres","La Magdalena Contreras","65+"
"18357","2030","Mujeres","La Magdalena Contreras","65+"
"4433","2015","Mujeres","Milpa Alta","65+"
"4593","2016","Mujeres","Milpa Alta","65+"
"4752","2017","Mujeres","Milpa Alta","65+"
"4914","2018","Mujeres","Milpa Alta","65+"
"5081","2019","Mujeres","Milpa Alta","65+"
"5252","2020","Mujeres","Milpa Alta","65+"
"5425","2021","Mujeres","Milpa Alta","65+"
"5602","2022","Mujeres","Milpa Alta","65+"
"5780","2023","Mujeres","Milpa Alta","65+"
"5960","2024","Mujeres","Milpa Alta","65+"
"6141","2025","Mujeres","Milpa Alta","65+"
"6320","2026","Mujeres","Milpa Alta","65+"
"6497","2027","Mujeres","Milpa Alta","65+"
"6672","2028","Mujeres","Milpa Alta","65+"
"6843","2029","Mujeres","Milpa Alta","65+"
"7012","2030","Mujeres","Milpa Alta","65+"
"38466","2015","Mujeres","Álvaro Obregón","65+"
"39809","2016","Mujeres","Álvaro Obregón","65+"
"41160","2017","Mujeres","Álvaro Obregón","65+"
"42559","2018","Mujeres","Álvaro Obregón","65+"
"44007","2019","Mujeres","Álvaro Obregón","65+"
"45499","2020","Mujeres","Álvaro Obregón","65+"
"47032","2021","Mujeres","Álvaro Obregón","65+"
"48601","2022","Mujeres","Álvaro Obregón","65+"
"50201","2023","Mujeres","Álvaro Obregón","65+"
"51826","2024","Mujeres","Álvaro Obregón","65+"
"53464","2025","Mujeres","Álvaro Obregón","65+"
"55106","2026","Mujeres","Álvaro Obregón","65+"
"56741","2027","Mujeres","Álvaro Obregón","65+"
"58360","2028","Mujeres","Álvaro Obregón","65+"
"59959","2029","Mujeres","Álvaro Obregón","65+"
"61537","2030","Mujeres","Álvaro Obregón","65+"
"12047","2015","Mujeres","Tláhuac","65+"
"12491","2016","Mujeres","Tláhuac","65+"
"12932","2017","Mujeres","Tláhuac","65+"
"13384","2018","Mujeres","Tláhuac","65+"
"13846","2019","Mujeres","Tláhuac","65+"
"14316","2020","Mujeres","Tláhuac","65+"
"14794","2021","Mujeres","Tláhuac","65+"
"15279","2022","Mujeres","Tláhuac","65+"
"15769","2023","Mujeres","Tláhuac","65+"
"16261","2024","Mujeres","Tláhuac","65+"
"16753","2025","Mujeres","Tláhuac","65+"
"17241","2026","Mujeres","Tláhuac","65+"
"17721","2027","Mujeres","Tláhuac","65+"
"18191","2028","Mujeres","Tláhuac","65+"
"18651","2029","Mujeres","Tláhuac","65+"
"19099","2030","Mujeres","Tláhuac","65+"
"31049","2015","Mujeres","Tlalpan","65+"
"32335","2016","Mujeres","Tlalpan","65+"
"33613","2017","Mujeres","Tlalpan","65+"
"34918","2018","Mujeres","Tlalpan","65+"
"36248","2019","Mujeres","Tlalpan","65+"
"37596","2020","Mujeres","Tlalpan","65+"
"38960","2021","Mujeres","Tlalpan","65+"
"40333","2022","Mujeres","Tlalpan","65+"
"41711","2023","Mujeres","Tlalpan","65+"
"43084","2024","Mujeres","Tlalpan","65+"
"44444","2025","Mujeres","Tlalpan","65+"
"45780","2026","Mujeres","Tlalpan","65+"
"47080","2027","Mujeres","Tlalpan","65+"
"48336","2028","Mujeres","Tlalpan","65+"
"49544","2029","Mujeres","Tlalpan","65+"
"50699","2030","Mujeres","Tlalpan","65+"
"16808","2015","Mujeres","Xochimilco","65+"
"17389","2016","Mujeres","Xochimilco","65+"
"17970","2017","Mujeres","Xochimilco","65+"
"18570","2018","Mujeres","Xochimilco","65+"
"19188","2019","Mujeres","Xochimilco","65+"
"19823","2020","Mujeres","Xochimilco","65+"
"20474","2021","Mujeres","Xochimilco","65+"
"21139","2022","Mujeres","Xochimilco","65+"
"21816","2023","Mujeres","Xochimilco","65+"
"22503","2024","Mujeres","Xochimilco","65+"
"23194","2025","Mujeres","Xochimilco","65+"
"23887","2026","Mujeres","Xochimilco","65+"
"24576","2027","Mujeres","Xochimilco","65+"
"25259","2028","Mujeres","Xochimilco","65+"
"25933","2029","Mujeres","Xochimilco","65+"
"26599","2030","Mujeres","Xochimilco","65+"
"36602","2015","Mujeres","Benito Juárez","65+"
"37663","2016","Mujeres","Benito Juárez","65+"
"38751","2017","Mujeres","Benito Juárez","65+"
"39910","2018","Mujeres","Benito Juárez","65+"
"41137","2019","Mujeres","Benito Juárez","65+"
"42428","2020","Mujeres","Benito Juárez","65+"
"43783","2021","Mujeres","Benito Juárez","65+"
"45199","2022","Mujeres","Benito Juárez","65+"
"46670","2023","Mujeres","Benito Juárez","65+"
"48192","2024","Mujeres","Benito Juárez","65+"
"49756","2025","Mujeres","Benito Juárez","65+"
"51354","2026","Mujeres","Benito Juárez","65+"
"52979","2027","Mujeres","Benito Juárez","65+"
"54620","2028","Mujeres","Benito Juárez","65+"
"56277","2029","Mujeres","Benito Juárez","65+"
"57948","2030","Mujeres","Benito Juárez","65+"
"36988","2015","Mujeres","Cuauhtémoc","65+"
"37804","2016","Mujeres","Cuauhtémoc","65+"
"38666","2017","Mujeres","Cuauhtémoc","65+"
"39618","2018","Mujeres","Cuauhtémoc","65+"
"40660","2019","Mujeres","Cuauhtémoc","65+"
"41790","2020","Mujeres","Cuauhtémoc","65+"
"43009","2021","Mujeres","Cuauhtémoc","65+"
"44317","2022","Mujeres","Cuauhtémoc","65+"
"45711","2023","Mujeres","Cuauhtémoc","65+"
"47186","2024","Mujeres","Cuauhtémoc","65+"
"48738","2025","Mujeres","Cuauhtémoc","65+"
"50362","2026","Mujeres","Cuauhtémoc","65+"
"52051","2027","Mujeres","Cuauhtémoc","65+"
"53800","2028","Mujeres","Cuauhtémoc","65+"
"55607","2029","Mujeres","Cuauhtémoc","65+"
"57476","2030","Mujeres","Cuauhtémoc","65+"
"27479","2015","Mujeres","Miguel Hidalgo","65+"
"28157","2016","Mujeres","Miguel Hidalgo","65+"
"28862","2017","Mujeres","Miguel Hidalgo","65+"
"29626","2018","Mujeres","Miguel Hidalgo","65+"
"30450","2019","Mujeres","Miguel Hidalgo","65+"
"31330","2020","Mujeres","Miguel Hidalgo","65+"
"32269","2021","Mujeres","Miguel Hidalgo","65+"
"33264","2022","Mujeres","Miguel Hidalgo","65+"
"34314","2023","Mujeres","Miguel Hidalgo","65+"
"35416","2024","Mujeres","Miguel Hidalgo","65+"
"36565","2025","Mujeres","Miguel Hidalgo","65+"
"37757","2026","Mujeres","Miguel Hidalgo","65+"
"38986","2027","Mujeres","Miguel Hidalgo","65+"
"40248","2028","Mujeres","Miguel Hidalgo","65+"
"41543","2029","Mujeres","Miguel Hidalgo","65+"
"42871","2030","Mujeres","Miguel Hidalgo","65+"
"30392","2015","Mujeres","Venustiano Carranza","65+"
"31182","2016","Mujeres","Venustiano Carranza","65+"
"31998","2017","Mujeres","Venustiano Carranza","65+"
"32872","2018","Mujeres","Venustiano Carranza","65+"
"33807","2019","Mujeres","Venustiano Carranza","65+"
"34799","2020","Mujeres","Venustiano Carranza","65+"
"35850","2021","Mujeres","Venustiano Carranza","65+"
"36959","2022","Mujeres","Venustiano Carranza","65+"
"38122","2023","Mujeres","Venustiano Carranza","65+"
"39336","2024","Mujeres","Venustiano Carranza","65+"
"40597","2025","Mujeres","Venustiano Carranza","65+"
"41899","2026","Mujeres","Venustiano Carranza","65+"
"43237","2027","Mujeres","Venustiano Carranza","65+"
"44605","2028","Mujeres","Venustiano Carranza","65+"
"46004","2029","Mujeres","Venustiano Carranza","65+"
"47434","2030","Mujeres","Venustiano Carranza","65+"
"19369","2015","Hombres","Azcapotzalco","65+"
"19994","2016","Hombres","Azcapotzalco","65+"
"20601","2017","Hombres","Azcapotzalco","65+"
"21238","2018","Hombres","Azcapotzalco","65+"
"21905","2019","Hombres","Azcapotzalco","65+"
"22602","2020","Hombres","Azcapotzalco","65+"
"23328","2021","Hombres","Azcapotzalco","65+"
"24079","2022","Hombres","Azcapotzalco","65+"
"24855","2023","Hombres","Azcapotzalco","65+"
"25650","2024","Hombres","Azcapotzalco","65+"
"26459","2025","Hombres","Azcapotzalco","65+"
"27278","2026","Hombres","Azcapotzalco","65+"
"28101","2027","Hombres","Azcapotzalco","65+"
"28925","2028","Hombres","Azcapotzalco","65+"
"29748","2029","Hombres","Azcapotzalco","65+"
"30569","2030","Hombres","Azcapotzalco","65+"
"29881","2015","Hombres","Coyoacán","65+"
"31027","2016","Hombres","Coyoacán","65+"
"32136","2017","Hombres","Coyoacán","65+"
"33279","2018","Hombres","Coyoacán","65+"
"34456","2019","Hombres","Coyoacán","65+"
"35666","2020","Hombres","Coyoacán","65+"
"36903","2021","Hombres","Coyoacán","65+"
"38164","2022","Hombres","Coyoacán","65+"
"39443","2023","Hombres","Coyoacán","65+"
"40731","2024","Hombres","Coyoacán","65+"
"42021","2025","Hombres","Coyoacán","65+"
"43300","2026","Hombres","Coyoacán","65+"
"44561","2027","Hombres","Coyoacán","65+"
"45796","2028","Hombres","Coyoacán","65+"
"47002","2029","Hombres","Coyoacán","65+"
"48175","2030","Hombres","Coyoacán","65+"
"5200","2015","Hombres","Cuajimalpa de Morelos","65+"
"5429","2016","Hombres","Cuajimalpa de Morelos","65+"
"5650","2017","Hombres","Cuajimalpa de Morelos","65+"
"5876","2018","Hombres","Cuajimalpa de Morelos","65+"
"6105","2019","Hombres","Cuajimalpa de Morelos","65+"
"6337","2020","Hombres","Cuajimalpa de Morelos","65+"
"6572","2021","Hombres","Cuajimalpa de Morelos","65+"
"6808","2022","Hombres","Cuajimalpa de Morelos","65+"
"7045","2023","Hombres","Cuajimalpa de Morelos","65+"
"7281","2024","Hombres","Cuajimalpa de Morelos","65+"
"7513","2025","Hombres","Cuajimalpa de Morelos","65+"
"7740","2026","Hombres","Cuajimalpa de Morelos","65+"
"7960","2027","Hombres","Cuajimalpa de Morelos","65+"
"8172","2028","Hombres","Cuajimalpa de Morelos","65+"
"8374","2029","Hombres","Cuajimalpa de Morelos","65+"
"8567","2030","Hombres","Cuajimalpa de Morelos","65+"
"53071","2015","Hombres","Gustavo A. Madero","65+"
"54858","2016","Hombres","Gustavo A. Madero","65+"
"56595","2017","Hombres","Gustavo A. Madero","65+"
"58413","2018","Hombres","Gustavo A. Madero","65+"
"60311","2019","Hombres","Gustavo A. Madero","65+"
"62291","2020","Hombres","Gustavo A. Madero","65+"
"64344","2021","Hombres","Gustavo A. Madero","65+"
"66467","2022","Hombres","Gustavo A. Madero","65+"
"68653","2023","Hombres","Gustavo A. Madero","65+"
"70889","2024","Hombres","Gustavo A. Madero","65+"
"73162","2025","Hombres","Gustavo A. Madero","65+"
"75456","2026","Hombres","Gustavo A. Madero","65+"
"77759","2027","Hombres","Gustavo A. Madero","65+"
"80059","2028","Hombres","Gustavo A. Madero","65+"
"82354","2029","Hombres","Gustavo A. Madero","65+"
"84638","2030","Hombres","Gustavo A. Madero","65+"
"17594","2015","Hombres","Iztacalco","65+"
"18115","2016","Hombres","Iztacalco","65+"
"18620","2017","Hombres","Iztacalco","65+"
"19153","2018","Hombres","Iztacalco","65+"
"19715","2019","Hombres","Iztacalco","65+"
"20305","2020","Hombres","Iztacalco","65+"
"20923","2021","Hombres","Iztacalco","65+"
"21567","2022","Hombres","Iztacalco","65+"
"22236","2023","Hombres","Iztacalco","65+"
"22926","2024","Hombres","Iztacalco","65+"
"23633","2025","Hombres","Iztacalco","65+"
"24353","2026","Hombres","Iztacalco","65+"
"25083","2027","Hombres","Iztacalco","65+"
"25820","2028","Hombres","Iztacalco","65+"
"26563","2029","Hombres","Iztacalco","65+"
"27311","2030","Hombres","Iztacalco","65+"
"57400","2015","Hombres","Iztapalapa","65+"
"59804","2016","Hombres","Iztapalapa","65+"
"62125","2017","Hombres","Iztapalapa","65+"
"64504","2018","Hombres","Iztapalapa","65+"
"66936","2019","Hombres","Iztapalapa","65+"
"69422","2020","Hombres","Iztapalapa","65+"
"71943","2021","Hombres","Iztapalapa","65+"
"74499","2022","Hombres","Iztapalapa","65+"
"77066","2023","Hombres","Iztapalapa","65+"
"79639","2024","Hombres","Iztapalapa","65+"
"82195","2025","Hombres","Iztapalapa","65+"
"84705","2026","Hombres","Iztapalapa","65+"
"87159","2027","Hombres","Iztapalapa","65+"
"89536","2028","Hombres","Iztapalapa","65+"
"91831","2029","Hombres","Iztapalapa","65+"
"94039","2030","Hombres","Iztapalapa","65+"
"8467","2015","Hombres","La Magdalena Contreras","65+"
"8813","2016","Hombres","La Magdalena Contreras","65+"
"9148","2017","Hombres","La Magdalena Contreras","65+"
"9493","2018","Hombres","La Magdalena Contreras","65+"
"9846","2019","Hombres","La Magdalena Contreras","65+"
"10209","2020","Hombres","La Magdalena Contreras","65+"
"10579","2021","Hombres","La Magdalena Contreras","65+"
"10955","2022","Hombres","La Magdalena Contreras","65+"
"11336","2023","Hombres","La Magdalena Contreras","65+"
"11719","2024","Hombres","La Magdalena Contreras","65+"
"12101","2025","Hombres","La Magdalena Contreras","65+"
"12480","2026","Hombres","La Magdalena Contreras","65+"
"12852","2027","Hombres","La Magdalena Contreras","65+"
"13217","2028","Hombres","La Magdalena Contreras","65+"
"13572","2029","Hombres","La Magdalena Contreras","65+"
"13916","2030","Hombres","La Magdalena Contreras","65+"
"3735","2015","Hombres","Milpa Alta","65+"
"3876","2016","Hombres","Milpa Alta","65+"
"4011","2017","Hombres","Milpa Alta","65+"
"4151","2018","Hombres","Milpa Alta","65+"
"4295","2019","Hombres","Milpa Alta","65+"
"4443","2020","Hombres","Milpa Alta","65+"
"4595","2021","Hombres","Milpa Alta","65+"
"4750","2022","Hombres","Milpa Alta","65+"
"4908","2023","Hombres","Milpa Alta","65+"
"5069","2024","Hombres","Milpa Alta","65+"
"5230","2025","Hombres","Milpa Alta","65+"
"5392","2026","Hombres","Milpa Alta","65+"
"5552","2027","Hombres","Milpa Alta","65+"
"5711","2028","Hombres","Milpa Alta","65+"
"5868","2029","Hombres","Milpa Alta","65+"
"6022","2030","Hombres","Milpa Alta","65+"
"27930","2015","Hombres","Álvaro Obregón","65+"
"29037","2016","Hombres","Álvaro Obregón","65+"
"30113","2017","Hombres","Álvaro Obregón","65+"
"31225","2018","Hombres","Álvaro Obregón","65+"
"32374","2019","Hombres","Álvaro Obregón","65+"
"33558","2020","Hombres","Álvaro Obregón","65+"
"34772","2021","Hombres","Álvaro Obregón","65+"
"36013","2022","Hombres","Álvaro Obregón","65+"
"37277","2023","Hombres","Álvaro Obregón","65+"
"38554","2024","Hombres","Álvaro Obregón","65+"
"39837","2025","Hombres","Álvaro Obregón","65+"
"41116","2026","Hombres","Álvaro Obregón","65+"
"42382","2027","Hombres","Álvaro Obregón","65+"
"43629","2028","Hombres","Álvaro Obregón","65+"
"44853","2029","Hombres","Álvaro Obregón","65+"
"46050","2030","Hombres","Álvaro Obregón","65+"
"9530","2015","Hombres","Tláhuac","65+"
"9956","2016","Hombres","Tláhuac","65+"
"10369","2017","Hombres","Tláhuac","65+"
"10791","2018","Hombres","Tláhuac","65+"
"11222","2019","Hombres","Tláhuac","65+"
"11661","2020","Hombres","Tláhuac","65+"
"12108","2021","Hombres","Tláhuac","65+"
"12559","2022","Hombres","Tláhuac","65+"
"13014","2023","Hombres","Tláhuac","65+"
"13469","2024","Hombres","Tláhuac","65+"
"13920","2025","Hombres","Tláhuac","65+"
"14366","2026","Hombres","Tláhuac","65+"
"14801","2027","Hombres","Tláhuac","65+"
"15224","2028","Hombres","Tláhuac","65+"
"15633","2029","Hombres","Tláhuac","65+"
"16026","2030","Hombres","Tláhuac","65+"
"23477","2015","Hombres","Tlalpan","65+"
"24589","2016","Hombres","Tlalpan","65+"
"25663","2017","Hombres","Tlalpan","65+"
"26754","2018","Hombres","Tlalpan","65+"
"27860","2019","Hombres","Tlalpan","65+"
"28979","2020","Hombres","Tlalpan","65+"
"30104","2021","Hombres","Tlalpan","65+"
"31233","2022","Hombres","Tlalpan","65+"
"32357","2023","Hombres","Tlalpan","65+"
"33470","2024","Hombres","Tlalpan","65+"
"34560","2025","Hombres","Tlalpan","65+"
"35619","2026","Hombres","Tlalpan","65+"
"36636","2027","Hombres","Tlalpan","65+"
"37605","2028","Hombres","Tlalpan","65+"
"38521","2029","Hombres","Tlalpan","65+"
"39380","2030","Hombres","Tlalpan","65+"
"12867","2015","Hombres","Xochimilco","65+"
"13380","2016","Hombres","Xochimilco","65+"
"13875","2017","Hombres","Xochimilco","65+"
"14384","2018","Hombres","Xochimilco","65+"
"14906","2019","Hombres","Xochimilco","65+"
"15442","2020","Hombres","Xochimilco","65+"
"15988","2021","Hombres","Xochimilco","65+"
"16543","2022","Hombres","Xochimilco","65+"
"17106","2023","Hombres","Xochimilco","65+"
"17672","2024","Hombres","Xochimilco","65+"
"18237","2025","Hombres","Xochimilco","65+"
"18797","2026","Hombres","Xochimilco","65+"
"19348","2027","Hombres","Xochimilco","65+"
"19888","2028","Hombres","Xochimilco","65+"
"20414","2029","Hombres","Xochimilco","65+"
"20925","2030","Hombres","Xochimilco","65+"
"21276","2015","Hombres","Benito Juárez","65+"
"22002","2016","Hombres","Benito Juárez","65+"
"22715","2017","Hombres","Benito Juárez","65+"
"23467","2018","Hombres","Benito Juárez","65+"
"24258","2019","Hombres","Benito Juárez","65+"
"25088","2020","Hombres","Benito Juárez","65+"
"25952","2021","Hombres","Benito Juárez","65+"
"26850","2022","Hombres","Benito Juárez","65+"
"27778","2023","Hombres","Benito Juárez","65+"
"28730","2024","Hombres","Benito Juárez","65+"
"29699","2025","Hombres","Benito Juárez","65+"
"30681","2026","Hombres","Benito Juárez","65+"
"31667","2027","Hombres","Benito Juárez","65+"
"32655","2028","Hombres","Benito Juárez","65+"
"33641","2029","Hombres","Benito Juárez","65+"
"34623","2030","Hombres","Benito Juárez","65+"
"22745","2015","Hombres","Cuauhtémoc","65+"
"23355","2016","Hombres","Cuauhtémoc","65+"
"23959","2017","Hombres","Cuauhtémoc","65+"
"24613","2018","Hombres","Cuauhtémoc","65+"
"25318","2019","Hombres","Cuauhtémoc","65+"
"26074","2020","Hombres","Cuauhtémoc","65+"
"26880","2021","Hombres","Cuauhtémoc","65+"
"27734","2022","Hombres","Cuauhtémoc","65+"
"28635","2023","Hombres","Cuauhtémoc","65+"
"29577","2024","Hombres","Cuauhtémoc","65+"
"30556","2025","Hombres","Cuauhtémoc","65+"
"31567","2026","Hombres","Cuauhtémoc","65+"
"32603","2027","Hombres","Cuauhtémoc","65+"
"33663","2028","Hombres","Cuauhtémoc","65+"
"34745","2029","Hombres","Cuauhtémoc","65+"
"35847","2030","Hombres","Cuauhtémoc","65+"
"17840","2015","Hombres","Miguel Hidalgo","65+"
"18370","2016","Hombres","Miguel Hidalgo","65+"
"18893","2017","Hombres","Miguel Hidalgo","65+"
"19453","2018","Hombres","Miguel Hidalgo","65+"
"20052","2019","Hombres","Miguel Hidalgo","65+"
"20689","2020","Hombres","Miguel Hidalgo","65+"
"21362","2021","Hombres","Miguel Hidalgo","65+"
"22071","2022","Hombres","Miguel Hidalgo","65+"
"22814","2023","Hombres","Miguel Hidalgo","65+"
"23588","2024","Hombres","Miguel Hidalgo","65+"
"24388","2025","Hombres","Miguel Hidalgo","65+"
"25210","2026","Hombres","Miguel Hidalgo","65+"
"26050","2027","Hombres","Miguel Hidalgo","65+"
"26905","2028","Hombres","Miguel Hidalgo","65+"
"27773","2029","Hombres","Miguel Hidalgo","65+"
"28655","2030","Hombres","Miguel Hidalgo","65+"
"19826","2015","Hombres","Venustiano Carranza","65+"
"20364","2016","Hombres","Venustiano Carranza","65+"
"20892","2017","Hombres","Venustiano Carranza","65+"
"21460","2018","Hombres","Venustiano Carranza","65+"
"22069","2019","Hombres","Venustiano Carranza","65+"
"22719","2020","Hombres","Venustiano Carranza","65+"
"23409","2021","Hombres","Venustiano Carranza","65+"
"24138","2022","Hombres","Venustiano Carranza","65+"
"24906","2023","Hombres","Venustiano Carranza","65+"
"25707","2024","Hombres","Venustiano Carranza","65+"
"26538","2025","Hombres","Venustiano Carranza","65+"
"27395","2026","Hombres","Venustiano Carranza","65+"
"28274","2027","Hombres","Venustiano Carranza","65+"
"29172","2028","Hombres","Venustiano Carranza","65+"
"30089","2029","Hombres","Venustiano Carranza","65+"
"31023","2030","Hombres","Venustiano Carranza","65+"